model,repeat,fold,split_id,city_position,city_key,rf_param_hash,y_true,y_pred,feature_set
B0,1,1,0,4,东莞,ce6ca82c326e584d8d688a7bedd72e06f508088c933485bfbfa222c82aab7fd0,307.5424744318183,999.7664576089276,IV1;IV2;year_1;Region_1
B0,1,1,0,8,临高,ce6ca82c326e584d8d688a7bedd72e06f508088c933485bfbfa222c82aab7fd0,83.80276845703128,362.66253831657656,IV1;IV2;year_1;Region_1
B0,1,1,0,13,九江,ce6ca82c326e584d8d688a7bedd72e06f508088c933485bfbfa222c82aab7fd0,0.0,379.66223314592224,IV1;IV2;year_1;Region_1
B0,1,1,0,19,兰州,ce6ca82c326e584d8d688a7bedd72e06f508088c933485bfbfa222c82aab7fd0,32.85616429924242,289.7541650936988,IV1;IV2;year_1;Region_1
B0,1,1,0,24,屯昌,ce6ca82c326e584d8d688a7bedd72e06f508088c933485bfbfa222c82aab7fd0,273.4003661931819,332.9631681422426,IV1;IV2;year_1;Region_1
B0,1,1,0,25,广州,ce6ca82c326e584d8d688a7bedd72e06f508088c933485bfbfa222c82aab7fd0,164.1983198863636,735.3938367751106,IV1;IV2;year_1;Region_1
B0,1,1,0,29,汕头,ce6ca82c326e584d8d688a7bedd72e06f508088c933485bfbfa222c82aab7fd0,516.6316193181818,384.06753245057615,IV1;IV2;year_1;Region_1
B0,1,1,0,39,陵水,ce6ca82c326e584d8d688a7bedd72e06f508088c933485bfbfa222c82aab7fd0,337.1486134943182,531.9333873157756,IV1;IV2;year_1;Region_1
B0,1,1,0,40,韶关,ce6ca82c326e584d8d688a7bedd72e06f508088c933485bfbfa222c82aab7fd0,547.9050852272727,133.30948205139794,IV1;IV2;year_1;Region_1
B0,1,2,1,6,中卫,ce6ca82c326e584d8d688a7bedd72e06f508088c933485bfbfa222c82aab7fd0,31.05198382826678,332.9870622675758,IV1;IV2;year_1;Region_1
B0,1,2,1,9,丽水,ce6ca82c326e584d8d688a7bedd72e06f508088c933485bfbfa222c82aab7fd0,33.76567926136365,260.5346779350508,IV1;IV2;year_1;Region_1
B0,1,2,1,12,乐山,ce6ca82c326e584d8d688a7bedd72e06f508088c933485bfbfa222c82aab7fd0,45.02250000000001,254.6355043005444,IV1;IV2;year_1;Region_1
B0,1,2,1,15,佛山,ce6ca82c326e584d8d688a7bedd72e06f508088c933485bfbfa222c82aab7fd0,28.38274488636364,324.6947372421471,IV1;IV2;year_1;Region_1
B0,1,2,1,16,信阳,ce6ca82c326e584d8d688a7bedd72e06f508088c933485bfbfa222c82aab7fd0,244.6035494318183,309.9923618824077,IV1;IV2;year_1;Region_1
B0,1,2,1,17,儋州,ce6ca82c326e584d8d688a7bedd72e06f508088c933485bfbfa222c82aab7fd0,539.7352537592891,323.2924018222721,IV1;IV2;year_1;Region_1
B0,1,2,1,26,惠州,ce6ca82c326e584d8d688a7bedd72e06f508088c933485bfbfa222c82aab7fd0,253.6378448863636,339.2508743944093,IV1;IV2;year_1;Region_1
B0,1,2,1,32,清远,ce6ca82c326e584d8d688a7bedd72e06f508088c933485bfbfa222c82aab7fd0,375.720028409091,275.5470306506422,IV1;IV2;year_1;Region_1
B0,1,3,2,0,万宁,ce6ca82c326e584d8d688a7bedd72e06f508088c933485bfbfa222c82aab7fd0,148.9921240384616,410.6893173661326,IV1;IV2;year_1;Region_1
B0,1,3,2,1,上海,ce6ca82c326e584d8d688a7bedd72e06f508088c933485bfbfa222c82aab7fd0,2302.973933396464,311.9697662637894,IV1;IV2;year_1;Region_1
B0,1,3,2,5,东营,ce6ca82c326e584d8d688a7bedd72e06f508088c933485bfbfa222c82aab7fd0,425.3271014204544,267.7053474567297,IV1;IV2;year_1;Region_1
B0,1,3,2,11,乐东,ce6ca82c326e584d8d688a7bedd72e06f508088c933485bfbfa222c82aab7fd0,51.57938057753164,315.72440677670414,IV1;IV2;year_1;Region_1
B0,1,3,2,27,文昌,ce6ca82c326e584d8d688a7bedd72e06f508088c933485bfbfa222c82aab7fd0,273.4003661931818,320.58010201172914,IV1;IV2;year_1;Region_1
B0,1,3,2,30,海口,ce6ca82c326e584d8d688a7bedd72e06f508088c933485bfbfa222c82aab7fd0,339.134276349432,340.6781066435798,IV1;IV2;year_1;Region_1
B0,1,3,2,34,珠海,ce6ca82c326e584d8d688a7bedd72e06f508088c933485bfbfa222c82aab7fd0,1511.786079545455,489.2868571227437,IV1;IV2;year_1;Region_1
B0,1,3,2,35,琼中,ce6ca82c326e584d8d688a7bedd72e06f508088c933485bfbfa222c82aab7fd0,1106.44734375,272.3329697749219,IV1;IV2;year_1;Region_1
B0,1,4,3,2,上饶,ce6ca82c326e584d8d688a7bedd72e06f508088c933485bfbfa222c82aab7fd0,114.81355125,149.55504496954185,IV1;IV2;year_1;Region_1
B0,1,4,3,3,东方,ce6ca82c326e584d8d688a7bedd72e06f508088c933485bfbfa222c82aab7fd0,266.2529209872159,240.68516896410148,IV1;IV2;year_1;Region_1
B0,1,4,3,21,北海,ce6ca82c326e584d8d688a7bedd72e06f508088c933485bfbfa222c82aab7fd0,318.3245085227273,222.0003386928278,IV1;IV2;year_1;Region_1
B0,1,4,3,23,定安,ce6ca82c326e584d8d688a7bedd72e06f508088c933485bfbfa222c82aab7fd0,273.4003661931819,245.9922654115765,IV1;IV2;year_1;Region_1
B0,1,4,3,31,深圳,ce6ca82c326e584d8d688a7bedd72e06f508088c933485bfbfa222c82aab7fd0,159.7083409090909,848.5850916970469,IV1;IV2;year_1;Region_1
B0,1,4,3,33,澄迈,ce6ca82c326e584d8d688a7bedd72e06f508088c933485bfbfa222c82aab7fd0,647.861484375,257.087626813025,IV1;IV2;year_1;Region_1
B0,1,4,3,36,琼海,ce6ca82c326e584d8d688a7bedd72e06f508088c933485bfbfa222c82aab7fd0,1716.717565054688,244.0890072165835,IV1;IV2;year_1;Region_1
B0,1,4,3,37,白沙,ce6ca82c326e584d8d688a7bedd72e06f508088c933485bfbfa222c82aab7fd0,192.9951366477273,268.8730924760141,IV1;IV2;year_1;Region_1
B0,1,5,4,7,中山,ce6ca82c326e584d8d688a7bedd72e06f508088c933485bfbfa222c82aab7fd0,89.11043759098708,269.2551489620142,IV1;IV2;year_1;Region_1
B0,1,5,4,10,义乌,ce6ca82c326e584d8d688a7bedd72e06f508088c933485bfbfa222c82aab7fd0,7288.761349396308,418.3313406425902,IV1;IV2;year_1;Region_1
B0,1,5,4,14,五指山,ce6ca82c326e584d8d688a7bedd72e06f508088c933485bfbfa222c82aab7fd0,273.4003661931818,326.71152285660645,IV1;IV2;year_1;Region_1
B0,1,5,4,18,六安,ce6ca82c326e584d8d688a7bedd72e06f508088c933485bfbfa222c82aab7fd0,8.639045028409095,277.12602414696744,IV1;IV2;year_1;Region_1
B0,1,5,4,20,北京,ce6ca82c326e584d8d688a7bedd72e06f508088c933485bfbfa222c82aab7fd0,291.2148675426136,419.76028946418,IV1;IV2;year_1;Region_1
B0,1,5,4,22,合肥,ce6ca82c326e584d8d688a7bedd72e06f508088c933485bfbfa222c82aab7fd0,13.19625,285.8477636619589,IV1;IV2;year_1;Region_1
B0,1,5,4,28,昌江,ce6ca82c326e584d8d688a7bedd72e06f508088c933485bfbfa222c82aab7fd0,268.7138254261364,235.65931538925167,IV1;IV2;year_1;Region_1
B0,1,5,4,38,肇庆,ce6ca82c326e584d8d688a7bedd72e06f508088c933485bfbfa222c82aab7fd0,23.03745340909091,198.62721739972764,IV1;IV2;year_1;Region_1
B0,2,1,5,0,万宁,ce6ca82c326e584d8d688a7bedd72e06f508088c933485bfbfa222c82aab7fd0,148.9921240384616,392.2026325141749,IV1;IV2;year_1;Region_1
B0,2,1,5,4,东莞,ce6ca82c326e584d8d688a7bedd72e06f508088c933485bfbfa222c82aab7fd0,307.5424744318183,337.6715964148991,IV1;IV2;year_1;Region_1
B0,2,1,5,10,义乌,ce6ca82c326e584d8d688a7bedd72e06f508088c933485bfbfa222c82aab7fd0,7288.761349396308,276.7047554750925,IV1;IV2;year_1;Region_1
B0,2,1,5,12,乐山,ce6ca82c326e584d8d688a7bedd72e06f508088c933485bfbfa222c82aab7fd0,45.02250000000001,266.69326881773947,IV1;IV2;year_1;Region_1
B0,2,1,5,18,六安,ce6ca82c326e584d8d688a7bedd72e06f508088c933485bfbfa222c82aab7fd0,8.639045028409095,302.3866925738644,IV1;IV2;year_1;Region_1
B0,2,1,5,23,定安,ce6ca82c326e584d8d688a7bedd72e06f508088c933485bfbfa222c82aab7fd0,273.4003661931819,306.4421494414701,IV1;IV2;year_1;Region_1
B0,2,1,5,26,惠州,ce6ca82c326e584d8d688a7bedd72e06f508088c933485bfbfa222c82aab7fd0,253.6378448863636,254.3202409663096,IV1;IV2;year_1;Region_1
B0,2,1,5,28,昌江,ce6ca82c326e584d8d688a7bedd72e06f508088c933485bfbfa222c82aab7fd0,268.7138254261364,273.9125229675137,IV1;IV2;year_1;Region_1
B0,2,1,5,34,珠海,ce6ca82c326e584d8d688a7bedd72e06f508088c933485bfbfa222c82aab7fd0,1511.786079545455,331.2282862171757,IV1;IV2;year_1;Region_1
B0,2,2,6,5,东营,ce6ca82c326e584d8d688a7bedd72e06f508088c933485bfbfa222c82aab7fd0,425.3271014204544,245.92259923349147,IV1;IV2;year_1;Region_1
B0,2,2,6,9,丽水,ce6ca82c326e584d8d688a7bedd72e06f508088c933485bfbfa222c82aab7fd0,33.76567926136365,281.1170532827265,IV1;IV2;year_1;Region_1
B0,2,2,6,15,佛山,ce6ca82c326e584d8d688a7bedd72e06f508088c933485bfbfa222c82aab7fd0,28.38274488636364,313.2392381174211,IV1;IV2;year_1;Region_1
B0,2,2,6,21,北海,ce6ca82c326e584d8d688a7bedd72e06f508088c933485bfbfa222c82aab7fd0,318.3245085227273,190.7345497434284,IV1;IV2;year_1;Region_1
B0,2,2,6,22,合肥,ce6ca82c326e584d8d688a7bedd72e06f508088c933485bfbfa222c82aab7fd0,13.19625,356.5864233531559,IV1;IV2;year_1;Region_1
B0,2,2,6,31,深圳,ce6ca82c326e584d8d688a7bedd72e06f508088c933485bfbfa222c82aab7fd0,159.7083409090909,814.3265058030938,IV1;IV2;year_1;Region_1
B0,2,2,6,32,清远,ce6ca82c326e584d8d688a7bedd72e06f508088c933485bfbfa222c82aab7fd0,375.720028409091,212.51758530206732,IV1;IV2;year_1;Region_1
B0,2,2,6,36,琼海,ce6ca82c326e584d8d688a7bedd72e06f508088c933485bfbfa222c82aab7fd0,1716.717565054688,275.56663142140326,IV1;IV2;year_1;Region_1
B0,2,3,7,2,上饶,ce6ca82c326e584d8d688a7bedd72e06f508088c933485bfbfa222c82aab7fd0,114.81355125,173.56114936984662,IV1;IV2;year_1;Region_1
B0,2,3,7,16,信阳,ce6ca82c326e584d8d688a7bedd72e06f508088c933485bfbfa222c82aab7fd0,244.6035494318183,256.67491996023386,IV1;IV2;year_1;Region_1
B0,2,3,7,20,北京,ce6ca82c326e584d8d688a7bedd72e06f508088c933485bfbfa222c82aab7fd0,291.2148675426136,749.4593355668765,IV1;IV2;year_1;Region_1
B0,2,3,7,29,汕头,ce6ca82c326e584d8d688a7bedd72e06f508088c933485bfbfa222c82aab7fd0,516.6316193181818,236.82624824623943,IV1;IV2;year_1;Region_1
B0,2,3,7,33,澄迈,ce6ca82c326e584d8d688a7bedd72e06f508088c933485bfbfa222c82aab7fd0,647.861484375,242.98030071274803,IV1;IV2;year_1;Region_1
B0,2,3,7,35,琼中,ce6ca82c326e584d8d688a7bedd72e06f508088c933485bfbfa222c82aab7fd0,1106.44734375,250.5964323099476,IV1;IV2;year_1;Region_1
B0,2,3,7,37,白沙,ce6ca82c326e584d8d688a7bedd72e06f508088c933485bfbfa222c82aab7fd0,192.9951366477273,258.9879536165864,IV1;IV2;year_1;Region_1
B0,2,3,7,39,陵水,ce6ca82c326e584d8d688a7bedd72e06f508088c933485bfbfa222c82aab7fd0,337.1486134943182,416.0861774735594,IV1;IV2;year_1;Region_1
B0,2,4,8,1,上海,ce6ca82c326e584d8d688a7bedd72e06f508088c933485bfbfa222c82aab7fd0,2302.973933396464,431.1955810310201,IV1;IV2;year_1;Region_1
B0,2,4,8,6,中卫,ce6ca82c326e584d8d688a7bedd72e06f508088c933485bfbfa222c82aab7fd0,31.05198382826678,398.358209965682,IV1;IV2;year_1;Region_1
B0,2,4,8,7,中山,ce6ca82c326e584d8d688a7bedd72e06f508088c933485bfbfa222c82aab7fd0,89.11043759098708,247.0245571236292,IV1;IV2;year_1;Region_1
B0,2,4,8,11,乐东,ce6ca82c326e584d8d688a7bedd72e06f508088c933485bfbfa222c82aab7fd0,51.57938057753164,428.69476004920864,IV1;IV2;year_1;Region_1
B0,2,4,8,14,五指山,ce6ca82c326e584d8d688a7bedd72e06f508088c933485bfbfa222c82aab7fd0,273.4003661931818,442.0930871701229,IV1;IV2;year_1;Region_1
B0,2,4,8,19,兰州,ce6ca82c326e584d8d688a7bedd72e06f508088c933485bfbfa222c82aab7fd0,32.85616429924242,321.00101064026575,IV1;IV2;year_1;Region_1
B0,2,4,8,27,文昌,ce6ca82c326e584d8d688a7bedd72e06f508088c933485bfbfa222c82aab7fd0,273.4003661931818,450.9438712528407,IV1;IV2;year_1;Region_1
B0,2,4,8,30,海口,ce6ca82c326e584d8d688a7bedd72e06f508088c933485bfbfa222c82aab7fd0,339.134276349432,310.51832890098046,IV1;IV2;year_1;Region_1
B0,2,5,9,3,东方,ce6ca82c326e584d8d688a7bedd72e06f508088c933485bfbfa222c82aab7fd0,266.2529209872159,336.62893115167947,IV1;IV2;year_1;Region_1
B0,2,5,9,8,临高,ce6ca82c326e584d8d688a7bedd72e06f508088c933485bfbfa222c82aab7fd0,83.80276845703128,375.94390916687627,IV1;IV2;year_1;Region_1
B0,2,5,9,13,九江,ce6ca82c326e584d8d688a7bedd72e06f508088c933485bfbfa222c82aab7fd0,0.0,346.37021535112046,IV1;IV2;year_1;Region_1
B0,2,5,9,17,儋州,ce6ca82c326e584d8d688a7bedd72e06f508088c933485bfbfa222c82aab7fd0,539.7352537592891,375.94390916687627,IV1;IV2;year_1;Region_1
B0,2,5,9,24,屯昌,ce6ca82c326e584d8d688a7bedd72e06f508088c933485bfbfa222c82aab7fd0,273.4003661931819,338.2466384222741,IV1;IV2;year_1;Region_1
B0,2,5,9,25,广州,ce6ca82c326e584d8d688a7bedd72e06f508088c933485bfbfa222c82aab7fd0,164.1983198863636,662.8270460603551,IV1;IV2;year_1;Region_1
B0,2,5,9,38,肇庆,ce6ca82c326e584d8d688a7bedd72e06f508088c933485bfbfa222c82aab7fd0,23.03745340909091,195.89301550811,IV1;IV2;year_1;Region_1
B0,2,5,9,40,韶关,ce6ca82c326e584d8d688a7bedd72e06f508088c933485bfbfa222c82aab7fd0,547.9050852272727,180.2194272293005,IV1;IV2;year_1;Region_1
B0,3,1,10,1,上海,ce6ca82c326e584d8d688a7bedd72e06f508088c933485bfbfa222c82aab7fd0,2302.973933396464,527.9019496695322,IV1;IV2;year_1;Region_1
B0,3,1,10,3,东方,ce6ca82c326e584d8d688a7bedd72e06f508088c933485bfbfa222c82aab7fd0,266.2529209872159,285.5509917729928,IV1;IV2;year_1;Region_1
B0,3,1,10,5,东营,ce6ca82c326e584d8d688a7bedd72e06f508088c933485bfbfa222c82aab7fd0,425.3271014204544,290.23985679245214,IV1;IV2;year_1;Region_1
B0,3,1,10,13,九江,ce6ca82c326e584d8d688a7bedd72e06f508088c933485bfbfa222c82aab7fd0,0.0,328.9664635275733,IV1;IV2;year_1;Region_1
B0,3,1,10,21,北海,ce6ca82c326e584d8d688a7bedd72e06f508088c933485bfbfa222c82aab7fd0,318.3245085227273,227.02863491164112,IV1;IV2;year_1;Region_1
B0,3,1,10,22,合肥,ce6ca82c326e584d8d688a7bedd72e06f508088c933485bfbfa222c82aab7fd0,13.19625,303.5230766249303,IV1;IV2;year_1;Region_1
B0,3,1,10,31,深圳,ce6ca82c326e584d8d688a7bedd72e06f508088c933485bfbfa222c82aab7fd0,159.7083409090909,656.4756946341782,IV1;IV2;year_1;Region_1
B0,3,1,10,38,肇庆,ce6ca82c326e584d8d688a7bedd72e06f508088c933485bfbfa222c82aab7fd0,23.03745340909091,141.2314047299297,IV1;IV2;year_1;Region_1
B0,3,1,10,40,韶关,ce6ca82c326e584d8d688a7bedd72e06f508088c933485bfbfa222c82aab7fd0,547.9050852272727,138.74567891502352,IV1;IV2;year_1;Region_1
B0,3,2,11,4,东莞,ce6ca82c326e584d8d688a7bedd72e06f508088c933485bfbfa222c82aab7fd0,307.5424744318183,878.3670274052023,IV1;IV2;year_1;Region_1
B0,3,2,11,9,丽水,ce6ca82c326e584d8d688a7bedd72e06f508088c933485bfbfa222c82aab7fd0,33.76567926136365,236.52854929302612,IV1;IV2;year_1;Region_1
B0,3,2,11,12,乐山,ce6ca82c326e584d8d688a7bedd72e06f508088c933485bfbfa222c82aab7fd0,45.02250000000001,258.3287017914799,IV1;IV2;year_1;Region_1
B0,3,2,11,26,惠州,ce6ca82c326e584d8d688a7bedd72e06f508088c933485bfbfa222c82aab7fd0,253.6378448863636,329.8302314396879,IV1;IV2;year_1;Region_1
B0,3,2,11,29,汕头,ce6ca82c326e584d8d688a7bedd72e06f508088c933485bfbfa222c82aab7fd0,516.6316193181818,285.14773964168967,IV1;IV2;year_1;Region_1
B0,3,2,11,30,海口,ce6ca82c326e584d8d688a7bedd72e06f508088c933485bfbfa222c82aab7fd0,339.134276349432,389.63052434931984,IV1;IV2;year_1;Region_1
B0,3,2,11,33,澄迈,ce6ca82c326e584d8d688a7bedd72e06f508088c933485bfbfa222c82aab7fd0,647.861484375,265.4007167536693,IV1;IV2;year_1;Region_1
B0,3,2,11,39,陵水,ce6ca82c326e584d8d688a7bedd72e06f508088c933485bfbfa222c82aab7fd0,337.1486134943182,477.88091413993,IV1;IV2;year_1;Region_1
B0,3,3,12,2,上饶,ce6ca82c326e584d8d688a7bedd72e06f508088c933485bfbfa222c82aab7fd0,114.81355125,189.81207793832263,IV1;IV2;year_1;Region_1
B0,3,3,12,10,义乌,ce6ca82c326e584d8d688a7bedd72e06f508088c933485bfbfa222c82aab7fd0,7288.761349396308,232.92720594860563,IV1;IV2;year_1;Region_1
B0,3,3,12,16,信阳,ce6ca82c326e584d8d688a7bedd72e06f508088c933485bfbfa222c82aab7fd0,244.6035494318183,304.8578236077016,IV1;IV2;year_1;Region_1
B0,3,3,12,18,六安,ce6ca82c326e584d8d688a7bedd72e06f508088c933485bfbfa222c82aab7fd0,8.639045028409095,298.88921712499325,IV1;IV2;year_1;Region_1
B0,3,3,12,19,兰州,ce6ca82c326e584d8d688a7bedd72e06f508088c933485bfbfa222c82aab7fd0,32.85616429924242,216.9663142536411,IV1;IV2;year_1;Region_1
B0,3,3,12,27,文昌,ce6ca82c326e584d8d688a7bedd72e06f508088c933485bfbfa222c82aab7fd0,273.4003661931818,299.31260455760224,IV1;IV2;year_1;Region_1
B0,3,3,12,34,珠海,ce6ca82c326e584d8d688a7bedd72e06f508088c933485bfbfa222c82aab7fd0,1511.786079545455,278.2667398331671,IV1;IV2;year_1;Region_1
B0,3,3,12,36,琼海,ce6ca82c326e584d8d688a7bedd72e06f508088c933485bfbfa222c82aab7fd0,1716.717565054688,256.72049995018864,IV1;IV2;year_1;Region_1
B0,3,4,13,0,万宁,ce6ca82c326e584d8d688a7bedd72e06f508088c933485bfbfa222c82aab7fd0,148.9921240384616,510.4552563955377,IV1;IV2;year_1;Region_1
B0,3,4,13,6,中卫,ce6ca82c326e584d8d688a7bedd72e06f508088c933485bfbfa222c82aab7fd0,31.05198382826678,366.5813556979172,IV1;IV2;year_1;Region_1
B0,3,4,13,7,中山,ce6ca82c326e584d8d688a7bedd72e06f508088c933485bfbfa222c82aab7fd0,89.11043759098708,227.0447674304961,IV1;IV2;year_1;Region_1
B0,3,4,13,8,临高,ce6ca82c326e584d8d688a7bedd72e06f508088c933485bfbfa222c82aab7fd0,83.80276845703128,380.68295422098606,IV1;IV2;year_1;Region_1
B0,3,4,13,11,乐东,ce6ca82c326e584d8d688a7bedd72e06f508088c933485bfbfa222c82aab7fd0,51.57938057753164,357.79648850093594,IV1;IV2;year_1;Region_1
B0,3,4,13,32,清远,ce6ca82c326e584d8d688a7bedd72e06f508088c933485bfbfa222c82aab7fd0,375.720028409091,284.49599026999414,IV1;IV2;year_1;Region_1
B0,3,4,13,35,琼中,ce6ca82c326e584d8d688a7bedd72e06f508088c933485bfbfa222c82aab7fd0,1106.44734375,366.8489902372979,IV1;IV2;year_1;Region_1
B0,3,4,13,37,白沙,ce6ca82c326e584d8d688a7bedd72e06f508088c933485bfbfa222c82aab7fd0,192.9951366477273,348.6752302084587,IV1;IV2;year_1;Region_1
B0,3,5,14,14,五指山,ce6ca82c326e584d8d688a7bedd72e06f508088c933485bfbfa222c82aab7fd0,273.4003661931818,332.3748403421634,IV1;IV2;year_1;Region_1
B0,3,5,14,15,佛山,ce6ca82c326e584d8d688a7bedd72e06f508088c933485bfbfa222c82aab7fd0,28.38274488636364,370.6973566061437,IV1;IV2;year_1;Region_1
B0,3,5,14,17,儋州,ce6ca82c326e584d8d688a7bedd72e06f508088c933485bfbfa222c82aab7fd0,539.7352537592891,305.6635413152348,IV1;IV2;year_1;Region_1
B0,3,5,14,20,北京,ce6ca82c326e584d8d688a7bedd72e06f508088c933485bfbfa222c82aab7fd0,291.2148675426136,906.4143857846528,IV1;IV2;year_1;Region_1
B0,3,5,14,23,定安,ce6ca82c326e584d8d688a7bedd72e06f508088c933485bfbfa222c82aab7fd0,273.4003661931819,265.92497593869683,IV1;IV2;year_1;Region_1
B0,3,5,14,24,屯昌,ce6ca82c326e584d8d688a7bedd72e06f508088c933485bfbfa222c82aab7fd0,273.4003661931819,279.8201723121268,IV1;IV2;year_1;Region_1
B0,3,5,14,25,广州,ce6ca82c326e584d8d688a7bedd72e06f508088c933485bfbfa222c82aab7fd0,164.1983198863636,808.1161857906067,IV1;IV2;year_1;Region_1
B0,3,5,14,28,昌江,ce6ca82c326e584d8d688a7bedd72e06f508088c933485bfbfa222c82aab7fd0,268.7138254261364,244.35348793479497,IV1;IV2;year_1;Region_1
B0,4,1,15,1,上海,ce6ca82c326e584d8d688a7bedd72e06f508088c933485bfbfa222c82aab7fd0,2302.973933396464,372.4224368942293,IV1;IV2;year_1;Region_1
B0,4,1,15,5,东营,ce6ca82c326e584d8d688a7bedd72e06f508088c933485bfbfa222c82aab7fd0,425.3271014204544,262.6836940868071,IV1;IV2;year_1;Region_1
B0,4,1,15,7,中山,ce6ca82c326e584d8d688a7bedd72e06f508088c933485bfbfa222c82aab7fd0,89.11043759098708,201.947594815201,IV1;IV2;year_1;Region_1
B0,4,1,15,11,乐东,ce6ca82c326e584d8d688a7bedd72e06f508088c933485bfbfa222c82aab7fd0,51.57938057753164,344.78857743188064,IV1;IV2;year_1;Region_1
B0,4,1,15,17,儋州,ce6ca82c326e584d8d688a7bedd72e06f508088c933485bfbfa222c82aab7fd0,539.7352537592891,316.9710193268176,IV1;IV2;year_1;Region_1
B0,4,1,15,23,定安,ce6ca82c326e584d8d688a7bedd72e06f508088c933485bfbfa222c82aab7fd0,273.4003661931819,251.68762161947149,IV1;IV2;year_1;Region_1
B0,4,1,15,27,文昌,ce6ca82c326e584d8d688a7bedd72e06f508088c933485bfbfa222c82aab7fd0,273.4003661931818,341.8879988722142,IV1;IV2;year_1;Region_1
B0,4,1,15,29,汕头,ce6ca82c326e584d8d688a7bedd72e06f508088c933485bfbfa222c82aab7fd0,516.6316193181818,227.3214732933684,IV1;IV2;year_1;Region_1
B0,4,1,15,38,肇庆,ce6ca82c326e584d8d688a7bedd72e06f508088c933485bfbfa222c82aab7fd0,23.03745340909091,140.96205584480606,IV1;IV2;year_1;Region_1
B0,4,2,16,10,义乌,ce6ca82c326e584d8d688a7bedd72e06f508088c933485bfbfa222c82aab7fd0,7288.761349396308,479.0769959988724,IV1;IV2;year_1;Region_1
B0,4,2,16,15,佛山,ce6ca82c326e584d8d688a7bedd72e06f508088c933485bfbfa222c82aab7fd0,28.38274488636364,323.09530736058,IV1;IV2;year_1;Region_1
B0,4,2,16,19,兰州,ce6ca82c326e584d8d688a7bedd72e06f508088c933485bfbfa222c82aab7fd0,32.85616429924242,275.07198755370536,IV1;IV2;year_1;Region_1
B0,4,2,16,20,北京,ce6ca82c326e584d8d688a7bedd72e06f508088c933485bfbfa222c82aab7fd0,291.2148675426136,479.0179409097923,IV1;IV2;year_1;Region_1
B0,4,2,16,21,北海,ce6ca82c326e584d8d688a7bedd72e06f508088c933485bfbfa222c82aab7fd0,318.3245085227273,184.35395080935635,IV1;IV2;year_1;Region_1
B0,4,2,16,24,屯昌,ce6ca82c326e584d8d688a7bedd72e06f508088c933485bfbfa222c82aab7fd0,273.4003661931819,253.75838279121209,IV1;IV2;year_1;Region_1
B0,4,2,16,31,深圳,ce6ca82c326e584d8d688a7bedd72e06f508088c933485bfbfa222c82aab7fd0,159.7083409090909,503.798156566802,IV1;IV2;year_1;Region_1
B0,4,2,16,35,琼中,ce6ca82c326e584d8d688a7bedd72e06f508088c933485bfbfa222c82aab7fd0,1106.44734375,271.8683428940392,IV1;IV2;year_1;Region_1
B0,4,3,17,3,东方,ce6ca82c326e584d8d688a7bedd72e06f508088c933485bfbfa222c82aab7fd0,266.2529209872159,311.362474204488,IV1;IV2;year_1;Region_1
B0,4,3,17,9,丽水,ce6ca82c326e584d8d688a7bedd72e06f508088c933485bfbfa222c82aab7fd0,33.76567926136365,238.15593884623812,IV1;IV2;year_1;Region_1
B0,4,3,17,12,乐山,ce6ca82c326e584d8d688a7bedd72e06f508088c933485bfbfa222c82aab7fd0,45.02250000000001,269.5283838009384,IV1;IV2;year_1;Region_1
B0,4,3,17,16,信阳,ce6ca82c326e584d8d688a7bedd72e06f508088c933485bfbfa222c82aab7fd0,244.6035494318183,324.50784598652456,IV1;IV2;year_1;Region_1
B0,4,3,17,18,六安,ce6ca82c326e584d8d688a7bedd72e06f508088c933485bfbfa222c82aab7fd0,8.639045028409095,311.1442505713921,IV1;IV2;year_1;Region_1
B0,4,3,17,28,昌江,ce6ca82c326e584d8d688a7bedd72e06f508088c933485bfbfa222c82aab7fd0,268.7138254261364,285.7558010630415,IV1;IV2;year_1;Region_1
B0,4,3,17,32,清远,ce6ca82c326e584d8d688a7bedd72e06f508088c933485bfbfa222c82aab7fd0,375.720028409091,279.5701587889168,IV1;IV2;year_1;Region_1
B0,4,3,17,33,澄迈,ce6ca82c326e584d8d688a7bedd72e06f508088c933485bfbfa222c82aab7fd0,647.861484375,306.287706397649,IV1;IV2;year_1;Region_1
B0,4,4,18,6,中卫,ce6ca82c326e584d8d688a7bedd72e06f508088c933485bfbfa222c82aab7fd0,31.05198382826678,380.9748885941303,IV1;IV2;year_1;Region_1
B0,4,4,18,8,临高,ce6ca82c326e584d8d688a7bedd72e06f508088c933485bfbfa222c82aab7fd0,83.80276845703128,398.9529693416185,IV1;IV2;year_1;Region_1
B0,4,4,18,14,五指山,ce6ca82c326e584d8d688a7bedd72e06f508088c933485bfbfa222c82aab7fd0,273.4003661931818,380.8602248704605,IV1;IV2;year_1;Region_1
B0,4,4,18,22,合肥,ce6ca82c326e584d8d688a7bedd72e06f508088c933485bfbfa222c82aab7fd0,13.19625,344.1953328992915,IV1;IV2;year_1;Region_1
B0,4,4,18,25,广州,ce6ca82c326e584d8d688a7bedd72e06f508088c933485bfbfa222c82aab7fd0,164.1983198863636,673.582850832353,IV1;IV2;year_1;Region_1
B0,4,4,18,26,惠州,ce6ca82c326e584d8d688a7bedd72e06f508088c933485bfbfa222c82aab7fd0,253.6378448863636,308.32896900246044,IV1;IV2;year_1;Region_1
B0,4,4,18,30,海口,ce6ca82c326e584d8d688a7bedd72e06f508088c933485bfbfa222c82aab7fd0,339.134276349432,405.8491243548106,IV1;IV2;year_1;Region_1
B0,4,4,18,37,白沙,ce6ca82c326e584d8d688a7bedd72e06f508088c933485bfbfa222c82aab7fd0,192.9951366477273,354.7597175258666,IV1;IV2;year_1;Region_1
B0,4,5,19,0,万宁,ce6ca82c326e584d8d688a7bedd72e06f508088c933485bfbfa222c82aab7fd0,148.9921240384616,362.47033280124674,IV1;IV2;year_1;Region_1
B0,4,5,19,2,上饶,ce6ca82c326e584d8d688a7bedd72e06f508088c933485bfbfa222c82aab7fd0,114.81355125,136.2020418005829,IV1;IV2;year_1;Region_1
B0,4,5,19,4,东莞,ce6ca82c326e584d8d688a7bedd72e06f508088c933485bfbfa222c82aab7fd0,307.5424744318183,635.0287982320531,IV1;IV2;year_1;Region_1
B0,4,5,19,13,九江,ce6ca82c326e584d8d688a7bedd72e06f508088c933485bfbfa222c82aab7fd0,0.0,330.84332847105105,IV1;IV2;year_1;Region_1
B0,4,5,19,34,珠海,ce6ca82c326e584d8d688a7bedd72e06f508088c933485bfbfa222c82aab7fd0,1511.786079545455,611.9396306017378,IV1;IV2;year_1;Region_1
B0,4,5,19,36,琼海,ce6ca82c326e584d8d688a7bedd72e06f508088c933485bfbfa222c82aab7fd0,1716.717565054688,295.4077669971889,IV1;IV2;year_1;Region_1
B0,4,5,19,39,陵水,ce6ca82c326e584d8d688a7bedd72e06f508088c933485bfbfa222c82aab7fd0,337.1486134943182,408.6518038869796,IV1;IV2;year_1;Region_1
B0,4,5,19,40,韶关,ce6ca82c326e584d8d688a7bedd72e06f508088c933485bfbfa222c82aab7fd0,547.9050852272727,145.71857797258255,IV1;IV2;year_1;Region_1
B0,5,1,20,1,上海,ce6ca82c326e584d8d688a7bedd72e06f508088c933485bfbfa222c82aab7fd0,2302.973933396464,229.1863846564775,IV1;IV2;year_1;Region_1
B0,5,1,20,13,九江,ce6ca82c326e584d8d688a7bedd72e06f508088c933485bfbfa222c82aab7fd0,0.0,351.6660992747924,IV1;IV2;year_1;Region_1
B0,5,1,20,16,信阳,ce6ca82c326e584d8d688a7bedd72e06f508088c933485bfbfa222c82aab7fd0,244.6035494318183,274.6808183353519,IV1;IV2;year_1;Region_1
B0,5,1,20,17,儋州,ce6ca82c326e584d8d688a7bedd72e06f508088c933485bfbfa222c82aab7fd0,539.7352537592891,292.78961364006443,IV1;IV2;year_1;Region_1
B0,5,1,20,18,六安,ce6ca82c326e584d8d688a7bedd72e06f508088c933485bfbfa222c82aab7fd0,8.639045028409095,349.46948313473723,IV1;IV2;year_1;Region_1
B0,5,1,20,23,定安,ce6ca82c326e584d8d688a7bedd72e06f508088c933485bfbfa222c82aab7fd0,273.4003661931819,279.8992748050032,IV1;IV2;year_1;Region_1
B0,5,1,20,28,昌江,ce6ca82c326e584d8d688a7bedd72e06f508088c933485bfbfa222c82aab7fd0,268.7138254261364,281.35942001510205,IV1;IV2;year_1;Region_1
B0,5,1,20,34,珠海,ce6ca82c326e584d8d688a7bedd72e06f508088c933485bfbfa222c82aab7fd0,1511.786079545455,348.9004776534477,IV1;IV2;year_1;Region_1
B0,5,1,20,36,琼海,ce6ca82c326e584d8d688a7bedd72e06f508088c933485bfbfa222c82aab7fd0,1716.717565054688,249.6686328016081,IV1;IV2;year_1;Region_1
B0,5,2,21,3,东方,ce6ca82c326e584d8d688a7bedd72e06f508088c933485bfbfa222c82aab7fd0,266.2529209872159,313.1695877992614,IV1;IV2;year_1;Region_1
B0,5,2,21,11,乐东,ce6ca82c326e584d8d688a7bedd72e06f508088c933485bfbfa222c82aab7fd0,51.57938057753164,314.5771510659206,IV1;IV2;year_1;Region_1
B0,5,2,21,14,五指山,ce6ca82c326e584d8d688a7bedd72e06f508088c933485bfbfa222c82aab7fd0,273.4003661931818,352.5807517707527,IV1;IV2;year_1;Region_1
B0,5,2,21,15,佛山,ce6ca82c326e584d8d688a7bedd72e06f508088c933485bfbfa222c82aab7fd0,28.38274488636364,389.5526245821068,IV1;IV2;year_1;Region_1
B0,5,2,21,20,北京,ce6ca82c326e584d8d688a7bedd72e06f508088c933485bfbfa222c82aab7fd0,291.2148675426136,805.2992049655359,IV1;IV2;year_1;Region_1
B0,5,2,21,21,北海,ce6ca82c326e584d8d688a7bedd72e06f508088c933485bfbfa222c82aab7fd0,318.3245085227273,229.0312364747684,IV1;IV2;year_1;Region_1
B0,5,2,21,22,合肥,ce6ca82c326e584d8d688a7bedd72e06f508088c933485bfbfa222c82aab7fd0,13.19625,396.4247566312642,IV1;IV2;year_1;Region_1
B0,5,2,21,35,琼中,ce6ca82c326e584d8d688a7bedd72e06f508088c933485bfbfa222c82aab7fd0,1106.44734375,282.21186269960447,IV1;IV2;year_1;Region_1
B0,5,3,22,2,上饶,ce6ca82c326e584d8d688a7bedd72e06f508088c933485bfbfa222c82aab7fd0,114.81355125,160.57446879033577,IV1;IV2;year_1;Region_1
B0,5,3,22,4,东莞,ce6ca82c326e584d8d688a7bedd72e06f508088c933485bfbfa222c82aab7fd0,307.5424744318183,1028.0442564805242,IV1;IV2;year_1;Region_1
B0,5,3,22,6,中卫,ce6ca82c326e584d8d688a7bedd72e06f508088c933485bfbfa222c82aab7fd0,31.05198382826678,322.3248124414162,IV1;IV2;year_1;Region_1
B0,5,3,22,7,中山,ce6ca82c326e584d8d688a7bedd72e06f508088c933485bfbfa222c82aab7fd0,89.11043759098708,321.55693370128296,IV1;IV2;year_1;Region_1
B0,5,3,22,9,丽水,ce6ca82c326e584d8d688a7bedd72e06f508088c933485bfbfa222c82aab7fd0,33.76567926136365,291.60997487007404,IV1;IV2;year_1;Region_1
B0,5,3,22,25,广州,ce6ca82c326e584d8d688a7bedd72e06f508088c933485bfbfa222c82aab7fd0,164.1983198863636,787.6291712814356,IV1;IV2;year_1;Region_1
B0,5,3,22,31,深圳,ce6ca82c326e584d8d688a7bedd72e06f508088c933485bfbfa222c82aab7fd0,159.7083409090909,981.933137949638,IV1;IV2;year_1;Region_1
B0,5,3,22,40,韶关,ce6ca82c326e584d8d688a7bedd72e06f508088c933485bfbfa222c82aab7fd0,547.9050852272727,177.2728922040615,IV1;IV2;year_1;Region_1
B0,5,4,23,0,万宁,ce6ca82c326e584d8d688a7bedd72e06f508088c933485bfbfa222c82aab7fd0,148.9921240384616,519.2231602701006,IV1;IV2;year_1;Region_1
B0,5,4,23,8,临高,ce6ca82c326e584d8d688a7bedd72e06f508088c933485bfbfa222c82aab7fd0,83.80276845703128,366.7967149481007,IV1;IV2;year_1;Region_1
B0,5,4,23,12,乐山,ce6ca82c326e584d8d688a7bedd72e06f508088c933485bfbfa222c82aab7fd0,45.02250000000001,260.9373963987566,IV1;IV2;year_1;Region_1
B0,5,4,23,26,惠州,ce6ca82c326e584d8d688a7bedd72e06f508088c933485bfbfa222c82aab7fd0,253.6378448863636,296.9684332944912,IV1;IV2;year_1;Region_1
B0,5,4,23,30,海口,ce6ca82c326e584d8d688a7bedd72e06f508088c933485bfbfa222c82aab7fd0,339.134276349432,400.27523757157206,IV1;IV2;year_1;Region_1
B0,5,4,23,32,清远,ce6ca82c326e584d8d688a7bedd72e06f508088c933485bfbfa222c82aab7fd0,375.720028409091,286.9658785473838,IV1;IV2;year_1;Region_1
B0,5,4,23,33,澄迈,ce6ca82c326e584d8d688a7bedd72e06f508088c933485bfbfa222c82aab7fd0,647.861484375,342.98177487007774,IV1;IV2;year_1;Region_1
B0,5,4,23,37,白沙,ce6ca82c326e584d8d688a7bedd72e06f508088c933485bfbfa222c82aab7fd0,192.9951366477273,309.9797062176782,IV1;IV2;year_1;Region_1
B0,5,5,24,5,东营,ce6ca82c326e584d8d688a7bedd72e06f508088c933485bfbfa222c82aab7fd0,425.3271014204544,307.60329801753034,IV1;IV2;year_1;Region_1
B0,5,5,24,10,义乌,ce6ca82c326e584d8d688a7bedd72e06f508088c933485bfbfa222c82aab7fd0,7288.761349396308,338.45011552410546,IV1;IV2;year_1;Region_1
B0,5,5,24,19,兰州,ce6ca82c326e584d8d688a7bedd72e06f508088c933485bfbfa222c82aab7fd0,32.85616429924242,269.7007291598259,IV1;IV2;year_1;Region_1
B0,5,5,24,24,屯昌,ce6ca82c326e584d8d688a7bedd72e06f508088c933485bfbfa222c82aab7fd0,273.4003661931819,302.1063975783157,IV1;IV2;year_1;Region_1
B0,5,5,24,27,文昌,ce6ca82c326e584d8d688a7bedd72e06f508088c933485bfbfa222c82aab7fd0,273.4003661931818,343.4549644122204,IV1;IV2;year_1;Region_1
B0,5,5,24,29,汕头,ce6ca82c326e584d8d688a7bedd72e06f508088c933485bfbfa222c82aab7fd0,516.6316193181818,283.2472078896206,IV1;IV2;year_1;Region_1
B0,5,5,24,38,肇庆,ce6ca82c326e584d8d688a7bedd72e06f508088c933485bfbfa222c82aab7fd0,23.03745340909091,192.3316563083128,IV1;IV2;year_1;Region_1
B0,5,5,24,39,陵水,ce6ca82c326e584d8d688a7bedd72e06f508088c933485bfbfa222c82aab7fd0,337.1486134943182,355.11717673770085,IV1;IV2;year_1;Region_1
B0,6,1,25,6,中卫,ce6ca82c326e584d8d688a7bedd72e06f508088c933485bfbfa222c82aab7fd0,31.05198382826678,334.8107127791772,IV1;IV2;year_1;Region_1
B0,6,1,25,7,中山,ce6ca82c326e584d8d688a7bedd72e06f508088c933485bfbfa222c82aab7fd0,89.11043759098708,288.4415207920148,IV1;IV2;year_1;Region_1
B0,6,1,25,9,丽水,ce6ca82c326e584d8d688a7bedd72e06f508088c933485bfbfa222c82aab7fd0,33.76567926136365,279.3459792338885,IV1;IV2;year_1;Region_1
B0,6,1,25,12,乐山,ce6ca82c326e584d8d688a7bedd72e06f508088c933485bfbfa222c82aab7fd0,45.02250000000001,248.42599954499235,IV1;IV2;year_1;Region_1
B0,6,1,25,13,九江,ce6ca82c326e584d8d688a7bedd72e06f508088c933485bfbfa222c82aab7fd0,0.0,329.76279376471933,IV1;IV2;year_1;Region_1
B0,6,1,25,17,儋州,ce6ca82c326e584d8d688a7bedd72e06f508088c933485bfbfa222c82aab7fd0,539.7352537592891,287.9966026240364,IV1;IV2;year_1;Region_1
B0,6,1,25,23,定安,ce6ca82c326e584d8d688a7bedd72e06f508088c933485bfbfa222c82aab7fd0,273.4003661931819,317.0249132236464,IV1;IV2;year_1;Region_1
B0,6,1,25,29,汕头,ce6ca82c326e584d8d688a7bedd72e06f508088c933485bfbfa222c82aab7fd0,516.6316193181818,340.5918948533931,IV1;IV2;year_1;Region_1
B0,6,1,25,39,陵水,ce6ca82c326e584d8d688a7bedd72e06f508088c933485bfbfa222c82aab7fd0,337.1486134943182,415.63710786782354,IV1;IV2;year_1;Region_1
B0,6,2,26,8,临高,ce6ca82c326e584d8d688a7bedd72e06f508088c933485bfbfa222c82aab7fd0,83.80276845703128,365.2245331921717,IV1;IV2;year_1;Region_1
B0,6,2,26,14,五指山,ce6ca82c326e584d8d688a7bedd72e06f508088c933485bfbfa222c82aab7fd0,273.4003661931818,373.7386303300222,IV1;IV2;year_1;Region_1
B0,6,2,26,15,佛山,ce6ca82c326e584d8d688a7bedd72e06f508088c933485bfbfa222c82aab7fd0,28.38274488636364,299.1052051325096,IV1;IV2;year_1;Region_1
B0,6,2,26,19,兰州,ce6ca82c326e584d8d688a7bedd72e06f508088c933485bfbfa222c82aab7fd0,32.85616429924242,299.15762074696323,IV1;IV2;year_1;Region_1
B0,6,2,26,21,北海,ce6ca82c326e584d8d688a7bedd72e06f508088c933485bfbfa222c82aab7fd0,318.3245085227273,204.2444522147416,IV1;IV2;year_1;Region_1
B0,6,2,26,26,惠州,ce6ca82c326e584d8d688a7bedd72e06f508088c933485bfbfa222c82aab7fd0,253.6378448863636,308.52750314107544,IV1;IV2;year_1;Region_1
B0,6,2,26,30,海口,ce6ca82c326e584d8d688a7bedd72e06f508088c933485bfbfa222c82aab7fd0,339.134276349432,347.03144236944013,IV1;IV2;year_1;Region_1
B0,6,2,26,34,珠海,ce6ca82c326e584d8d688a7bedd72e06f508088c933485bfbfa222c82aab7fd0,1511.786079545455,656.3837175277017,IV1;IV2;year_1;Region_1
B0,6,3,27,3,东方,ce6ca82c326e584d8d688a7bedd72e06f508088c933485bfbfa222c82aab7fd0,266.2529209872159,275.5567099807271,IV1;IV2;year_1;Region_1
B0,6,3,27,4,东莞,ce6ca82c326e584d8d688a7bedd72e06f508088c933485bfbfa222c82aab7fd0,307.5424744318183,479.3175548392003,IV1;IV2;year_1;Region_1
B0,6,3,27,5,东营,ce6ca82c326e584d8d688a7bedd72e06f508088c933485bfbfa222c82aab7fd0,425.3271014204544,270.1202105452868,IV1;IV2;year_1;Region_1
B0,6,3,27,10,义乌,ce6ca82c326e584d8d688a7bedd72e06f508088c933485bfbfa222c82aab7fd0,7288.761349396308,388.2951501112898,IV1;IV2;year_1;Region_1
B0,6,3,27,24,屯昌,ce6ca82c326e584d8d688a7bedd72e06f508088c933485bfbfa222c82aab7fd0,273.4003661931819,272.48894938699976,IV1;IV2;year_1;Region_1
B0,6,3,27,28,昌江,ce6ca82c326e584d8d688a7bedd72e06f508088c933485bfbfa222c82aab7fd0,268.7138254261364,199.0797388105237,IV1;IV2;year_1;Region_1
B0,6,3,27,33,澄迈,ce6ca82c326e584d8d688a7bedd72e06f508088c933485bfbfa222c82aab7fd0,647.861484375,278.2080837915059,IV1;IV2;year_1;Region_1
B0,6,3,27,37,白沙,ce6ca82c326e584d8d688a7bedd72e06f508088c933485bfbfa222c82aab7fd0,192.9951366477273,269.81920805095154,IV1;IV2;year_1;Region_1
B0,6,4,28,0,万宁,ce6ca82c326e584d8d688a7bedd72e06f508088c933485bfbfa222c82aab7fd0,148.9921240384616,542.6376492961386,IV1;IV2;year_1;Region_1
B0,6,4,28,11,乐东,ce6ca82c326e584d8d688a7bedd72e06f508088c933485bfbfa222c82aab7fd0,51.57938057753164,305.49037446942003,IV1;IV2;year_1;Region_1
B0,6,4,28,18,六安,ce6ca82c326e584d8d688a7bedd72e06f508088c933485bfbfa222c82aab7fd0,8.639045028409095,281.0619082297636,IV1;IV2;year_1;Region_1
B0,6,4,28,20,北京,ce6ca82c326e584d8d688a7bedd72e06f508088c933485bfbfa222c82aab7fd0,291.2148675426136,1025.9175347104197,IV1;IV2;year_1;Region_1
B0,6,4,28,25,广州,ce6ca82c326e584d8d688a7bedd72e06f508088c933485bfbfa222c82aab7fd0,164.1983198863636,834.4513826147779,IV1;IV2;year_1;Region_1
B0,6,4,28,31,深圳,ce6ca82c326e584d8d688a7bedd72e06f508088c933485bfbfa222c82aab7fd0,159.7083409090909,1036.9789262167794,IV1;IV2;year_1;Region_1
B0,6,4,28,32,清远,ce6ca82c326e584d8d688a7bedd72e06f508088c933485bfbfa222c82aab7fd0,375.720028409091,264.68744775198235,IV1;IV2;year_1;Region_1
B0,6,4,28,35,琼中,ce6ca82c326e584d8d688a7bedd72e06f508088c933485bfbfa222c82aab7fd0,1106.44734375,299.4024685578115,IV1;IV2;year_1;Region_1
B0,6,5,29,1,上海,ce6ca82c326e584d8d688a7bedd72e06f508088c933485bfbfa222c82aab7fd0,2302.973933396464,387.87079186607815,IV1;IV2;year_1;Region_1
B0,6,5,29,2,上饶,ce6ca82c326e584d8d688a7bedd72e06f508088c933485bfbfa222c82aab7fd0,114.81355125,190.775117081518,IV1;IV2;year_1;Region_1
B0,6,5,29,16,信阳,ce6ca82c326e584d8d688a7bedd72e06f508088c933485bfbfa222c82aab7fd0,244.6035494318183,292.516546084176,IV1;IV2;year_1;Region_1
B0,6,5,29,22,合肥,ce6ca82c326e584d8d688a7bedd72e06f508088c933485bfbfa222c82aab7fd0,13.19625,282.8616246349647,IV1;IV2;year_1;Region_1
B0,6,5,29,27,文昌,ce6ca82c326e584d8d688a7bedd72e06f508088c933485bfbfa222c82aab7fd0,273.4003661931818,348.4815223362478,IV1;IV2;year_1;Region_1
B0,6,5,29,36,琼海,ce6ca82c326e584d8d688a7bedd72e06f508088c933485bfbfa222c82aab7fd0,1716.717565054688,266.76209408826526,IV1;IV2;year_1;Region_1
B0,6,5,29,38,肇庆,ce6ca82c326e584d8d688a7bedd72e06f508088c933485bfbfa222c82aab7fd0,23.03745340909091,172.01091672854182,IV1;IV2;year_1;Region_1
B0,6,5,29,40,韶关,ce6ca82c326e584d8d688a7bedd72e06f508088c933485bfbfa222c82aab7fd0,547.9050852272727,184.09078555853355,IV1;IV2;year_1;Region_1
B0,7,1,30,3,东方,ce6ca82c326e584d8d688a7bedd72e06f508088c933485bfbfa222c82aab7fd0,266.2529209872159,262.92827880754265,IV1;IV2;year_1;Region_1
B0,7,1,30,5,东营,ce6ca82c326e584d8d688a7bedd72e06f508088c933485bfbfa222c82aab7fd0,425.3271014204544,250.3807649017621,IV1;IV2;year_1;Region_1
B0,7,1,30,7,中山,ce6ca82c326e584d8d688a7bedd72e06f508088c933485bfbfa222c82aab7fd0,89.11043759098708,197.27291246323904,IV1;IV2;year_1;Region_1
B0,7,1,30,13,九江,ce6ca82c326e584d8d688a7bedd72e06f508088c933485bfbfa222c82aab7fd0,0.0,305.2121360551332,IV1;IV2;year_1;Region_1
B0,7,1,30,20,北京,ce6ca82c326e584d8d688a7bedd72e06f508088c933485bfbfa222c82aab7fd0,291.2148675426136,727.4872321328584,IV1;IV2;year_1;Region_1
B0,7,1,30,28,昌江,ce6ca82c326e584d8d688a7bedd72e06f508088c933485bfbfa222c82aab7fd0,268.7138254261364,193.1077098666401,IV1;IV2;year_1;Region_1
B0,7,1,30,29,汕头,ce6ca82c326e584d8d688a7bedd72e06f508088c933485bfbfa222c82aab7fd0,516.6316193181818,303.2243783474649,IV1;IV2;year_1;Region_1
B0,7,1,30,36,琼海,ce6ca82c326e584d8d688a7bedd72e06f508088c933485bfbfa222c82aab7fd0,1716.717565054688,257.7926389568037,IV1;IV2;year_1;Region_1
B0,7,1,30,40,韶关,ce6ca82c326e584d8d688a7bedd72e06f508088c933485bfbfa222c82aab7fd0,547.9050852272727,119.01593379245524,IV1;IV2;year_1;Region_1
B0,7,2,31,4,东莞,ce6ca82c326e584d8d688a7bedd72e06f508088c933485bfbfa222c82aab7fd0,307.5424744318183,950.2867824231524,IV1;IV2;year_1;Region_1
B0,7,2,31,8,临高,ce6ca82c326e584d8d688a7bedd72e06f508088c933485bfbfa222c82aab7fd0,83.80276845703128,349.0040163664227,IV1;IV2;year_1;Region_1
B0,7,2,31,12,乐山,ce6ca82c326e584d8d688a7bedd72e06f508088c933485bfbfa222c82aab7fd0,45.02250000000001,250.5547327374938,IV1;IV2;year_1;Region_1
B0,7,2,31,14,五指山,ce6ca82c326e584d8d688a7bedd72e06f508088c933485bfbfa222c82aab7fd0,273.4003661931818,386.45741045636055,IV1;IV2;year_1;Region_1
B0,7,2,31,21,北海,ce6ca82c326e584d8d688a7bedd72e06f508088c933485bfbfa222c82aab7fd0,318.3245085227273,258.55608473811685,IV1;IV2;year_1;Region_1
B0,7,2,31,25,广州,ce6ca82c326e584d8d688a7bedd72e06f508088c933485bfbfa222c82aab7fd0,164.1983198863636,701.9024106078226,IV1;IV2;year_1;Region_1
B0,7,2,31,26,惠州,ce6ca82c326e584d8d688a7bedd72e06f508088c933485bfbfa222c82aab7fd0,253.6378448863636,305.4610352446929,IV1;IV2;year_1;Region_1
B0,7,2,31,33,澄迈,ce6ca82c326e584d8d688a7bedd72e06f508088c933485bfbfa222c82aab7fd0,647.861484375,322.12843334604383,IV1;IV2;year_1;Region_1
B0,7,3,32,1,上海,ce6ca82c326e584d8d688a7bedd72e06f508088c933485bfbfa222c82aab7fd0,2302.973933396464,323.1210982694587,IV1;IV2;year_1;Region_1
B0,7,3,32,11,乐东,ce6ca82c326e584d8d688a7bedd72e06f508088c933485bfbfa222c82aab7fd0,51.57938057753164,346.2471679012332,IV1;IV2;year_1;Region_1
B0,7,3,32,15,佛山,ce6ca82c326e584d8d688a7bedd72e06f508088c933485bfbfa222c82aab7fd0,28.38274488636364,286.0114613737944,IV1;IV2;year_1;Region_1
B0,7,3,32,16,信阳,ce6ca82c326e584d8d688a7bedd72e06f508088c933485bfbfa222c82aab7fd0,244.6035494318183,312.1014266437741,IV1;IV2;year_1;Region_1
B0,7,3,32,23,定安,ce6ca82c326e584d8d688a7bedd72e06f508088c933485bfbfa222c82aab7fd0,273.4003661931819,271.78096735564947,IV1;IV2;year_1;Region_1
B0,7,3,32,30,海口,ce6ca82c326e584d8d688a7bedd72e06f508088c933485bfbfa222c82aab7fd0,339.134276349432,403.1773619322212,IV1;IV2;year_1;Region_1
B0,7,3,32,34,珠海,ce6ca82c326e584d8d688a7bedd72e06f508088c933485bfbfa222c82aab7fd0,1511.786079545455,454.1668923457101,IV1;IV2;year_1;Region_1
B0,7,3,32,39,陵水,ce6ca82c326e584d8d688a7bedd72e06f508088c933485bfbfa222c82aab7fd0,337.1486134943182,436.9297624692656,IV1;IV2;year_1;Region_1
B0,7,4,33,2,上饶,ce6ca82c326e584d8d688a7bedd72e06f508088c933485bfbfa222c82aab7fd0,114.81355125,244.59345564840203,IV1;IV2;year_1;Region_1
B0,7,4,33,9,丽水,ce6ca82c326e584d8d688a7bedd72e06f508088c933485bfbfa222c82aab7fd0,33.76567926136365,316.12390198707624,IV1;IV2;year_1;Region_1
B0,7,4,33,22,合肥,ce6ca82c326e584d8d688a7bedd72e06f508088c933485bfbfa222c82aab7fd0,13.19625,373.9248715643117,IV1;IV2;year_1;Region_1
B0,7,4,33,24,屯昌,ce6ca82c326e584d8d688a7bedd72e06f508088c933485bfbfa222c82aab7fd0,273.4003661931819,262.4492578097156,IV1;IV2;year_1;Region_1
B0,7,4,33,27,文昌,ce6ca82c326e584d8d688a7bedd72e06f508088c933485bfbfa222c82aab7fd0,273.4003661931818,301.42722757405335,IV1;IV2;year_1;Region_1
B0,7,4,33,35,琼中,ce6ca82c326e584d8d688a7bedd72e06f508088c933485bfbfa222c82aab7fd0,1106.44734375,282.58435099299925,IV1;IV2;year_1;Region_1
B0,7,4,33,37,白沙,ce6ca82c326e584d8d688a7bedd72e06f508088c933485bfbfa222c82aab7fd0,192.9951366477273,324.1699346091006,IV1;IV2;year_1;Region_1
B0,7,4,33,38,肇庆,ce6ca82c326e584d8d688a7bedd72e06f508088c933485bfbfa222c82aab7fd0,23.03745340909091,252.34402449897016,IV1;IV2;year_1;Region_1
B0,7,5,34,0,万宁,ce6ca82c326e584d8d688a7bedd72e06f508088c933485bfbfa222c82aab7fd0,148.9921240384616,500.1766828568487,IV1;IV2;year_1;Region_1
B0,7,5,34,6,中卫,ce6ca82c326e584d8d688a7bedd72e06f508088c933485bfbfa222c82aab7fd0,31.05198382826678,366.8979012983477,IV1;IV2;year_1;Region_1
B0,7,5,34,10,义乌,ce6ca82c326e584d8d688a7bedd72e06f508088c933485bfbfa222c82aab7fd0,7288.761349396308,414.737274459469,IV1;IV2;year_1;Region_1
B0,7,5,34,17,儋州,ce6ca82c326e584d8d688a7bedd72e06f508088c933485bfbfa222c82aab7fd0,539.7352537592891,376.6149274104829,IV1;IV2;year_1;Region_1
B0,7,5,34,18,六安,ce6ca82c326e584d8d688a7bedd72e06f508088c933485bfbfa222c82aab7fd0,8.639045028409095,289.27659025509536,IV1;IV2;year_1;Region_1
B0,7,5,34,19,兰州,ce6ca82c326e584d8d688a7bedd72e06f508088c933485bfbfa222c82aab7fd0,32.85616429924242,242.42209043241556,IV1;IV2;year_1;Region_1
B0,7,5,34,31,深圳,ce6ca82c326e584d8d688a7bedd72e06f508088c933485bfbfa222c82aab7fd0,159.7083409090909,458.7131028101041,IV1;IV2;year_1;Region_1
B0,7,5,34,32,清远,ce6ca82c326e584d8d688a7bedd72e06f508088c933485bfbfa222c82aab7fd0,375.720028409091,292.0147865030462,IV1;IV2;year_1;Region_1
B0,8,1,35,4,东莞,ce6ca82c326e584d8d688a7bedd72e06f508088c933485bfbfa222c82aab7fd0,307.5424744318183,901.6761471763,IV1;IV2;year_1;Region_1
B0,8,1,35,9,丽水,ce6ca82c326e584d8d688a7bedd72e06f508088c933485bfbfa222c82aab7fd0,33.76567926136365,256.60760376246543,IV1;IV2;year_1;Region_1
B0,8,1,35,12,乐山,ce6ca82c326e584d8d688a7bedd72e06f508088c933485bfbfa222c82aab7fd0,45.02250000000001,252.93740911102051,IV1;IV2;year_1;Region_1
B0,8,1,35,16,信阳,ce6ca82c326e584d8d688a7bedd72e06f508088c933485bfbfa222c82aab7fd0,244.6035494318183,327.1155972841775,IV1;IV2;year_1;Region_1
B0,8,1,35,27,文昌,ce6ca82c326e584d8d688a7bedd72e06f508088c933485bfbfa222c82aab7fd0,273.4003661931818,336.23448577539415,IV1;IV2;year_1;Region_1
B0,8,1,35,29,汕头,ce6ca82c326e584d8d688a7bedd72e06f508088c933485bfbfa222c82aab7fd0,516.6316193181818,297.8473780406925,IV1;IV2;year_1;Region_1
B0,8,1,35,33,澄迈,ce6ca82c326e584d8d688a7bedd72e06f508088c933485bfbfa222c82aab7fd0,647.861484375,286.56065381363686,IV1;IV2;year_1;Region_1
B0,8,1,35,38,肇庆,ce6ca82c326e584d8d688a7bedd72e06f508088c933485bfbfa222c82aab7fd0,23.03745340909091,176.70429411415546,IV1;IV2;year_1;Region_1
B0,8,1,35,40,韶关,ce6ca82c326e584d8d688a7bedd72e06f508088c933485bfbfa222c82aab7fd0,547.9050852272727,179.43553719163577,IV1;IV2;year_1;Region_1
B0,8,2,36,5,东营,ce6ca82c326e584d8d688a7bedd72e06f508088c933485bfbfa222c82aab7fd0,425.3271014204544,363.7753018763016,IV1;IV2;year_1;Region_1
B0,8,2,36,6,中卫,ce6ca82c326e584d8d688a7bedd72e06f508088c933485bfbfa222c82aab7fd0,31.05198382826678,371.22346077924,IV1;IV2;year_1;Region_1
B0,8,2,36,10,义乌,ce6ca82c326e584d8d688a7bedd72e06f508088c933485bfbfa222c82aab7fd0,7288.761349396308,381.2252278311674,IV1;IV2;year_1;Region_1
B0,8,2,36,11,乐东,ce6ca82c326e584d8d688a7bedd72e06f508088c933485bfbfa222c82aab7fd0,51.57938057753164,373.90493175359416,IV1;IV2;year_1;Region_1
B0,8,2,36,14,五指山,ce6ca82c326e584d8d688a7bedd72e06f508088c933485bfbfa222c82aab7fd0,273.4003661931818,403.8306551784906,IV1;IV2;year_1;Region_1
B0,8,2,36,18,六安,ce6ca82c326e584d8d688a7bedd72e06f508088c933485bfbfa222c82aab7fd0,8.639045028409095,283.5892390521956,IV1;IV2;year_1;Region_1
B0,8,2,36,20,北京,ce6ca82c326e584d8d688a7bedd72e06f508088c933485bfbfa222c82aab7fd0,291.2148675426136,388.30362498265697,IV1;IV2;year_1;Region_1
B0,8,2,36,26,惠州,ce6ca82c326e584d8d688a7bedd72e06f508088c933485bfbfa222c82aab7fd0,253.6378448863636,268.6035446585545,IV1;IV2;year_1;Region_1
B0,8,3,37,0,万宁,ce6ca82c326e584d8d688a7bedd72e06f508088c933485bfbfa222c82aab7fd0,148.9921240384616,615.6213235048729,IV1;IV2;year_1;Region_1
B0,8,3,37,3,东方,ce6ca82c326e584d8d688a7bedd72e06f508088c933485bfbfa222c82aab7fd0,266.2529209872159,378.2316837369647,IV1;IV2;year_1;Region_1
B0,8,3,37,7,中山,ce6ca82c326e584d8d688a7bedd72e06f508088c933485bfbfa222c82aab7fd0,89.11043759098708,323.9596714912848,IV1;IV2;year_1;Region_1
B0,8,3,37,8,临高,ce6ca82c326e584d8d688a7bedd72e06f508088c933485bfbfa222c82aab7fd0,83.80276845703128,403.75020370086713,IV1;IV2;year_1;Region_1
B0,8,3,37,22,合肥,ce6ca82c326e584d8d688a7bedd72e06f508088c933485bfbfa222c82aab7fd0,13.19625,431.4819343350952,IV1;IV2;year_1;Region_1
B0,8,3,37,23,定安,ce6ca82c326e584d8d688a7bedd72e06f508088c933485bfbfa222c82aab7fd0,273.4003661931819,279.4132412625806,IV1;IV2;year_1;Region_1
B0,8,3,37,25,广州,ce6ca82c326e584d8d688a7bedd72e06f508088c933485bfbfa222c82aab7fd0,164.1983198863636,634.1253296202732,IV1;IV2;year_1;Region_1
B0,8,3,37,30,海口,ce6ca82c326e584d8d688a7bedd72e06f508088c933485bfbfa222c82aab7fd0,339.134276349432,485.78738240277295,IV1;IV2;year_1;Region_1
B0,8,4,38,1,上海,ce6ca82c326e584d8d688a7bedd72e06f508088c933485bfbfa222c82aab7fd0,2302.973933396464,524.4936360099908,IV1;IV2;year_1;Region_1
B0,8,4,38,2,上饶,ce6ca82c326e584d8d688a7bedd72e06f508088c933485bfbfa222c82aab7fd0,114.81355125,152.86587438115558,IV1;IV2;year_1;Region_1
B0,8,4,38,13,九江,ce6ca82c326e584d8d688a7bedd72e06f508088c933485bfbfa222c82aab7fd0,0.0,308.6820687532645,IV1;IV2;year_1;Region_1
B0,8,4,38,15,佛山,ce6ca82c326e584d8d688a7bedd72e06f508088c933485bfbfa222c82aab7fd0,28.38274488636364,300.67812329764183,IV1;IV2;year_1;Region_1
B0,8,4,38,17,儋州,ce6ca82c326e584d8d688a7bedd72e06f508088c933485bfbfa222c82aab7fd0,539.7352537592891,309.9176578196802,IV1;IV2;year_1;Region_1
B0,8,4,38,21,北海,ce6ca82c326e584d8d688a7bedd72e06f508088c933485bfbfa222c82aab7fd0,318.3245085227273,230.4997208600905,IV1;IV2;year_1;Region_1
B0,8,4,38,31,深圳,ce6ca82c326e584d8d688a7bedd72e06f508088c933485bfbfa222c82aab7fd0,159.7083409090909,685.4017027084151,IV1;IV2;year_1;Region_1
B0,8,4,38,32,清远,ce6ca82c326e584d8d688a7bedd72e06f508088c933485bfbfa222c82aab7fd0,375.720028409091,261.934166465169,IV1;IV2;year_1;Region_1
B0,8,5,39,19,兰州,ce6ca82c326e584d8d688a7bedd72e06f508088c933485bfbfa222c82aab7fd0,32.85616429924242,221.11617976265623,IV1;IV2;year_1;Region_1
B0,8,5,39,24,屯昌,ce6ca82c326e584d8d688a7bedd72e06f508088c933485bfbfa222c82aab7fd0,273.4003661931819,246.5111924785789,IV1;IV2;year_1;Region_1
B0,8,5,39,28,昌江,ce6ca82c326e584d8d688a7bedd72e06f508088c933485bfbfa222c82aab7fd0,268.7138254261364,224.5172998417288,IV1;IV2;year_1;Region_1
B0,8,5,39,34,珠海,ce6ca82c326e584d8d688a7bedd72e06f508088c933485bfbfa222c82aab7fd0,1511.786079545455,557.56676682056,IV1;IV2;year_1;Region_1
B0,8,5,39,35,琼中,ce6ca82c326e584d8d688a7bedd72e06f508088c933485bfbfa222c82aab7fd0,1106.44734375,260.13284822966085,IV1;IV2;year_1;Region_1
B0,8,5,39,36,琼海,ce6ca82c326e584d8d688a7bedd72e06f508088c933485bfbfa222c82aab7fd0,1716.717565054688,290.26552499957944,IV1;IV2;year_1;Region_1
B0,8,5,39,37,白沙,ce6ca82c326e584d8d688a7bedd72e06f508088c933485bfbfa222c82aab7fd0,192.9951366477273,283.2751368491087,IV1;IV2;year_1;Region_1
B0,8,5,39,39,陵水,ce6ca82c326e584d8d688a7bedd72e06f508088c933485bfbfa222c82aab7fd0,337.1486134943182,348.052315380024,IV1;IV2;year_1;Region_1
B0,9,1,40,1,上海,ce6ca82c326e584d8d688a7bedd72e06f508088c933485bfbfa222c82aab7fd0,2302.973933396464,191.78011964715344,IV1;IV2;year_1;Region_1
B0,9,1,40,6,中卫,ce6ca82c326e584d8d688a7bedd72e06f508088c933485bfbfa222c82aab7fd0,31.05198382826678,348.49134294007894,IV1;IV2;year_1;Region_1
B0,9,1,40,7,中山,ce6ca82c326e584d8d688a7bedd72e06f508088c933485bfbfa222c82aab7fd0,89.11043759098708,140.25281478915358,IV1;IV2;year_1;Region_1
B0,9,1,40,9,丽水,ce6ca82c326e584d8d688a7bedd72e06f508088c933485bfbfa222c82aab7fd0,33.76567926136365,187.33353398042556,IV1;IV2;year_1;Region_1
B0,9,1,40,10,义乌,ce6ca82c326e584d8d688a7bedd72e06f508088c933485bfbfa222c82aab7fd0,7288.761349396308,199.46564643833403,IV1;IV2;year_1;Region_1
B0,9,1,40,12,乐山,ce6ca82c326e584d8d688a7bedd72e06f508088c933485bfbfa222c82aab7fd0,45.02250000000001,210.4142153283615,IV1;IV2;year_1;Region_1
B0,9,1,40,21,北海,ce6ca82c326e584d8d688a7bedd72e06f508088c933485bfbfa222c82aab7fd0,318.3245085227273,234.2878549559306,IV1;IV2;year_1;Region_1
B0,9,1,40,30,海口,ce6ca82c326e584d8d688a7bedd72e06f508088c933485bfbfa222c82aab7fd0,339.134276349432,214.02248873126712,IV1;IV2;year_1;Region_1
B0,9,1,40,36,琼海,ce6ca82c326e584d8d688a7bedd72e06f508088c933485bfbfa222c82aab7fd0,1716.717565054688,271.7209648704198,IV1;IV2;year_1;Region_1
B0,9,2,41,0,万宁,ce6ca82c326e584d8d688a7bedd72e06f508088c933485bfbfa222c82aab7fd0,148.9921240384616,544.3380443974473,IV1;IV2;year_1;Region_1
B0,9,2,41,14,五指山,ce6ca82c326e584d8d688a7bedd72e06f508088c933485bfbfa222c82aab7fd0,273.4003661931818,379.684989617609,IV1;IV2;year_1;Region_1
B0,9,2,41,17,儋州,ce6ca82c326e584d8d688a7bedd72e06f508088c933485bfbfa222c82aab7fd0,539.7352537592891,349.7781587365365,IV1;IV2;year_1;Region_1
B0,9,2,41,19,兰州,ce6ca82c326e584d8d688a7bedd72e06f508088c933485bfbfa222c82aab7fd0,32.85616429924242,282.2706770328184,IV1;IV2;year_1;Region_1
B0,9,2,41,22,合肥,ce6ca82c326e584d8d688a7bedd72e06f508088c933485bfbfa222c82aab7fd0,13.19625,355.5442817813298,IV1;IV2;year_1;Region_1
B0,9,2,41,23,定安,ce6ca82c326e584d8d688a7bedd72e06f508088c933485bfbfa222c82aab7fd0,273.4003661931819,280.4961048013973,IV1;IV2;year_1;Region_1
B0,9,2,41,24,屯昌,ce6ca82c326e584d8d688a7bedd72e06f508088c933485bfbfa222c82aab7fd0,273.4003661931819,311.13031032473845,IV1;IV2;year_1;Region_1
B0,9,2,41,31,深圳,ce6ca82c326e584d8d688a7bedd72e06f508088c933485bfbfa222c82aab7fd0,159.7083409090909,828.0994573016965,IV1;IV2;year_1;Region_1
B0,9,3,42,5,东营,ce6ca82c326e584d8d688a7bedd72e06f508088c933485bfbfa222c82aab7fd0,425.3271014204544,335.3770760343686,IV1;IV2;year_1;Region_1
B0,9,3,42,8,临高,ce6ca82c326e584d8d688a7bedd72e06f508088c933485bfbfa222c82aab7fd0,83.80276845703128,372.3315038019308,IV1;IV2;year_1;Region_1
B0,9,3,42,11,乐东,ce6ca82c326e584d8d688a7bedd72e06f508088c933485bfbfa222c82aab7fd0,51.57938057753164,353.93095901734193,IV1;IV2;year_1;Region_1
B0,9,3,42,13,九江,ce6ca82c326e584d8d688a7bedd72e06f508088c933485bfbfa222c82aab7fd0,0.0,336.06115720818303,IV1;IV2;year_1;Region_1
B0,9,3,42,25,广州,ce6ca82c326e584d8d688a7bedd72e06f508088c933485bfbfa222c82aab7fd0,164.1983198863636,617.8711005041786,IV1;IV2;year_1;Region_1
B0,9,3,42,37,白沙,ce6ca82c326e584d8d688a7bedd72e06f508088c933485bfbfa222c82aab7fd0,192.9951366477273,323.85205531985224,IV1;IV2;year_1;Region_1
B0,9,3,42,38,肇庆,ce6ca82c326e584d8d688a7bedd72e06f508088c933485bfbfa222c82aab7fd0,23.03745340909091,189.82862837501685,IV1;IV2;year_1;Region_1
B0,9,3,42,39,陵水,ce6ca82c326e584d8d688a7bedd72e06f508088c933485bfbfa222c82aab7fd0,337.1486134943182,473.4418281818596,IV1;IV2;year_1;Region_1
B0,9,4,43,2,上饶,ce6ca82c326e584d8d688a7bedd72e06f508088c933485bfbfa222c82aab7fd0,114.81355125,203.9941054343944,IV1;IV2;year_1;Region_1
B0,9,4,43,3,东方,ce6ca82c326e584d8d688a7bedd72e06f508088c933485bfbfa222c82aab7fd0,266.2529209872159,283.2475579725132,IV1;IV2;year_1;Region_1
B0,9,4,43,4,东莞,ce6ca82c326e584d8d688a7bedd72e06f508088c933485bfbfa222c82aab7fd0,307.5424744318183,702.470470407278,IV1;IV2;year_1;Region_1
B0,9,4,43,15,佛山,ce6ca82c326e584d8d688a7bedd72e06f508088c933485bfbfa222c82aab7fd0,28.38274488636364,340.14036465775195,IV1;IV2;year_1;Region_1
B0,9,4,43,16,信阳,ce6ca82c326e584d8d688a7bedd72e06f508088c933485bfbfa222c82aab7fd0,244.6035494318183,304.9711507174319,IV1;IV2;year_1;Region_1
B0,9,4,43,18,六安,ce6ca82c326e584d8d688a7bedd72e06f508088c933485bfbfa222c82aab7fd0,8.639045028409095,326.8029139561819,IV1;IV2;year_1;Region_1
B0,9,4,43,28,昌江,ce6ca82c326e584d8d688a7bedd72e06f508088c933485bfbfa222c82aab7fd0,268.7138254261364,260.76050826651505,IV1;IV2;year_1;Region_1
B0,9,4,43,34,珠海,ce6ca82c326e584d8d688a7bedd72e06f508088c933485bfbfa222c82aab7fd0,1511.786079545455,656.6242622400722,IV1;IV2;year_1;Region_1
B0,9,5,44,20,北京,ce6ca82c326e584d8d688a7bedd72e06f508088c933485bfbfa222c82aab7fd0,291.2148675426136,737.3607510775586,IV1;IV2;year_1;Region_1
B0,9,5,44,26,惠州,ce6ca82c326e584d8d688a7bedd72e06f508088c933485bfbfa222c82aab7fd0,253.6378448863636,264.80020088084564,IV1;IV2;year_1;Region_1
B0,9,5,44,27,文昌,ce6ca82c326e584d8d688a7bedd72e06f508088c933485bfbfa222c82aab7fd0,273.4003661931818,252.8774824775716,IV1;IV2;year_1;Region_1
B0,9,5,44,29,汕头,ce6ca82c326e584d8d688a7bedd72e06f508088c933485bfbfa222c82aab7fd0,516.6316193181818,251.21856533721532,IV1;IV2;year_1;Region_1
B0,9,5,44,32,清远,ce6ca82c326e584d8d688a7bedd72e06f508088c933485bfbfa222c82aab7fd0,375.720028409091,204.9189749326007,IV1;IV2;year_1;Region_1
B0,9,5,44,33,澄迈,ce6ca82c326e584d8d688a7bedd72e06f508088c933485bfbfa222c82aab7fd0,647.861484375,237.8274863984337,IV1;IV2;year_1;Region_1
B0,9,5,44,35,琼中,ce6ca82c326e584d8d688a7bedd72e06f508088c933485bfbfa222c82aab7fd0,1106.44734375,246.39275259940143,IV1;IV2;year_1;Region_1
B0,9,5,44,40,韶关,ce6ca82c326e584d8d688a7bedd72e06f508088c933485bfbfa222c82aab7fd0,547.9050852272727,120.97964476896097,IV1;IV2;year_1;Region_1
B0,10,1,45,4,东莞,ce6ca82c326e584d8d688a7bedd72e06f508088c933485bfbfa222c82aab7fd0,307.5424744318183,879.8929449094155,IV1;IV2;year_1;Region_1
B0,10,1,45,5,东营,ce6ca82c326e584d8d688a7bedd72e06f508088c933485bfbfa222c82aab7fd0,425.3271014204544,255.96836885032693,IV1;IV2;year_1;Region_1
B0,10,1,45,13,九江,ce6ca82c326e584d8d688a7bedd72e06f508088c933485bfbfa222c82aab7fd0,0.0,290.5500268194494,IV1;IV2;year_1;Region_1
B0,10,1,45,14,五指山,ce6ca82c326e584d8d688a7bedd72e06f508088c933485bfbfa222c82aab7fd0,273.4003661931818,308.0708024851644,IV1;IV2;year_1;Region_1
B0,10,1,45,24,屯昌,ce6ca82c326e584d8d688a7bedd72e06f508088c933485bfbfa222c82aab7fd0,273.4003661931819,259.81601269772534,IV1;IV2;year_1;Region_1
B0,10,1,45,27,文昌,ce6ca82c326e584d8d688a7bedd72e06f508088c933485bfbfa222c82aab7fd0,273.4003661931818,263.6990128514195,IV1;IV2;year_1;Region_1
B0,10,1,45,30,海口,ce6ca82c326e584d8d688a7bedd72e06f508088c933485bfbfa222c82aab7fd0,339.134276349432,402.9754091772629,IV1;IV2;year_1;Region_1
B0,10,1,45,33,澄迈,ce6ca82c326e584d8d688a7bedd72e06f508088c933485bfbfa222c82aab7fd0,647.861484375,260.25530238859585,IV1;IV2;year_1;Region_1
B0,10,1,45,35,琼中,ce6ca82c326e584d8d688a7bedd72e06f508088c933485bfbfa222c82aab7fd0,1106.44734375,250.9893962509952,IV1;IV2;year_1;Region_1
B0,10,2,46,11,乐东,ce6ca82c326e584d8d688a7bedd72e06f508088c933485bfbfa222c82aab7fd0,51.57938057753164,338.3806815547427,IV1;IV2;year_1;Region_1
B0,10,2,46,18,六安,ce6ca82c326e584d8d688a7bedd72e06f508088c933485bfbfa222c82aab7fd0,8.639045028409095,284.7584401355343,IV1;IV2;year_1;Region_1
B0,10,2,46,19,兰州,ce6ca82c326e584d8d688a7bedd72e06f508088c933485bfbfa222c82aab7fd0,32.85616429924242,260.4501468145514,IV1;IV2;year_1;Region_1
B0,10,2,46,20,北京,ce6ca82c326e584d8d688a7bedd72e06f508088c933485bfbfa222c82aab7fd0,291.2148675426136,753.3609706814415,IV1;IV2;year_1;Region_1
B0,10,2,46,28,昌江,ce6ca82c326e584d8d688a7bedd72e06f508088c933485bfbfa222c82aab7fd0,268.7138254261364,254.6250740076917,IV1;IV2;year_1;Region_1
B0,10,2,46,29,汕头,ce6ca82c326e584d8d688a7bedd72e06f508088c933485bfbfa222c82aab7fd0,516.6316193181818,320.14187491224595,IV1;IV2;year_1;Region_1
B0,10,2,46,32,清远,ce6ca82c326e584d8d688a7bedd72e06f508088c933485bfbfa222c82aab7fd0,375.720028409091,255.98902932090868,IV1;IV2;year_1;Region_1
B0,10,2,46,37,白沙,ce6ca82c326e584d8d688a7bedd72e06f508088c933485bfbfa222c82aab7fd0,192.9951366477273,320.23393218778244,IV1;IV2;year_1;Region_1
B0,10,3,47,3,东方,ce6ca82c326e584d8d688a7bedd72e06f508088c933485bfbfa222c82aab7fd0,266.2529209872159,325.5562012015541,IV1;IV2;year_1;Region_1
B0,10,3,47,6,中卫,ce6ca82c326e584d8d688a7bedd72e06f508088c933485bfbfa222c82aab7fd0,31.05198382826678,349.4967242380299,IV1;IV2;year_1;Region_1
B0,10,3,47,9,丽水,ce6ca82c326e584d8d688a7bedd72e06f508088c933485bfbfa222c82aab7fd0,33.76567926136365,299.60730630508226,IV1;IV2;year_1;Region_1
B0,10,3,47,12,乐山,ce6ca82c326e584d8d688a7bedd72e06f508088c933485bfbfa222c82aab7fd0,45.02250000000001,252.25226520542864,IV1;IV2;year_1;Region_1
B0,10,3,47,15,佛山,ce6ca82c326e584d8d688a7bedd72e06f508088c933485bfbfa222c82aab7fd0,28.38274488636364,313.17449969269984,IV1;IV2;year_1;Region_1
B0,10,3,47,17,儋州,ce6ca82c326e584d8d688a7bedd72e06f508088c933485bfbfa222c82aab7fd0,539.7352537592891,329.7986855189079,IV1;IV2;year_1;Region_1
B0,10,3,47,38,肇庆,ce6ca82c326e584d8d688a7bedd72e06f508088c933485bfbfa222c82aab7fd0,23.03745340909091,204.36083329816557,IV1;IV2;year_1;Region_1
B0,10,3,47,40,韶关,ce6ca82c326e584d8d688a7bedd72e06f508088c933485bfbfa222c82aab7fd0,547.9050852272727,207.68015083809087,IV1;IV2;year_1;Region_1
B0,10,4,48,0,万宁,ce6ca82c326e584d8d688a7bedd72e06f508088c933485bfbfa222c82aab7fd0,148.9921240384616,336.50031590271163,IV1;IV2;year_1;Region_1
B0,10,4,48,7,中山,ce6ca82c326e584d8d688a7bedd72e06f508088c933485bfbfa222c82aab7fd0,89.11043759098708,156.30119641591295,IV1;IV2;year_1;Region_1
B0,10,4,48,8,临高,ce6ca82c326e584d8d688a7bedd72e06f508088c933485bfbfa222c82aab7fd0,83.80276845703128,360.645678860014,IV1;IV2;year_1;Region_1
B0,10,4,48,10,义乌,ce6ca82c326e584d8d688a7bedd72e06f508088c933485bfbfa222c82aab7fd0,7288.761349396308,230.59703002360348,IV1;IV2;year_1;Region_1
B0,10,4,48,16,信阳,ce6ca82c326e584d8d688a7bedd72e06f508088c933485bfbfa222c82aab7fd0,244.6035494318183,288.803694892277,IV1;IV2;year_1;Region_1
B0,10,4,48,25,广州,ce6ca82c326e584d8d688a7bedd72e06f508088c933485bfbfa222c82aab7fd0,164.1983198863636,170.9578436004106,IV1;IV2;year_1;Region_1
B0,10,4,48,34,珠海,ce6ca82c326e584d8d688a7bedd72e06f508088c933485bfbfa222c82aab7fd0,1511.786079545455,309.40657961386205,IV1;IV2;year_1;Region_1
B0,10,4,48,36,琼海,ce6ca82c326e584d8d688a7bedd72e06f508088c933485bfbfa222c82aab7fd0,1716.717565054688,275.79704398185373,IV1;IV2;year_1;Region_1
B0,10,5,49,1,上海,ce6ca82c326e584d8d688a7bedd72e06f508088c933485bfbfa222c82aab7fd0,2302.973933396464,506.9226829767184,IV1;IV2;year_1;Region_1
B0,10,5,49,2,上饶,ce6ca82c326e584d8d688a7bedd72e06f508088c933485bfbfa222c82aab7fd0,114.81355125,174.26937352679187,IV1;IV2;year_1;Region_1
B0,10,5,49,21,北海,ce6ca82c326e584d8d688a7bedd72e06f508088c933485bfbfa222c82aab7fd0,318.3245085227273,250.4567011240268,IV1;IV2;year_1;Region_1
B0,10,5,49,22,合肥,ce6ca82c326e584d8d688a7bedd72e06f508088c933485bfbfa222c82aab7fd0,13.19625,329.26629557165376,IV1;IV2;year_1;Region_1
B0,10,5,49,23,定安,ce6ca82c326e584d8d688a7bedd72e06f508088c933485bfbfa222c82aab7fd0,273.4003661931819,262.5357778085276,IV1;IV2;year_1;Region_1
B0,10,5,49,26,惠州,ce6ca82c326e584d8d688a7bedd72e06f508088c933485bfbfa222c82aab7fd0,253.6378448863636,295.995683680748,IV1;IV2;year_1;Region_1
B0,10,5,49,31,深圳,ce6ca82c326e584d8d688a7bedd72e06f508088c933485bfbfa222c82aab7fd0,159.7083409090909,678.852155494263,IV1;IV2;year_1;Region_1
B0,10,5,49,39,陵水,ce6ca82c326e584d8d688a7bedd72e06f508088c933485bfbfa222c82aab7fd0,337.1486134943182,503.0795760115448,IV1;IV2;year_1;Region_1
B0,11,1,50,6,中卫,ce6ca82c326e584d8d688a7bedd72e06f508088c933485bfbfa222c82aab7fd0,31.05198382826678,334.5650501358612,IV1;IV2;year_1;Region_1
B0,11,1,50,10,义乌,ce6ca82c326e584d8d688a7bedd72e06f508088c933485bfbfa222c82aab7fd0,7288.761349396308,419.1196947856329,IV1;IV2;year_1;Region_1
B0,11,1,50,23,定安,ce6ca82c326e584d8d688a7bedd72e06f508088c933485bfbfa222c82aab7fd0,273.4003661931819,267.8006166577193,IV1;IV2;year_1;Region_1
B0,11,1,50,24,屯昌,ce6ca82c326e584d8d688a7bedd72e06f508088c933485bfbfa222c82aab7fd0,273.4003661931819,266.6051319570754,IV1;IV2;year_1;Region_1
B0,11,1,50,25,广州,ce6ca82c326e584d8d688a7bedd72e06f508088c933485bfbfa222c82aab7fd0,164.1983198863636,341.5906730342968,IV1;IV2;year_1;Region_1
B0,11,1,50,27,文昌,ce6ca82c326e584d8d688a7bedd72e06f508088c933485bfbfa222c82aab7fd0,273.4003661931818,308.1949437931587,IV1;IV2;year_1;Region_1
B0,11,1,50,28,昌江,ce6ca82c326e584d8d688a7bedd72e06f508088c933485bfbfa222c82aab7fd0,268.7138254261364,216.1034844007169,IV1;IV2;year_1;Region_1
B0,11,1,50,31,深圳,ce6ca82c326e584d8d688a7bedd72e06f508088c933485bfbfa222c82aab7fd0,159.7083409090909,464.9488536995909,IV1;IV2;year_1;Region_1
B0,11,1,50,35,琼中,ce6ca82c326e584d8d688a7bedd72e06f508088c933485bfbfa222c82aab7fd0,1106.44734375,301.2075334426437,IV1;IV2;year_1;Region_1
B0,11,2,51,0,万宁,ce6ca82c326e584d8d688a7bedd72e06f508088c933485bfbfa222c82aab7fd0,148.9921240384616,616.0254346322857,IV1;IV2;year_1;Region_1
B0,11,2,51,1,上海,ce6ca82c326e584d8d688a7bedd72e06f508088c933485bfbfa222c82aab7fd0,2302.973933396464,457.61626075442086,IV1;IV2;year_1;Region_1
B0,11,2,51,8,临高,ce6ca82c326e584d8d688a7bedd72e06f508088c933485bfbfa222c82aab7fd0,83.80276845703128,431.6775026872398,IV1;IV2;year_1;Region_1
B0,11,2,51,11,乐东,ce6ca82c326e584d8d688a7bedd72e06f508088c933485bfbfa222c82aab7fd0,51.57938057753164,405.3482325084206,IV1;IV2;year_1;Region_1
B0,11,2,51,13,九江,ce6ca82c326e584d8d688a7bedd72e06f508088c933485bfbfa222c82aab7fd0,0.0,313.9600127519635,IV1;IV2;year_1;Region_1
B0,11,2,51,20,北京,ce6ca82c326e584d8d688a7bedd72e06f508088c933485bfbfa222c82aab7fd0,291.2148675426136,622.9999333832199,IV1;IV2;year_1;Region_1
B0,11,2,51,26,惠州,ce6ca82c326e584d8d688a7bedd72e06f508088c933485bfbfa222c82aab7fd0,253.6378448863636,312.85154576946826,IV1;IV2;year_1;Region_1
B0,11,2,51,39,陵水,ce6ca82c326e584d8d688a7bedd72e06f508088c933485bfbfa222c82aab7fd0,337.1486134943182,555.7790549928218,IV1;IV2;year_1;Region_1
B0,11,3,52,9,丽水,ce6ca82c326e584d8d688a7bedd72e06f508088c933485bfbfa222c82aab7fd0,33.76567926136365,254.1021266159757,IV1;IV2;year_1;Region_1
B0,11,3,52,15,佛山,ce6ca82c326e584d8d688a7bedd72e06f508088c933485bfbfa222c82aab7fd0,28.38274488636364,360.517545851792,IV1;IV2;year_1;Region_1
B0,11,3,52,16,信阳,ce6ca82c326e584d8d688a7bedd72e06f508088c933485bfbfa222c82aab7fd0,244.6035494318183,279.3439494539184,IV1;IV2;year_1;Region_1
B0,11,3,52,17,儋州,ce6ca82c326e584d8d688a7bedd72e06f508088c933485bfbfa222c82aab7fd0,539.7352537592891,274.6814696240196,IV1;IV2;year_1;Region_1
B0,11,3,52,18,六安,ce6ca82c326e584d8d688a7bedd72e06f508088c933485bfbfa222c82aab7fd0,8.639045028409095,289.8160921247741,IV1;IV2;year_1;Region_1
B0,11,3,52,29,汕头,ce6ca82c326e584d8d688a7bedd72e06f508088c933485bfbfa222c82aab7fd0,516.6316193181818,283.51507321279064,IV1;IV2;year_1;Region_1
B0,11,3,52,30,海口,ce6ca82c326e584d8d688a7bedd72e06f508088c933485bfbfa222c82aab7fd0,339.134276349432,424.7424187102783,IV1;IV2;year_1;Region_1
B0,11,3,52,33,澄迈,ce6ca82c326e584d8d688a7bedd72e06f508088c933485bfbfa222c82aab7fd0,647.861484375,279.5851491025236,IV1;IV2;year_1;Region_1
B0,11,4,53,2,上饶,ce6ca82c326e584d8d688a7bedd72e06f508088c933485bfbfa222c82aab7fd0,114.81355125,282.8839858179629,IV1;IV2;year_1;Region_1
B0,11,4,53,3,东方,ce6ca82c326e584d8d688a7bedd72e06f508088c933485bfbfa222c82aab7fd0,266.2529209872159,304.5530699113877,IV1;IV2;year_1;Region_1
B0,11,4,53,12,乐山,ce6ca82c326e584d8d688a7bedd72e06f508088c933485bfbfa222c82aab7fd0,45.02250000000001,316.0896300658279,IV1;IV2;year_1;Region_1
B0,11,4,53,19,兰州,ce6ca82c326e584d8d688a7bedd72e06f508088c933485bfbfa222c82aab7fd0,32.85616429924242,308.4040477806486,IV1;IV2;year_1;Region_1
B0,11,4,53,22,合肥,ce6ca82c326e584d8d688a7bedd72e06f508088c933485bfbfa222c82aab7fd0,13.19625,382.0494737976637,IV1;IV2;year_1;Region_1
B0,11,4,53,34,珠海,ce6ca82c326e584d8d688a7bedd72e06f508088c933485bfbfa222c82aab7fd0,1511.786079545455,570.7422947380607,IV1;IV2;year_1;Region_1
B0,11,4,53,37,白沙,ce6ca82c326e584d8d688a7bedd72e06f508088c933485bfbfa222c82aab7fd0,192.9951366477273,332.6650567228762,IV1;IV2;year_1;Region_1
B0,11,4,53,38,肇庆,ce6ca82c326e584d8d688a7bedd72e06f508088c933485bfbfa222c82aab7fd0,23.03745340909091,292.4916955273746,IV1;IV2;year_1;Region_1
B0,11,5,54,4,东莞,ce6ca82c326e584d8d688a7bedd72e06f508088c933485bfbfa222c82aab7fd0,307.5424744318183,886.4213005264439,IV1;IV2;year_1;Region_1
B0,11,5,54,5,东营,ce6ca82c326e584d8d688a7bedd72e06f508088c933485bfbfa222c82aab7fd0,425.3271014204544,228.66804678621511,IV1;IV2;year_1;Region_1
B0,11,5,54,7,中山,ce6ca82c326e584d8d688a7bedd72e06f508088c933485bfbfa222c82aab7fd0,89.11043759098708,155.42060678063575,IV1;IV2;year_1;Region_1
B0,11,5,54,14,五指山,ce6ca82c326e584d8d688a7bedd72e06f508088c933485bfbfa222c82aab7fd0,273.4003661931818,305.7210792650459,IV1;IV2;year_1;Region_1
B0,11,5,54,21,北海,ce6ca82c326e584d8d688a7bedd72e06f508088c933485bfbfa222c82aab7fd0,318.3245085227273,155.97866246904087,IV1;IV2;year_1;Region_1
B0,11,5,54,32,清远,ce6ca82c326e584d8d688a7bedd72e06f508088c933485bfbfa222c82aab7fd0,375.720028409091,184.1424792088293,IV1;IV2;year_1;Region_1
B0,11,5,54,36,琼海,ce6ca82c326e584d8d688a7bedd72e06f508088c933485bfbfa222c82aab7fd0,1716.717565054688,262.27701934223387,IV1;IV2;year_1;Region_1
B0,11,5,54,40,韶关,ce6ca82c326e584d8d688a7bedd72e06f508088c933485bfbfa222c82aab7fd0,547.9050852272727,112.66007321997245,IV1;IV2;year_1;Region_1
B0,12,1,55,7,中山,ce6ca82c326e584d8d688a7bedd72e06f508088c933485bfbfa222c82aab7fd0,89.11043759098708,158.330561538852,IV1;IV2;year_1;Region_1
B0,12,1,55,8,临高,ce6ca82c326e584d8d688a7bedd72e06f508088c933485bfbfa222c82aab7fd0,83.80276845703128,325.8997258780135,IV1;IV2;year_1;Region_1
B0,12,1,55,10,义乌,ce6ca82c326e584d8d688a7bedd72e06f508088c933485bfbfa222c82aab7fd0,7288.761349396308,383.68723255893553,IV1;IV2;year_1;Region_1
B0,12,1,55,12,乐山,ce6ca82c326e584d8d688a7bedd72e06f508088c933485bfbfa222c82aab7fd0,45.02250000000001,228.29164389582104,IV1;IV2;year_1;Region_1
B0,12,1,55,17,儋州,ce6ca82c326e584d8d688a7bedd72e06f508088c933485bfbfa222c82aab7fd0,539.7352537592891,325.7488656991782,IV1;IV2;year_1;Region_1
B0,12,1,55,23,定安,ce6ca82c326e584d8d688a7bedd72e06f508088c933485bfbfa222c82aab7fd0,273.4003661931819,283.4079853754829,IV1;IV2;year_1;Region_1
B0,12,1,55,26,惠州,ce6ca82c326e584d8d688a7bedd72e06f508088c933485bfbfa222c82aab7fd0,253.6378448863636,263.85418981596285,IV1;IV2;year_1;Region_1
B0,12,1,55,33,澄迈,ce6ca82c326e584d8d688a7bedd72e06f508088c933485bfbfa222c82aab7fd0,647.861484375,312.69625535727147,IV1;IV2;year_1;Region_1
B0,12,1,55,37,白沙,ce6ca82c326e584d8d688a7bedd72e06f508088c933485bfbfa222c82aab7fd0,192.9951366477273,297.9916504564555,IV1;IV2;year_1;Region_1
B0,12,2,56,1,上海,ce6ca82c326e584d8d688a7bedd72e06f508088c933485bfbfa222c82aab7fd0,2302.973933396464,439.6269484134925,IV1;IV2;year_1;Region_1
B0,12,2,56,5,东营,ce6ca82c326e584d8d688a7bedd72e06f508088c933485bfbfa222c82aab7fd0,425.3271014204544,279.67833373832264,IV1;IV2;year_1;Region_1
B0,12,2,56,9,丽水,ce6ca82c326e584d8d688a7bedd72e06f508088c933485bfbfa222c82aab7fd0,33.76567926136365,194.6255029494949,IV1;IV2;year_1;Region_1
B0,12,2,56,18,六安,ce6ca82c326e584d8d688a7bedd72e06f508088c933485bfbfa222c82aab7fd0,8.639045028409095,261.42244878426004,IV1;IV2;year_1;Region_1
B0,12,2,56,24,屯昌,ce6ca82c326e584d8d688a7bedd72e06f508088c933485bfbfa222c82aab7fd0,273.4003661931819,254.4032431440461,IV1;IV2;year_1;Region_1
B0,12,2,56,30,海口,ce6ca82c326e584d8d688a7bedd72e06f508088c933485bfbfa222c82aab7fd0,339.134276349432,362.92701085792646,IV1;IV2;year_1;Region_1
B0,12,2,56,32,清远,ce6ca82c326e584d8d688a7bedd72e06f508088c933485bfbfa222c82aab7fd0,375.720028409091,255.0943632780256,IV1;IV2;year_1;Region_1
B0,12,2,56,35,琼中,ce6ca82c326e584d8d688a7bedd72e06f508088c933485bfbfa222c82aab7fd0,1106.44734375,268.50262453483066,IV1;IV2;year_1;Region_1
B0,12,3,57,0,万宁,ce6ca82c326e584d8d688a7bedd72e06f508088c933485bfbfa222c82aab7fd0,148.9921240384616,369.5424400113011,IV1;IV2;year_1;Region_1
B0,12,3,57,3,东方,ce6ca82c326e584d8d688a7bedd72e06f508088c933485bfbfa222c82aab7fd0,266.2529209872159,286.01602008133824,IV1;IV2;year_1;Region_1
B0,12,3,57,6,中卫,ce6ca82c326e584d8d688a7bedd72e06f508088c933485bfbfa222c82aab7fd0,31.05198382826678,309.78755084886217,IV1;IV2;year_1;Region_1
B0,12,3,57,20,北京,ce6ca82c326e584d8d688a7bedd72e06f508088c933485bfbfa222c82aab7fd0,291.2148675426136,541.8536953564129,IV1;IV2;year_1;Region_1
B0,12,3,57,22,合肥,ce6ca82c326e584d8d688a7bedd72e06f508088c933485bfbfa222c82aab7fd0,13.19625,214.28098251283984,IV1;IV2;year_1;Region_1
B0,12,3,57,29,汕头,ce6ca82c326e584d8d688a7bedd72e06f508088c933485bfbfa222c82aab7fd0,516.6316193181818,253.533518902753,IV1;IV2;year_1;Region_1
B0,12,3,57,34,珠海,ce6ca82c326e584d8d688a7bedd72e06f508088c933485bfbfa222c82aab7fd0,1511.786079545455,604.7176806105596,IV1;IV2;year_1;Region_1
B0,12,3,57,36,琼海,ce6ca82c326e584d8d688a7bedd72e06f508088c933485bfbfa222c82aab7fd0,1716.717565054688,288.1929158911726,IV1;IV2;year_1;Region_1
B0,12,4,58,13,九江,ce6ca82c326e584d8d688a7bedd72e06f508088c933485bfbfa222c82aab7fd0,0.0,339.3465036678768,IV1;IV2;year_1;Region_1
B0,12,4,58,14,五指山,ce6ca82c326e584d8d688a7bedd72e06f508088c933485bfbfa222c82aab7fd0,273.4003661931818,365.1247551369202,IV1;IV2;year_1;Region_1
B0,12,4,58,16,信阳,ce6ca82c326e584d8d688a7bedd72e06f508088c933485bfbfa222c82aab7fd0,244.6035494318183,315.9795291651563,IV1;IV2;year_1;Region_1
B0,12,4,58,19,兰州,ce6ca82c326e584d8d688a7bedd72e06f508088c933485bfbfa222c82aab7fd0,32.85616429924242,292.0201431947721,IV1;IV2;year_1;Region_1
B0,12,4,58,27,文昌,ce6ca82c326e584d8d688a7bedd72e06f508088c933485bfbfa222c82aab7fd0,273.4003661931818,384.7143688553328,IV1;IV2;year_1;Region_1
B0,12,4,58,31,深圳,ce6ca82c326e584d8d688a7bedd72e06f508088c933485bfbfa222c82aab7fd0,159.7083409090909,865.0958962181517,IV1;IV2;year_1;Region_1
B0,12,4,58,38,肇庆,ce6ca82c326e584d8d688a7bedd72e06f508088c933485bfbfa222c82aab7fd0,23.03745340909091,166.71906846038456,IV1;IV2;year_1;Region_1
B0,12,4,58,40,韶关,ce6ca82c326e584d8d688a7bedd72e06f508088c933485bfbfa222c82aab7fd0,547.9050852272727,171.95152963224234,IV1;IV2;year_1;Region_1
B0,12,5,59,2,上饶,ce6ca82c326e584d8d688a7bedd72e06f508088c933485bfbfa222c82aab7fd0,114.81355125,203.9674505094783,IV1;IV2;year_1;Region_1
B0,12,5,59,4,东莞,ce6ca82c326e584d8d688a7bedd72e06f508088c933485bfbfa222c82aab7fd0,307.5424744318183,961.1057650465226,IV1;IV2;year_1;Region_1
B0,12,5,59,11,乐东,ce6ca82c326e584d8d688a7bedd72e06f508088c933485bfbfa222c82aab7fd0,51.57938057753164,336.762068082542,IV1;IV2;year_1;Region_1
B0,12,5,59,15,佛山,ce6ca82c326e584d8d688a7bedd72e06f508088c933485bfbfa222c82aab7fd0,28.38274488636364,447.7667803681572,IV1;IV2;year_1;Region_1
B0,12,5,59,21,北海,ce6ca82c326e584d8d688a7bedd72e06f508088c933485bfbfa222c82aab7fd0,318.3245085227273,244.8677224374376,IV1;IV2;year_1;Region_1
B0,12,5,59,25,广州,ce6ca82c326e584d8d688a7bedd72e06f508088c933485bfbfa222c82aab7fd0,164.1983198863636,794.7025610087737,IV1;IV2;year_1;Region_1
B0,12,5,59,28,昌江,ce6ca82c326e584d8d688a7bedd72e06f508088c933485bfbfa222c82aab7fd0,268.7138254261364,258.0675188043159,IV1;IV2;year_1;Region_1
B0,12,5,59,39,陵水,ce6ca82c326e584d8d688a7bedd72e06f508088c933485bfbfa222c82aab7fd0,337.1486134943182,541.0091778379499,IV1;IV2;year_1;Region_1
B0,13,1,60,5,东营,ce6ca82c326e584d8d688a7bedd72e06f508088c933485bfbfa222c82aab7fd0,425.3271014204544,319.0385374021907,IV1;IV2;year_1;Region_1
B0,13,1,60,6,中卫,ce6ca82c326e584d8d688a7bedd72e06f508088c933485bfbfa222c82aab7fd0,31.05198382826678,343.3362282641473,IV1;IV2;year_1;Region_1
B0,13,1,60,8,临高,ce6ca82c326e584d8d688a7bedd72e06f508088c933485bfbfa222c82aab7fd0,83.80276845703128,400.2585713122783,IV1;IV2;year_1;Region_1
B0,13,1,60,16,信阳,ce6ca82c326e584d8d688a7bedd72e06f508088c933485bfbfa222c82aab7fd0,244.6035494318183,320.5273207100031,IV1;IV2;year_1;Region_1
B0,13,1,60,22,合肥,ce6ca82c326e584d8d688a7bedd72e06f508088c933485bfbfa222c82aab7fd0,13.19625,232.24309718793344,IV1;IV2;year_1;Region_1
B0,13,1,60,24,屯昌,ce6ca82c326e584d8d688a7bedd72e06f508088c933485bfbfa222c82aab7fd0,273.4003661931819,323.7617670352153,IV1;IV2;year_1;Region_1
B0,13,1,60,28,昌江,ce6ca82c326e584d8d688a7bedd72e06f508088c933485bfbfa222c82aab7fd0,268.7138254261364,227.09079479404585,IV1;IV2;year_1;Region_1
B0,13,1,60,36,琼海,ce6ca82c326e584d8d688a7bedd72e06f508088c933485bfbfa222c82aab7fd0,1716.717565054688,294.76621599630306,IV1;IV2;year_1;Region_1
B0,13,1,60,39,陵水,ce6ca82c326e584d8d688a7bedd72e06f508088c933485bfbfa222c82aab7fd0,337.1486134943182,342.88533561428454,IV1;IV2;year_1;Region_1
B0,13,2,61,9,丽水,ce6ca82c326e584d8d688a7bedd72e06f508088c933485bfbfa222c82aab7fd0,33.76567926136365,258.1437401877175,IV1;IV2;year_1;Region_1
B0,13,2,61,12,乐山,ce6ca82c326e584d8d688a7bedd72e06f508088c933485bfbfa222c82aab7fd0,45.02250000000001,239.0852632841517,IV1;IV2;year_1;Region_1
B0,13,2,61,13,九江,ce6ca82c326e584d8d688a7bedd72e06f508088c933485bfbfa222c82aab7fd0,0.0,330.1089432618799,IV1;IV2;year_1;Region_1
B0,13,2,61,14,五指山,ce6ca82c326e584d8d688a7bedd72e06f508088c933485bfbfa222c82aab7fd0,273.4003661931818,335.7912707264565,IV1;IV2;year_1;Region_1
B0,13,2,61,20,北京,ce6ca82c326e584d8d688a7bedd72e06f508088c933485bfbfa222c82aab7fd0,291.2148675426136,798.9997145737699,IV1;IV2;year_1;Region_1
B0,13,2,61,21,北海,ce6ca82c326e584d8d688a7bedd72e06f508088c933485bfbfa222c82aab7fd0,318.3245085227273,254.8725502169517,IV1;IV2;year_1;Region_1
B0,13,2,61,30,海口,ce6ca82c326e584d8d688a7bedd72e06f508088c933485bfbfa222c82aab7fd0,339.134276349432,402.1341235842996,IV1;IV2;year_1;Region_1
B0,13,2,61,35,琼中,ce6ca82c326e584d8d688a7bedd72e06f508088c933485bfbfa222c82aab7fd0,1106.44734375,277.067465214423,IV1;IV2;year_1;Region_1
B0,13,3,62,7,中山,ce6ca82c326e584d8d688a7bedd72e06f508088c933485bfbfa222c82aab7fd0,89.11043759098708,166.26748015509406,IV1;IV2;year_1;Region_1
B0,13,3,62,10,义乌,ce6ca82c326e584d8d688a7bedd72e06f508088c933485bfbfa222c82aab7fd0,7288.761349396308,274.7315554488489,IV1;IV2;year_1;Region_1
B0,13,3,62,18,六安,ce6ca82c326e584d8d688a7bedd72e06f508088c933485bfbfa222c82aab7fd0,8.639045028409095,247.80386913316067,IV1;IV2;year_1;Region_1
B0,13,3,62,25,广州,ce6ca82c326e584d8d688a7bedd72e06f508088c933485bfbfa222c82aab7fd0,164.1983198863636,196.75160638049385,IV1;IV2;year_1;Region_1
B0,13,3,62,29,汕头,ce6ca82c326e584d8d688a7bedd72e06f508088c933485bfbfa222c82aab7fd0,516.6316193181818,228.16419034484755,IV1;IV2;year_1;Region_1
B0,13,3,62,33,澄迈,ce6ca82c326e584d8d688a7bedd72e06f508088c933485bfbfa222c82aab7fd0,647.861484375,251.20541570562528,IV1;IV2;year_1;Region_1
B0,13,3,62,34,珠海,ce6ca82c326e584d8d688a7bedd72e06f508088c933485bfbfa222c82aab7fd0,1511.786079545455,302.2820819205032,IV1;IV2;year_1;Region_1
B0,13,3,62,40,韶关,ce6ca82c326e584d8d688a7bedd72e06f508088c933485bfbfa222c82aab7fd0,547.9050852272727,150.99362984309747,IV1;IV2;year_1;Region_1
B0,13,4,63,0,万宁,ce6ca82c326e584d8d688a7bedd72e06f508088c933485bfbfa222c82aab7fd0,148.9921240384616,485.3373865014482,IV1;IV2;year_1;Region_1
B0,13,4,63,2,上饶,ce6ca82c326e584d8d688a7bedd72e06f508088c933485bfbfa222c82aab7fd0,114.81355125,170.65675005363642,IV1;IV2;year_1;Region_1
B0,13,4,63,11,乐东,ce6ca82c326e584d8d688a7bedd72e06f508088c933485bfbfa222c82aab7fd0,51.57938057753164,368.12317246302206,IV1;IV2;year_1;Region_1
B0,13,4,63,17,儋州,ce6ca82c326e584d8d688a7bedd72e06f508088c933485bfbfa222c82aab7fd0,539.7352537592891,368.2715105132238,IV1;IV2;year_1;Region_1
B0,13,4,63,19,兰州,ce6ca82c326e584d8d688a7bedd72e06f508088c933485bfbfa222c82aab7fd0,32.85616429924242,308.9042306214885,IV1;IV2;year_1;Region_1
B0,13,4,63,26,惠州,ce6ca82c326e584d8d688a7bedd72e06f508088c933485bfbfa222c82aab7fd0,253.6378448863636,324.19912649066885,IV1;IV2;year_1;Region_1
B0,13,4,63,32,清远,ce6ca82c326e584d8d688a7bedd72e06f508088c933485bfbfa222c82aab7fd0,375.720028409091,252.8539678030641,IV1;IV2;year_1;Region_1
B0,13,4,63,37,白沙,ce6ca82c326e584d8d688a7bedd72e06f508088c933485bfbfa222c82aab7fd0,192.9951366477273,315.0524287796215,IV1;IV2;year_1;Region_1
B0,13,5,64,1,上海,ce6ca82c326e584d8d688a7bedd72e06f508088c933485bfbfa222c82aab7fd0,2302.973933396464,554.0158068573838,IV1;IV2;year_1;Region_1
B0,13,5,64,3,东方,ce6ca82c326e584d8d688a7bedd72e06f508088c933485bfbfa222c82aab7fd0,266.2529209872159,303.3416854307756,IV1;IV2;year_1;Region_1
B0,13,5,64,4,东莞,ce6ca82c326e584d8d688a7bedd72e06f508088c933485bfbfa222c82aab7fd0,307.5424744318183,696.8964478774848,IV1;IV2;year_1;Region_1
B0,13,5,64,15,佛山,ce6ca82c326e584d8d688a7bedd72e06f508088c933485bfbfa222c82aab7fd0,28.38274488636364,352.0742736241877,IV1;IV2;year_1;Region_1
B0,13,5,64,23,定安,ce6ca82c326e584d8d688a7bedd72e06f508088c933485bfbfa222c82aab7fd0,273.4003661931819,258.95274509192586,IV1;IV2;year_1;Region_1
B0,13,5,64,27,文昌,ce6ca82c326e584d8d688a7bedd72e06f508088c933485bfbfa222c82aab7fd0,273.4003661931818,350.8915645540747,IV1;IV2;year_1;Region_1
B0,13,5,64,31,深圳,ce6ca82c326e584d8d688a7bedd72e06f508088c933485bfbfa222c82aab7fd0,159.7083409090909,708.1467255765969,IV1;IV2;year_1;Region_1
B0,13,5,64,38,肇庆,ce6ca82c326e584d8d688a7bedd72e06f508088c933485bfbfa222c82aab7fd0,23.03745340909091,170.18938125421323,IV1;IV2;year_1;Region_1
B0,14,1,65,1,上海,ce6ca82c326e584d8d688a7bedd72e06f508088c933485bfbfa222c82aab7fd0,2302.973933396464,460.3485035453321,IV1;IV2;year_1;Region_1
B0,14,1,65,5,东营,ce6ca82c326e584d8d688a7bedd72e06f508088c933485bfbfa222c82aab7fd0,425.3271014204544,255.3276677351716,IV1;IV2;year_1;Region_1
B0,14,1,65,7,中山,ce6ca82c326e584d8d688a7bedd72e06f508088c933485bfbfa222c82aab7fd0,89.11043759098708,249.37455214222908,IV1;IV2;year_1;Region_1
B0,14,1,65,14,五指山,ce6ca82c326e584d8d688a7bedd72e06f508088c933485bfbfa222c82aab7fd0,273.4003661931818,301.5289295870021,IV1;IV2;year_1;Region_1
B0,14,1,65,18,六安,ce6ca82c326e584d8d688a7bedd72e06f508088c933485bfbfa222c82aab7fd0,8.639045028409095,262.43383126665515,IV1;IV2;year_1;Region_1
B0,14,1,65,21,北海,ce6ca82c326e584d8d688a7bedd72e06f508088c933485bfbfa222c82aab7fd0,318.3245085227273,211.2013326537741,IV1;IV2;year_1;Region_1
B0,14,1,65,31,深圳,ce6ca82c326e584d8d688a7bedd72e06f508088c933485bfbfa222c82aab7fd0,159.7083409090909,622.8009226030354,IV1;IV2;year_1;Region_1
B0,14,1,65,32,清远,ce6ca82c326e584d8d688a7bedd72e06f508088c933485bfbfa222c82aab7fd0,375.720028409091,250.97247581791092,IV1;IV2;year_1;Region_1
B0,14,1,65,35,琼中,ce6ca82c326e584d8d688a7bedd72e06f508088c933485bfbfa222c82aab7fd0,1106.44734375,254.68052210711127,IV1;IV2;year_1;Region_1
B0,14,2,66,0,万宁,ce6ca82c326e584d8d688a7bedd72e06f508088c933485bfbfa222c82aab7fd0,148.9921240384616,534.5414628216341,IV1;IV2;year_1;Region_1
B0,14,2,66,11,乐东,ce6ca82c326e584d8d688a7bedd72e06f508088c933485bfbfa222c82aab7fd0,51.57938057753164,402.1930609562688,IV1;IV2;year_1;Region_1
B0,14,2,66,12,乐山,ce6ca82c326e584d8d688a7bedd72e06f508088c933485bfbfa222c82aab7fd0,45.02250000000001,252.73543209625376,IV1;IV2;year_1;Region_1
B0,14,2,66,13,九江,ce6ca82c326e584d8d688a7bedd72e06f508088c933485bfbfa222c82aab7fd0,0.0,354.68949820619,IV1;IV2;year_1;Region_1
B0,14,2,66,19,兰州,ce6ca82c326e584d8d688a7bedd72e06f508088c933485bfbfa222c82aab7fd0,32.85616429924242,302.75014243471185,IV1;IV2;year_1;Region_1
B0,14,2,66,22,合肥,ce6ca82c326e584d8d688a7bedd72e06f508088c933485bfbfa222c82aab7fd0,13.19625,295.028125963895,IV1;IV2;year_1;Region_1
B0,14,2,66,26,惠州,ce6ca82c326e584d8d688a7bedd72e06f508088c933485bfbfa222c82aab7fd0,253.6378448863636,343.1781997646767,IV1;IV2;year_1;Region_1
B0,14,2,66,27,文昌,ce6ca82c326e584d8d688a7bedd72e06f508088c933485bfbfa222c82aab7fd0,273.4003661931818,430.7145425763287,IV1;IV2;year_1;Region_1
B0,14,3,67,2,上饶,ce6ca82c326e584d8d688a7bedd72e06f508088c933485bfbfa222c82aab7fd0,114.81355125,179.13012665412893,IV1;IV2;year_1;Region_1
B0,14,3,67,15,佛山,ce6ca82c326e584d8d688a7bedd72e06f508088c933485bfbfa222c82aab7fd0,28.38274488636364,357.70533104830673,IV1;IV2;year_1;Region_1
B0,14,3,67,16,信阳,ce6ca82c326e584d8d688a7bedd72e06f508088c933485bfbfa222c82aab7fd0,244.6035494318183,285.42748089727405,IV1;IV2;year_1;Region_1
B0,14,3,67,17,儋州,ce6ca82c326e584d8d688a7bedd72e06f508088c933485bfbfa222c82aab7fd0,539.7352537592891,277.6411394511405,IV1;IV2;year_1;Region_1
B0,14,3,67,29,汕头,ce6ca82c326e584d8d688a7bedd72e06f508088c933485bfbfa222c82aab7fd0,516.6316193181818,278.9039142933681,IV1;IV2;year_1;Region_1
B0,14,3,67,30,海口,ce6ca82c326e584d8d688a7bedd72e06f508088c933485bfbfa222c82aab7fd0,339.134276349432,439.6340643543002,IV1;IV2;year_1;Region_1
B0,14,3,67,37,白沙,ce6ca82c326e584d8d688a7bedd72e06f508088c933485bfbfa222c82aab7fd0,192.9951366477273,281.70259646777214,IV1;IV2;year_1;Region_1
B0,14,3,67,39,陵水,ce6ca82c326e584d8d688a7bedd72e06f508088c933485bfbfa222c82aab7fd0,337.1486134943182,468.7429226400053,IV1;IV2;year_1;Region_1
B0,14,4,68,4,东莞,ce6ca82c326e584d8d688a7bedd72e06f508088c933485bfbfa222c82aab7fd0,307.5424744318183,689.5383104522253,IV1;IV2;year_1;Region_1
B0,14,4,68,8,临高,ce6ca82c326e584d8d688a7bedd72e06f508088c933485bfbfa222c82aab7fd0,83.80276845703128,334.1497486946729,IV1;IV2;year_1;Region_1
B0,14,4,68,20,北京,ce6ca82c326e584d8d688a7bedd72e06f508088c933485bfbfa222c82aab7fd0,291.2148675426136,656.8078386507214,IV1;IV2;year_1;Region_1
B0,14,4,68,23,定安,ce6ca82c326e584d8d688a7bedd72e06f508088c933485bfbfa222c82aab7fd0,273.4003661931819,240.0328774259438,IV1;IV2;year_1;Region_1
B0,14,4,68,34,珠海,ce6ca82c326e584d8d688a7bedd72e06f508088c933485bfbfa222c82aab7fd0,1511.786079545455,681.1014720310745,IV1;IV2;year_1;Region_1
B0,14,4,68,36,琼海,ce6ca82c326e584d8d688a7bedd72e06f508088c933485bfbfa222c82aab7fd0,1716.717565054688,252.7137586009513,IV1;IV2;year_1;Region_1
B0,14,4,68,38,肇庆,ce6ca82c326e584d8d688a7bedd72e06f508088c933485bfbfa222c82aab7fd0,23.03745340909091,127.52044930189194,IV1;IV2;year_1;Region_1
B0,14,4,68,40,韶关,ce6ca82c326e584d8d688a7bedd72e06f508088c933485bfbfa222c82aab7fd0,547.9050852272727,143.39243123809223,IV1;IV2;year_1;Region_1
B0,14,5,69,3,东方,ce6ca82c326e584d8d688a7bedd72e06f508088c933485bfbfa222c82aab7fd0,266.2529209872159,319.7744286645255,IV1;IV2;year_1;Region_1
B0,14,5,69,6,中卫,ce6ca82c326e584d8d688a7bedd72e06f508088c933485bfbfa222c82aab7fd0,31.05198382826678,342.9909903656581,IV1;IV2;year_1;Region_1
B0,14,5,69,9,丽水,ce6ca82c326e584d8d688a7bedd72e06f508088c933485bfbfa222c82aab7fd0,33.76567926136365,268.38897258705003,IV1;IV2;year_1;Region_1
B0,14,5,69,10,义乌,ce6ca82c326e584d8d688a7bedd72e06f508088c933485bfbfa222c82aab7fd0,7288.761349396308,379.54301262545175,IV1;IV2;year_1;Region_1
B0,14,5,69,24,屯昌,ce6ca82c326e584d8d688a7bedd72e06f508088c933485bfbfa222c82aab7fd0,273.4003661931819,316.0441027854851,IV1;IV2;year_1;Region_1
B0,14,5,69,25,广州,ce6ca82c326e584d8d688a7bedd72e06f508088c933485bfbfa222c82aab7fd0,164.1983198863636,331.2560105789446,IV1;IV2;year_1;Region_1
B0,14,5,69,28,昌江,ce6ca82c326e584d8d688a7bedd72e06f508088c933485bfbfa222c82aab7fd0,268.7138254261364,210.2755137335622,IV1;IV2;year_1;Region_1
B0,14,5,69,33,澄迈,ce6ca82c326e584d8d688a7bedd72e06f508088c933485bfbfa222c82aab7fd0,647.861484375,336.29476505721266,IV1;IV2;year_1;Region_1
B0,15,1,70,0,万宁,ce6ca82c326e584d8d688a7bedd72e06f508088c933485bfbfa222c82aab7fd0,148.9921240384616,340.9055209087628,IV1;IV2;year_1;Region_1
B0,15,1,70,1,上海,ce6ca82c326e584d8d688a7bedd72e06f508088c933485bfbfa222c82aab7fd0,2302.973933396464,166.00014210483485,IV1;IV2;year_1;Region_1
B0,15,1,70,5,东营,ce6ca82c326e584d8d688a7bedd72e06f508088c933485bfbfa222c82aab7fd0,425.3271014204544,270.15134462192646,IV1;IV2;year_1;Region_1
B0,15,1,70,7,中山,ce6ca82c326e584d8d688a7bedd72e06f508088c933485bfbfa222c82aab7fd0,89.11043759098708,154.54223152912598,IV1;IV2;year_1;Region_1
B0,15,1,70,10,义乌,ce6ca82c326e584d8d688a7bedd72e06f508088c933485bfbfa222c82aab7fd0,7288.761349396308,215.40084947814992,IV1;IV2;year_1;Region_1
B0,15,1,70,16,信阳,ce6ca82c326e584d8d688a7bedd72e06f508088c933485bfbfa222c82aab7fd0,244.6035494318183,280.6471095123811,IV1;IV2;year_1;Region_1
B0,15,1,70,21,北海,ce6ca82c326e584d8d688a7bedd72e06f508088c933485bfbfa222c82aab7fd0,318.3245085227273,189.93692052458,IV1;IV2;year_1;Region_1
B0,15,1,70,24,屯昌,ce6ca82c326e584d8d688a7bedd72e06f508088c933485bfbfa222c82aab7fd0,273.4003661931819,275.92924251058906,IV1;IV2;year_1;Region_1
B0,15,1,70,34,珠海,ce6ca82c326e584d8d688a7bedd72e06f508088c933485bfbfa222c82aab7fd0,1511.786079545455,287.07788551018547,IV1;IV2;year_1;Region_1
B0,15,2,71,9,丽水,ce6ca82c326e584d8d688a7bedd72e06f508088c933485bfbfa222c82aab7fd0,33.76567926136365,302.56752661394484,IV1;IV2;year_1;Region_1
B0,15,2,71,17,儋州,ce6ca82c326e584d8d688a7bedd72e06f508088c933485bfbfa222c82aab7fd0,539.7352537592891,294.2020161691789,IV1;IV2;year_1;Region_1
B0,15,2,71,22,合肥,ce6ca82c326e584d8d688a7bedd72e06f508088c933485bfbfa222c82aab7fd0,13.19625,343.03345676858373,IV1;IV2;year_1;Region_1
B0,15,2,71,23,定安,ce6ca82c326e584d8d688a7bedd72e06f508088c933485bfbfa222c82aab7fd0,273.4003661931819,263.3890265777293,IV1;IV2;year_1;Region_1
B0,15,2,71,26,惠州,ce6ca82c326e584d8d688a7bedd72e06f508088c933485bfbfa222c82aab7fd0,253.6378448863636,352.198338572276,IV1;IV2;year_1;Region_1
B0,15,2,71,28,昌江,ce6ca82c326e584d8d688a7bedd72e06f508088c933485bfbfa222c82aab7fd0,268.7138254261364,185.9775205111896,IV1;IV2;year_1;Region_1
B0,15,2,71,31,深圳,ce6ca82c326e584d8d688a7bedd72e06f508088c933485bfbfa222c82aab7fd0,159.7083409090909,817.2724296167612,IV1;IV2;year_1;Region_1
B0,15,2,71,40,韶关,ce6ca82c326e584d8d688a7bedd72e06f508088c933485bfbfa222c82aab7fd0,547.9050852272727,144.65576629098814,IV1;IV2;year_1;Region_1
B0,15,3,72,2,上饶,ce6ca82c326e584d8d688a7bedd72e06f508088c933485bfbfa222c82aab7fd0,114.81355125,181.90443917980477,IV1;IV2;year_1;Region_1
B0,15,3,72,3,东方,ce6ca82c326e584d8d688a7bedd72e06f508088c933485bfbfa222c82aab7fd0,266.2529209872159,267.8877142721494,IV1;IV2;year_1;Region_1
B0,15,3,72,4,东莞,ce6ca82c326e584d8d688a7bedd72e06f508088c933485bfbfa222c82aab7fd0,307.5424744318183,961.8083849010304,IV1;IV2;year_1;Region_1
B0,15,3,72,20,北京,ce6ca82c326e584d8d688a7bedd72e06f508088c933485bfbfa222c82aab7fd0,291.2148675426136,883.4133657501876,IV1;IV2;year_1;Region_1
B0,15,3,72,29,汕头,ce6ca82c326e584d8d688a7bedd72e06f508088c933485bfbfa222c82aab7fd0,516.6316193181818,255.63123603786477,IV1;IV2;year_1;Region_1
B0,15,3,72,32,清远,ce6ca82c326e584d8d688a7bedd72e06f508088c933485bfbfa222c82aab7fd0,375.720028409091,214.870628405664,IV1;IV2;year_1;Region_1
B0,15,3,72,33,澄迈,ce6ca82c326e584d8d688a7bedd72e06f508088c933485bfbfa222c82aab7fd0,647.861484375,262.2315611843051,IV1;IV2;year_1;Region_1
B0,15,3,72,38,肇庆,ce6ca82c326e584d8d688a7bedd72e06f508088c933485bfbfa222c82aab7fd0,23.03745340909091,189.7810758594298,IV1;IV2;year_1;Region_1
B0,15,4,73,13,九江,ce6ca82c326e584d8d688a7bedd72e06f508088c933485bfbfa222c82aab7fd0,0.0,355.73760984886667,IV1;IV2;year_1;Region_1
B0,15,4,73,14,五指山,ce6ca82c326e584d8d688a7bedd72e06f508088c933485bfbfa222c82aab7fd0,273.4003661931818,302.4718133580532,IV1;IV2;year_1;Region_1
B0,15,4,73,15,佛山,ce6ca82c326e584d8d688a7bedd72e06f508088c933485bfbfa222c82aab7fd0,28.38274488636364,325.7813361075583,IV1;IV2;year_1;Region_1
B0,15,4,73,19,兰州,ce6ca82c326e584d8d688a7bedd72e06f508088c933485bfbfa222c82aab7fd0,32.85616429924242,302.6030150297009,IV1;IV2;year_1;Region_1
B0,15,4,73,25,广州,ce6ca82c326e584d8d688a7bedd72e06f508088c933485bfbfa222c82aab7fd0,164.1983198863636,686.9625229588587,IV1;IV2;year_1;Region_1
B0,15,4,73,27,文昌,ce6ca82c326e584d8d688a7bedd72e06f508088c933485bfbfa222c82aab7fd0,273.4003661931818,344.577496497245,IV1;IV2;year_1;Region_1
B0,15,4,73,30,海口,ce6ca82c326e584d8d688a7bedd72e06f508088c933485bfbfa222c82aab7fd0,339.134276349432,365.3298987559176,IV1;IV2;year_1;Region_1
B0,15,4,73,36,琼海,ce6ca82c326e584d8d688a7bedd72e06f508088c933485bfbfa222c82aab7fd0,1716.717565054688,287.4851946202925,IV1;IV2;year_1;Region_1
B0,15,5,74,6,中卫,ce6ca82c326e584d8d688a7bedd72e06f508088c933485bfbfa222c82aab7fd0,31.05198382826678,364.9719351740379,IV1;IV2;year_1;Region_1
B0,15,5,74,8,临高,ce6ca82c326e584d8d688a7bedd72e06f508088c933485bfbfa222c82aab7fd0,83.80276845703128,358.80192378016164,IV1;IV2;year_1;Region_1
B0,15,5,74,11,乐东,ce6ca82c326e584d8d688a7bedd72e06f508088c933485bfbfa222c82aab7fd0,51.57938057753164,330.9417909571156,IV1;IV2;year_1;Region_1
B0,15,5,74,12,乐山,ce6ca82c326e584d8d688a7bedd72e06f508088c933485bfbfa222c82aab7fd0,45.02250000000001,289.4245622637435,IV1;IV2;year_1;Region_1
B0,15,5,74,18,六安,ce6ca82c326e584d8d688a7bedd72e06f508088c933485bfbfa222c82aab7fd0,8.639045028409095,334.60393510483544,IV1;IV2;year_1;Region_1
B0,15,5,74,35,琼中,ce6ca82c326e584d8d688a7bedd72e06f508088c933485bfbfa222c82aab7fd0,1106.44734375,346.974529039073,IV1;IV2;year_1;Region_1
B0,15,5,74,37,白沙,ce6ca82c326e584d8d688a7bedd72e06f508088c933485bfbfa222c82aab7fd0,192.9951366477273,353.566960249676,IV1;IV2;year_1;Region_1
B0,15,5,74,39,陵水,ce6ca82c326e584d8d688a7bedd72e06f508088c933485bfbfa222c82aab7fd0,337.1486134943182,463.9970175245764,IV1;IV2;year_1;Region_1
B0,16,1,75,13,九江,ce6ca82c326e584d8d688a7bedd72e06f508088c933485bfbfa222c82aab7fd0,0.0,289.04034827207613,IV1;IV2;year_1;Region_1
B0,16,1,75,22,合肥,ce6ca82c326e584d8d688a7bedd72e06f508088c933485bfbfa222c82aab7fd0,13.19625,340.29002304559634,IV1;IV2;year_1;Region_1
B0,16,1,75,25,广州,ce6ca82c326e584d8d688a7bedd72e06f508088c933485bfbfa222c82aab7fd0,164.1983198863636,582.5494408128116,IV1;IV2;year_1;Region_1
B0,16,1,75,27,文昌,ce6ca82c326e584d8d688a7bedd72e06f508088c933485bfbfa222c82aab7fd0,273.4003661931818,300.5930342308428,IV1;IV2;year_1;Region_1
B0,16,1,75,29,汕头,ce6ca82c326e584d8d688a7bedd72e06f508088c933485bfbfa222c82aab7fd0,516.6316193181818,275.2364331481219,IV1;IV2;year_1;Region_1
B0,16,1,75,31,深圳,ce6ca82c326e584d8d688a7bedd72e06f508088c933485bfbfa222c82aab7fd0,159.7083409090909,696.0517752787076,IV1;IV2;year_1;Region_1
B0,16,1,75,32,清远,ce6ca82c326e584d8d688a7bedd72e06f508088c933485bfbfa222c82aab7fd0,375.720028409091,255.857353954195,IV1;IV2;year_1;Region_1
B0,16,1,75,34,珠海,ce6ca82c326e584d8d688a7bedd72e06f508088c933485bfbfa222c82aab7fd0,1511.786079545455,657.2007199123773,IV1;IV2;year_1;Region_1
B0,16,1,75,36,琼海,ce6ca82c326e584d8d688a7bedd72e06f508088c933485bfbfa222c82aab7fd0,1716.717565054688,259.78518606307915,IV1;IV2;year_1;Region_1
B0,16,2,76,2,上饶,ce6ca82c326e584d8d688a7bedd72e06f508088c933485bfbfa222c82aab7fd0,114.81355125,172.1103856847306,IV1;IV2;year_1;Region_1
B0,16,2,76,9,丽水,ce6ca82c326e584d8d688a7bedd72e06f508088c933485bfbfa222c82aab7fd0,33.76567926136365,274.13744343860844,IV1;IV2;year_1;Region_1
B0,16,2,76,10,义乌,ce6ca82c326e584d8d688a7bedd72e06f508088c933485bfbfa222c82aab7fd0,7288.761349396308,364.5618193019702,IV1;IV2;year_1;Region_1
B0,16,2,76,11,乐东,ce6ca82c326e584d8d688a7bedd72e06f508088c933485bfbfa222c82aab7fd0,51.57938057753164,364.08903348417886,IV1;IV2;year_1;Region_1
B0,16,2,76,14,五指山,ce6ca82c326e584d8d688a7bedd72e06f508088c933485bfbfa222c82aab7fd0,273.4003661931818,397.3306544469851,IV1;IV2;year_1;Region_1
B0,16,2,76,17,儋州,ce6ca82c326e584d8d688a7bedd72e06f508088c933485bfbfa222c82aab7fd0,539.7352537592891,361.1775404039615,IV1;IV2;year_1;Region_1
B0,16,2,76,20,北京,ce6ca82c326e584d8d688a7bedd72e06f508088c933485bfbfa222c82aab7fd0,291.2148675426136,371.9497865402207,IV1;IV2;year_1;Region_1
B0,16,2,76,24,屯昌,ce6ca82c326e584d8d688a7bedd72e06f508088c933485bfbfa222c82aab7fd0,273.4003661931819,346.92272900088574,IV1;IV2;year_1;Region_1
B0,16,3,77,3,东方,ce6ca82c326e584d8d688a7bedd72e06f508088c933485bfbfa222c82aab7fd0,266.2529209872159,283.0831691239599,IV1;IV2;year_1;Region_1
B0,16,3,77,19,兰州,ce6ca82c326e584d8d688a7bedd72e06f508088c933485bfbfa222c82aab7fd0,32.85616429924242,254.06422170685363,IV1;IV2;year_1;Region_1
B0,16,3,77,21,北海,ce6ca82c326e584d8d688a7bedd72e06f508088c933485bfbfa222c82aab7fd0,318.3245085227273,203.47476288077425,IV1;IV2;year_1;Region_1
B0,16,3,77,23,定安,ce6ca82c326e584d8d688a7bedd72e06f508088c933485bfbfa222c82aab7fd0,273.4003661931819,269.1911292363771,IV1;IV2;year_1;Region_1
B0,16,3,77,30,海口,ce6ca82c326e584d8d688a7bedd72e06f508088c933485bfbfa222c82aab7fd0,339.134276349432,311.1476827320332,IV1;IV2;year_1;Region_1
B0,16,3,77,35,琼中,ce6ca82c326e584d8d688a7bedd72e06f508088c933485bfbfa222c82aab7fd0,1106.44734375,269.43545428616534,IV1;IV2;year_1;Region_1
B0,16,3,77,38,肇庆,ce6ca82c326e584d8d688a7bedd72e06f508088c933485bfbfa222c82aab7fd0,23.03745340909091,136.50611250026623,IV1;IV2;year_1;Region_1
B0,16,3,77,40,韶关,ce6ca82c326e584d8d688a7bedd72e06f508088c933485bfbfa222c82aab7fd0,547.9050852272727,154.08034412790096,IV1;IV2;year_1;Region_1
B0,16,4,78,0,万宁,ce6ca82c326e584d8d688a7bedd72e06f508088c933485bfbfa222c82aab7fd0,148.9921240384616,525.5838007443477,IV1;IV2;year_1;Region_1
B0,16,4,78,5,东营,ce6ca82c326e584d8d688a7bedd72e06f508088c933485bfbfa222c82aab7fd0,425.3271014204544,287.60486494552003,IV1;IV2;year_1;Region_1
B0,16,4,78,7,中山,ce6ca82c326e584d8d688a7bedd72e06f508088c933485bfbfa222c82aab7fd0,89.11043759098708,310.7468101839102,IV1;IV2;year_1;Region_1
B0,16,4,78,15,佛山,ce6ca82c326e584d8d688a7bedd72e06f508088c933485bfbfa222c82aab7fd0,28.38274488636364,415.8731095898294,IV1;IV2;year_1;Region_1
B0,16,4,78,18,六安,ce6ca82c326e584d8d688a7bedd72e06f508088c933485bfbfa222c82aab7fd0,8.639045028409095,300.67234258773385,IV1;IV2;year_1;Region_1
B0,16,4,78,28,昌江,ce6ca82c326e584d8d688a7bedd72e06f508088c933485bfbfa222c82aab7fd0,268.7138254261364,245.7278275288895,IV1;IV2;year_1;Region_1
B0,16,4,78,33,澄迈,ce6ca82c326e584d8d688a7bedd72e06f508088c933485bfbfa222c82aab7fd0,647.861484375,291.8749895664863,IV1;IV2;year_1;Region_1
B0,16,4,78,39,陵水,ce6ca82c326e584d8d688a7bedd72e06f508088c933485bfbfa222c82aab7fd0,337.1486134943182,517.4677404527579,IV1;IV2;year_1;Region_1
B0,16,5,79,1,上海,ce6ca82c326e584d8d688a7bedd72e06f508088c933485bfbfa222c82aab7fd0,2302.973933396464,372.3733659821712,IV1;IV2;year_1;Region_1
B0,16,5,79,4,东莞,ce6ca82c326e584d8d688a7bedd72e06f508088c933485bfbfa222c82aab7fd0,307.5424744318183,564.3934361891786,IV1;IV2;year_1;Region_1
B0,16,5,79,6,中卫,ce6ca82c326e584d8d688a7bedd72e06f508088c933485bfbfa222c82aab7fd0,31.05198382826678,400.72708986558354,IV1;IV2;year_1;Region_1
B0,16,5,79,8,临高,ce6ca82c326e584d8d688a7bedd72e06f508088c933485bfbfa222c82aab7fd0,83.80276845703128,411.898856205214,IV1;IV2;year_1;Region_1
B0,16,5,79,12,乐山,ce6ca82c326e584d8d688a7bedd72e06f508088c933485bfbfa222c82aab7fd0,45.02250000000001,283.0761544263256,IV1;IV2;year_1;Region_1
B0,16,5,79,16,信阳,ce6ca82c326e584d8d688a7bedd72e06f508088c933485bfbfa222c82aab7fd0,244.6035494318183,362.2924608238462,IV1;IV2;year_1;Region_1
B0,16,5,79,26,惠州,ce6ca82c326e584d8d688a7bedd72e06f508088c933485bfbfa222c82aab7fd0,253.6378448863636,286.21612231157127,IV1;IV2;year_1;Region_1
B0,16,5,79,37,白沙,ce6ca82c326e584d8d688a7bedd72e06f508088c933485bfbfa222c82aab7fd0,192.9951366477273,353.5525243221512,IV1;IV2;year_1;Region_1
B0,17,1,80,6,中卫,ce6ca82c326e584d8d688a7bedd72e06f508088c933485bfbfa222c82aab7fd0,31.05198382826678,285.7349714709194,IV1;IV2;year_1;Region_1
B0,17,1,80,9,丽水,ce6ca82c326e584d8d688a7bedd72e06f508088c933485bfbfa222c82aab7fd0,33.76567926136365,245.66100797018063,IV1;IV2;year_1;Region_1
B0,17,1,80,18,六安,ce6ca82c326e584d8d688a7bedd72e06f508088c933485bfbfa222c82aab7fd0,8.639045028409095,332.4177016654466,IV1;IV2;year_1;Region_1
B0,17,1,80,22,合肥,ce6ca82c326e584d8d688a7bedd72e06f508088c933485bfbfa222c82aab7fd0,13.19625,296.7928892264728,IV1;IV2;year_1;Region_1
B0,17,1,80,28,昌江,ce6ca82c326e584d8d688a7bedd72e06f508088c933485bfbfa222c82aab7fd0,268.7138254261364,286.76537991206584,IV1;IV2;year_1;Region_1
B0,17,1,80,29,汕头,ce6ca82c326e584d8d688a7bedd72e06f508088c933485bfbfa222c82aab7fd0,516.6316193181818,252.6767038472884,IV1;IV2;year_1;Region_1
B0,17,1,80,33,澄迈,ce6ca82c326e584d8d688a7bedd72e06f508088c933485bfbfa222c82aab7fd0,647.861484375,269.11307114358806,IV1;IV2;year_1;Region_1
B0,17,1,80,34,珠海,ce6ca82c326e584d8d688a7bedd72e06f508088c933485bfbfa222c82aab7fd0,1511.786079545455,586.0238544928759,IV1;IV2;year_1;Region_1
B0,17,1,80,39,陵水,ce6ca82c326e584d8d688a7bedd72e06f508088c933485bfbfa222c82aab7fd0,337.1486134943182,431.4071102426537,IV1;IV2;year_1;Region_1
B0,17,2,81,1,上海,ce6ca82c326e584d8d688a7bedd72e06f508088c933485bfbfa222c82aab7fd0,2302.973933396464,403.45058458676135,IV1;IV2;year_1;Region_1
B0,17,2,81,8,临高,ce6ca82c326e584d8d688a7bedd72e06f508088c933485bfbfa222c82aab7fd0,83.80276845703128,381.2408280578501,IV1;IV2;year_1;Region_1
B0,17,2,81,13,九江,ce6ca82c326e584d8d688a7bedd72e06f508088c933485bfbfa222c82aab7fd0,0.0,347.5057351630963,IV1;IV2;year_1;Region_1
B0,17,2,81,16,信阳,ce6ca82c326e584d8d688a7bedd72e06f508088c933485bfbfa222c82aab7fd0,244.6035494318183,309.5562436501501,IV1;IV2;year_1;Region_1
B0,17,2,81,17,儋州,ce6ca82c326e584d8d688a7bedd72e06f508088c933485bfbfa222c82aab7fd0,539.7352537592891,381.2408280578501,IV1;IV2;year_1;Region_1
B0,17,2,81,19,兰州,ce6ca82c326e584d8d688a7bedd72e06f508088c933485bfbfa222c82aab7fd0,32.85616429924242,224.20323940389807,IV1;IV2;year_1;Region_1
B0,17,2,81,36,琼海,ce6ca82c326e584d8d688a7bedd72e06f508088c933485bfbfa222c82aab7fd0,1716.717565054688,281.3031866013493,IV1;IV2;year_1;Region_1
B0,17,2,81,37,白沙,ce6ca82c326e584d8d688a7bedd72e06f508088c933485bfbfa222c82aab7fd0,192.9951366477273,317.4844411801234,IV1;IV2;year_1;Region_1
B0,17,3,82,3,东方,ce6ca82c326e584d8d688a7bedd72e06f508088c933485bfbfa222c82aab7fd0,266.2529209872159,306.2274065707828,IV1;IV2;year_1;Region_1
B0,17,3,82,4,东莞,ce6ca82c326e584d8d688a7bedd72e06f508088c933485bfbfa222c82aab7fd0,307.5424744318183,489.6572346890975,IV1;IV2;year_1;Region_1
B0,17,3,82,10,义乌,ce6ca82c326e584d8d688a7bedd72e06f508088c933485bfbfa222c82aab7fd0,7288.761349396308,402.1001210656046,IV1;IV2;year_1;Region_1
B0,17,3,82,14,五指山,ce6ca82c326e584d8d688a7bedd72e06f508088c933485bfbfa222c82aab7fd0,273.4003661931818,356.5652510589606,IV1;IV2;year_1;Region_1
B0,17,3,82,15,佛山,ce6ca82c326e584d8d688a7bedd72e06f508088c933485bfbfa222c82aab7fd0,28.38274488636364,275.03734307180054,IV1;IV2;year_1;Region_1
B0,17,3,82,21,北海,ce6ca82c326e584d8d688a7bedd72e06f508088c933485bfbfa222c82aab7fd0,318.3245085227273,197.928584292822,IV1;IV2;year_1;Region_1
B0,17,3,82,23,定安,ce6ca82c326e584d8d688a7bedd72e06f508088c933485bfbfa222c82aab7fd0,273.4003661931819,272.9341075908989,IV1;IV2;year_1;Region_1
B0,17,3,82,30,海口,ce6ca82c326e584d8d688a7bedd72e06f508088c933485bfbfa222c82aab7fd0,339.134276349432,320.38201791818904,IV1;IV2;year_1;Region_1
B0,17,4,83,5,东营,ce6ca82c326e584d8d688a7bedd72e06f508088c933485bfbfa222c82aab7fd0,425.3271014204544,256.8362101817893,IV1;IV2;year_1;Region_1
B0,17,4,83,11,乐东,ce6ca82c326e584d8d688a7bedd72e06f508088c933485bfbfa222c82aab7fd0,51.57938057753164,295.8276398477508,IV1;IV2;year_1;Region_1
B0,17,4,83,20,北京,ce6ca82c326e584d8d688a7bedd72e06f508088c933485bfbfa222c82aab7fd0,291.2148675426136,1030.7262982956108,IV1;IV2;year_1;Region_1
B0,17,4,83,25,广州,ce6ca82c326e584d8d688a7bedd72e06f508088c933485bfbfa222c82aab7fd0,164.1983198863636,848.288880389252,IV1;IV2;year_1;Region_1
B0,17,4,83,26,惠州,ce6ca82c326e584d8d688a7bedd72e06f508088c933485bfbfa222c82aab7fd0,253.6378448863636,317.71734269356506,IV1;IV2;year_1;Region_1
B0,17,4,83,31,深圳,ce6ca82c326e584d8d688a7bedd72e06f508088c933485bfbfa222c82aab7fd0,159.7083409090909,1027.155663578795,IV1;IV2;year_1;Region_1
B0,17,4,83,32,清远,ce6ca82c326e584d8d688a7bedd72e06f508088c933485bfbfa222c82aab7fd0,375.720028409091,227.89610932092856,IV1;IV2;year_1;Region_1
B0,17,4,83,35,琼中,ce6ca82c326e584d8d688a7bedd72e06f508088c933485bfbfa222c82aab7fd0,1106.44734375,258.63537896021336,IV1;IV2;year_1;Region_1
B0,17,5,84,0,万宁,ce6ca82c326e584d8d688a7bedd72e06f508088c933485bfbfa222c82aab7fd0,148.9921240384616,506.8449275845744,IV1;IV2;year_1;Region_1
B0,17,5,84,2,上饶,ce6ca82c326e584d8d688a7bedd72e06f508088c933485bfbfa222c82aab7fd0,114.81355125,197.04302337770395,IV1;IV2;year_1;Region_1
B0,17,5,84,7,中山,ce6ca82c326e584d8d688a7bedd72e06f508088c933485bfbfa222c82aab7fd0,89.11043759098708,249.65800514444896,IV1;IV2;year_1;Region_1
B0,17,5,84,12,乐山,ce6ca82c326e584d8d688a7bedd72e06f508088c933485bfbfa222c82aab7fd0,45.02250000000001,247.66528724128972,IV1;IV2;year_1;Region_1
B0,17,5,84,24,屯昌,ce6ca82c326e584d8d688a7bedd72e06f508088c933485bfbfa222c82aab7fd0,273.4003661931819,328.5499779121357,IV1;IV2;year_1;Region_1
B0,17,5,84,27,文昌,ce6ca82c326e584d8d688a7bedd72e06f508088c933485bfbfa222c82aab7fd0,273.4003661931818,392.691588047171,IV1;IV2;year_1;Region_1
B0,17,5,84,38,肇庆,ce6ca82c326e584d8d688a7bedd72e06f508088c933485bfbfa222c82aab7fd0,23.03745340909091,183.5745791697815,IV1;IV2;year_1;Region_1
B0,17,5,84,40,韶关,ce6ca82c326e584d8d688a7bedd72e06f508088c933485bfbfa222c82aab7fd0,547.9050852272727,195.9601675678133,IV1;IV2;year_1;Region_1
B0,18,1,85,6,中卫,ce6ca82c326e584d8d688a7bedd72e06f508088c933485bfbfa222c82aab7fd0,31.05198382826678,353.83702329761087,IV1;IV2;year_1;Region_1
B0,18,1,85,9,丽水,ce6ca82c326e584d8d688a7bedd72e06f508088c933485bfbfa222c82aab7fd0,33.76567926136365,235.4798481514313,IV1;IV2;year_1;Region_1
B0,18,1,85,10,义乌,ce6ca82c326e584d8d688a7bedd72e06f508088c933485bfbfa222c82aab7fd0,7288.761349396308,344.851355566084,IV1;IV2;year_1;Region_1
B0,18,1,85,20,北京,ce6ca82c326e584d8d688a7bedd72e06f508088c933485bfbfa222c82aab7fd0,291.2148675426136,348.5096612430626,IV1;IV2;year_1;Region_1
B0,18,1,85,24,屯昌,ce6ca82c326e584d8d688a7bedd72e06f508088c933485bfbfa222c82aab7fd0,273.4003661931819,292.20725005858327,IV1;IV2;year_1;Region_1
B0,18,1,85,28,昌江,ce6ca82c326e584d8d688a7bedd72e06f508088c933485bfbfa222c82aab7fd0,268.7138254261364,207.5858662183886,IV1;IV2;year_1;Region_1
B0,18,1,85,31,深圳,ce6ca82c326e584d8d688a7bedd72e06f508088c933485bfbfa222c82aab7fd0,159.7083409090909,400.9441565296758,IV1;IV2;year_1;Region_1
B0,18,1,85,36,琼海,ce6ca82c326e584d8d688a7bedd72e06f508088c933485bfbfa222c82aab7fd0,1716.717565054688,271.1248001888518,IV1;IV2;year_1;Region_1
B0,18,1,85,38,肇庆,ce6ca82c326e584d8d688a7bedd72e06f508088c933485bfbfa222c82aab7fd0,23.03745340909091,178.38905665480374,IV1;IV2;year_1;Region_1
B0,18,2,86,1,上海,ce6ca82c326e584d8d688a7bedd72e06f508088c933485bfbfa222c82aab7fd0,2302.973933396464,332.2922407549567,IV1;IV2;year_1;Region_1
B0,18,2,86,2,上饶,ce6ca82c326e584d8d688a7bedd72e06f508088c933485bfbfa222c82aab7fd0,114.81355125,209.5770157280232,IV1;IV2;year_1;Region_1
B0,18,2,86,5,东营,ce6ca82c326e584d8d688a7bedd72e06f508088c933485bfbfa222c82aab7fd0,425.3271014204544,335.8674294521375,IV1;IV2;year_1;Region_1
B0,18,2,86,13,九江,ce6ca82c326e584d8d688a7bedd72e06f508088c933485bfbfa222c82aab7fd0,0.0,344.3313654202045,IV1;IV2;year_1;Region_1
B0,18,2,86,14,五指山,ce6ca82c326e584d8d688a7bedd72e06f508088c933485bfbfa222c82aab7fd0,273.4003661931818,349.7429415998203,IV1;IV2;year_1;Region_1
B0,18,2,86,18,六安,ce6ca82c326e584d8d688a7bedd72e06f508088c933485bfbfa222c82aab7fd0,8.639045028409095,339.3833933330072,IV1;IV2;year_1;Region_1
B0,18,2,86,22,合肥,ce6ca82c326e584d8d688a7bedd72e06f508088c933485bfbfa222c82aab7fd0,13.19625,255.5192804708508,IV1;IV2;year_1;Region_1
B0,18,2,86,26,惠州,ce6ca82c326e584d8d688a7bedd72e06f508088c933485bfbfa222c82aab7fd0,253.6378448863636,297.59785264384533,IV1;IV2;year_1;Region_1
B0,18,3,87,0,万宁,ce6ca82c326e584d8d688a7bedd72e06f508088c933485bfbfa222c82aab7fd0,148.9921240384616,570.0417823135095,IV1;IV2;year_1;Region_1
B0,18,3,87,3,东方,ce6ca82c326e584d8d688a7bedd72e06f508088c933485bfbfa222c82aab7fd0,266.2529209872159,379.3680986538088,IV1;IV2;year_1;Region_1
B0,18,3,87,12,乐山,ce6ca82c326e584d8d688a7bedd72e06f508088c933485bfbfa222c82aab7fd0,45.02250000000001,216.02284597964757,IV1;IV2;year_1;Region_1
B0,18,3,87,16,信阳,ce6ca82c326e584d8d688a7bedd72e06f508088c933485bfbfa222c82aab7fd0,244.6035494318183,333.9591570116274,IV1;IV2;year_1;Region_1
B0,18,3,87,19,兰州,ce6ca82c326e584d8d688a7bedd72e06f508088c933485bfbfa222c82aab7fd0,32.85616429924242,286.7707040049657,IV1;IV2;year_1;Region_1
B0,18,3,87,21,北海,ce6ca82c326e584d8d688a7bedd72e06f508088c933485bfbfa222c82aab7fd0,318.3245085227273,224.2360622085897,IV1;IV2;year_1;Region_1
B0,18,3,87,30,海口,ce6ca82c326e584d8d688a7bedd72e06f508088c933485bfbfa222c82aab7fd0,339.134276349432,377.2449909730985,IV1;IV2;year_1;Region_1
B0,18,3,87,40,韶关,ce6ca82c326e584d8d688a7bedd72e06f508088c933485bfbfa222c82aab7fd0,547.9050852272727,142.63312450458585,IV1;IV2;year_1;Region_1
B0,18,4,88,4,东莞,ce6ca82c326e584d8d688a7bedd72e06f508088c933485bfbfa222c82aab7fd0,307.5424744318183,721.4239367266326,IV1;IV2;year_1;Region_1
B0,18,4,88,8,临高,ce6ca82c326e584d8d688a7bedd72e06f508088c933485bfbfa222c82aab7fd0,83.80276845703128,261.9613029327492,IV1;IV2;year_1;Region_1
B0,18,4,88,17,儋州,ce6ca82c326e584d8d688a7bedd72e06f508088c933485bfbfa222c82aab7fd0,539.7352537592891,261.9613029327492,IV1;IV2;year_1;Region_1
B0,18,4,88,25,广州,ce6ca82c326e584d8d688a7bedd72e06f508088c933485bfbfa222c82aab7fd0,164.1983198863636,573.4721243610321,IV1;IV2;year_1;Region_1
B0,18,4,88,29,汕头,ce6ca82c326e584d8d688a7bedd72e06f508088c933485bfbfa222c82aab7fd0,516.6316193181818,223.096339618015,IV1;IV2;year_1;Region_1
B0,18,4,88,32,清远,ce6ca82c326e584d8d688a7bedd72e06f508088c933485bfbfa222c82aab7fd0,375.720028409091,238.65767347313783,IV1;IV2;year_1;Region_1
B0,18,4,88,33,澄迈,ce6ca82c326e584d8d688a7bedd72e06f508088c933485bfbfa222c82aab7fd0,647.861484375,257.0057232239307,IV1;IV2;year_1;Region_1
B0,18,4,88,34,珠海,ce6ca82c326e584d8d688a7bedd72e06f508088c933485bfbfa222c82aab7fd0,1511.786079545455,684.940537820571,IV1;IV2;year_1;Region_1
B0,18,5,89,7,中山,ce6ca82c326e584d8d688a7bedd72e06f508088c933485bfbfa222c82aab7fd0,89.11043759098708,270.11321087874296,IV1;IV2;year_1;Region_1
B0,18,5,89,11,乐东,ce6ca82c326e584d8d688a7bedd72e06f508088c933485bfbfa222c82aab7fd0,51.57938057753164,308.4598232095399,IV1;IV2;year_1;Region_1
B0,18,5,89,15,佛山,ce6ca82c326e584d8d688a7bedd72e06f508088c933485bfbfa222c82aab7fd0,28.38274488636364,359.0647263712339,IV1;IV2;year_1;Region_1
B0,18,5,89,23,定安,ce6ca82c326e584d8d688a7bedd72e06f508088c933485bfbfa222c82aab7fd0,273.4003661931819,293.81320669538326,IV1;IV2;year_1;Region_1
B0,18,5,89,27,文昌,ce6ca82c326e584d8d688a7bedd72e06f508088c933485bfbfa222c82aab7fd0,273.4003661931818,323.7970066027964,IV1;IV2;year_1;Region_1
B0,18,5,89,35,琼中,ce6ca82c326e584d8d688a7bedd72e06f508088c933485bfbfa222c82aab7fd0,1106.44734375,294.2248017489864,IV1;IV2;year_1;Region_1
B0,18,5,89,37,白沙,ce6ca82c326e584d8d688a7bedd72e06f508088c933485bfbfa222c82aab7fd0,192.9951366477273,305.4503752958279,IV1;IV2;year_1;Region_1
B0,18,5,89,39,陵水,ce6ca82c326e584d8d688a7bedd72e06f508088c933485bfbfa222c82aab7fd0,337.1486134943182,460.6973547045655,IV1;IV2;year_1;Region_1
B0,19,1,90,3,东方,ce6ca82c326e584d8d688a7bedd72e06f508088c933485bfbfa222c82aab7fd0,266.2529209872159,275.0548103421031,IV1;IV2;year_1;Region_1
B0,19,1,90,7,中山,ce6ca82c326e584d8d688a7bedd72e06f508088c933485bfbfa222c82aab7fd0,89.11043759098708,281.37361973465096,IV1;IV2;year_1;Region_1
B0,19,1,90,13,九江,ce6ca82c326e584d8d688a7bedd72e06f508088c933485bfbfa222c82aab7fd0,0.0,400.5968493780952,IV1;IV2;year_1;Region_1
B0,19,1,90,19,兰州,ce6ca82c326e584d8d688a7bedd72e06f508088c933485bfbfa222c82aab7fd0,32.85616429924242,277.2014948335943,IV1;IV2;year_1;Region_1
B0,19,1,90,23,定安,ce6ca82c326e584d8d688a7bedd72e06f508088c933485bfbfa222c82aab7fd0,273.4003661931819,277.6165389259132,IV1;IV2;year_1;Region_1
B0,19,1,90,30,海口,ce6ca82c326e584d8d688a7bedd72e06f508088c933485bfbfa222c82aab7fd0,339.134276349432,319.6621344374347,IV1;IV2;year_1;Region_1
B0,19,1,90,34,珠海,ce6ca82c326e584d8d688a7bedd72e06f508088c933485bfbfa222c82aab7fd0,1511.786079545455,590.5880310923827,IV1;IV2;year_1;Region_1
B0,19,1,90,36,琼海,ce6ca82c326e584d8d688a7bedd72e06f508088c933485bfbfa222c82aab7fd0,1716.717565054688,285.6434191189747,IV1;IV2;year_1;Region_1
B0,19,1,90,40,韶关,ce6ca82c326e584d8d688a7bedd72e06f508088c933485bfbfa222c82aab7fd0,547.9050852272727,154.956851029844,IV1;IV2;year_1;Region_1
B0,19,2,91,6,中卫,ce6ca82c326e584d8d688a7bedd72e06f508088c933485bfbfa222c82aab7fd0,31.05198382826678,331.9945897772457,IV1;IV2;year_1;Region_1
B0,19,2,91,9,丽水,ce6ca82c326e584d8d688a7bedd72e06f508088c933485bfbfa222c82aab7fd0,33.76567926136365,311.2590987114737,IV1;IV2;year_1;Region_1
B0,19,2,91,11,乐东,ce6ca82c326e584d8d688a7bedd72e06f508088c933485bfbfa222c82aab7fd0,51.57938057753164,350.861584236942,IV1;IV2;year_1;Region_1
B0,19,2,91,14,五指山,ce6ca82c326e584d8d688a7bedd72e06f508088c933485bfbfa222c82aab7fd0,273.4003661931818,390.7194789971167,IV1;IV2;year_1;Region_1
B0,19,2,91,22,合肥,ce6ca82c326e584d8d688a7bedd72e06f508088c933485bfbfa222c82aab7fd0,13.19625,342.6114883454202,IV1;IV2;year_1;Region_1
B0,19,2,91,28,昌江,ce6ca82c326e584d8d688a7bedd72e06f508088c933485bfbfa222c82aab7fd0,268.7138254261364,272.68510718558554,IV1;IV2;year_1;Region_1
B0,19,2,91,33,澄迈,ce6ca82c326e584d8d688a7bedd72e06f508088c933485bfbfa222c82aab7fd0,647.861484375,344.1905016659372,IV1;IV2;year_1;Region_1
B0,19,2,91,38,肇庆,ce6ca82c326e584d8d688a7bedd72e06f508088c933485bfbfa222c82aab7fd0,23.03745340909091,246.6285297611529,IV1;IV2;year_1;Region_1
B0,19,3,92,2,上饶,ce6ca82c326e584d8d688a7bedd72e06f508088c933485bfbfa222c82aab7fd0,114.81355125,187.98569845099988,IV1;IV2;year_1;Region_1
B0,19,3,92,4,东莞,ce6ca82c326e584d8d688a7bedd72e06f508088c933485bfbfa222c82aab7fd0,307.5424744318183,867.9465089144065,IV1;IV2;year_1;Region_1
B0,19,3,92,5,东营,ce6ca82c326e584d8d688a7bedd72e06f508088c933485bfbfa222c82aab7fd0,425.3271014204544,271.6367091255512,IV1;IV2;year_1;Region_1
B0,19,3,92,15,佛山,ce6ca82c326e584d8d688a7bedd72e06f508088c933485bfbfa222c82aab7fd0,28.38274488636364,342.0701982154804,IV1;IV2;year_1;Region_1
B0,19,3,92,18,六安,ce6ca82c326e584d8d688a7bedd72e06f508088c933485bfbfa222c82aab7fd0,8.639045028409095,271.46336482523674,IV1;IV2;year_1;Region_1
B0,19,3,92,27,文昌,ce6ca82c326e584d8d688a7bedd72e06f508088c933485bfbfa222c82aab7fd0,273.4003661931818,279.1572481384207,IV1;IV2;year_1;Region_1
B0,19,3,92,29,汕头,ce6ca82c326e584d8d688a7bedd72e06f508088c933485bfbfa222c82aab7fd0,516.6316193181818,249.8686827708041,IV1;IV2;year_1;Region_1
B0,19,3,92,35,琼中,ce6ca82c326e584d8d688a7bedd72e06f508088c933485bfbfa222c82aab7fd0,1106.44734375,257.2697864721017,IV1;IV2;year_1;Region_1
B0,19,4,93,1,上海,ce6ca82c326e584d8d688a7bedd72e06f508088c933485bfbfa222c82aab7fd0,2302.973933396464,365.9640315565696,IV1;IV2;year_1;Region_1
B0,19,4,93,8,临高,ce6ca82c326e584d8d688a7bedd72e06f508088c933485bfbfa222c82aab7fd0,83.80276845703128,399.8584656588093,IV1;IV2;year_1;Region_1
B0,19,4,93,12,乐山,ce6ca82c326e584d8d688a7bedd72e06f508088c933485bfbfa222c82aab7fd0,45.02250000000001,285.1721828274049,IV1;IV2;year_1;Region_1
B0,19,4,93,16,信阳,ce6ca82c326e584d8d688a7bedd72e06f508088c933485bfbfa222c82aab7fd0,244.6035494318183,349.82061168503213,IV1;IV2;year_1;Region_1
B0,19,4,93,21,北海,ce6ca82c326e584d8d688a7bedd72e06f508088c933485bfbfa222c82aab7fd0,318.3245085227273,290.6299033406098,IV1;IV2;year_1;Region_1
B0,19,4,93,26,惠州,ce6ca82c326e584d8d688a7bedd72e06f508088c933485bfbfa222c82aab7fd0,253.6378448863636,305.2818941198011,IV1;IV2;year_1;Region_1
B0,19,4,93,37,白沙,ce6ca82c326e584d8d688a7bedd72e06f508088c933485bfbfa222c82aab7fd0,192.9951366477273,315.733566969608,IV1;IV2;year_1;Region_1
B0,19,4,93,39,陵水,ce6ca82c326e584d8d688a7bedd72e06f508088c933485bfbfa222c82aab7fd0,337.1486134943182,433.8860184983219,IV1;IV2;year_1;Region_1
B0,19,5,94,0,万宁,ce6ca82c326e584d8d688a7bedd72e06f508088c933485bfbfa222c82aab7fd0,148.9921240384616,525.4311331839962,IV1;IV2;year_1;Region_1
B0,19,5,94,10,义乌,ce6ca82c326e584d8d688a7bedd72e06f508088c933485bfbfa222c82aab7fd0,7288.761349396308,471.15088890097087,IV1;IV2;year_1;Region_1
B0,19,5,94,17,儋州,ce6ca82c326e584d8d688a7bedd72e06f508088c933485bfbfa222c82aab7fd0,539.7352537592891,320.0107928816389,IV1;IV2;year_1;Region_1
B0,19,5,94,20,北京,ce6ca82c326e584d8d688a7bedd72e06f508088c933485bfbfa222c82aab7fd0,291.2148675426136,472.7188633657324,IV1;IV2;year_1;Region_1
B0,19,5,94,24,屯昌,ce6ca82c326e584d8d688a7bedd72e06f508088c933485bfbfa222c82aab7fd0,273.4003661931819,277.4191696483693,IV1;IV2;year_1;Region_1
B0,19,5,94,25,广州,ce6ca82c326e584d8d688a7bedd72e06f508088c933485bfbfa222c82aab7fd0,164.1983198863636,393.094781056039,IV1;IV2;year_1;Region_1
B0,19,5,94,31,深圳,ce6ca82c326e584d8d688a7bedd72e06f508088c933485bfbfa222c82aab7fd0,159.7083409090909,510.2897128018769,IV1;IV2;year_1;Region_1
B0,19,5,94,32,清远,ce6ca82c326e584d8d688a7bedd72e06f508088c933485bfbfa222c82aab7fd0,375.720028409091,219.4103907012773,IV1;IV2;year_1;Region_1
B0,20,1,95,5,东营,ce6ca82c326e584d8d688a7bedd72e06f508088c933485bfbfa222c82aab7fd0,425.3271014204544,295.2714673335778,IV1;IV2;year_1;Region_1
B0,20,1,95,8,临高,ce6ca82c326e584d8d688a7bedd72e06f508088c933485bfbfa222c82aab7fd0,83.80276845703128,370.0240792711699,IV1;IV2;year_1;Region_1
B0,20,1,95,9,丽水,ce6ca82c326e584d8d688a7bedd72e06f508088c933485bfbfa222c82aab7fd0,33.76567926136365,300.1019698756789,IV1;IV2;year_1;Region_1
B0,20,1,95,19,兰州,ce6ca82c326e584d8d688a7bedd72e06f508088c933485bfbfa222c82aab7fd0,32.85616429924242,321.66606386248145,IV1;IV2;year_1;Region_1
B0,20,1,95,22,合肥,ce6ca82c326e584d8d688a7bedd72e06f508088c933485bfbfa222c82aab7fd0,13.19625,256.57245109699454,IV1;IV2;year_1;Region_1
B0,20,1,95,23,定安,ce6ca82c326e584d8d688a7bedd72e06f508088c933485bfbfa222c82aab7fd0,273.4003661931819,254.60311237489512,IV1;IV2;year_1;Region_1
B0,20,1,95,36,琼海,ce6ca82c326e584d8d688a7bedd72e06f508088c933485bfbfa222c82aab7fd0,1716.717565054688,313.71166700093823,IV1;IV2;year_1;Region_1
B0,20,1,95,39,陵水,ce6ca82c326e584d8d688a7bedd72e06f508088c933485bfbfa222c82aab7fd0,337.1486134943182,358.4910390250255,IV1;IV2;year_1;Region_1
B0,20,1,95,40,韶关,ce6ca82c326e584d8d688a7bedd72e06f508088c933485bfbfa222c82aab7fd0,547.9050852272727,150.2050578524327,IV1;IV2;year_1;Region_1
B0,20,2,96,6,中卫,ce6ca82c326e584d8d688a7bedd72e06f508088c933485bfbfa222c82aab7fd0,31.05198382826678,337.2689547727527,IV1;IV2;year_1;Region_1
B0,20,2,96,10,义乌,ce6ca82c326e584d8d688a7bedd72e06f508088c933485bfbfa222c82aab7fd0,7288.761349396308,282.3166194236464,IV1;IV2;year_1;Region_1
B0,20,2,96,13,九江,ce6ca82c326e584d8d688a7bedd72e06f508088c933485bfbfa222c82aab7fd0,0.0,299.37395961158825,IV1;IV2;year_1;Region_1
B0,20,2,96,18,六安,ce6ca82c326e584d8d688a7bedd72e06f508088c933485bfbfa222c82aab7fd0,8.639045028409095,318.76218208260764,IV1;IV2;year_1;Region_1
B0,20,2,96,20,北京,ce6ca82c326e584d8d688a7bedd72e06f508088c933485bfbfa222c82aab7fd0,291.2148675426136,287.4733350696304,IV1;IV2;year_1;Region_1
B0,20,2,96,34,珠海,ce6ca82c326e584d8d688a7bedd72e06f508088c933485bfbfa222c82aab7fd0,1511.786079545455,333.5084778100592,IV1;IV2;year_1;Region_1
B0,20,2,96,35,琼中,ce6ca82c326e584d8d688a7bedd72e06f508088c933485bfbfa222c82aab7fd0,1106.44734375,322.2724221493506,IV1;IV2;year_1;Region_1
B0,20,2,96,37,白沙,ce6ca82c326e584d8d688a7bedd72e06f508088c933485bfbfa222c82aab7fd0,192.9951366477273,354.4466933521943,IV1;IV2;year_1;Region_1
B0,20,3,97,4,东莞,ce6ca82c326e584d8d688a7bedd72e06f508088c933485bfbfa222c82aab7fd0,307.5424744318183,813.4768598466543,IV1;IV2;year_1;Region_1
B0,20,3,97,11,乐东,ce6ca82c326e584d8d688a7bedd72e06f508088c933485bfbfa222c82aab7fd0,51.57938057753164,388.1996702895476,IV1;IV2;year_1;Region_1
B0,20,3,97,14,五指山,ce6ca82c326e584d8d688a7bedd72e06f508088c933485bfbfa222c82aab7fd0,273.4003661931818,399.9035805237358,IV1;IV2;year_1;Region_1
B0,20,3,97,15,佛山,ce6ca82c326e584d8d688a7bedd72e06f508088c933485bfbfa222c82aab7fd0,28.38274488636364,333.787693393143,IV1;IV2;year_1;Region_1
B0,20,3,97,16,信阳,ce6ca82c326e584d8d688a7bedd72e06f508088c933485bfbfa222c82aab7fd0,244.6035494318183,358.1913383736168,IV1;IV2;year_1;Region_1
B0,20,3,97,24,屯昌,ce6ca82c326e584d8d688a7bedd72e06f508088c933485bfbfa222c82aab7fd0,273.4003661931819,371.3035921486321,IV1;IV2;year_1;Region_1
B0,20,3,97,28,昌江,ce6ca82c326e584d8d688a7bedd72e06f508088c933485bfbfa222c82aab7fd0,268.7138254261364,252.68027860146032,IV1;IV2;year_1;Region_1
B0,20,3,97,38,肇庆,ce6ca82c326e584d8d688a7bedd72e06f508088c933485bfbfa222c82aab7fd0,23.03745340909091,187.06152390884745,IV1;IV2;year_1;Region_1
B0,20,4,98,1,上海,ce6ca82c326e584d8d688a7bedd72e06f508088c933485bfbfa222c82aab7fd0,2302.973933396464,471.0730722885996,IV1;IV2;year_1;Region_1
B0,20,4,98,2,上饶,ce6ca82c326e584d8d688a7bedd72e06f508088c933485bfbfa222c82aab7fd0,114.81355125,142.59649488550292,IV1;IV2;year_1;Region_1
B0,20,4,98,17,儋州,ce6ca82c326e584d8d688a7bedd72e06f508088c933485bfbfa222c82aab7fd0,539.7352537592891,274.41881471131586,IV1;IV2;year_1;Region_1
B0,20,4,98,21,北海,ce6ca82c326e584d8d688a7bedd72e06f508088c933485bfbfa222c82aab7fd0,318.3245085227273,197.9100295032048,IV1;IV2;year_1;Region_1
B0,20,4,98,25,广州,ce6ca82c326e584d8d688a7bedd72e06f508088c933485bfbfa222c82aab7fd0,164.1983198863636,415.3776219120199,IV1;IV2;year_1;Region_1
B0,20,4,98,26,惠州,ce6ca82c326e584d8d688a7bedd72e06f508088c933485bfbfa222c82aab7fd0,253.6378448863636,247.2622966031919,IV1;IV2;year_1;Region_1
B0,20,4,98,29,汕头,ce6ca82c326e584d8d688a7bedd72e06f508088c933485bfbfa222c82aab7fd0,516.6316193181818,230.3346561117668,IV1;IV2;year_1;Region_1
B0,20,4,98,32,清远,ce6ca82c326e584d8d688a7bedd72e06f508088c933485bfbfa222c82aab7fd0,375.720028409091,212.49801320030772,IV1;IV2;year_1;Region_1
B0,20,5,99,0,万宁,ce6ca82c326e584d8d688a7bedd72e06f508088c933485bfbfa222c82aab7fd0,148.9921240384616,519.4254451962809,IV1;IV2;year_1;Region_1
B0,20,5,99,3,东方,ce6ca82c326e584d8d688a7bedd72e06f508088c933485bfbfa222c82aab7fd0,266.2529209872159,319.6917210613814,IV1;IV2;year_1;Region_1
B0,20,5,99,7,中山,ce6ca82c326e584d8d688a7bedd72e06f508088c933485bfbfa222c82aab7fd0,89.11043759098708,243.0409392719841,IV1;IV2;year_1;Region_1
B0,20,5,99,12,乐山,ce6ca82c326e584d8d688a7bedd72e06f508088c933485bfbfa222c82aab7fd0,45.02250000000001,220.3918226876934,IV1;IV2;year_1;Region_1
B0,20,5,99,27,文昌,ce6ca82c326e584d8d688a7bedd72e06f508088c933485bfbfa222c82aab7fd0,273.4003661931818,355.6257726383127,IV1;IV2;year_1;Region_1
B0,20,5,99,30,海口,ce6ca82c326e584d8d688a7bedd72e06f508088c933485bfbfa222c82aab7fd0,339.134276349432,424.0430556307537,IV1;IV2;year_1;Region_1
B0,20,5,99,31,深圳,ce6ca82c326e584d8d688a7bedd72e06f508088c933485bfbfa222c82aab7fd0,159.7083409090909,866.8424791688179,IV1;IV2;year_1;Region_1
B0,20,5,99,33,澄迈,ce6ca82c326e584d8d688a7bedd72e06f508088c933485bfbfa222c82aab7fd0,647.861484375,333.5070972852063,IV1;IV2;year_1;Region_1
B1,1,1,0,4,东莞,ce6ca82c326e584d8d688a7bedd72e06f508088c933485bfbfa222c82aab7fd0,307.5424744318183,694.1602166896062,
B1,1,1,0,8,临高,ce6ca82c326e584d8d688a7bedd72e06f508088c933485bfbfa222c82aab7fd0,83.80276845703128,483.0797728410902,
B1,1,1,0,13,九江,ce6ca82c326e584d8d688a7bedd72e06f508088c933485bfbfa222c82aab7fd0,0.0,258.7689271607647,
B1,1,1,0,19,兰州,ce6ca82c326e584d8d688a7bedd72e06f508088c933485bfbfa222c82aab7fd0,32.85616429924242,355.45998117284535,
B1,1,1,0,24,屯昌,ce6ca82c326e584d8d688a7bedd72e06f508088c933485bfbfa222c82aab7fd0,273.4003661931819,359.49603837529435,
B1,1,1,0,25,广州,ce6ca82c326e584d8d688a7bedd72e06f508088c933485bfbfa222c82aab7fd0,164.1983198863636,699.1627659378878,
B1,1,1,0,29,汕头,ce6ca82c326e584d8d688a7bedd72e06f508088c933485bfbfa222c82aab7fd0,516.6316193181818,304.69631870291755,
B1,1,1,0,39,陵水,ce6ca82c326e584d8d688a7bedd72e06f508088c933485bfbfa222c82aab7fd0,337.1486134943182,504.56405379752783,
B1,1,1,0,40,韶关,ce6ca82c326e584d8d688a7bedd72e06f508088c933485bfbfa222c82aab7fd0,547.9050852272727,360.07580139075526,
B1,1,2,1,6,中卫,ce6ca82c326e584d8d688a7bedd72e06f508088c933485bfbfa222c82aab7fd0,31.05198382826678,306.9222049496533,
B1,1,2,1,9,丽水,ce6ca82c326e584d8d688a7bedd72e06f508088c933485bfbfa222c82aab7fd0,33.76567926136365,519.6038949415522,
B1,1,2,1,12,乐山,ce6ca82c326e584d8d688a7bedd72e06f508088c933485bfbfa222c82aab7fd0,45.02250000000001,243.34212871392216,
B1,1,2,1,15,佛山,ce6ca82c326e584d8d688a7bedd72e06f508088c933485bfbfa222c82aab7fd0,28.38274488636364,393.39088869976666,
B1,1,2,1,16,信阳,ce6ca82c326e584d8d688a7bedd72e06f508088c933485bfbfa222c82aab7fd0,244.6035494318183,593.6392497987698,
B1,1,2,1,17,儋州,ce6ca82c326e584d8d688a7bedd72e06f508088c933485bfbfa222c82aab7fd0,539.7352537592891,343.9632112939336,
B1,1,2,1,26,惠州,ce6ca82c326e584d8d688a7bedd72e06f508088c933485bfbfa222c82aab7fd0,253.6378448863636,272.5675997162018,
B1,1,2,1,32,清远,ce6ca82c326e584d8d688a7bedd72e06f508088c933485bfbfa222c82aab7fd0,375.720028409091,341.1266505667162,
B1,1,3,2,0,万宁,ce6ca82c326e584d8d688a7bedd72e06f508088c933485bfbfa222c82aab7fd0,148.9921240384616,337.9552297252418,
B1,1,3,2,1,上海,ce6ca82c326e584d8d688a7bedd72e06f508088c933485bfbfa222c82aab7fd0,2302.973933396464,454.89904769640066,
B1,1,3,2,5,东营,ce6ca82c326e584d8d688a7bedd72e06f508088c933485bfbfa222c82aab7fd0,425.3271014204544,197.0796643152655,
B1,1,3,2,11,乐东,ce6ca82c326e584d8d688a7bedd72e06f508088c933485bfbfa222c82aab7fd0,51.57938057753164,488.1998495872563,
B1,1,3,2,27,文昌,ce6ca82c326e584d8d688a7bedd72e06f508088c933485bfbfa222c82aab7fd0,273.4003661931818,371.5344192650066,
B1,1,3,2,30,海口,ce6ca82c326e584d8d688a7bedd72e06f508088c933485bfbfa222c82aab7fd0,339.134276349432,552.7843007995841,
B1,1,3,2,34,珠海,ce6ca82c326e584d8d688a7bedd72e06f508088c933485bfbfa222c82aab7fd0,1511.786079545455,397.53802799347096,
B1,1,3,2,35,琼中,ce6ca82c326e584d8d688a7bedd72e06f508088c933485bfbfa222c82aab7fd0,1106.44734375,245.9739236611402,
B1,1,4,3,2,上饶,ce6ca82c326e584d8d688a7bedd72e06f508088c933485bfbfa222c82aab7fd0,114.81355125,334.37989122268596,
B1,1,4,3,3,东方,ce6ca82c326e584d8d688a7bedd72e06f508088c933485bfbfa222c82aab7fd0,266.2529209872159,350.1515561222378,
B1,1,4,3,21,北海,ce6ca82c326e584d8d688a7bedd72e06f508088c933485bfbfa222c82aab7fd0,318.3245085227273,333.174383987052,
B1,1,4,3,23,定安,ce6ca82c326e584d8d688a7bedd72e06f508088c933485bfbfa222c82aab7fd0,273.4003661931819,382.91972575039034,
B1,1,4,3,31,深圳,ce6ca82c326e584d8d688a7bedd72e06f508088c933485bfbfa222c82aab7fd0,159.7083409090909,814.3392429960579,
B1,1,4,3,33,澄迈,ce6ca82c326e584d8d688a7bedd72e06f508088c933485bfbfa222c82aab7fd0,647.861484375,272.8140750517756,
B1,1,4,3,36,琼海,ce6ca82c326e584d8d688a7bedd72e06f508088c933485bfbfa222c82aab7fd0,1716.717565054688,434.6356839149538,
B1,1,4,3,37,白沙,ce6ca82c326e584d8d688a7bedd72e06f508088c933485bfbfa222c82aab7fd0,192.9951366477273,316.27324816696466,
B1,1,5,4,7,中山,ce6ca82c326e584d8d688a7bedd72e06f508088c933485bfbfa222c82aab7fd0,89.11043759098708,195.68933060458215,
B1,1,5,4,10,义乌,ce6ca82c326e584d8d688a7bedd72e06f508088c933485bfbfa222c82aab7fd0,7288.761349396308,468.13619698036246,
B1,1,5,4,14,五指山,ce6ca82c326e584d8d688a7bedd72e06f508088c933485bfbfa222c82aab7fd0,273.4003661931818,333.5250914978185,
B1,1,5,4,18,六安,ce6ca82c326e584d8d688a7bedd72e06f508088c933485bfbfa222c82aab7fd0,8.639045028409095,551.9682229444031,
B1,1,5,4,20,北京,ce6ca82c326e584d8d688a7bedd72e06f508088c933485bfbfa222c82aab7fd0,291.2148675426136,306.8838688151522,
B1,1,5,4,22,合肥,ce6ca82c326e584d8d688a7bedd72e06f508088c933485bfbfa222c82aab7fd0,13.19625,280.49469195046413,
B1,1,5,4,28,昌江,ce6ca82c326e584d8d688a7bedd72e06f508088c933485bfbfa222c82aab7fd0,268.7138254261364,323.67271627539066,
B1,1,5,4,38,肇庆,ce6ca82c326e584d8d688a7bedd72e06f508088c933485bfbfa222c82aab7fd0,23.03745340909091,335.4375944470781,
B1,2,1,5,0,万宁,ce6ca82c326e584d8d688a7bedd72e06f508088c933485bfbfa222c82aab7fd0,148.9921240384616,347.287457376274,
B1,2,1,5,4,东莞,ce6ca82c326e584d8d688a7bedd72e06f508088c933485bfbfa222c82aab7fd0,307.5424744318183,217.27397825579922,
B1,2,1,5,10,义乌,ce6ca82c326e584d8d688a7bedd72e06f508088c933485bfbfa222c82aab7fd0,7288.761349396308,331.8124959125235,
B1,2,1,5,12,乐山,ce6ca82c326e584d8d688a7bedd72e06f508088c933485bfbfa222c82aab7fd0,45.02250000000001,231.45798392442276,
B1,2,1,5,18,六安,ce6ca82c326e584d8d688a7bedd72e06f508088c933485bfbfa222c82aab7fd0,8.639045028409095,560.6132189600514,
B1,2,1,5,23,定安,ce6ca82c326e584d8d688a7bedd72e06f508088c933485bfbfa222c82aab7fd0,273.4003661931819,366.0466434175115,
B1,2,1,5,26,惠州,ce6ca82c326e584d8d688a7bedd72e06f508088c933485bfbfa222c82aab7fd0,253.6378448863636,215.04031443368746,
B1,2,1,5,28,昌江,ce6ca82c326e584d8d688a7bedd72e06f508088c933485bfbfa222c82aab7fd0,268.7138254261364,320.3524258706866,
B1,2,1,5,34,珠海,ce6ca82c326e584d8d688a7bedd72e06f508088c933485bfbfa222c82aab7fd0,1511.786079545455,315.6640041545466,
B1,2,2,6,5,东营,ce6ca82c326e584d8d688a7bedd72e06f508088c933485bfbfa222c82aab7fd0,425.3271014204544,178.75931039069138,
B1,2,2,6,9,丽水,ce6ca82c326e584d8d688a7bedd72e06f508088c933485bfbfa222c82aab7fd0,33.76567926136365,502.0665738655306,
B1,2,2,6,15,佛山,ce6ca82c326e584d8d688a7bedd72e06f508088c933485bfbfa222c82aab7fd0,28.38274488636364,366.3469780950416,
B1,2,2,6,21,北海,ce6ca82c326e584d8d688a7bedd72e06f508088c933485bfbfa222c82aab7fd0,318.3245085227273,301.429579157907,
B1,2,2,6,22,合肥,ce6ca82c326e584d8d688a7bedd72e06f508088c933485bfbfa222c82aab7fd0,13.19625,434.4532652509704,
B1,2,2,6,31,深圳,ce6ca82c326e584d8d688a7bedd72e06f508088c933485bfbfa222c82aab7fd0,159.7083409090909,758.4999387426274,
B1,2,2,6,32,清远,ce6ca82c326e584d8d688a7bedd72e06f508088c933485bfbfa222c82aab7fd0,375.720028409091,233.68581510688972,
B1,2,2,6,36,琼海,ce6ca82c326e584d8d688a7bedd72e06f508088c933485bfbfa222c82aab7fd0,1716.717565054688,457.99360180879256,
B1,2,3,7,2,上饶,ce6ca82c326e584d8d688a7bedd72e06f508088c933485bfbfa222c82aab7fd0,114.81355125,419.9476706755346,
B1,2,3,7,16,信阳,ce6ca82c326e584d8d688a7bedd72e06f508088c933485bfbfa222c82aab7fd0,244.6035494318183,451.6935901421695,
B1,2,3,7,20,北京,ce6ca82c326e584d8d688a7bedd72e06f508088c933485bfbfa222c82aab7fd0,291.2148675426136,519.2770727922333,
B1,2,3,7,29,汕头,ce6ca82c326e584d8d688a7bedd72e06f508088c933485bfbfa222c82aab7fd0,516.6316193181818,220.21687481174084,
B1,2,3,7,33,澄迈,ce6ca82c326e584d8d688a7bedd72e06f508088c933485bfbfa222c82aab7fd0,647.861484375,251.45706742505817,
B1,2,3,7,35,琼中,ce6ca82c326e584d8d688a7bedd72e06f508088c933485bfbfa222c82aab7fd0,1106.44734375,213.113949466943,
B1,2,3,7,37,白沙,ce6ca82c326e584d8d688a7bedd72e06f508088c933485bfbfa222c82aab7fd0,192.9951366477273,259.2853229189488,
B1,2,3,7,39,陵水,ce6ca82c326e584d8d688a7bedd72e06f508088c933485bfbfa222c82aab7fd0,337.1486134943182,426.7470565556878,
B1,2,4,8,1,上海,ce6ca82c326e584d8d688a7bedd72e06f508088c933485bfbfa222c82aab7fd0,2302.973933396464,543.1221120822447,
B1,2,4,8,6,中卫,ce6ca82c326e584d8d688a7bedd72e06f508088c933485bfbfa222c82aab7fd0,31.05198382826678,387.5259575936798,
B1,2,4,8,7,中山,ce6ca82c326e584d8d688a7bedd72e06f508088c933485bfbfa222c82aab7fd0,89.11043759098708,226.43978360529775,
B1,2,4,8,11,乐东,ce6ca82c326e584d8d688a7bedd72e06f508088c933485bfbfa222c82aab7fd0,51.57938057753164,536.8779510770255,
B1,2,4,8,14,五指山,ce6ca82c326e584d8d688a7bedd72e06f508088c933485bfbfa222c82aab7fd0,273.4003661931818,426.0530713911812,
B1,2,4,8,19,兰州,ce6ca82c326e584d8d688a7bedd72e06f508088c933485bfbfa222c82aab7fd0,32.85616429924242,378.64490127281636,
B1,2,4,8,27,文昌,ce6ca82c326e584d8d688a7bedd72e06f508088c933485bfbfa222c82aab7fd0,273.4003661931818,521.5968413098472,
B1,2,4,8,30,海口,ce6ca82c326e584d8d688a7bedd72e06f508088c933485bfbfa222c82aab7fd0,339.134276349432,487.60502177026353,
B1,2,5,9,3,东方,ce6ca82c326e584d8d688a7bedd72e06f508088c933485bfbfa222c82aab7fd0,266.2529209872159,391.91151966761,
B1,2,5,9,8,临高,ce6ca82c326e584d8d688a7bedd72e06f508088c933485bfbfa222c82aab7fd0,83.80276845703128,497.5957855760728,
B1,2,5,9,13,九江,ce6ca82c326e584d8d688a7bedd72e06f508088c933485bfbfa222c82aab7fd0,0.0,277.9220335765756,
B1,2,5,9,17,儋州,ce6ca82c326e584d8d688a7bedd72e06f508088c933485bfbfa222c82aab7fd0,539.7352537592891,495.8885585944619,
B1,2,5,9,24,屯昌,ce6ca82c326e584d8d688a7bedd72e06f508088c933485bfbfa222c82aab7fd0,273.4003661931819,375.684636105141,
B1,2,5,9,25,广州,ce6ca82c326e584d8d688a7bedd72e06f508088c933485bfbfa222c82aab7fd0,164.1983198863636,641.4647255132264,
B1,2,5,9,38,肇庆,ce6ca82c326e584d8d688a7bedd72e06f508088c933485bfbfa222c82aab7fd0,23.03745340909091,301.19544481226535,
B1,2,5,9,40,韶关,ce6ca82c326e584d8d688a7bedd72e06f508088c933485bfbfa222c82aab7fd0,547.9050852272727,373.2515726588954,
B1,3,1,10,1,上海,ce6ca82c326e584d8d688a7bedd72e06f508088c933485bfbfa222c82aab7fd0,2302.973933396464,539.4649402190016,
B1,3,1,10,3,东方,ce6ca82c326e584d8d688a7bedd72e06f508088c933485bfbfa222c82aab7fd0,266.2529209872159,358.36202658096397,
B1,3,1,10,5,东营,ce6ca82c326e584d8d688a7bedd72e06f508088c933485bfbfa222c82aab7fd0,425.3271014204544,237.05565770798452,
B1,3,1,10,13,九江,ce6ca82c326e584d8d688a7bedd72e06f508088c933485bfbfa222c82aab7fd0,0.0,265.35916435562365,
B1,3,1,10,21,北海,ce6ca82c326e584d8d688a7bedd72e06f508088c933485bfbfa222c82aab7fd0,318.3245085227273,346.61931764996615,
B1,3,1,10,22,合肥,ce6ca82c326e584d8d688a7bedd72e06f508088c933485bfbfa222c82aab7fd0,13.19625,308.02719903727575,
B1,3,1,10,31,深圳,ce6ca82c326e584d8d688a7bedd72e06f508088c933485bfbfa222c82aab7fd0,159.7083409090909,556.2929952024502,
B1,3,1,10,38,肇庆,ce6ca82c326e584d8d688a7bedd72e06f508088c933485bfbfa222c82aab7fd0,23.03745340909091,318.96229108575477,
B1,3,1,10,40,韶关,ce6ca82c326e584d8d688a7bedd72e06f508088c933485bfbfa222c82aab7fd0,547.9050852272727,275.8486002377688,
B1,3,2,11,4,东莞,ce6ca82c326e584d8d688a7bedd72e06f508088c933485bfbfa222c82aab7fd0,307.5424744318183,584.2133990497152,
B1,3,2,11,9,丽水,ce6ca82c326e584d8d688a7bedd72e06f508088c933485bfbfa222c82aab7fd0,33.76567926136365,528.1686484007066,
B1,3,2,11,12,乐山,ce6ca82c326e584d8d688a7bedd72e06f508088c933485bfbfa222c82aab7fd0,45.02250000000001,190.75266839096625,
B1,3,2,11,26,惠州,ce6ca82c326e584d8d688a7bedd72e06f508088c933485bfbfa222c82aab7fd0,253.6378448863636,235.53287368654262,
B1,3,2,11,29,汕头,ce6ca82c326e584d8d688a7bedd72e06f508088c933485bfbfa222c82aab7fd0,516.6316193181818,255.71950794034134,
B1,3,2,11,30,海口,ce6ca82c326e584d8d688a7bedd72e06f508088c933485bfbfa222c82aab7fd0,339.134276349432,740.7775122054462,
B1,3,2,11,33,澄迈,ce6ca82c326e584d8d688a7bedd72e06f508088c933485bfbfa222c82aab7fd0,647.861484375,247.96764942701353,
B1,3,2,11,39,陵水,ce6ca82c326e584d8d688a7bedd72e06f508088c933485bfbfa222c82aab7fd0,337.1486134943182,514.0843540126085,
B1,3,3,12,2,上饶,ce6ca82c326e584d8d688a7bedd72e06f508088c933485bfbfa222c82aab7fd0,114.81355125,305.28326738058655,
B1,3,3,12,10,义乌,ce6ca82c326e584d8d688a7bedd72e06f508088c933485bfbfa222c82aab7fd0,7288.761349396308,311.151888610364,
B1,3,3,12,16,信阳,ce6ca82c326e584d8d688a7bedd72e06f508088c933485bfbfa222c82aab7fd0,244.6035494318183,337.3306653565206,
B1,3,3,12,18,六安,ce6ca82c326e584d8d688a7bedd72e06f508088c933485bfbfa222c82aab7fd0,8.639045028409095,380.28204300938097,
B1,3,3,12,19,兰州,ce6ca82c326e584d8d688a7bedd72e06f508088c933485bfbfa222c82aab7fd0,32.85616429924242,218.15928341536411,
B1,3,3,12,27,文昌,ce6ca82c326e584d8d688a7bedd72e06f508088c933485bfbfa222c82aab7fd0,273.4003661931818,338.48726527214376,
B1,3,3,12,34,珠海,ce6ca82c326e584d8d688a7bedd72e06f508088c933485bfbfa222c82aab7fd0,1511.786079545455,313.8977815933798,
B1,3,3,12,36,琼海,ce6ca82c326e584d8d688a7bedd72e06f508088c933485bfbfa222c82aab7fd0,1716.717565054688,321.35793009953545,
B1,3,4,13,0,万宁,ce6ca82c326e584d8d688a7bedd72e06f508088c933485bfbfa222c82aab7fd0,148.9921240384616,404.6729324935328,
B1,3,4,13,6,中卫,ce6ca82c326e584d8d688a7bedd72e06f508088c933485bfbfa222c82aab7fd0,31.05198382826678,291.8785606965895,
B1,3,4,13,7,中山,ce6ca82c326e584d8d688a7bedd72e06f508088c933485bfbfa222c82aab7fd0,89.11043759098708,165.05160857353857,
B1,3,4,13,8,临高,ce6ca82c326e584d8d688a7bedd72e06f508088c933485bfbfa222c82aab7fd0,83.80276845703128,436.1041237454081,
B1,3,4,13,11,乐东,ce6ca82c326e584d8d688a7bedd72e06f508088c933485bfbfa222c82aab7fd0,51.57938057753164,615.1536527870873,
B1,3,4,13,32,清远,ce6ca82c326e584d8d688a7bedd72e06f508088c933485bfbfa222c82aab7fd0,375.720028409091,258.859962916006,
B1,3,4,13,35,琼中,ce6ca82c326e584d8d688a7bedd72e06f508088c933485bfbfa222c82aab7fd0,1106.44734375,298.63451730515874,
B1,3,4,13,37,白沙,ce6ca82c326e584d8d688a7bedd72e06f508088c933485bfbfa222c82aab7fd0,192.9951366477273,361.15430853816406,
B1,3,5,14,14,五指山,ce6ca82c326e584d8d688a7bedd72e06f508088c933485bfbfa222c82aab7fd0,273.4003661931818,436.2064131177405,
B1,3,5,14,15,佛山,ce6ca82c326e584d8d688a7bedd72e06f508088c933485bfbfa222c82aab7fd0,28.38274488636364,420.62979183343475,
B1,3,5,14,17,儋州,ce6ca82c326e584d8d688a7bedd72e06f508088c933485bfbfa222c82aab7fd0,539.7352537592891,401.68506391425484,
B1,3,5,14,20,北京,ce6ca82c326e584d8d688a7bedd72e06f508088c933485bfbfa222c82aab7fd0,291.2148675426136,645.6080764598391,
B1,3,5,14,23,定安,ce6ca82c326e584d8d688a7bedd72e06f508088c933485bfbfa222c82aab7fd0,273.4003661931819,465.5183584275408,
B1,3,5,14,24,屯昌,ce6ca82c326e584d8d688a7bedd72e06f508088c933485bfbfa222c82aab7fd0,273.4003661931819,406.9100627062102,
B1,3,5,14,25,广州,ce6ca82c326e584d8d688a7bedd72e06f508088c933485bfbfa222c82aab7fd0,164.1983198863636,677.8640592783261,
B1,3,5,14,28,昌江,ce6ca82c326e584d8d688a7bedd72e06f508088c933485bfbfa222c82aab7fd0,268.7138254261364,334.3925702104833,
B1,4,1,15,1,上海,ce6ca82c326e584d8d688a7bedd72e06f508088c933485bfbfa222c82aab7fd0,2302.973933396464,540.1580689809366,
B1,4,1,15,5,东营,ce6ca82c326e584d8d688a7bedd72e06f508088c933485bfbfa222c82aab7fd0,425.3271014204544,195.98304799711906,
B1,4,1,15,7,中山,ce6ca82c326e584d8d688a7bedd72e06f508088c933485bfbfa222c82aab7fd0,89.11043759098708,125.41707119801644,
B1,4,1,15,11,乐东,ce6ca82c326e584d8d688a7bedd72e06f508088c933485bfbfa222c82aab7fd0,51.57938057753164,496.9429495584705,
B1,4,1,15,17,儋州,ce6ca82c326e584d8d688a7bedd72e06f508088c933485bfbfa222c82aab7fd0,539.7352537592891,468.5882729209459,
B1,4,1,15,23,定安,ce6ca82c326e584d8d688a7bedd72e06f508088c933485bfbfa222c82aab7fd0,273.4003661931819,451.276262350155,
B1,4,1,15,27,文昌,ce6ca82c326e584d8d688a7bedd72e06f508088c933485bfbfa222c82aab7fd0,273.4003661931818,482.68101002548207,
B1,4,1,15,29,汕头,ce6ca82c326e584d8d688a7bedd72e06f508088c933485bfbfa222c82aab7fd0,516.6316193181818,281.50925804664337,
B1,4,1,15,38,肇庆,ce6ca82c326e584d8d688a7bedd72e06f508088c933485bfbfa222c82aab7fd0,23.03745340909091,388.494053489547,
B1,4,2,16,10,义乌,ce6ca82c326e584d8d688a7bedd72e06f508088c933485bfbfa222c82aab7fd0,7288.761349396308,488.7207702891514,
B1,4,2,16,15,佛山,ce6ca82c326e584d8d688a7bedd72e06f508088c933485bfbfa222c82aab7fd0,28.38274488636364,348.2711059653146,
B1,4,2,16,19,兰州,ce6ca82c326e584d8d688a7bedd72e06f508088c933485bfbfa222c82aab7fd0,32.85616429924242,264.73675345473237,
B1,4,2,16,20,北京,ce6ca82c326e584d8d688a7bedd72e06f508088c933485bfbfa222c82aab7fd0,291.2148675426136,383.3046033591403,
B1,4,2,16,21,北海,ce6ca82c326e584d8d688a7bedd72e06f508088c933485bfbfa222c82aab7fd0,318.3245085227273,288.11598033120345,
B1,4,2,16,24,屯昌,ce6ca82c326e584d8d688a7bedd72e06f508088c933485bfbfa222c82aab7fd0,273.4003661931819,305.7167944822013,
B1,4,2,16,31,深圳,ce6ca82c326e584d8d688a7bedd72e06f508088c933485bfbfa222c82aab7fd0,159.7083409090909,470.15139932785365,
B1,4,2,16,35,琼中,ce6ca82c326e584d8d688a7bedd72e06f508088c933485bfbfa222c82aab7fd0,1106.44734375,244.54375666364552,
B1,4,3,17,3,东方,ce6ca82c326e584d8d688a7bedd72e06f508088c933485bfbfa222c82aab7fd0,266.2529209872159,402.6794372128562,
B1,4,3,17,9,丽水,ce6ca82c326e584d8d688a7bedd72e06f508088c933485bfbfa222c82aab7fd0,33.76567926136365,595.3905238284095,
B1,4,3,17,12,乐山,ce6ca82c326e584d8d688a7bedd72e06f508088c933485bfbfa222c82aab7fd0,45.02250000000001,222.05049764785915,
B1,4,3,17,16,信阳,ce6ca82c326e584d8d688a7bedd72e06f508088c933485bfbfa222c82aab7fd0,244.6035494318183,666.1240627442426,
B1,4,3,17,18,六安,ce6ca82c326e584d8d688a7bedd72e06f508088c933485bfbfa222c82aab7fd0,8.639045028409095,778.9144936486204,
B1,4,3,17,28,昌江,ce6ca82c326e584d8d688a7bedd72e06f508088c933485bfbfa222c82aab7fd0,268.7138254261364,356.0495614483036,
B1,4,3,17,32,清远,ce6ca82c326e584d8d688a7bedd72e06f508088c933485bfbfa222c82aab7fd0,375.720028409091,322.6829386587805,
B1,4,3,17,33,澄迈,ce6ca82c326e584d8d688a7bedd72e06f508088c933485bfbfa222c82aab7fd0,647.861484375,322.1276067514213,
B1,4,4,18,6,中卫,ce6ca82c326e584d8d688a7bedd72e06f508088c933485bfbfa222c82aab7fd0,31.05198382826678,327.86612112877856,
B1,4,4,18,8,临高,ce6ca82c326e584d8d688a7bedd72e06f508088c933485bfbfa222c82aab7fd0,83.80276845703128,466.41188469096755,
B1,4,4,18,14,五指山,ce6ca82c326e584d8d688a7bedd72e06f508088c933485bfbfa222c82aab7fd0,273.4003661931818,462.178049291527,
B1,4,4,18,22,合肥,ce6ca82c326e584d8d688a7bedd72e06f508088c933485bfbfa222c82aab7fd0,13.19625,421.17890187777414,
B1,4,4,18,25,广州,ce6ca82c326e584d8d688a7bedd72e06f508088c933485bfbfa222c82aab7fd0,164.1983198863636,708.5599012317488,
B1,4,4,18,26,惠州,ce6ca82c326e584d8d688a7bedd72e06f508088c933485bfbfa222c82aab7fd0,253.6378448863636,295.8852491419099,
B1,4,4,18,30,海口,ce6ca82c326e584d8d688a7bedd72e06f508088c933485bfbfa222c82aab7fd0,339.134276349432,634.6219412662276,
B1,4,4,18,37,白沙,ce6ca82c326e584d8d688a7bedd72e06f508088c933485bfbfa222c82aab7fd0,192.9951366477273,395.9022877440466,
B1,4,5,19,0,万宁,ce6ca82c326e584d8d688a7bedd72e06f508088c933485bfbfa222c82aab7fd0,148.9921240384616,422.64043419683446,
B1,4,5,19,2,上饶,ce6ca82c326e584d8d688a7bedd72e06f508088c933485bfbfa222c82aab7fd0,114.81355125,334.49581483829746,
B1,4,5,19,4,东莞,ce6ca82c326e584d8d688a7bedd72e06f508088c933485bfbfa222c82aab7fd0,307.5424744318183,466.443767915742,
B1,4,5,19,13,九江,ce6ca82c326e584d8d688a7bedd72e06f508088c933485bfbfa222c82aab7fd0,0.0,282.9750478246896,
B1,4,5,19,34,珠海,ce6ca82c326e584d8d688a7bedd72e06f508088c933485bfbfa222c82aab7fd0,1511.786079545455,591.9511246881561,
B1,4,5,19,36,琼海,ce6ca82c326e584d8d688a7bedd72e06f508088c933485bfbfa222c82aab7fd0,1716.717565054688,423.0827752630235,
B1,4,5,19,39,陵水,ce6ca82c326e584d8d688a7bedd72e06f508088c933485bfbfa222c82aab7fd0,337.1486134943182,410.7138244819969,
B1,4,5,19,40,韶关,ce6ca82c326e584d8d688a7bedd72e06f508088c933485bfbfa222c82aab7fd0,547.9050852272727,318.73071578659,
B1,5,1,20,1,上海,ce6ca82c326e584d8d688a7bedd72e06f508088c933485bfbfa222c82aab7fd0,2302.973933396464,291.6303410568719,
B1,5,1,20,13,九江,ce6ca82c326e584d8d688a7bedd72e06f508088c933485bfbfa222c82aab7fd0,0.0,289.00461061120996,
B1,5,1,20,16,信阳,ce6ca82c326e584d8d688a7bedd72e06f508088c933485bfbfa222c82aab7fd0,244.6035494318183,416.594986795396,
B1,5,1,20,17,儋州,ce6ca82c326e584d8d688a7bedd72e06f508088c933485bfbfa222c82aab7fd0,539.7352537592891,361.9724206416739,
B1,5,1,20,18,六安,ce6ca82c326e584d8d688a7bedd72e06f508088c933485bfbfa222c82aab7fd0,8.639045028409095,521.8826657852445,
B1,5,1,20,23,定安,ce6ca82c326e584d8d688a7bedd72e06f508088c933485bfbfa222c82aab7fd0,273.4003661931819,409.7079857751902,
B1,5,1,20,28,昌江,ce6ca82c326e584d8d688a7bedd72e06f508088c933485bfbfa222c82aab7fd0,268.7138254261364,407.6323603912238,
B1,5,1,20,34,珠海,ce6ca82c326e584d8d688a7bedd72e06f508088c933485bfbfa222c82aab7fd0,1511.786079545455,381.25055519618803,
B1,5,1,20,36,琼海,ce6ca82c326e584d8d688a7bedd72e06f508088c933485bfbfa222c82aab7fd0,1716.717565054688,429.3384701394567,
B1,5,2,21,3,东方,ce6ca82c326e584d8d688a7bedd72e06f508088c933485bfbfa222c82aab7fd0,266.2529209872159,390.44628316681303,
B1,5,2,21,11,乐东,ce6ca82c326e584d8d688a7bedd72e06f508088c933485bfbfa222c82aab7fd0,51.57938057753164,565.1403453594581,
B1,5,2,21,14,五指山,ce6ca82c326e584d8d688a7bedd72e06f508088c933485bfbfa222c82aab7fd0,273.4003661931818,428.12954634752583,
B1,5,2,21,15,佛山,ce6ca82c326e584d8d688a7bedd72e06f508088c933485bfbfa222c82aab7fd0,28.38274488636364,430.636014898991,
B1,5,2,21,20,北京,ce6ca82c326e584d8d688a7bedd72e06f508088c933485bfbfa222c82aab7fd0,291.2148675426136,618.0218676890715,
B1,5,2,21,21,北海,ce6ca82c326e584d8d688a7bedd72e06f508088c933485bfbfa222c82aab7fd0,318.3245085227273,361.11253535582443,
B1,5,2,21,22,合肥,ce6ca82c326e584d8d688a7bedd72e06f508088c933485bfbfa222c82aab7fd0,13.19625,394.72509097039085,
B1,5,2,21,35,琼中,ce6ca82c326e584d8d688a7bedd72e06f508088c933485bfbfa222c82aab7fd0,1106.44734375,288.9339593345499,
B1,5,3,22,2,上饶,ce6ca82c326e584d8d688a7bedd72e06f508088c933485bfbfa222c82aab7fd0,114.81355125,387.26653587099946,
B1,5,3,22,4,东莞,ce6ca82c326e584d8d688a7bedd72e06f508088c933485bfbfa222c82aab7fd0,307.5424744318183,715.254555856684,
B1,5,3,22,6,中卫,ce6ca82c326e584d8d688a7bedd72e06f508088c933485bfbfa222c82aab7fd0,31.05198382826678,268.4451778382553,
B1,5,3,22,7,中山,ce6ca82c326e584d8d688a7bedd72e06f508088c933485bfbfa222c82aab7fd0,89.11043759098708,237.6941921287088,
B1,5,3,22,9,丽水,ce6ca82c326e584d8d688a7bedd72e06f508088c933485bfbfa222c82aab7fd0,33.76567926136365,559.6528322296522,
B1,5,3,22,25,广州,ce6ca82c326e584d8d688a7bedd72e06f508088c933485bfbfa222c82aab7fd0,164.1983198863636,754.1763400903569,
B1,5,3,22,31,深圳,ce6ca82c326e584d8d688a7bedd72e06f508088c933485bfbfa222c82aab7fd0,159.7083409090909,841.5338671603548,
B1,5,3,22,40,韶关,ce6ca82c326e584d8d688a7bedd72e06f508088c933485bfbfa222c82aab7fd0,547.9050852272727,438.50098329140206,
B1,5,4,23,0,万宁,ce6ca82c326e584d8d688a7bedd72e06f508088c933485bfbfa222c82aab7fd0,148.9921240384616,482.429823249947,
B1,5,4,23,8,临高,ce6ca82c326e584d8d688a7bedd72e06f508088c933485bfbfa222c82aab7fd0,83.80276845703128,442.93604274824816,
B1,5,4,23,12,乐山,ce6ca82c326e584d8d688a7bedd72e06f508088c933485bfbfa222c82aab7fd0,45.02250000000001,224.73302043504103,
B1,5,4,23,26,惠州,ce6ca82c326e584d8d688a7bedd72e06f508088c933485bfbfa222c82aab7fd0,253.6378448863636,263.86855316897714,
B1,5,4,23,30,海口,ce6ca82c326e584d8d688a7bedd72e06f508088c933485bfbfa222c82aab7fd0,339.134276349432,566.6469932049268,
B1,5,4,23,32,清远,ce6ca82c326e584d8d688a7bedd72e06f508088c933485bfbfa222c82aab7fd0,375.720028409091,273.9288617784431,
B1,5,4,23,33,澄迈,ce6ca82c326e584d8d688a7bedd72e06f508088c933485bfbfa222c82aab7fd0,647.861484375,374.10101430815416,
B1,5,4,23,37,白沙,ce6ca82c326e584d8d688a7bedd72e06f508088c933485bfbfa222c82aab7fd0,192.9951366477273,330.6095790765663,
B1,5,5,24,5,东营,ce6ca82c326e584d8d688a7bedd72e06f508088c933485bfbfa222c82aab7fd0,425.3271014204544,249.3150200330745,
B1,5,5,24,10,义乌,ce6ca82c326e584d8d688a7bedd72e06f508088c933485bfbfa222c82aab7fd0,7288.761349396308,399.2635471912875,
B1,5,5,24,19,兰州,ce6ca82c326e584d8d688a7bedd72e06f508088c933485bfbfa222c82aab7fd0,32.85616429924242,255.52843804321742,
B1,5,5,24,24,屯昌,ce6ca82c326e584d8d688a7bedd72e06f508088c933485bfbfa222c82aab7fd0,273.4003661931819,323.910465556701,
B1,5,5,24,27,文昌,ce6ca82c326e584d8d688a7bedd72e06f508088c933485bfbfa222c82aab7fd0,273.4003661931818,375.9398984323192,
B1,5,5,24,29,汕头,ce6ca82c326e584d8d688a7bedd72e06f508088c933485bfbfa222c82aab7fd0,516.6316193181818,273.86746729968667,
B1,5,5,24,38,肇庆,ce6ca82c326e584d8d688a7bedd72e06f508088c933485bfbfa222c82aab7fd0,23.03745340909091,276.26446492215746,
B1,5,5,24,39,陵水,ce6ca82c326e584d8d688a7bedd72e06f508088c933485bfbfa222c82aab7fd0,337.1486134943182,370.82485338259494,
B1,6,1,25,6,中卫,ce6ca82c326e584d8d688a7bedd72e06f508088c933485bfbfa222c82aab7fd0,31.05198382826678,321.13265341055285,
B1,6,1,25,7,中山,ce6ca82c326e584d8d688a7bedd72e06f508088c933485bfbfa222c82aab7fd0,89.11043759098708,267.4579516694061,
B1,6,1,25,9,丽水,ce6ca82c326e584d8d688a7bedd72e06f508088c933485bfbfa222c82aab7fd0,33.76567926136365,447.9975392147938,
B1,6,1,25,12,乐山,ce6ca82c326e584d8d688a7bedd72e06f508088c933485bfbfa222c82aab7fd0,45.02250000000001,275.7126322405868,
B1,6,1,25,13,九江,ce6ca82c326e584d8d688a7bedd72e06f508088c933485bfbfa222c82aab7fd0,0.0,320.5263595648952,
B1,6,1,25,17,儋州,ce6ca82c326e584d8d688a7bedd72e06f508088c933485bfbfa222c82aab7fd0,539.7352537592891,328.9460033505248,
B1,6,1,25,23,定安,ce6ca82c326e584d8d688a7bedd72e06f508088c933485bfbfa222c82aab7fd0,273.4003661931819,383.33191583149846,
B1,6,1,25,29,汕头,ce6ca82c326e584d8d688a7bedd72e06f508088c933485bfbfa222c82aab7fd0,516.6316193181818,323.44246380202515,
B1,6,1,25,39,陵水,ce6ca82c326e584d8d688a7bedd72e06f508088c933485bfbfa222c82aab7fd0,337.1486134943182,430.6931543824125,
B1,6,2,26,8,临高,ce6ca82c326e584d8d688a7bedd72e06f508088c933485bfbfa222c82aab7fd0,83.80276845703128,433.82043959032626,
B1,6,2,26,14,五指山,ce6ca82c326e584d8d688a7bedd72e06f508088c933485bfbfa222c82aab7fd0,273.4003661931818,389.8797970917702,
B1,6,2,26,15,佛山,ce6ca82c326e584d8d688a7bedd72e06f508088c933485bfbfa222c82aab7fd0,28.38274488636364,417.3327038367853,
B1,6,2,26,19,兰州,ce6ca82c326e584d8d688a7bedd72e06f508088c933485bfbfa222c82aab7fd0,32.85616429924242,364.4237094829876,
B1,6,2,26,21,北海,ce6ca82c326e584d8d688a7bedd72e06f508088c933485bfbfa222c82aab7fd0,318.3245085227273,326.7261412868074,
B1,6,2,26,26,惠州,ce6ca82c326e584d8d688a7bedd72e06f508088c933485bfbfa222c82aab7fd0,253.6378448863636,319.4992370621702,
B1,6,2,26,30,海口,ce6ca82c326e584d8d688a7bedd72e06f508088c933485bfbfa222c82aab7fd0,339.134276349432,560.3307634044644,
B1,6,2,26,34,珠海,ce6ca82c326e584d8d688a7bedd72e06f508088c933485bfbfa222c82aab7fd0,1511.786079545455,557.0457802166678,
B1,6,3,27,3,东方,ce6ca82c326e584d8d688a7bedd72e06f508088c933485bfbfa222c82aab7fd0,266.2529209872159,322.92695026062506,
B1,6,3,27,4,东莞,ce6ca82c326e584d8d688a7bedd72e06f508088c933485bfbfa222c82aab7fd0,307.5424744318183,293.0203341122581,
B1,6,3,27,5,东营,ce6ca82c326e584d8d688a7bedd72e06f508088c933485bfbfa222c82aab7fd0,425.3271014204544,194.25276787903246,
B1,6,3,27,10,义乌,ce6ca82c326e584d8d688a7bedd72e06f508088c933485bfbfa222c82aab7fd0,7288.761349396308,432.8070179583456,
B1,6,3,27,24,屯昌,ce6ca82c326e584d8d688a7bedd72e06f508088c933485bfbfa222c82aab7fd0,273.4003661931819,341.3225144729153,
B1,6,3,27,28,昌江,ce6ca82c326e584d8d688a7bedd72e06f508088c933485bfbfa222c82aab7fd0,268.7138254261364,235.1059239768347,
B1,6,3,27,33,澄迈,ce6ca82c326e584d8d688a7bedd72e06f508088c933485bfbfa222c82aab7fd0,647.861484375,241.1414486149819,
B1,6,3,27,37,白沙,ce6ca82c326e584d8d688a7bedd72e06f508088c933485bfbfa222c82aab7fd0,192.9951366477273,278.4935944543577,
B1,6,4,28,0,万宁,ce6ca82c326e584d8d688a7bedd72e06f508088c933485bfbfa222c82aab7fd0,148.9921240384616,495.84531080147934,
B1,6,4,28,11,乐东,ce6ca82c326e584d8d688a7bedd72e06f508088c933485bfbfa222c82aab7fd0,51.57938057753164,621.0078651305338,
B1,6,4,28,18,六安,ce6ca82c326e584d8d688a7bedd72e06f508088c933485bfbfa222c82aab7fd0,8.639045028409095,608.1348330460881,
B1,6,4,28,20,北京,ce6ca82c326e584d8d688a7bedd72e06f508088c933485bfbfa222c82aab7fd0,291.2148675426136,770.3472746435257,
B1,6,4,28,25,广州,ce6ca82c326e584d8d688a7bedd72e06f508088c933485bfbfa222c82aab7fd0,164.1983198863636,816.9242286734445,
B1,6,4,28,31,深圳,ce6ca82c326e584d8d688a7bedd72e06f508088c933485bfbfa222c82aab7fd0,159.7083409090909,946.935593781717,
B1,6,4,28,32,清远,ce6ca82c326e584d8d688a7bedd72e06f508088c933485bfbfa222c82aab7fd0,375.720028409091,244.45152956482391,
B1,6,4,28,35,琼中,ce6ca82c326e584d8d688a7bedd72e06f508088c933485bfbfa222c82aab7fd0,1106.44734375,293.14477705261146,
B1,6,5,29,1,上海,ce6ca82c326e584d8d688a7bedd72e06f508088c933485bfbfa222c82aab7fd0,2302.973933396464,477.4394495680364,
B1,6,5,29,2,上饶,ce6ca82c326e584d8d688a7bedd72e06f508088c933485bfbfa222c82aab7fd0,114.81355125,360.7362884827905,
B1,6,5,29,16,信阳,ce6ca82c326e584d8d688a7bedd72e06f508088c933485bfbfa222c82aab7fd0,244.6035494318183,394.2306295250607,
B1,6,5,29,22,合肥,ce6ca82c326e584d8d688a7bedd72e06f508088c933485bfbfa222c82aab7fd0,13.19625,264.50925380882006,
B1,6,5,29,27,文昌,ce6ca82c326e584d8d688a7bedd72e06f508088c933485bfbfa222c82aab7fd0,273.4003661931818,461.01493018581374,
B1,6,5,29,36,琼海,ce6ca82c326e584d8d688a7bedd72e06f508088c933485bfbfa222c82aab7fd0,1716.717565054688,386.1133413261414,
B1,6,5,29,38,肇庆,ce6ca82c326e584d8d688a7bedd72e06f508088c933485bfbfa222c82aab7fd0,23.03745340909091,329.03070026445283,
B1,6,5,29,40,韶关,ce6ca82c326e584d8d688a7bedd72e06f508088c933485bfbfa222c82aab7fd0,547.9050852272727,299.83855127390393,
B1,7,1,30,3,东方,ce6ca82c326e584d8d688a7bedd72e06f508088c933485bfbfa222c82aab7fd0,266.2529209872159,306.99966887362535,
B1,7,1,30,5,东营,ce6ca82c326e584d8d688a7bedd72e06f508088c933485bfbfa222c82aab7fd0,425.3271014204544,205.84650826213596,
B1,7,1,30,7,中山,ce6ca82c326e584d8d688a7bedd72e06f508088c933485bfbfa222c82aab7fd0,89.11043759098708,193.25056797239736,
B1,7,1,30,13,九江,ce6ca82c326e584d8d688a7bedd72e06f508088c933485bfbfa222c82aab7fd0,0.0,270.5522601560407,
B1,7,1,30,20,北京,ce6ca82c326e584d8d688a7bedd72e06f508088c933485bfbfa222c82aab7fd0,291.2148675426136,540.4821652160008,
B1,7,1,30,28,昌江,ce6ca82c326e584d8d688a7bedd72e06f508088c933485bfbfa222c82aab7fd0,268.7138254261364,270.19160229771495,
B1,7,1,30,29,汕头,ce6ca82c326e584d8d688a7bedd72e06f508088c933485bfbfa222c82aab7fd0,516.6316193181818,319.2907716723681,
B1,7,1,30,36,琼海,ce6ca82c326e584d8d688a7bedd72e06f508088c933485bfbfa222c82aab7fd0,1716.717565054688,377.1877213162393,
B1,7,1,30,40,韶关,ce6ca82c326e584d8d688a7bedd72e06f508088c933485bfbfa222c82aab7fd0,547.9050852272727,239.71443546644636,
B1,7,2,31,4,东莞,ce6ca82c326e584d8d688a7bedd72e06f508088c933485bfbfa222c82aab7fd0,307.5424744318183,654.9077977574508,
B1,7,2,31,8,临高,ce6ca82c326e584d8d688a7bedd72e06f508088c933485bfbfa222c82aab7fd0,83.80276845703128,408.19745595898115,
B1,7,2,31,12,乐山,ce6ca82c326e584d8d688a7bedd72e06f508088c933485bfbfa222c82aab7fd0,45.02250000000001,222.002814470995,
B1,7,2,31,14,五指山,ce6ca82c326e584d8d688a7bedd72e06f508088c933485bfbfa222c82aab7fd0,273.4003661931818,384.279727991452,
B1,7,2,31,21,北海,ce6ca82c326e584d8d688a7bedd72e06f508088c933485bfbfa222c82aab7fd0,318.3245085227273,341.9119819720228,
B1,7,2,31,25,广州,ce6ca82c326e584d8d688a7bedd72e06f508088c933485bfbfa222c82aab7fd0,164.1983198863636,705.8819152029133,
B1,7,2,31,26,惠州,ce6ca82c326e584d8d688a7bedd72e06f508088c933485bfbfa222c82aab7fd0,253.6378448863636,262.931514123559,
B1,7,2,31,33,澄迈,ce6ca82c326e584d8d688a7bedd72e06f508088c933485bfbfa222c82aab7fd0,647.861484375,367.6030989884611,
B1,7,3,32,1,上海,ce6ca82c326e584d8d688a7bedd72e06f508088c933485bfbfa222c82aab7fd0,2302.973933396464,535.7764082402457,
B1,7,3,32,11,乐东,ce6ca82c326e584d8d688a7bedd72e06f508088c933485bfbfa222c82aab7fd0,51.57938057753164,568.7242373907378,
B1,7,3,32,15,佛山,ce6ca82c326e584d8d688a7bedd72e06f508088c933485bfbfa222c82aab7fd0,28.38274488636364,309.0215797995601,
B1,7,3,32,16,信阳,ce6ca82c326e584d8d688a7bedd72e06f508088c933485bfbfa222c82aab7fd0,244.6035494318183,520.0142987853679,
B1,7,3,32,23,定安,ce6ca82c326e584d8d688a7bedd72e06f508088c933485bfbfa222c82aab7fd0,273.4003661931819,420.18000906713587,
B1,7,3,32,30,海口,ce6ca82c326e584d8d688a7bedd72e06f508088c933485bfbfa222c82aab7fd0,339.134276349432,608.6749622939859,
B1,7,3,32,34,珠海,ce6ca82c326e584d8d688a7bedd72e06f508088c933485bfbfa222c82aab7fd0,1511.786079545455,397.48777997425935,
B1,7,3,32,39,陵水,ce6ca82c326e584d8d688a7bedd72e06f508088c933485bfbfa222c82aab7fd0,337.1486134943182,388.86095822596155,
B1,7,4,33,2,上饶,ce6ca82c326e584d8d688a7bedd72e06f508088c933485bfbfa222c82aab7fd0,114.81355125,500.0218203451474,
B1,7,4,33,9,丽水,ce6ca82c326e584d8d688a7bedd72e06f508088c933485bfbfa222c82aab7fd0,33.76567926136365,550.2452053940174,
B1,7,4,33,22,合肥,ce6ca82c326e584d8d688a7bedd72e06f508088c933485bfbfa222c82aab7fd0,13.19625,350.47904512963004,
B1,7,4,33,24,屯昌,ce6ca82c326e584d8d688a7bedd72e06f508088c933485bfbfa222c82aab7fd0,273.4003661931819,350.70440166005943,
B1,7,4,33,27,文昌,ce6ca82c326e584d8d688a7bedd72e06f508088c933485bfbfa222c82aab7fd0,273.4003661931818,358.7695878433384,
B1,7,4,33,35,琼中,ce6ca82c326e584d8d688a7bedd72e06f508088c933485bfbfa222c82aab7fd0,1106.44734375,276.4026887183596,
B1,7,4,33,37,白沙,ce6ca82c326e584d8d688a7bedd72e06f508088c933485bfbfa222c82aab7fd0,192.9951366477273,321.69035071716473,
B1,7,4,33,38,肇庆,ce6ca82c326e584d8d688a7bedd72e06f508088c933485bfbfa222c82aab7fd0,23.03745340909091,371.9626438058999,
B1,7,5,34,0,万宁,ce6ca82c326e584d8d688a7bedd72e06f508088c933485bfbfa222c82aab7fd0,148.9921240384616,416.57821073729514,
B1,7,5,34,6,中卫,ce6ca82c326e584d8d688a7bedd72e06f508088c933485bfbfa222c82aab7fd0,31.05198382826678,332.05970007265535,
B1,7,5,34,10,义乌,ce6ca82c326e584d8d688a7bedd72e06f508088c933485bfbfa222c82aab7fd0,7288.761349396308,456.04577990268405,
B1,7,5,34,17,儋州,ce6ca82c326e584d8d688a7bedd72e06f508088c933485bfbfa222c82aab7fd0,539.7352537592891,348.14871938637197,
B1,7,5,34,18,六安,ce6ca82c326e584d8d688a7bedd72e06f508088c933485bfbfa222c82aab7fd0,8.639045028409095,540.5787049245685,
B1,7,5,34,19,兰州,ce6ca82c326e584d8d688a7bedd72e06f508088c933485bfbfa222c82aab7fd0,32.85616429924242,248.71261777210952,
B1,7,5,34,31,深圳,ce6ca82c326e584d8d688a7bedd72e06f508088c933485bfbfa222c82aab7fd0,159.7083409090909,431.5416257037747,
B1,7,5,34,32,清远,ce6ca82c326e584d8d688a7bedd72e06f508088c933485bfbfa222c82aab7fd0,375.720028409091,306.50305605411154,
B1,8,1,35,4,东莞,ce6ca82c326e584d8d688a7bedd72e06f508088c933485bfbfa222c82aab7fd0,307.5424744318183,610.3797307824503,
B1,8,1,35,9,丽水,ce6ca82c326e584d8d688a7bedd72e06f508088c933485bfbfa222c82aab7fd0,33.76567926136365,541.7424601470199,
B1,8,1,35,12,乐山,ce6ca82c326e584d8d688a7bedd72e06f508088c933485bfbfa222c82aab7fd0,45.02250000000001,216.96430641389577,
B1,8,1,35,16,信阳,ce6ca82c326e584d8d688a7bedd72e06f508088c933485bfbfa222c82aab7fd0,244.6035494318183,579.9773188101117,
B1,8,1,35,27,文昌,ce6ca82c326e584d8d688a7bedd72e06f508088c933485bfbfa222c82aab7fd0,273.4003661931818,388.3599565299232,
B1,8,1,35,29,汕头,ce6ca82c326e584d8d688a7bedd72e06f508088c933485bfbfa222c82aab7fd0,516.6316193181818,278.7156205164494,
B1,8,1,35,33,澄迈,ce6ca82c326e584d8d688a7bedd72e06f508088c933485bfbfa222c82aab7fd0,647.861484375,326.4364022497676,
B1,8,1,35,38,肇庆,ce6ca82c326e584d8d688a7bedd72e06f508088c933485bfbfa222c82aab7fd0,23.03745340909091,286.87638864442846,
B1,8,1,35,40,韶关,ce6ca82c326e584d8d688a7bedd72e06f508088c933485bfbfa222c82aab7fd0,547.9050852272727,523.612100555849,
B1,8,2,36,5,东营,ce6ca82c326e584d8d688a7bedd72e06f508088c933485bfbfa222c82aab7fd0,425.3271014204544,265.62608076411914,
B1,8,2,36,6,中卫,ce6ca82c326e584d8d688a7bedd72e06f508088c933485bfbfa222c82aab7fd0,31.05198382826678,271.45822904299945,
B1,8,2,36,10,义乌,ce6ca82c326e584d8d688a7bedd72e06f508088c933485bfbfa222c82aab7fd0,7288.761349396308,475.30092443713335,
B1,8,2,36,11,乐东,ce6ca82c326e584d8d688a7bedd72e06f508088c933485bfbfa222c82aab7fd0,51.57938057753164,603.049716084709,
B1,8,2,36,14,五指山,ce6ca82c326e584d8d688a7bedd72e06f508088c933485bfbfa222c82aab7fd0,273.4003661931818,441.1802143306407,
B1,8,2,36,18,六安,ce6ca82c326e584d8d688a7bedd72e06f508088c933485bfbfa222c82aab7fd0,8.639045028409095,530.3460459525525,
B1,8,2,36,20,北京,ce6ca82c326e584d8d688a7bedd72e06f508088c933485bfbfa222c82aab7fd0,291.2148675426136,282.3630467477674,
B1,8,2,36,26,惠州,ce6ca82c326e584d8d688a7bedd72e06f508088c933485bfbfa222c82aab7fd0,253.6378448863636,222.4389190747782,
B1,8,3,37,0,万宁,ce6ca82c326e584d8d688a7bedd72e06f508088c933485bfbfa222c82aab7fd0,148.9921240384616,628.0815559180068,
B1,8,3,37,3,东方,ce6ca82c326e584d8d688a7bedd72e06f508088c933485bfbfa222c82aab7fd0,266.2529209872159,416.4962137797867,
B1,8,3,37,7,中山,ce6ca82c326e584d8d688a7bedd72e06f508088c933485bfbfa222c82aab7fd0,89.11043759098708,252.22068833666853,
B1,8,3,37,8,临高,ce6ca82c326e584d8d688a7bedd72e06f508088c933485bfbfa222c82aab7fd0,83.80276845703128,469.18303286195584,
B1,8,3,37,22,合肥,ce6ca82c326e584d8d688a7bedd72e06f508088c933485bfbfa222c82aab7fd0,13.19625,481.14016422225296,
B1,8,3,37,23,定安,ce6ca82c326e584d8d688a7bedd72e06f508088c933485bfbfa222c82aab7fd0,273.4003661931819,466.2124689622194,
B1,8,3,37,25,广州,ce6ca82c326e584d8d688a7bedd72e06f508088c933485bfbfa222c82aab7fd0,164.1983198863636,673.5768146291639,
B1,8,3,37,30,海口,ce6ca82c326e584d8d688a7bedd72e06f508088c933485bfbfa222c82aab7fd0,339.134276349432,656.6352887745885,
B1,8,4,38,1,上海,ce6ca82c326e584d8d688a7bedd72e06f508088c933485bfbfa222c82aab7fd0,2302.973933396464,609.7378594525146,
B1,8,4,38,2,上饶,ce6ca82c326e584d8d688a7bedd72e06f508088c933485bfbfa222c82aab7fd0,114.81355125,351.9511699843953,
B1,8,4,38,13,九江,ce6ca82c326e584d8d688a7bedd72e06f508088c933485bfbfa222c82aab7fd0,0.0,275.9672221322425,
B1,8,4,38,15,佛山,ce6ca82c326e584d8d688a7bedd72e06f508088c933485bfbfa222c82aab7fd0,28.38274488636364,424.25904573772334,
B1,8,4,38,17,儋州,ce6ca82c326e584d8d688a7bedd72e06f508088c933485bfbfa222c82aab7fd0,539.7352537592891,372.7227877246881,
B1,8,4,38,21,北海,ce6ca82c326e584d8d688a7bedd72e06f508088c933485bfbfa222c82aab7fd0,318.3245085227273,342.35158128243404,
B1,8,4,38,31,深圳,ce6ca82c326e584d8d688a7bedd72e06f508088c933485bfbfa222c82aab7fd0,159.7083409090909,565.4941891018038,
B1,8,4,38,32,清远,ce6ca82c326e584d8d688a7bedd72e06f508088c933485bfbfa222c82aab7fd0,375.720028409091,300.4150944705446,
B1,8,5,39,19,兰州,ce6ca82c326e584d8d688a7bedd72e06f508088c933485bfbfa222c82aab7fd0,32.85616429924242,232.39613512617538,
B1,8,5,39,24,屯昌,ce6ca82c326e584d8d688a7bedd72e06f508088c933485bfbfa222c82aab7fd0,273.4003661931819,282.3868490993915,
B1,8,5,39,28,昌江,ce6ca82c326e584d8d688a7bedd72e06f508088c933485bfbfa222c82aab7fd0,268.7138254261364,281.12077142354843,
B1,8,5,39,34,珠海,ce6ca82c326e584d8d688a7bedd72e06f508088c933485bfbfa222c82aab7fd0,1511.786079545455,545.6002928193979,
B1,8,5,39,35,琼中,ce6ca82c326e584d8d688a7bedd72e06f508088c933485bfbfa222c82aab7fd0,1106.44734375,231.19461787213731,
B1,8,5,39,36,琼海,ce6ca82c326e584d8d688a7bedd72e06f508088c933485bfbfa222c82aab7fd0,1716.717565054688,401.58127224921645,
B1,8,5,39,37,白沙,ce6ca82c326e584d8d688a7bedd72e06f508088c933485bfbfa222c82aab7fd0,192.9951366477273,280.09531776514126,
B1,8,5,39,39,陵水,ce6ca82c326e584d8d688a7bedd72e06f508088c933485bfbfa222c82aab7fd0,337.1486134943182,372.46495820313476,
B1,9,1,40,1,上海,ce6ca82c326e584d8d688a7bedd72e06f508088c933485bfbfa222c82aab7fd0,2302.973933396464,206.16493731050443,
B1,9,1,40,6,中卫,ce6ca82c326e584d8d688a7bedd72e06f508088c933485bfbfa222c82aab7fd0,31.05198382826678,344.93795323211737,
B1,9,1,40,7,中山,ce6ca82c326e584d8d688a7bedd72e06f508088c933485bfbfa222c82aab7fd0,89.11043759098708,185.62609826293203,
B1,9,1,40,9,丽水,ce6ca82c326e584d8d688a7bedd72e06f508088c933485bfbfa222c82aab7fd0,33.76567926136365,191.12056287094035,
B1,9,1,40,10,义乌,ce6ca82c326e584d8d688a7bedd72e06f508088c933485bfbfa222c82aab7fd0,7288.761349396308,207.79700458186005,
B1,9,1,40,12,乐山,ce6ca82c326e584d8d688a7bedd72e06f508088c933485bfbfa222c82aab7fd0,45.02250000000001,260.21048766156065,
B1,9,1,40,21,北海,ce6ca82c326e584d8d688a7bedd72e06f508088c933485bfbfa222c82aab7fd0,318.3245085227273,252.08027109166918,
B1,9,1,40,30,海口,ce6ca82c326e584d8d688a7bedd72e06f508088c933485bfbfa222c82aab7fd0,339.134276349432,217.78546511411506,
B1,9,1,40,36,琼海,ce6ca82c326e584d8d688a7bedd72e06f508088c933485bfbfa222c82aab7fd0,1716.717565054688,222.5472308163322,
B1,9,2,41,0,万宁,ce6ca82c326e584d8d688a7bedd72e06f508088c933485bfbfa222c82aab7fd0,148.9921240384616,628.9824325779202,
B1,9,2,41,14,五指山,ce6ca82c326e584d8d688a7bedd72e06f508088c933485bfbfa222c82aab7fd0,273.4003661931818,529.2789736359608,
B1,9,2,41,17,儋州,ce6ca82c326e584d8d688a7bedd72e06f508088c933485bfbfa222c82aab7fd0,539.7352537592891,486.71460394579395,
B1,9,2,41,19,兰州,ce6ca82c326e584d8d688a7bedd72e06f508088c933485bfbfa222c82aab7fd0,32.85616429924242,325.66815033373354,
B1,9,2,41,22,合肥,ce6ca82c326e584d8d688a7bedd72e06f508088c933485bfbfa222c82aab7fd0,13.19625,443.1085574116876,
B1,9,2,41,23,定安,ce6ca82c326e584d8d688a7bedd72e06f508088c933485bfbfa222c82aab7fd0,273.4003661931819,547.8853587870892,
B1,9,2,41,24,屯昌,ce6ca82c326e584d8d688a7bedd72e06f508088c933485bfbfa222c82aab7fd0,273.4003661931819,482.1995097584914,
B1,9,2,41,31,深圳,ce6ca82c326e584d8d688a7bedd72e06f508088c933485bfbfa222c82aab7fd0,159.7083409090909,770.0139581193213,
B1,9,3,42,5,东营,ce6ca82c326e584d8d688a7bedd72e06f508088c933485bfbfa222c82aab7fd0,425.3271014204544,255.93570319603427,
B1,9,3,42,8,临高,ce6ca82c326e584d8d688a7bedd72e06f508088c933485bfbfa222c82aab7fd0,83.80276845703128,504.14619889516666,
B1,9,3,42,11,乐东,ce6ca82c326e584d8d688a7bedd72e06f508088c933485bfbfa222c82aab7fd0,51.57938057753164,631.5066433007545,
B1,9,3,42,13,九江,ce6ca82c326e584d8d688a7bedd72e06f508088c933485bfbfa222c82aab7fd0,0.0,254.4382384461384,
B1,9,3,42,25,广州,ce6ca82c326e584d8d688a7bedd72e06f508088c933485bfbfa222c82aab7fd0,164.1983198863636,681.7778355074278,
B1,9,3,42,37,白沙,ce6ca82c326e584d8d688a7bedd72e06f508088c933485bfbfa222c82aab7fd0,192.9951366477273,350.5320339344129,
B1,9,3,42,38,肇庆,ce6ca82c326e584d8d688a7bedd72e06f508088c933485bfbfa222c82aab7fd0,23.03745340909091,367.13832905843407,
B1,9,3,42,39,陵水,ce6ca82c326e584d8d688a7bedd72e06f508088c933485bfbfa222c82aab7fd0,337.1486134943182,470.7951252469928,
B1,9,4,43,2,上饶,ce6ca82c326e584d8d688a7bedd72e06f508088c933485bfbfa222c82aab7fd0,114.81355125,605.5443595862955,
B1,9,4,43,3,东方,ce6ca82c326e584d8d688a7bedd72e06f508088c933485bfbfa222c82aab7fd0,266.2529209872159,326.16533709609206,
B1,9,4,43,4,东莞,ce6ca82c326e584d8d688a7bedd72e06f508088c933485bfbfa222c82aab7fd0,307.5424744318183,477.3618309194294,
B1,9,4,43,15,佛山,ce6ca82c326e584d8d688a7bedd72e06f508088c933485bfbfa222c82aab7fd0,28.38274488636364,448.2282398125818,
B1,9,4,43,16,信阳,ce6ca82c326e584d8d688a7bedd72e06f508088c933485bfbfa222c82aab7fd0,244.6035494318183,587.2135894070447,
B1,9,4,43,18,六安,ce6ca82c326e584d8d688a7bedd72e06f508088c933485bfbfa222c82aab7fd0,8.639045028409095,812.3946666363303,
B1,9,4,43,28,昌江,ce6ca82c326e584d8d688a7bedd72e06f508088c933485bfbfa222c82aab7fd0,268.7138254261364,407.585677656929,
B1,9,4,43,34,珠海,ce6ca82c326e584d8d688a7bedd72e06f508088c933485bfbfa222c82aab7fd0,1511.786079545455,643.0100905787051,
B1,9,5,44,20,北京,ce6ca82c326e584d8d688a7bedd72e06f508088c933485bfbfa222c82aab7fd0,291.2148675426136,520.3006372795695,
B1,9,5,44,26,惠州,ce6ca82c326e584d8d688a7bedd72e06f508088c933485bfbfa222c82aab7fd0,253.6378448863636,162.5912518352113,
B1,9,5,44,27,文昌,ce6ca82c326e584d8d688a7bedd72e06f508088c933485bfbfa222c82aab7fd0,273.4003661931818,228.76870867169472,
B1,9,5,44,29,汕头,ce6ca82c326e584d8d688a7bedd72e06f508088c933485bfbfa222c82aab7fd0,516.6316193181818,164.88774021840467,
B1,9,5,44,32,清远,ce6ca82c326e584d8d688a7bedd72e06f508088c933485bfbfa222c82aab7fd0,375.720028409091,162.6959835892196,
B1,9,5,44,33,澄迈,ce6ca82c326e584d8d688a7bedd72e06f508088c933485bfbfa222c82aab7fd0,647.861484375,222.64839866935236,
B1,9,5,44,35,琼中,ce6ca82c326e584d8d688a7bedd72e06f508088c933485bfbfa222c82aab7fd0,1106.44734375,174.57581584591554,
B1,9,5,44,40,韶关,ce6ca82c326e584d8d688a7bedd72e06f508088c933485bfbfa222c82aab7fd0,547.9050852272727,402.4040608380829,
B1,10,1,45,4,东莞,ce6ca82c326e584d8d688a7bedd72e06f508088c933485bfbfa222c82aab7fd0,307.5424744318183,597.3820036413214,
B1,10,1,45,5,东营,ce6ca82c326e584d8d688a7bedd72e06f508088c933485bfbfa222c82aab7fd0,425.3271014204544,185.15463840878218,
B1,10,1,45,13,九江,ce6ca82c326e584d8d688a7bedd72e06f508088c933485bfbfa222c82aab7fd0,0.0,204.80804995087527,
B1,10,1,45,14,五指山,ce6ca82c326e584d8d688a7bedd72e06f508088c933485bfbfa222c82aab7fd0,273.4003661931818,368.0233044170352,
B1,10,1,45,24,屯昌,ce6ca82c326e584d8d688a7bedd72e06f508088c933485bfbfa222c82aab7fd0,273.4003661931819,352.81453078248,
B1,10,1,45,27,文昌,ce6ca82c326e584d8d688a7bedd72e06f508088c933485bfbfa222c82aab7fd0,273.4003661931818,293.08014840094415,
B1,10,1,45,30,海口,ce6ca82c326e584d8d688a7bedd72e06f508088c933485bfbfa222c82aab7fd0,339.134276349432,602.7429285191572,
B1,10,1,45,33,澄迈,ce6ca82c326e584d8d688a7bedd72e06f508088c933485bfbfa222c82aab7fd0,647.861484375,284.3827544264534,
B1,10,1,45,35,琼中,ce6ca82c326e584d8d688a7bedd72e06f508088c933485bfbfa222c82aab7fd0,1106.44734375,242.17623636501128,
B1,10,2,46,11,乐东,ce6ca82c326e584d8d688a7bedd72e06f508088c933485bfbfa222c82aab7fd0,51.57938057753164,672.0668651622982,
B1,10,2,46,18,六安,ce6ca82c326e584d8d688a7bedd72e06f508088c933485bfbfa222c82aab7fd0,8.639045028409095,693.1152098809577,
B1,10,2,46,19,兰州,ce6ca82c326e584d8d688a7bedd72e06f508088c933485bfbfa222c82aab7fd0,32.85616429924242,258.9796356225215,
B1,10,2,46,20,北京,ce6ca82c326e584d8d688a7bedd72e06f508088c933485bfbfa222c82aab7fd0,291.2148675426136,537.8278051970203,
B1,10,2,46,28,昌江,ce6ca82c326e584d8d688a7bedd72e06f508088c933485bfbfa222c82aab7fd0,268.7138254261364,350.67700220071123,
B1,10,2,46,29,汕头,ce6ca82c326e584d8d688a7bedd72e06f508088c933485bfbfa222c82aab7fd0,516.6316193181818,261.03282140927524,
B1,10,2,46,32,清远,ce6ca82c326e584d8d688a7bedd72e06f508088c933485bfbfa222c82aab7fd0,375.720028409091,242.26243941370558,
B1,10,2,46,37,白沙,ce6ca82c326e584d8d688a7bedd72e06f508088c933485bfbfa222c82aab7fd0,192.9951366477273,298.42602541874453,
B1,10,3,47,3,东方,ce6ca82c326e584d8d688a7bedd72e06f508088c933485bfbfa222c82aab7fd0,266.2529209872159,354.33399785274645,
B1,10,3,47,6,中卫,ce6ca82c326e584d8d688a7bedd72e06f508088c933485bfbfa222c82aab7fd0,31.05198382826678,309.0696148008224,
B1,10,3,47,9,丽水,ce6ca82c326e584d8d688a7bedd72e06f508088c933485bfbfa222c82aab7fd0,33.76567926136365,491.38691852684025,
B1,10,3,47,12,乐山,ce6ca82c326e584d8d688a7bedd72e06f508088c933485bfbfa222c82aab7fd0,45.02250000000001,268.68930261886874,
B1,10,3,47,15,佛山,ce6ca82c326e584d8d688a7bedd72e06f508088c933485bfbfa222c82aab7fd0,28.38274488636364,400.557857188168,
B1,10,3,47,17,儋州,ce6ca82c326e584d8d688a7bedd72e06f508088c933485bfbfa222c82aab7fd0,539.7352537592891,377.99557357136854,
B1,10,3,47,38,肇庆,ce6ca82c326e584d8d688a7bedd72e06f508088c933485bfbfa222c82aab7fd0,23.03745340909091,362.43985668226,
B1,10,3,47,40,韶关,ce6ca82c326e584d8d688a7bedd72e06f508088c933485bfbfa222c82aab7fd0,547.9050852272727,490.77607319177156,
B1,10,4,48,0,万宁,ce6ca82c326e584d8d688a7bedd72e06f508088c933485bfbfa222c82aab7fd0,148.9921240384616,335.20528433020434,
B1,10,4,48,7,中山,ce6ca82c326e584d8d688a7bedd72e06f508088c933485bfbfa222c82aab7fd0,89.11043759098708,163.06471305983882,
B1,10,4,48,8,临高,ce6ca82c326e584d8d688a7bedd72e06f508088c933485bfbfa222c82aab7fd0,83.80276845703128,339.19854796148064,
B1,10,4,48,10,义乌,ce6ca82c326e584d8d688a7bedd72e06f508088c933485bfbfa222c82aab7fd0,7288.761349396308,257.07916562461276,
B1,10,4,48,16,信阳,ce6ca82c326e584d8d688a7bedd72e06f508088c933485bfbfa222c82aab7fd0,244.6035494318183,317.7121314828159,
B1,10,4,48,25,广州,ce6ca82c326e584d8d688a7bedd72e06f508088c933485bfbfa222c82aab7fd0,164.1983198863636,213.8412449369678,
B1,10,4,48,34,珠海,ce6ca82c326e584d8d688a7bedd72e06f508088c933485bfbfa222c82aab7fd0,1511.786079545455,314.85806743783235,
B1,10,4,48,36,琼海,ce6ca82c326e584d8d688a7bedd72e06f508088c933485bfbfa222c82aab7fd0,1716.717565054688,291.8972222488751,
B1,10,5,49,1,上海,ce6ca82c326e584d8d688a7bedd72e06f508088c933485bfbfa222c82aab7fd0,2302.973933396464,606.085412181885,
B1,10,5,49,2,上饶,ce6ca82c326e584d8d688a7bedd72e06f508088c933485bfbfa222c82aab7fd0,114.81355125,348.82347429350466,
B1,10,5,49,21,北海,ce6ca82c326e584d8d688a7bedd72e06f508088c933485bfbfa222c82aab7fd0,318.3245085227273,394.88951533284387,
B1,10,5,49,22,合肥,ce6ca82c326e584d8d688a7bedd72e06f508088c933485bfbfa222c82aab7fd0,13.19625,373.8750432535197,
B1,10,5,49,23,定安,ce6ca82c326e584d8d688a7bedd72e06f508088c933485bfbfa222c82aab7fd0,273.4003661931819,418.4990614574681,
B1,10,5,49,26,惠州,ce6ca82c326e584d8d688a7bedd72e06f508088c933485bfbfa222c82aab7fd0,253.6378448863636,253.0507692466191,
B1,10,5,49,31,深圳,ce6ca82c326e584d8d688a7bedd72e06f508088c933485bfbfa222c82aab7fd0,159.7083409090909,562.3980873578736,
B1,10,5,49,39,陵水,ce6ca82c326e584d8d688a7bedd72e06f508088c933485bfbfa222c82aab7fd0,337.1486134943182,556.5446842234803,
B1,11,1,50,6,中卫,ce6ca82c326e584d8d688a7bedd72e06f508088c933485bfbfa222c82aab7fd0,31.05198382826678,277.49261591577175,
B1,11,1,50,10,义乌,ce6ca82c326e584d8d688a7bedd72e06f508088c933485bfbfa222c82aab7fd0,7288.761349396308,431.4712978537945,
B1,11,1,50,23,定安,ce6ca82c326e584d8d688a7bedd72e06f508088c933485bfbfa222c82aab7fd0,273.4003661931819,356.7302681263608,
B1,11,1,50,24,屯昌,ce6ca82c326e584d8d688a7bedd72e06f508088c933485bfbfa222c82aab7fd0,273.4003661931819,313.5690255874208,
B1,11,1,50,25,广州,ce6ca82c326e584d8d688a7bedd72e06f508088c933485bfbfa222c82aab7fd0,164.1983198863636,357.8830762650531,
B1,11,1,50,27,文昌,ce6ca82c326e584d8d688a7bedd72e06f508088c933485bfbfa222c82aab7fd0,273.4003661931818,307.9573007017486,
B1,11,1,50,28,昌江,ce6ca82c326e584d8d688a7bedd72e06f508088c933485bfbfa222c82aab7fd0,268.7138254261364,241.20554638580822,
B1,11,1,50,31,深圳,ce6ca82c326e584d8d688a7bedd72e06f508088c933485bfbfa222c82aab7fd0,159.7083409090909,489.6137327691309,
B1,11,1,50,35,琼中,ce6ca82c326e584d8d688a7bedd72e06f508088c933485bfbfa222c82aab7fd0,1106.44734375,243.24684866944682,
B1,11,2,51,0,万宁,ce6ca82c326e584d8d688a7bedd72e06f508088c933485bfbfa222c82aab7fd0,148.9921240384616,555.6706405000564,
B1,11,2,51,1,上海,ce6ca82c326e584d8d688a7bedd72e06f508088c933485bfbfa222c82aab7fd0,2302.973933396464,530.8180833157397,
B1,11,2,51,8,临高,ce6ca82c326e584d8d688a7bedd72e06f508088c933485bfbfa222c82aab7fd0,83.80276845703128,460.1928237561776,
B1,11,2,51,11,乐东,ce6ca82c326e584d8d688a7bedd72e06f508088c933485bfbfa222c82aab7fd0,51.57938057753164,470.77626513181036,
B1,11,2,51,13,九江,ce6ca82c326e584d8d688a7bedd72e06f508088c933485bfbfa222c82aab7fd0,0.0,275.0545944998783,
B1,11,2,51,20,北京,ce6ca82c326e584d8d688a7bedd72e06f508088c933485bfbfa222c82aab7fd0,291.2148675426136,436.43643226690887,
B1,11,2,51,26,惠州,ce6ca82c326e584d8d688a7bedd72e06f508088c933485bfbfa222c82aab7fd0,253.6378448863636,287.2505660502447,
B1,11,2,51,39,陵水,ce6ca82c326e584d8d688a7bedd72e06f508088c933485bfbfa222c82aab7fd0,337.1486134943182,512.3717942841325,
B1,11,3,52,9,丽水,ce6ca82c326e584d8d688a7bedd72e06f508088c933485bfbfa222c82aab7fd0,33.76567926136365,721.9577626419143,
B1,11,3,52,15,佛山,ce6ca82c326e584d8d688a7bedd72e06f508088c933485bfbfa222c82aab7fd0,28.38274488636364,442.33240602532607,
B1,11,3,52,16,信阳,ce6ca82c326e584d8d688a7bedd72e06f508088c933485bfbfa222c82aab7fd0,244.6035494318183,710.8448297052569,
B1,11,3,52,17,儋州,ce6ca82c326e584d8d688a7bedd72e06f508088c933485bfbfa222c82aab7fd0,539.7352537592891,356.3020162133551,
B1,11,3,52,18,六安,ce6ca82c326e584d8d688a7bedd72e06f508088c933485bfbfa222c82aab7fd0,8.639045028409095,813.1124988152993,
B1,11,3,52,29,汕头,ce6ca82c326e584d8d688a7bedd72e06f508088c933485bfbfa222c82aab7fd0,516.6316193181818,264.66187161504587,
B1,11,3,52,30,海口,ce6ca82c326e584d8d688a7bedd72e06f508088c933485bfbfa222c82aab7fd0,339.134276349432,878.3199737956908,
B1,11,3,52,33,澄迈,ce6ca82c326e584d8d688a7bedd72e06f508088c933485bfbfa222c82aab7fd0,647.861484375,287.7471778463378,
B1,11,4,53,2,上饶,ce6ca82c326e584d8d688a7bedd72e06f508088c933485bfbfa222c82aab7fd0,114.81355125,510.009251489115,
B1,11,4,53,3,东方,ce6ca82c326e584d8d688a7bedd72e06f508088c933485bfbfa222c82aab7fd0,266.2529209872159,302.4246168133213,
B1,11,4,53,12,乐山,ce6ca82c326e584d8d688a7bedd72e06f508088c933485bfbfa222c82aab7fd0,45.02250000000001,305.0177218353481,
B1,11,4,53,19,兰州,ce6ca82c326e584d8d688a7bedd72e06f508088c933485bfbfa222c82aab7fd0,32.85616429924242,371.74140094512114,
B1,11,4,53,22,合肥,ce6ca82c326e584d8d688a7bedd72e06f508088c933485bfbfa222c82aab7fd0,13.19625,327.57466938259404,
B1,11,4,53,34,珠海,ce6ca82c326e584d8d688a7bedd72e06f508088c933485bfbfa222c82aab7fd0,1511.786079545455,526.5018325603513,
B1,11,4,53,37,白沙,ce6ca82c326e584d8d688a7bedd72e06f508088c933485bfbfa222c82aab7fd0,192.9951366477273,312.53569137624095,
B1,11,4,53,38,肇庆,ce6ca82c326e584d8d688a7bedd72e06f508088c933485bfbfa222c82aab7fd0,23.03745340909091,421.7221681386271,
B1,11,5,54,4,东莞,ce6ca82c326e584d8d688a7bedd72e06f508088c933485bfbfa222c82aab7fd0,307.5424744318183,611.4349163245904,
B1,11,5,54,5,东营,ce6ca82c326e584d8d688a7bedd72e06f508088c933485bfbfa222c82aab7fd0,425.3271014204544,178.46114982136686,
B1,11,5,54,7,中山,ce6ca82c326e584d8d688a7bedd72e06f508088c933485bfbfa222c82aab7fd0,89.11043759098708,126.11573377803948,
B1,11,5,54,14,五指山,ce6ca82c326e584d8d688a7bedd72e06f508088c933485bfbfa222c82aab7fd0,273.4003661931818,307.69605412825103,
B1,11,5,54,21,北海,ce6ca82c326e584d8d688a7bedd72e06f508088c933485bfbfa222c82aab7fd0,318.3245085227273,267.21172066301193,
B1,11,5,54,32,清远,ce6ca82c326e584d8d688a7bedd72e06f508088c933485bfbfa222c82aab7fd0,375.720028409091,217.7320759398782,
B1,11,5,54,36,琼海,ce6ca82c326e584d8d688a7bedd72e06f508088c933485bfbfa222c82aab7fd0,1716.717565054688,376.9914674166724,
B1,11,5,54,40,韶关,ce6ca82c326e584d8d688a7bedd72e06f508088c933485bfbfa222c82aab7fd0,547.9050852272727,281.91825847180314,
B1,12,1,55,7,中山,ce6ca82c326e584d8d688a7bedd72e06f508088c933485bfbfa222c82aab7fd0,89.11043759098708,145.2530439780173,
B1,12,1,55,8,临高,ce6ca82c326e584d8d688a7bedd72e06f508088c933485bfbfa222c82aab7fd0,83.80276845703128,296.79178739814995,
B1,12,1,55,10,义乌,ce6ca82c326e584d8d688a7bedd72e06f508088c933485bfbfa222c82aab7fd0,7288.761349396308,400.87424884371285,
B1,12,1,55,12,乐山,ce6ca82c326e584d8d688a7bedd72e06f508088c933485bfbfa222c82aab7fd0,45.02250000000001,243.25625923947197,
B1,12,1,55,17,儋州,ce6ca82c326e584d8d688a7bedd72e06f508088c933485bfbfa222c82aab7fd0,539.7352537592891,310.47104391054097,
B1,12,1,55,23,定安,ce6ca82c326e584d8d688a7bedd72e06f508088c933485bfbfa222c82aab7fd0,273.4003661931819,317.91244922830856,
B1,12,1,55,26,惠州,ce6ca82c326e584d8d688a7bedd72e06f508088c933485bfbfa222c82aab7fd0,253.6378448863636,250.13329825781923,
B1,12,1,55,33,澄迈,ce6ca82c326e584d8d688a7bedd72e06f508088c933485bfbfa222c82aab7fd0,647.861484375,282.17254212611704,
B1,12,1,55,37,白沙,ce6ca82c326e584d8d688a7bedd72e06f508088c933485bfbfa222c82aab7fd0,192.9951366477273,312.38850671904595,
B1,12,2,56,1,上海,ce6ca82c326e584d8d688a7bedd72e06f508088c933485bfbfa222c82aab7fd0,2302.973933396464,670.0315074703703,
B1,12,2,56,5,东营,ce6ca82c326e584d8d688a7bedd72e06f508088c933485bfbfa222c82aab7fd0,425.3271014204544,172.7977448822568,
B1,12,2,56,9,丽水,ce6ca82c326e584d8d688a7bedd72e06f508088c933485bfbfa222c82aab7fd0,33.76567926136365,433.5416836123548,
B1,12,2,56,18,六安,ce6ca82c326e584d8d688a7bedd72e06f508088c933485bfbfa222c82aab7fd0,8.639045028409095,575.4077129152134,
B1,12,2,56,24,屯昌,ce6ca82c326e584d8d688a7bedd72e06f508088c933485bfbfa222c82aab7fd0,273.4003661931819,357.99663428394035,
B1,12,2,56,30,海口,ce6ca82c326e584d8d688a7bedd72e06f508088c933485bfbfa222c82aab7fd0,339.134276349432,635.3712929298664,
B1,12,2,56,32,清远,ce6ca82c326e584d8d688a7bedd72e06f508088c933485bfbfa222c82aab7fd0,375.720028409091,224.52289708346703,
B1,12,2,56,35,琼中,ce6ca82c326e584d8d688a7bedd72e06f508088c933485bfbfa222c82aab7fd0,1106.44734375,262.6757973758817,
B1,12,3,57,0,万宁,ce6ca82c326e584d8d688a7bedd72e06f508088c933485bfbfa222c82aab7fd0,148.9921240384616,400.7535083754667,
B1,12,3,57,3,东方,ce6ca82c326e584d8d688a7bedd72e06f508088c933485bfbfa222c82aab7fd0,266.2529209872159,329.8164513590312,
B1,12,3,57,6,中卫,ce6ca82c326e584d8d688a7bedd72e06f508088c933485bfbfa222c82aab7fd0,31.05198382826678,256.8141318103002,
B1,12,3,57,20,北京,ce6ca82c326e584d8d688a7bedd72e06f508088c933485bfbfa222c82aab7fd0,291.2148675426136,454.6844997852811,
B1,12,3,57,22,合肥,ce6ca82c326e584d8d688a7bedd72e06f508088c933485bfbfa222c82aab7fd0,13.19625,299.1104189012676,
B1,12,3,57,29,汕头,ce6ca82c326e584d8d688a7bedd72e06f508088c933485bfbfa222c82aab7fd0,516.6316193181818,288.6182022355106,
B1,12,3,57,34,珠海,ce6ca82c326e584d8d688a7bedd72e06f508088c933485bfbfa222c82aab7fd0,1511.786079545455,637.8128974943072,
B1,12,3,57,36,琼海,ce6ca82c326e584d8d688a7bedd72e06f508088c933485bfbfa222c82aab7fd0,1716.717565054688,381.3977979208394,
B1,12,4,58,13,九江,ce6ca82c326e584d8d688a7bedd72e06f508088c933485bfbfa222c82aab7fd0,0.0,270.18057068925566,
B1,12,4,58,14,五指山,ce6ca82c326e584d8d688a7bedd72e06f508088c933485bfbfa222c82aab7fd0,273.4003661931818,404.112555651229,
B1,12,4,58,16,信阳,ce6ca82c326e584d8d688a7bedd72e06f508088c933485bfbfa222c82aab7fd0,244.6035494318183,485.49670071179673,
B1,12,4,58,19,兰州,ce6ca82c326e584d8d688a7bedd72e06f508088c933485bfbfa222c82aab7fd0,32.85616429924242,333.4183444539871,
B1,12,4,58,27,文昌,ce6ca82c326e584d8d688a7bedd72e06f508088c933485bfbfa222c82aab7fd0,273.4003661931818,440.17402875549925,
B1,12,4,58,31,深圳,ce6ca82c326e584d8d688a7bedd72e06f508088c933485bfbfa222c82aab7fd0,159.7083409090909,722.3601027644321,
B1,12,4,58,38,肇庆,ce6ca82c326e584d8d688a7bedd72e06f508088c933485bfbfa222c82aab7fd0,23.03745340909091,297.7305210716271,
B1,12,4,58,40,韶关,ce6ca82c326e584d8d688a7bedd72e06f508088c933485bfbfa222c82aab7fd0,547.9050852272727,435.75712515588856,
B1,12,5,59,2,上饶,ce6ca82c326e584d8d688a7bedd72e06f508088c933485bfbfa222c82aab7fd0,114.81355125,487.6014082120579,
B1,12,5,59,4,东莞,ce6ca82c326e584d8d688a7bedd72e06f508088c933485bfbfa222c82aab7fd0,307.5424744318183,652.7306099860601,
B1,12,5,59,11,乐东,ce6ca82c326e584d8d688a7bedd72e06f508088c933485bfbfa222c82aab7fd0,51.57938057753164,614.0142769247684,
B1,12,5,59,15,佛山,ce6ca82c326e584d8d688a7bedd72e06f508088c933485bfbfa222c82aab7fd0,28.38274488636364,465.4055482872551,
B1,12,5,59,21,北海,ce6ca82c326e584d8d688a7bedd72e06f508088c933485bfbfa222c82aab7fd0,318.3245085227273,392.75166839330547,
B1,12,5,59,25,广州,ce6ca82c326e584d8d688a7bedd72e06f508088c933485bfbfa222c82aab7fd0,164.1983198863636,675.7436281192897,
B1,12,5,59,28,昌江,ce6ca82c326e584d8d688a7bedd72e06f508088c933485bfbfa222c82aab7fd0,268.7138254261364,334.04079856773325,
B1,12,5,59,39,陵水,ce6ca82c326e584d8d688a7bedd72e06f508088c933485bfbfa222c82aab7fd0,337.1486134943182,582.1879778073877,
B1,13,1,60,5,东营,ce6ca82c326e584d8d688a7bedd72e06f508088c933485bfbfa222c82aab7fd0,425.3271014204544,282.53893465877405,
B1,13,1,60,6,中卫,ce6ca82c326e584d8d688a7bedd72e06f508088c933485bfbfa222c82aab7fd0,31.05198382826678,296.8451403884291,
B1,13,1,60,8,临高,ce6ca82c326e584d8d688a7bedd72e06f508088c933485bfbfa222c82aab7fd0,83.80276845703128,447.7329415777113,
B1,13,1,60,16,信阳,ce6ca82c326e584d8d688a7bedd72e06f508088c933485bfbfa222c82aab7fd0,244.6035494318183,492.43610510061694,
B1,13,1,60,22,合肥,ce6ca82c326e584d8d688a7bedd72e06f508088c933485bfbfa222c82aab7fd0,13.19625,312.64406845153377,
B1,13,1,60,24,屯昌,ce6ca82c326e584d8d688a7bedd72e06f508088c933485bfbfa222c82aab7fd0,273.4003661931819,368.32524002436776,
B1,13,1,60,28,昌江,ce6ca82c326e584d8d688a7bedd72e06f508088c933485bfbfa222c82aab7fd0,268.7138254261364,297.45263697750903,
B1,13,1,60,36,琼海,ce6ca82c326e584d8d688a7bedd72e06f508088c933485bfbfa222c82aab7fd0,1716.717565054688,451.57323607656895,
B1,13,1,60,39,陵水,ce6ca82c326e584d8d688a7bedd72e06f508088c933485bfbfa222c82aab7fd0,337.1486134943182,387.00198221478786,
B1,13,2,61,9,丽水,ce6ca82c326e584d8d688a7bedd72e06f508088c933485bfbfa222c82aab7fd0,33.76567926136365,500.90292272517706,
B1,13,2,61,12,乐山,ce6ca82c326e584d8d688a7bedd72e06f508088c933485bfbfa222c82aab7fd0,45.02250000000001,205.080460022133,
B1,13,2,61,13,九江,ce6ca82c326e584d8d688a7bedd72e06f508088c933485bfbfa222c82aab7fd0,0.0,247.95559895777313,
B1,13,2,61,14,五指山,ce6ca82c326e584d8d688a7bedd72e06f508088c933485bfbfa222c82aab7fd0,273.4003661931818,411.4898046116639,
B1,13,2,61,20,北京,ce6ca82c326e584d8d688a7bedd72e06f508088c933485bfbfa222c82aab7fd0,291.2148675426136,597.4342906315071,
B1,13,2,61,21,北海,ce6ca82c326e584d8d688a7bedd72e06f508088c933485bfbfa222c82aab7fd0,318.3245085227273,321.5241457064969,
B1,13,2,61,30,海口,ce6ca82c326e584d8d688a7bedd72e06f508088c933485bfbfa222c82aab7fd0,339.134276349432,625.4152880411018,
B1,13,2,61,35,琼中,ce6ca82c326e584d8d688a7bedd72e06f508088c933485bfbfa222c82aab7fd0,1106.44734375,291.83419377690234,
B1,13,3,62,7,中山,ce6ca82c326e584d8d688a7bedd72e06f508088c933485bfbfa222c82aab7fd0,89.11043759098708,133.12500717363443,
B1,13,3,62,10,义乌,ce6ca82c326e584d8d688a7bedd72e06f508088c933485bfbfa222c82aab7fd0,7288.761349396308,331.30256673111336,
B1,13,3,62,18,六安,ce6ca82c326e584d8d688a7bedd72e06f508088c933485bfbfa222c82aab7fd0,8.639045028409095,447.8844280705033,
B1,13,3,62,25,广州,ce6ca82c326e584d8d688a7bedd72e06f508088c933485bfbfa222c82aab7fd0,164.1983198863636,204.1703411041428,
B1,13,3,62,29,汕头,ce6ca82c326e584d8d688a7bedd72e06f508088c933485bfbfa222c82aab7fd0,516.6316193181818,234.4390485858674,
B1,13,3,62,33,澄迈,ce6ca82c326e584d8d688a7bedd72e06f508088c933485bfbfa222c82aab7fd0,647.861484375,241.38025942460897,
B1,13,3,62,34,珠海,ce6ca82c326e584d8d688a7bedd72e06f508088c933485bfbfa222c82aab7fd0,1511.786079545455,290.9672662908116,
B1,13,3,62,40,韶关,ce6ca82c326e584d8d688a7bedd72e06f508088c933485bfbfa222c82aab7fd0,547.9050852272727,371.19012011149954,
B1,13,4,63,0,万宁,ce6ca82c326e584d8d688a7bedd72e06f508088c933485bfbfa222c82aab7fd0,148.9921240384616,459.60394403132375,
B1,13,4,63,2,上饶,ce6ca82c326e584d8d688a7bedd72e06f508088c933485bfbfa222c82aab7fd0,114.81355125,451.95043666160444,
B1,13,4,63,11,乐东,ce6ca82c326e584d8d688a7bedd72e06f508088c933485bfbfa222c82aab7fd0,51.57938057753164,682.6645146241775,
B1,13,4,63,17,儋州,ce6ca82c326e584d8d688a7bedd72e06f508088c933485bfbfa222c82aab7fd0,539.7352537592891,418.76798754105454,
B1,13,4,63,19,兰州,ce6ca82c326e584d8d688a7bedd72e06f508088c933485bfbfa222c82aab7fd0,32.85616429924242,300.29492891370734,
B1,13,4,63,26,惠州,ce6ca82c326e584d8d688a7bedd72e06f508088c933485bfbfa222c82aab7fd0,253.6378448863636,275.3754838132578,
B1,13,4,63,32,清远,ce6ca82c326e584d8d688a7bedd72e06f508088c933485bfbfa222c82aab7fd0,375.720028409091,289.27369879954176,
B1,13,4,63,37,白沙,ce6ca82c326e584d8d688a7bedd72e06f508088c933485bfbfa222c82aab7fd0,192.9951366477273,309.8978945914308,
B1,13,5,64,1,上海,ce6ca82c326e584d8d688a7bedd72e06f508088c933485bfbfa222c82aab7fd0,2302.973933396464,575.7029320386582,
B1,13,5,64,3,东方,ce6ca82c326e584d8d688a7bedd72e06f508088c933485bfbfa222c82aab7fd0,266.2529209872159,404.5075780434755,
B1,13,5,64,4,东莞,ce6ca82c326e584d8d688a7bedd72e06f508088c933485bfbfa222c82aab7fd0,307.5424744318183,455.4584969422367,
B1,13,5,64,15,佛山,ce6ca82c326e584d8d688a7bedd72e06f508088c933485bfbfa222c82aab7fd0,28.38274488636364,487.47409632959403,
B1,13,5,64,23,定安,ce6ca82c326e584d8d688a7bedd72e06f508088c933485bfbfa222c82aab7fd0,273.4003661931819,456.1331755061791,
B1,13,5,64,27,文昌,ce6ca82c326e584d8d688a7bedd72e06f508088c933485bfbfa222c82aab7fd0,273.4003661931818,503.89962226413525,
B1,13,5,64,31,深圳,ce6ca82c326e584d8d688a7bedd72e06f508088c933485bfbfa222c82aab7fd0,159.7083409090909,534.3537392177761,
B1,13,5,64,38,肇庆,ce6ca82c326e584d8d688a7bedd72e06f508088c933485bfbfa222c82aab7fd0,23.03745340909091,403.19454624260806,
B1,14,1,65,1,上海,ce6ca82c326e584d8d688a7bedd72e06f508088c933485bfbfa222c82aab7fd0,2302.973933396464,605.4443797717124,
B1,14,1,65,5,东营,ce6ca82c326e584d8d688a7bedd72e06f508088c933485bfbfa222c82aab7fd0,425.3271014204544,181.52810041470914,
B1,14,1,65,7,中山,ce6ca82c326e584d8d688a7bedd72e06f508088c933485bfbfa222c82aab7fd0,89.11043759098708,144.1411818225811,
B1,14,1,65,14,五指山,ce6ca82c326e584d8d688a7bedd72e06f508088c933485bfbfa222c82aab7fd0,273.4003661931818,344.77993732797376,
B1,14,1,65,18,六安,ce6ca82c326e584d8d688a7bedd72e06f508088c933485bfbfa222c82aab7fd0,8.639045028409095,516.8997717959091,
B1,14,1,65,21,北海,ce6ca82c326e584d8d688a7bedd72e06f508088c933485bfbfa222c82aab7fd0,318.3245085227273,320.5813786869989,
B1,14,1,65,31,深圳,ce6ca82c326e584d8d688a7bedd72e06f508088c933485bfbfa222c82aab7fd0,159.7083409090909,528.9137588767591,
B1,14,1,65,32,清远,ce6ca82c326e584d8d688a7bedd72e06f508088c933485bfbfa222c82aab7fd0,375.720028409091,224.55513395513586,
B1,14,1,65,35,琼中,ce6ca82c326e584d8d688a7bedd72e06f508088c933485bfbfa222c82aab7fd0,1106.44734375,235.67238055445407,
B1,14,2,66,0,万宁,ce6ca82c326e584d8d688a7bedd72e06f508088c933485bfbfa222c82aab7fd0,148.9921240384616,531.1618845045149,
B1,14,2,66,11,乐东,ce6ca82c326e584d8d688a7bedd72e06f508088c933485bfbfa222c82aab7fd0,51.57938057753164,611.8657822734203,
B1,14,2,66,12,乐山,ce6ca82c326e584d8d688a7bedd72e06f508088c933485bfbfa222c82aab7fd0,45.02250000000001,278.68045254283527,
B1,14,2,66,13,九江,ce6ca82c326e584d8d688a7bedd72e06f508088c933485bfbfa222c82aab7fd0,0.0,298.37760496190685,
B1,14,2,66,19,兰州,ce6ca82c326e584d8d688a7bedd72e06f508088c933485bfbfa222c82aab7fd0,32.85616429924242,308.109307321676,
B1,14,2,66,22,合肥,ce6ca82c326e584d8d688a7bedd72e06f508088c933485bfbfa222c82aab7fd0,13.19625,346.4713991827594,
B1,14,2,66,26,惠州,ce6ca82c326e584d8d688a7bedd72e06f508088c933485bfbfa222c82aab7fd0,253.6378448863636,316.96158071673136,
B1,14,2,66,27,文昌,ce6ca82c326e584d8d688a7bedd72e06f508088c933485bfbfa222c82aab7fd0,273.4003661931818,452.7305646739753,
B1,14,3,67,2,上饶,ce6ca82c326e584d8d688a7bedd72e06f508088c933485bfbfa222c82aab7fd0,114.81355125,525.3202551445171,
B1,14,3,67,15,佛山,ce6ca82c326e584d8d688a7bedd72e06f508088c933485bfbfa222c82aab7fd0,28.38274488636364,437.1281159320737,
B1,14,3,67,16,信阳,ce6ca82c326e584d8d688a7bedd72e06f508088c933485bfbfa222c82aab7fd0,244.6035494318183,554.7783498219459,
B1,14,3,67,17,儋州,ce6ca82c326e584d8d688a7bedd72e06f508088c933485bfbfa222c82aab7fd0,539.7352537592891,327.21333509792396,
B1,14,3,67,29,汕头,ce6ca82c326e584d8d688a7bedd72e06f508088c933485bfbfa222c82aab7fd0,516.6316193181818,256.15678021610427,
B1,14,3,67,30,海口,ce6ca82c326e584d8d688a7bedd72e06f508088c933485bfbfa222c82aab7fd0,339.134276349432,726.2461705956965,
B1,14,3,67,37,白沙,ce6ca82c326e584d8d688a7bedd72e06f508088c933485bfbfa222c82aab7fd0,192.9951366477273,277.21446062556385,
B1,14,3,67,39,陵水,ce6ca82c326e584d8d688a7bedd72e06f508088c933485bfbfa222c82aab7fd0,337.1486134943182,474.9184592934951,
B1,14,4,68,4,东莞,ce6ca82c326e584d8d688a7bedd72e06f508088c933485bfbfa222c82aab7fd0,307.5424744318183,496.42606125913085,
B1,14,4,68,8,临高,ce6ca82c326e584d8d688a7bedd72e06f508088c933485bfbfa222c82aab7fd0,83.80276845703128,409.82125888255183,
B1,14,4,68,20,北京,ce6ca82c326e584d8d688a7bedd72e06f508088c933485bfbfa222c82aab7fd0,291.2148675426136,476.3157070134877,
B1,14,4,68,23,定安,ce6ca82c326e584d8d688a7bedd72e06f508088c933485bfbfa222c82aab7fd0,273.4003661931819,403.5385933947237,
B1,14,4,68,34,珠海,ce6ca82c326e584d8d688a7bedd72e06f508088c933485bfbfa222c82aab7fd0,1511.786079545455,709.1800587351541,
B1,14,4,68,36,琼海,ce6ca82c326e584d8d688a7bedd72e06f508088c933485bfbfa222c82aab7fd0,1716.717565054688,440.1565997122487,
B1,14,4,68,38,肇庆,ce6ca82c326e584d8d688a7bedd72e06f508088c933485bfbfa222c82aab7fd0,23.03745340909091,314.72683631378897,
B1,14,4,68,40,韶关,ce6ca82c326e584d8d688a7bedd72e06f508088c933485bfbfa222c82aab7fd0,547.9050852272727,272.8232943284616,
B1,14,5,69,3,东方,ce6ca82c326e584d8d688a7bedd72e06f508088c933485bfbfa222c82aab7fd0,266.2529209872159,344.7743355301721,
B1,14,5,69,6,中卫,ce6ca82c326e584d8d688a7bedd72e06f508088c933485bfbfa222c82aab7fd0,31.05198382826678,287.98393035343884,
B1,14,5,69,9,丽水,ce6ca82c326e584d8d688a7bedd72e06f508088c933485bfbfa222c82aab7fd0,33.76567926136365,389.6257600249239,
B1,14,5,69,10,义乌,ce6ca82c326e584d8d688a7bedd72e06f508088c933485bfbfa222c82aab7fd0,7288.761349396308,425.12130016188524,
B1,14,5,69,24,屯昌,ce6ca82c326e584d8d688a7bedd72e06f508088c933485bfbfa222c82aab7fd0,273.4003661931819,391.3024394149115,
B1,14,5,69,25,广州,ce6ca82c326e584d8d688a7bedd72e06f508088c933485bfbfa222c82aab7fd0,164.1983198863636,367.64573255133416,
B1,14,5,69,28,昌江,ce6ca82c326e584d8d688a7bedd72e06f508088c933485bfbfa222c82aab7fd0,268.7138254261364,229.8443357301228,
B1,14,5,69,33,澄迈,ce6ca82c326e584d8d688a7bedd72e06f508088c933485bfbfa222c82aab7fd0,647.861484375,272.8984312498643,
B1,15,1,70,0,万宁,ce6ca82c326e584d8d688a7bedd72e06f508088c933485bfbfa222c82aab7fd0,148.9921240384616,332.318177937986,
B1,15,1,70,1,上海,ce6ca82c326e584d8d688a7bedd72e06f508088c933485bfbfa222c82aab7fd0,2302.973933396464,267.1939323705409,
B1,15,1,70,5,东营,ce6ca82c326e584d8d688a7bedd72e06f508088c933485bfbfa222c82aab7fd0,425.3271014204544,211.47498867331262,
B1,15,1,70,7,中山,ce6ca82c326e584d8d688a7bedd72e06f508088c933485bfbfa222c82aab7fd0,89.11043759098708,142.6972847339037,
B1,15,1,70,10,义乌,ce6ca82c326e584d8d688a7bedd72e06f508088c933485bfbfa222c82aab7fd0,7288.761349396308,262.74884766416466,
B1,15,1,70,16,信阳,ce6ca82c326e584d8d688a7bedd72e06f508088c933485bfbfa222c82aab7fd0,244.6035494318183,312.76728600758213,
B1,15,1,70,21,北海,ce6ca82c326e584d8d688a7bedd72e06f508088c933485bfbfa222c82aab7fd0,318.3245085227273,232.60681255396167,
B1,15,1,70,24,屯昌,ce6ca82c326e584d8d688a7bedd72e06f508088c933485bfbfa222c82aab7fd0,273.4003661931819,324.09907677332785,
B1,15,1,70,34,珠海,ce6ca82c326e584d8d688a7bedd72e06f508088c933485bfbfa222c82aab7fd0,1511.786079545455,300.78732704832055,
B1,15,2,71,9,丽水,ce6ca82c326e584d8d688a7bedd72e06f508088c933485bfbfa222c82aab7fd0,33.76567926136365,594.6979872515124,
B1,15,2,71,17,儋州,ce6ca82c326e584d8d688a7bedd72e06f508088c933485bfbfa222c82aab7fd0,539.7352537592891,396.0809759473425,
B1,15,2,71,22,合肥,ce6ca82c326e584d8d688a7bedd72e06f508088c933485bfbfa222c82aab7fd0,13.19625,392.6330581266711,
B1,15,2,71,23,定安,ce6ca82c326e584d8d688a7bedd72e06f508088c933485bfbfa222c82aab7fd0,273.4003661931819,434.0591622878962,
B1,15,2,71,26,惠州,ce6ca82c326e584d8d688a7bedd72e06f508088c933485bfbfa222c82aab7fd0,253.6378448863636,279.76245900149405,
B1,15,2,71,28,昌江,ce6ca82c326e584d8d688a7bedd72e06f508088c933485bfbfa222c82aab7fd0,268.7138254261364,303.0426725623079,
B1,15,2,71,31,深圳,ce6ca82c326e584d8d688a7bedd72e06f508088c933485bfbfa222c82aab7fd0,159.7083409090909,719.5440434781077,
B1,15,2,71,40,韶关,ce6ca82c326e584d8d688a7bedd72e06f508088c933485bfbfa222c82aab7fd0,547.9050852272727,539.1966092132903,
B1,15,3,72,2,上饶,ce6ca82c326e584d8d688a7bedd72e06f508088c933485bfbfa222c82aab7fd0,114.81355125,403.9141289710508,
B1,15,3,72,3,东方,ce6ca82c326e584d8d688a7bedd72e06f508088c933485bfbfa222c82aab7fd0,266.2529209872159,346.94759938205374,
B1,15,3,72,4,东莞,ce6ca82c326e584d8d688a7bedd72e06f508088c933485bfbfa222c82aab7fd0,307.5424744318183,615.528485344808,
B1,15,3,72,20,北京,ce6ca82c326e584d8d688a7bedd72e06f508088c933485bfbfa222c82aab7fd0,291.2148675426136,621.1074592625702,
B1,15,3,72,29,汕头,ce6ca82c326e584d8d688a7bedd72e06f508088c933485bfbfa222c82aab7fd0,516.6316193181818,250.10191744050604,
B1,15,3,72,32,清远,ce6ca82c326e584d8d688a7bedd72e06f508088c933485bfbfa222c82aab7fd0,375.720028409091,216.18216234963432,
B1,15,3,72,33,澄迈,ce6ca82c326e584d8d688a7bedd72e06f508088c933485bfbfa222c82aab7fd0,647.861484375,277.470940426538,
B1,15,3,72,38,肇庆,ce6ca82c326e584d8d688a7bedd72e06f508088c933485bfbfa222c82aab7fd0,23.03745340909091,301.6892804754794,
B1,15,4,73,13,九江,ce6ca82c326e584d8d688a7bedd72e06f508088c933485bfbfa222c82aab7fd0,0.0,301.67521491148926,
B1,15,4,73,14,五指山,ce6ca82c326e584d8d688a7bedd72e06f508088c933485bfbfa222c82aab7fd0,273.4003661931818,354.3683476023635,
B1,15,4,73,15,佛山,ce6ca82c326e584d8d688a7bedd72e06f508088c933485bfbfa222c82aab7fd0,28.38274488636364,418.5856109528396,
B1,15,4,73,19,兰州,ce6ca82c326e584d8d688a7bedd72e06f508088c933485bfbfa222c82aab7fd0,32.85616429924242,294.7911961329358,
B1,15,4,73,25,广州,ce6ca82c326e584d8d688a7bedd72e06f508088c933485bfbfa222c82aab7fd0,164.1983198863636,596.5328199265563,
B1,15,4,73,27,文昌,ce6ca82c326e584d8d688a7bedd72e06f508088c933485bfbfa222c82aab7fd0,273.4003661931818,409.5909874984037,
B1,15,4,73,30,海口,ce6ca82c326e584d8d688a7bedd72e06f508088c933485bfbfa222c82aab7fd0,339.134276349432,530.5130837476204,
B1,15,4,73,36,琼海,ce6ca82c326e584d8d688a7bedd72e06f508088c933485bfbfa222c82aab7fd0,1716.717565054688,424.1334983022307,
B1,15,5,74,6,中卫,ce6ca82c326e584d8d688a7bedd72e06f508088c933485bfbfa222c82aab7fd0,31.05198382826678,304.79146143456813,
B1,15,5,74,8,临高,ce6ca82c326e584d8d688a7bedd72e06f508088c933485bfbfa222c82aab7fd0,83.80276845703128,462.21327004720007,
B1,15,5,74,11,乐东,ce6ca82c326e584d8d688a7bedd72e06f508088c933485bfbfa222c82aab7fd0,51.57938057753164,691.5890715866019,
B1,15,5,74,12,乐山,ce6ca82c326e584d8d688a7bedd72e06f508088c933485bfbfa222c82aab7fd0,45.02250000000001,262.3162629422139,
B1,15,5,74,18,六安,ce6ca82c326e584d8d688a7bedd72e06f508088c933485bfbfa222c82aab7fd0,8.639045028409095,759.281543713764,
B1,15,5,74,35,琼中,ce6ca82c326e584d8d688a7bedd72e06f508088c933485bfbfa222c82aab7fd0,1106.44734375,265.36637690581915,
B1,15,5,74,37,白沙,ce6ca82c326e584d8d688a7bedd72e06f508088c933485bfbfa222c82aab7fd0,192.9951366477273,362.8551580111374,
B1,15,5,74,39,陵水,ce6ca82c326e584d8d688a7bedd72e06f508088c933485bfbfa222c82aab7fd0,337.1486134943182,497.1480748260351,
B1,16,1,75,13,九江,ce6ca82c326e584d8d688a7bedd72e06f508088c933485bfbfa222c82aab7fd0,0.0,278.81172383665364,
B1,16,1,75,22,合肥,ce6ca82c326e584d8d688a7bedd72e06f508088c933485bfbfa222c82aab7fd0,13.19625,460.20743102759644,
B1,16,1,75,25,广州,ce6ca82c326e584d8d688a7bedd72e06f508088c933485bfbfa222c82aab7fd0,164.1983198863636,605.4390818106992,
B1,16,1,75,27,文昌,ce6ca82c326e584d8d688a7bedd72e06f508088c933485bfbfa222c82aab7fd0,273.4003661931818,310.46442322971404,
B1,16,1,75,29,汕头,ce6ca82c326e584d8d688a7bedd72e06f508088c933485bfbfa222c82aab7fd0,516.6316193181818,290.85657031781363,
B1,16,1,75,31,深圳,ce6ca82c326e584d8d688a7bedd72e06f508088c933485bfbfa222c82aab7fd0,159.7083409090909,641.1878442353724,
B1,16,1,75,32,清远,ce6ca82c326e584d8d688a7bedd72e06f508088c933485bfbfa222c82aab7fd0,375.720028409091,203.8651552554018,
B1,16,1,75,34,珠海,ce6ca82c326e584d8d688a7bedd72e06f508088c933485bfbfa222c82aab7fd0,1511.786079545455,618.288932897218,
B1,16,1,75,36,琼海,ce6ca82c326e584d8d688a7bedd72e06f508088c933485bfbfa222c82aab7fd0,1716.717565054688,393.5505709998133,
B1,16,2,76,2,上饶,ce6ca82c326e584d8d688a7bedd72e06f508088c933485bfbfa222c82aab7fd0,114.81355125,366.76017383328616,
B1,16,2,76,9,丽水,ce6ca82c326e584d8d688a7bedd72e06f508088c933485bfbfa222c82aab7fd0,33.76567926136365,538.684833215936,
B1,16,2,76,10,义乌,ce6ca82c326e584d8d688a7bedd72e06f508088c933485bfbfa222c82aab7fd0,7288.761349396308,485.54643813384183,
B1,16,2,76,11,乐东,ce6ca82c326e584d8d688a7bedd72e06f508088c933485bfbfa222c82aab7fd0,51.57938057753164,662.2051863367956,
B1,16,2,76,14,五指山,ce6ca82c326e584d8d688a7bedd72e06f508088c933485bfbfa222c82aab7fd0,273.4003661931818,560.2136712327803,
B1,16,2,76,17,儋州,ce6ca82c326e584d8d688a7bedd72e06f508088c933485bfbfa222c82aab7fd0,539.7352537592891,388.98403562079193,
B1,16,2,76,20,北京,ce6ca82c326e584d8d688a7bedd72e06f508088c933485bfbfa222c82aab7fd0,291.2148675426136,263.1780509779335,
B1,16,2,76,24,屯昌,ce6ca82c326e584d8d688a7bedd72e06f508088c933485bfbfa222c82aab7fd0,273.4003661931819,537.5806365106616,
B1,16,3,77,3,东方,ce6ca82c326e584d8d688a7bedd72e06f508088c933485bfbfa222c82aab7fd0,266.2529209872159,368.41113064161897,
B1,16,3,77,19,兰州,ce6ca82c326e584d8d688a7bedd72e06f508088c933485bfbfa222c82aab7fd0,32.85616429924242,349.92696013422056,
B1,16,3,77,21,北海,ce6ca82c326e584d8d688a7bedd72e06f508088c933485bfbfa222c82aab7fd0,318.3245085227273,327.3719418199339,
B1,16,3,77,23,定安,ce6ca82c326e584d8d688a7bedd72e06f508088c933485bfbfa222c82aab7fd0,273.4003661931819,491.69100929555793,
B1,16,3,77,30,海口,ce6ca82c326e584d8d688a7bedd72e06f508088c933485bfbfa222c82aab7fd0,339.134276349432,591.9057679255882,
B1,16,3,77,35,琼中,ce6ca82c326e584d8d688a7bedd72e06f508088c933485bfbfa222c82aab7fd0,1106.44734375,244.28021360662368,
B1,16,3,77,38,肇庆,ce6ca82c326e584d8d688a7bedd72e06f508088c933485bfbfa222c82aab7fd0,23.03745340909091,310.4033485496158,
B1,16,3,77,40,韶关,ce6ca82c326e584d8d688a7bedd72e06f508088c933485bfbfa222c82aab7fd0,547.9050852272727,431.2613832342367,
B1,16,4,78,0,万宁,ce6ca82c326e584d8d688a7bedd72e06f508088c933485bfbfa222c82aab7fd0,148.9921240384616,501.84565559930195,
B1,16,4,78,5,东营,ce6ca82c326e584d8d688a7bedd72e06f508088c933485bfbfa222c82aab7fd0,425.3271014204544,212.20832035804727,
B1,16,4,78,7,中山,ce6ca82c326e584d8d688a7bedd72e06f508088c933485bfbfa222c82aab7fd0,89.11043759098708,205.91678575468677,
B1,16,4,78,15,佛山,ce6ca82c326e584d8d688a7bedd72e06f508088c933485bfbfa222c82aab7fd0,28.38274488636364,510.1149018801335,
B1,16,4,78,18,六安,ce6ca82c326e584d8d688a7bedd72e06f508088c933485bfbfa222c82aab7fd0,8.639045028409095,742.2305650458155,
B1,16,4,78,28,昌江,ce6ca82c326e584d8d688a7bedd72e06f508088c933485bfbfa222c82aab7fd0,268.7138254261364,409.4323448015926,
B1,16,4,78,33,澄迈,ce6ca82c326e584d8d688a7bedd72e06f508088c933485bfbfa222c82aab7fd0,647.861484375,369.8239666380027,
B1,16,4,78,39,陵水,ce6ca82c326e584d8d688a7bedd72e06f508088c933485bfbfa222c82aab7fd0,337.1486134943182,533.7889492559075,
B1,16,5,79,1,上海,ce6ca82c326e584d8d688a7bedd72e06f508088c933485bfbfa222c82aab7fd0,2302.973933396464,448.5572643346632,
B1,16,5,79,4,东莞,ce6ca82c326e584d8d688a7bedd72e06f508088c933485bfbfa222c82aab7fd0,307.5424744318183,463.44996340643837,
B1,16,5,79,6,中卫,ce6ca82c326e584d8d688a7bedd72e06f508088c933485bfbfa222c82aab7fd0,31.05198382826678,351.82704966442896,
B1,16,5,79,8,临高,ce6ca82c326e584d8d688a7bedd72e06f508088c933485bfbfa222c82aab7fd0,83.80276845703128,461.69238842629716,
B1,16,5,79,12,乐山,ce6ca82c326e584d8d688a7bedd72e06f508088c933485bfbfa222c82aab7fd0,45.02250000000001,288.492347317339,
B1,16,5,79,16,信阳,ce6ca82c326e584d8d688a7bedd72e06f508088c933485bfbfa222c82aab7fd0,244.6035494318183,440.719320813048,
B1,16,5,79,26,惠州,ce6ca82c326e584d8d688a7bedd72e06f508088c933485bfbfa222c82aab7fd0,253.6378448863636,281.19911845406995,
B1,16,5,79,37,白沙,ce6ca82c326e584d8d688a7bedd72e06f508088c933485bfbfa222c82aab7fd0,192.9951366477273,331.94504384699815,
B1,17,1,80,6,中卫,ce6ca82c326e584d8d688a7bedd72e06f508088c933485bfbfa222c82aab7fd0,31.05198382826678,227.8664473519069,
B1,17,1,80,9,丽水,ce6ca82c326e584d8d688a7bedd72e06f508088c933485bfbfa222c82aab7fd0,33.76567926136365,510.8654225249527,
B1,17,1,80,18,六安,ce6ca82c326e584d8d688a7bedd72e06f508088c933485bfbfa222c82aab7fd0,8.639045028409095,732.525327669314,
B1,17,1,80,22,合肥,ce6ca82c326e584d8d688a7bedd72e06f508088c933485bfbfa222c82aab7fd0,13.19625,326.6953551679424,
B1,17,1,80,28,昌江,ce6ca82c326e584d8d688a7bedd72e06f508088c933485bfbfa222c82aab7fd0,268.7138254261364,382.3208381790583,
B1,17,1,80,29,汕头,ce6ca82c326e584d8d688a7bedd72e06f508088c933485bfbfa222c82aab7fd0,516.6316193181818,248.29916205960538,
B1,17,1,80,33,澄迈,ce6ca82c326e584d8d688a7bedd72e06f508088c933485bfbfa222c82aab7fd0,647.861484375,343.44049412004523,
B1,17,1,80,34,珠海,ce6ca82c326e584d8d688a7bedd72e06f508088c933485bfbfa222c82aab7fd0,1511.786079545455,529.1593886524481,
B1,17,1,80,39,陵水,ce6ca82c326e584d8d688a7bedd72e06f508088c933485bfbfa222c82aab7fd0,337.1486134943182,433.26560246998076,
B1,17,2,81,1,上海,ce6ca82c326e584d8d688a7bedd72e06f508088c933485bfbfa222c82aab7fd0,2302.973933396464,450.90446156118486,
B1,17,2,81,8,临高,ce6ca82c326e584d8d688a7bedd72e06f508088c933485bfbfa222c82aab7fd0,83.80276845703128,410.35303859999874,
B1,17,2,81,13,九江,ce6ca82c326e584d8d688a7bedd72e06f508088c933485bfbfa222c82aab7fd0,0.0,304.3706456824183,
B1,17,2,81,16,信阳,ce6ca82c326e584d8d688a7bedd72e06f508088c933485bfbfa222c82aab7fd0,244.6035494318183,398.94297434074264,
B1,17,2,81,17,儋州,ce6ca82c326e584d8d688a7bedd72e06f508088c933485bfbfa222c82aab7fd0,539.7352537592891,409.11779731511376,
B1,17,2,81,19,兰州,ce6ca82c326e584d8d688a7bedd72e06f508088c933485bfbfa222c82aab7fd0,32.85616429924242,248.51660010522835,
B1,17,2,81,36,琼海,ce6ca82c326e584d8d688a7bedd72e06f508088c933485bfbfa222c82aab7fd0,1716.717565054688,366.40143237748026,
B1,17,2,81,37,白沙,ce6ca82c326e584d8d688a7bedd72e06f508088c933485bfbfa222c82aab7fd0,192.9951366477273,309.8515433160477,
B1,17,3,82,3,东方,ce6ca82c326e584d8d688a7bedd72e06f508088c933485bfbfa222c82aab7fd0,266.2529209872159,379.34936142366263,
B1,17,3,82,4,东莞,ce6ca82c326e584d8d688a7bedd72e06f508088c933485bfbfa222c82aab7fd0,307.5424744318183,358.433574384915,
B1,17,3,82,10,义乌,ce6ca82c326e584d8d688a7bedd72e06f508088c933485bfbfa222c82aab7fd0,7288.761349396308,466.1526103850088,
B1,17,3,82,14,五指山,ce6ca82c326e584d8d688a7bedd72e06f508088c933485bfbfa222c82aab7fd0,273.4003661931818,402.6811133783235,
B1,17,3,82,15,佛山,ce6ca82c326e584d8d688a7bedd72e06f508088c933485bfbfa222c82aab7fd0,28.38274488636364,368.795612420863,
B1,17,3,82,21,北海,ce6ca82c326e584d8d688a7bedd72e06f508088c933485bfbfa222c82aab7fd0,318.3245085227273,279.5725867480115,
B1,17,3,82,23,定安,ce6ca82c326e584d8d688a7bedd72e06f508088c933485bfbfa222c82aab7fd0,273.4003661931819,380.2713348763089,
B1,17,3,82,30,海口,ce6ca82c326e584d8d688a7bedd72e06f508088c933485bfbfa222c82aab7fd0,339.134276349432,452.7678462789443,
B1,17,4,83,5,东营,ce6ca82c326e584d8d688a7bedd72e06f508088c933485bfbfa222c82aab7fd0,425.3271014204544,152.96130021273808,
B1,17,4,83,11,乐东,ce6ca82c326e584d8d688a7bedd72e06f508088c933485bfbfa222c82aab7fd0,51.57938057753164,551.2194247609206,
B1,17,4,83,20,北京,ce6ca82c326e584d8d688a7bedd72e06f508088c933485bfbfa222c82aab7fd0,291.2148675426136,715.3273075932792,
B1,17,4,83,25,广州,ce6ca82c326e584d8d688a7bedd72e06f508088c933485bfbfa222c82aab7fd0,164.1983198863636,836.5482918366738,
B1,17,4,83,26,惠州,ce6ca82c326e584d8d688a7bedd72e06f508088c933485bfbfa222c82aab7fd0,253.6378448863636,214.85095325229832,
B1,17,4,83,31,深圳,ce6ca82c326e584d8d688a7bedd72e06f508088c933485bfbfa222c82aab7fd0,159.7083409090909,937.9049076858963,
B1,17,4,83,32,清远,ce6ca82c326e584d8d688a7bedd72e06f508088c933485bfbfa222c82aab7fd0,375.720028409091,198.79218137117437,
B1,17,4,83,35,琼中,ce6ca82c326e584d8d688a7bedd72e06f508088c933485bfbfa222c82aab7fd0,1106.44734375,228.29532091662765,
B1,17,5,84,0,万宁,ce6ca82c326e584d8d688a7bedd72e06f508088c933485bfbfa222c82aab7fd0,148.9921240384616,476.07222272560426,
B1,17,5,84,2,上饶,ce6ca82c326e584d8d688a7bedd72e06f508088c933485bfbfa222c82aab7fd0,114.81355125,514.5983365349605,
B1,17,5,84,7,中山,ce6ca82c326e584d8d688a7bedd72e06f508088c933485bfbfa222c82aab7fd0,89.11043759098708,204.82169092514522,
B1,17,5,84,12,乐山,ce6ca82c326e584d8d688a7bedd72e06f508088c933485bfbfa222c82aab7fd0,45.02250000000001,267.6581258929866,
B1,17,5,84,24,屯昌,ce6ca82c326e584d8d688a7bedd72e06f508088c933485bfbfa222c82aab7fd0,273.4003661931819,364.836872109518,
B1,17,5,84,27,文昌,ce6ca82c326e584d8d688a7bedd72e06f508088c933485bfbfa222c82aab7fd0,273.4003661931818,461.29097351557914,
B1,17,5,84,38,肇庆,ce6ca82c326e584d8d688a7bedd72e06f508088c933485bfbfa222c82aab7fd0,23.03745340909091,348.70701608228535,
B1,17,5,84,40,韶关,ce6ca82c326e584d8d688a7bedd72e06f508088c933485bfbfa222c82aab7fd0,547.9050852272727,502.3742545742715,
B1,18,1,85,6,中卫,ce6ca82c326e584d8d688a7bedd72e06f508088c933485bfbfa222c82aab7fd0,31.05198382826678,305.54830996380025,
B1,18,1,85,9,丽水,ce6ca82c326e584d8d688a7bedd72e06f508088c933485bfbfa222c82aab7fd0,33.76567926136365,309.56084445430105,
B1,18,1,85,10,义乌,ce6ca82c326e584d8d688a7bedd72e06f508088c933485bfbfa222c82aab7fd0,7288.761349396308,411.84901796419746,
B1,18,1,85,20,北京,ce6ca82c326e584d8d688a7bedd72e06f508088c933485bfbfa222c82aab7fd0,291.2148675426136,329.4232741610855,
B1,18,1,85,24,屯昌,ce6ca82c326e584d8d688a7bedd72e06f508088c933485bfbfa222c82aab7fd0,273.4003661931819,336.96408707833507,
B1,18,1,85,28,昌江,ce6ca82c326e584d8d688a7bedd72e06f508088c933485bfbfa222c82aab7fd0,268.7138254261364,254.86513085402413,
B1,18,1,85,31,深圳,ce6ca82c326e584d8d688a7bedd72e06f508088c933485bfbfa222c82aab7fd0,159.7083409090909,414.7188462119888,
B1,18,1,85,36,琼海,ce6ca82c326e584d8d688a7bedd72e06f508088c933485bfbfa222c82aab7fd0,1716.717565054688,305.65864921596074,
B1,18,1,85,38,肇庆,ce6ca82c326e584d8d688a7bedd72e06f508088c933485bfbfa222c82aab7fd0,23.03745340909091,255.74001015616136,
B1,18,2,86,1,上海,ce6ca82c326e584d8d688a7bedd72e06f508088c933485bfbfa222c82aab7fd0,2302.973933396464,549.7499715236625,
B1,18,2,86,2,上饶,ce6ca82c326e584d8d688a7bedd72e06f508088c933485bfbfa222c82aab7fd0,114.81355125,438.81711606559946,
B1,18,2,86,5,东营,ce6ca82c326e584d8d688a7bedd72e06f508088c933485bfbfa222c82aab7fd0,425.3271014204544,231.93102024118278,
B1,18,2,86,13,九江,ce6ca82c326e584d8d688a7bedd72e06f508088c933485bfbfa222c82aab7fd0,0.0,279.72402915020285,
B1,18,2,86,14,五指山,ce6ca82c326e584d8d688a7bedd72e06f508088c933485bfbfa222c82aab7fd0,273.4003661931818,357.77407919898656,
B1,18,2,86,18,六安,ce6ca82c326e584d8d688a7bedd72e06f508088c933485bfbfa222c82aab7fd0,8.639045028409095,601.599424969744,
B1,18,2,86,22,合肥,ce6ca82c326e584d8d688a7bedd72e06f508088c933485bfbfa222c82aab7fd0,13.19625,316.5221122060039,
B1,18,2,86,26,惠州,ce6ca82c326e584d8d688a7bedd72e06f508088c933485bfbfa222c82aab7fd0,253.6378448863636,283.7197355638283,
B1,18,3,87,0,万宁,ce6ca82c326e584d8d688a7bedd72e06f508088c933485bfbfa222c82aab7fd0,148.9921240384616,528.2738449194634,
B1,18,3,87,3,东方,ce6ca82c326e584d8d688a7bedd72e06f508088c933485bfbfa222c82aab7fd0,266.2529209872159,427.4756502190841,
B1,18,3,87,12,乐山,ce6ca82c326e584d8d688a7bedd72e06f508088c933485bfbfa222c82aab7fd0,45.02250000000001,225.72600590534577,
B1,18,3,87,16,信阳,ce6ca82c326e584d8d688a7bedd72e06f508088c933485bfbfa222c82aab7fd0,244.6035494318183,604.7391291711264,
B1,18,3,87,19,兰州,ce6ca82c326e584d8d688a7bedd72e06f508088c933485bfbfa222c82aab7fd0,32.85616429924242,308.83854414899395,
B1,18,3,87,21,北海,ce6ca82c326e584d8d688a7bedd72e06f508088c933485bfbfa222c82aab7fd0,318.3245085227273,303.6677734602283,
B1,18,3,87,30,海口,ce6ca82c326e584d8d688a7bedd72e06f508088c933485bfbfa222c82aab7fd0,339.134276349432,633.1947478011379,
B1,18,3,87,40,韶关,ce6ca82c326e584d8d688a7bedd72e06f508088c933485bfbfa222c82aab7fd0,547.9050852272727,475.34884821478073,
B1,18,4,88,4,东莞,ce6ca82c326e584d8d688a7bedd72e06f508088c933485bfbfa222c82aab7fd0,307.5424744318183,515.1535402065065,
B1,18,4,88,8,临高,ce6ca82c326e584d8d688a7bedd72e06f508088c933485bfbfa222c82aab7fd0,83.80276845703128,347.2518431973745,
B1,18,4,88,17,儋州,ce6ca82c326e584d8d688a7bedd72e06f508088c933485bfbfa222c82aab7fd0,539.7352537592891,369.73549659975396,
B1,18,4,88,25,广州,ce6ca82c326e584d8d688a7bedd72e06f508088c933485bfbfa222c82aab7fd0,164.1983198863636,576.9133218808696,
B1,18,4,88,29,汕头,ce6ca82c326e584d8d688a7bedd72e06f508088c933485bfbfa222c82aab7fd0,516.6316193181818,207.72824816368737,
B1,18,4,88,32,清远,ce6ca82c326e584d8d688a7bedd72e06f508088c933485bfbfa222c82aab7fd0,375.720028409091,185.8652726570908,
B1,18,4,88,33,澄迈,ce6ca82c326e584d8d688a7bedd72e06f508088c933485bfbfa222c82aab7fd0,647.861484375,313.0837117084861,
B1,18,4,88,34,珠海,ce6ca82c326e584d8d688a7bedd72e06f508088c933485bfbfa222c82aab7fd0,1511.786079545455,664.6420556730219,
B1,18,5,89,7,中山,ce6ca82c326e584d8d688a7bedd72e06f508088c933485bfbfa222c82aab7fd0,89.11043759098708,194.1816879582129,
B1,18,5,89,11,乐东,ce6ca82c326e584d8d688a7bedd72e06f508088c933485bfbfa222c82aab7fd0,51.57938057753164,606.1969014504624,
B1,18,5,89,15,佛山,ce6ca82c326e584d8d688a7bedd72e06f508088c933485bfbfa222c82aab7fd0,28.38274488636364,378.745324693569,
B1,18,5,89,23,定安,ce6ca82c326e584d8d688a7bedd72e06f508088c933485bfbfa222c82aab7fd0,273.4003661931819,461.8550724967084,
B1,18,5,89,27,文昌,ce6ca82c326e584d8d688a7bedd72e06f508088c933485bfbfa222c82aab7fd0,273.4003661931818,369.97257684988307,
B1,18,5,89,35,琼中,ce6ca82c326e584d8d688a7bedd72e06f508088c933485bfbfa222c82aab7fd0,1106.44734375,267.3806709684864,
B1,18,5,89,37,白沙,ce6ca82c326e584d8d688a7bedd72e06f508088c933485bfbfa222c82aab7fd0,192.9951366477273,305.5058599330259,
B1,18,5,89,39,陵水,ce6ca82c326e584d8d688a7bedd72e06f508088c933485bfbfa222c82aab7fd0,337.1486134943182,489.8475522221179,
B1,19,1,90,3,东方,ce6ca82c326e584d8d688a7bedd72e06f508088c933485bfbfa222c82aab7fd0,266.2529209872159,312.3792809260899,
B1,19,1,90,7,中山,ce6ca82c326e584d8d688a7bedd72e06f508088c933485bfbfa222c82aab7fd0,89.11043759098708,232.22464920886264,
B1,19,1,90,13,九江,ce6ca82c326e584d8d688a7bedd72e06f508088c933485bfbfa222c82aab7fd0,0.0,305.1757675040926,
B1,19,1,90,19,兰州,ce6ca82c326e584d8d688a7bedd72e06f508088c933485bfbfa222c82aab7fd0,32.85616429924242,311.66267343688,
B1,19,1,90,23,定安,ce6ca82c326e584d8d688a7bedd72e06f508088c933485bfbfa222c82aab7fd0,273.4003661931819,406.2394640121815,
B1,19,1,90,30,海口,ce6ca82c326e584d8d688a7bedd72e06f508088c933485bfbfa222c82aab7fd0,339.134276349432,401.4395873720533,
B1,19,1,90,34,珠海,ce6ca82c326e584d8d688a7bedd72e06f508088c933485bfbfa222c82aab7fd0,1511.786079545455,544.7593739625073,
B1,19,1,90,36,琼海,ce6ca82c326e584d8d688a7bedd72e06f508088c933485bfbfa222c82aab7fd0,1716.717565054688,458.63918831334956,
B1,19,1,90,40,韶关,ce6ca82c326e584d8d688a7bedd72e06f508088c933485bfbfa222c82aab7fd0,547.9050852272727,329.48643767289013,
B1,19,2,91,6,中卫,ce6ca82c326e584d8d688a7bedd72e06f508088c933485bfbfa222c82aab7fd0,31.05198382826678,274.3096114030361,
B1,19,2,91,9,丽水,ce6ca82c326e584d8d688a7bedd72e06f508088c933485bfbfa222c82aab7fd0,33.76567926136365,623.6974050281385,
B1,19,2,91,11,乐东,ce6ca82c326e584d8d688a7bedd72e06f508088c933485bfbfa222c82aab7fd0,51.57938057753164,704.5280392328455,
B1,19,2,91,14,五指山,ce6ca82c326e584d8d688a7bedd72e06f508088c933485bfbfa222c82aab7fd0,273.4003661931818,488.75238064235475,
B1,19,2,91,22,合肥,ce6ca82c326e584d8d688a7bedd72e06f508088c933485bfbfa222c82aab7fd0,13.19625,351.36744879197454,
B1,19,2,91,28,昌江,ce6ca82c326e584d8d688a7bedd72e06f508088c933485bfbfa222c82aab7fd0,268.7138254261364,369.88049230547324,
B1,19,2,91,33,澄迈,ce6ca82c326e584d8d688a7bedd72e06f508088c933485bfbfa222c82aab7fd0,647.861484375,340.4153258462272,
B1,19,2,91,38,肇庆,ce6ca82c326e584d8d688a7bedd72e06f508088c933485bfbfa222c82aab7fd0,23.03745340909091,365.7340522478171,
B1,19,3,92,2,上饶,ce6ca82c326e584d8d688a7bedd72e06f508088c933485bfbfa222c82aab7fd0,114.81355125,509.1715060532701,
B1,19,3,92,4,东莞,ce6ca82c326e584d8d688a7bedd72e06f508088c933485bfbfa222c82aab7fd0,307.5424744318183,538.4173158411471,
B1,19,3,92,5,东营,ce6ca82c326e584d8d688a7bedd72e06f508088c933485bfbfa222c82aab7fd0,425.3271014204544,172.70123898134221,
B1,19,3,92,15,佛山,ce6ca82c326e584d8d688a7bedd72e06f508088c933485bfbfa222c82aab7fd0,28.38274488636364,488.9791284536072,
B1,19,3,92,18,六安,ce6ca82c326e584d8d688a7bedd72e06f508088c933485bfbfa222c82aab7fd0,8.639045028409095,718.1569343780387,
B1,19,3,92,27,文昌,ce6ca82c326e584d8d688a7bedd72e06f508088c933485bfbfa222c82aab7fd0,273.4003661931818,369.1144062393291,
B1,19,3,92,29,汕头,ce6ca82c326e584d8d688a7bedd72e06f508088c933485bfbfa222c82aab7fd0,516.6316193181818,258.27698897290753,
B1,19,3,92,35,琼中,ce6ca82c326e584d8d688a7bedd72e06f508088c933485bfbfa222c82aab7fd0,1106.44734375,230.69891917613137,
B1,19,4,93,1,上海,ce6ca82c326e584d8d688a7bedd72e06f508088c933485bfbfa222c82aab7fd0,2302.973933396464,496.5282885342043,
B1,19,4,93,8,临高,ce6ca82c326e584d8d688a7bedd72e06f508088c933485bfbfa222c82aab7fd0,83.80276845703128,473.2454637521731,
B1,19,4,93,12,乐山,ce6ca82c326e584d8d688a7bedd72e06f508088c933485bfbfa222c82aab7fd0,45.02250000000001,245.86452169079104,
B1,19,4,93,16,信阳,ce6ca82c326e584d8d688a7bedd72e06f508088c933485bfbfa222c82aab7fd0,244.6035494318183,460.1271097152972,
B1,19,4,93,21,北海,ce6ca82c326e584d8d688a7bedd72e06f508088c933485bfbfa222c82aab7fd0,318.3245085227273,345.2463980104131,
B1,19,4,93,26,惠州,ce6ca82c326e584d8d688a7bedd72e06f508088c933485bfbfa222c82aab7fd0,253.6378448863636,290.78899493106564,
B1,19,4,93,37,白沙,ce6ca82c326e584d8d688a7bedd72e06f508088c933485bfbfa222c82aab7fd0,192.9951366477273,306.1545776027271,
B1,19,4,93,39,陵水,ce6ca82c326e584d8d688a7bedd72e06f508088c933485bfbfa222c82aab7fd0,337.1486134943182,461.44794320050937,
B1,19,5,94,0,万宁,ce6ca82c326e584d8d688a7bedd72e06f508088c933485bfbfa222c82aab7fd0,148.9921240384616,496.1940700653564,
B1,19,5,94,10,义乌,ce6ca82c326e584d8d688a7bedd72e06f508088c933485bfbfa222c82aab7fd0,7288.761349396308,496.24918661718806,
B1,19,5,94,17,儋州,ce6ca82c326e584d8d688a7bedd72e06f508088c933485bfbfa222c82aab7fd0,539.7352537592891,317.60657937009137,
B1,19,5,94,20,北京,ce6ca82c326e584d8d688a7bedd72e06f508088c933485bfbfa222c82aab7fd0,291.2148675426136,382.1524941367722,
B1,19,5,94,24,屯昌,ce6ca82c326e584d8d688a7bedd72e06f508088c933485bfbfa222c82aab7fd0,273.4003661931819,362.6279226504229,
B1,19,5,94,25,广州,ce6ca82c326e584d8d688a7bedd72e06f508088c933485bfbfa222c82aab7fd0,164.1983198863636,432.48707215113484,
B1,19,5,94,31,深圳,ce6ca82c326e584d8d688a7bedd72e06f508088c933485bfbfa222c82aab7fd0,159.7083409090909,520.1540173569895,
B1,19,5,94,32,清远,ce6ca82c326e584d8d688a7bedd72e06f508088c933485bfbfa222c82aab7fd0,375.720028409091,234.4438645570674,
B1,20,1,95,5,东营,ce6ca82c326e584d8d688a7bedd72e06f508088c933485bfbfa222c82aab7fd0,425.3271014204544,248.23214998542744,
B1,20,1,95,8,临高,ce6ca82c326e584d8d688a7bedd72e06f508088c933485bfbfa222c82aab7fd0,83.80276845703128,446.60255941522877,
B1,20,1,95,9,丽水,ce6ca82c326e584d8d688a7bedd72e06f508088c933485bfbfa222c82aab7fd0,33.76567926136365,451.34669603166265,
B1,20,1,95,19,兰州,ce6ca82c326e584d8d688a7bedd72e06f508088c933485bfbfa222c82aab7fd0,32.85616429924242,322.4151019750665,
B1,20,1,95,22,合肥,ce6ca82c326e584d8d688a7bedd72e06f508088c933485bfbfa222c82aab7fd0,13.19625,375.7032371223324,
B1,20,1,95,23,定安,ce6ca82c326e584d8d688a7bedd72e06f508088c933485bfbfa222c82aab7fd0,273.4003661931819,435.1636682340929,
B1,20,1,95,36,琼海,ce6ca82c326e584d8d688a7bedd72e06f508088c933485bfbfa222c82aab7fd0,1716.717565054688,512.3566439395269,
B1,20,1,95,39,陵水,ce6ca82c326e584d8d688a7bedd72e06f508088c933485bfbfa222c82aab7fd0,337.1486134943182,434.11663521632863,
B1,20,1,95,40,韶关,ce6ca82c326e584d8d688a7bedd72e06f508088c933485bfbfa222c82aab7fd0,547.9050852272727,335.24615551709354,
B1,20,2,96,6,中卫,ce6ca82c326e584d8d688a7bedd72e06f508088c933485bfbfa222c82aab7fd0,31.05198382826678,275.06830460866996,
B1,20,2,96,10,义乌,ce6ca82c326e584d8d688a7bedd72e06f508088c933485bfbfa222c82aab7fd0,7288.761349396308,306.34712233356566,
B1,20,2,96,13,九江,ce6ca82c326e584d8d688a7bedd72e06f508088c933485bfbfa222c82aab7fd0,0.0,240.6366922736083,
B1,20,2,96,18,六安,ce6ca82c326e584d8d688a7bedd72e06f508088c933485bfbfa222c82aab7fd0,8.639045028409095,540.0203083047759,
B1,20,2,96,20,北京,ce6ca82c326e584d8d688a7bedd72e06f508088c933485bfbfa222c82aab7fd0,291.2148675426136,237.88482944598803,
B1,20,2,96,34,珠海,ce6ca82c326e584d8d688a7bedd72e06f508088c933485bfbfa222c82aab7fd0,1511.786079545455,307.1622679500666,
B1,20,2,96,35,琼中,ce6ca82c326e584d8d688a7bedd72e06f508088c933485bfbfa222c82aab7fd0,1106.44734375,273.7962215237504,
B1,20,2,96,37,白沙,ce6ca82c326e584d8d688a7bedd72e06f508088c933485bfbfa222c82aab7fd0,192.9951366477273,313.89950243973345,
B1,20,3,97,4,东莞,ce6ca82c326e584d8d688a7bedd72e06f508088c933485bfbfa222c82aab7fd0,307.5424744318183,560.8459093142133,
B1,20,3,97,11,乐东,ce6ca82c326e584d8d688a7bedd72e06f508088c933485bfbfa222c82aab7fd0,51.57938057753164,664.3036494692408,
B1,20,3,97,14,五指山,ce6ca82c326e584d8d688a7bedd72e06f508088c933485bfbfa222c82aab7fd0,273.4003661931818,464.6719483843659,
B1,20,3,97,15,佛山,ce6ca82c326e584d8d688a7bedd72e06f508088c933485bfbfa222c82aab7fd0,28.38274488636364,444.11695894777273,
B1,20,3,97,16,信阳,ce6ca82c326e584d8d688a7bedd72e06f508088c933485bfbfa222c82aab7fd0,244.6035494318183,522.5708637517683,
B1,20,3,97,24,屯昌,ce6ca82c326e584d8d688a7bedd72e06f508088c933485bfbfa222c82aab7fd0,273.4003661931819,447.8498155325077,
B1,20,3,97,28,昌江,ce6ca82c326e584d8d688a7bedd72e06f508088c933485bfbfa222c82aab7fd0,268.7138254261364,342.53723513567525,
B1,20,3,97,38,肇庆,ce6ca82c326e584d8d688a7bedd72e06f508088c933485bfbfa222c82aab7fd0,23.03745340909091,351.38279041757596,
B1,20,4,98,1,上海,ce6ca82c326e584d8d688a7bedd72e06f508088c933485bfbfa222c82aab7fd0,2302.973933396464,585.5297186630136,
B1,20,4,98,2,上饶,ce6ca82c326e584d8d688a7bedd72e06f508088c933485bfbfa222c82aab7fd0,114.81355125,358.96417246866116,
B1,20,4,98,17,儋州,ce6ca82c326e584d8d688a7bedd72e06f508088c933485bfbfa222c82aab7fd0,539.7352537592891,339.02896865390414,
B1,20,4,98,21,北海,ce6ca82c326e584d8d688a7bedd72e06f508088c933485bfbfa222c82aab7fd0,318.3245085227273,306.2996151674225,
B1,20,4,98,25,广州,ce6ca82c326e584d8d688a7bedd72e06f508088c933485bfbfa222c82aab7fd0,164.1983198863636,389.51158363728035,
B1,20,4,98,26,惠州,ce6ca82c326e584d8d688a7bedd72e06f508088c933485bfbfa222c82aab7fd0,253.6378448863636,250.96649754238825,
B1,20,4,98,29,汕头,ce6ca82c326e584d8d688a7bedd72e06f508088c933485bfbfa222c82aab7fd0,516.6316193181818,254.85714608767353,
B1,20,4,98,32,清远,ce6ca82c326e584d8d688a7bedd72e06f508088c933485bfbfa222c82aab7fd0,375.720028409091,239.34256002187217,
B1,20,5,99,0,万宁,ce6ca82c326e584d8d688a7bedd72e06f508088c933485bfbfa222c82aab7fd0,148.9921240384616,499.31132955576544,
B1,20,5,99,3,东方,ce6ca82c326e584d8d688a7bedd72e06f508088c933485bfbfa222c82aab7fd0,266.2529209872159,378.96887596861905,
B1,20,5,99,7,中山,ce6ca82c326e584d8d688a7bedd72e06f508088c933485bfbfa222c82aab7fd0,89.11043759098708,202.6094690691046,
B1,20,5,99,12,乐山,ce6ca82c326e584d8d688a7bedd72e06f508088c933485bfbfa222c82aab7fd0,45.02250000000001,235.17411714091352,
B1,20,5,99,27,文昌,ce6ca82c326e584d8d688a7bedd72e06f508088c933485bfbfa222c82aab7fd0,273.4003661931818,393.35704321932917,
B1,20,5,99,30,海口,ce6ca82c326e584d8d688a7bedd72e06f508088c933485bfbfa222c82aab7fd0,339.134276349432,622.7785264663481,
B1,20,5,99,31,深圳,ce6ca82c326e584d8d688a7bedd72e06f508088c933485bfbfa222c82aab7fd0,159.7083409090909,760.4159066205553,
B1,20,5,99,33,澄迈,ce6ca82c326e584d8d688a7bedd72e06f508088c933485bfbfa222c82aab7fd0,647.861484375,322.8025259561782,
B2,1,1,0,4,东莞,ce6ca82c326e584d8d688a7bedd72e06f508088c933485bfbfa222c82aab7fd0,307.5424744318183,1042.6695559629156,
B2,1,1,0,8,临高,ce6ca82c326e584d8d688a7bedd72e06f508088c933485bfbfa222c82aab7fd0,83.80276845703128,436.9326530117159,
B2,1,1,0,13,九江,ce6ca82c326e584d8d688a7bedd72e06f508088c933485bfbfa222c82aab7fd0,0.0,288.6152521174647,
B2,1,1,0,19,兰州,ce6ca82c326e584d8d688a7bedd72e06f508088c933485bfbfa222c82aab7fd0,32.85616429924242,408.28467267419273,
B2,1,1,0,24,屯昌,ce6ca82c326e584d8d688a7bedd72e06f508088c933485bfbfa222c82aab7fd0,273.4003661931819,334.70881703973157,
B2,1,1,0,25,广州,ce6ca82c326e584d8d688a7bedd72e06f508088c933485bfbfa222c82aab7fd0,164.1983198863636,970.3174114290541,
B2,1,1,0,29,汕头,ce6ca82c326e584d8d688a7bedd72e06f508088c933485bfbfa222c82aab7fd0,516.6316193181818,304.1532480858652,
B2,1,1,0,39,陵水,ce6ca82c326e584d8d688a7bedd72e06f508088c933485bfbfa222c82aab7fd0,337.1486134943182,462.3888680091833,
B2,1,1,0,40,韶关,ce6ca82c326e584d8d688a7bedd72e06f508088c933485bfbfa222c82aab7fd0,547.9050852272727,378.68516837433583,
B2,1,2,1,6,中卫,ce6ca82c326e584d8d688a7bedd72e06f508088c933485bfbfa222c82aab7fd0,31.05198382826678,309.0794943554155,
B2,1,2,1,9,丽水,ce6ca82c326e584d8d688a7bedd72e06f508088c933485bfbfa222c82aab7fd0,33.76567926136365,481.9664010114616,
B2,1,2,1,12,乐山,ce6ca82c326e584d8d688a7bedd72e06f508088c933485bfbfa222c82aab7fd0,45.02250000000001,266.86809014764117,
B2,1,2,1,15,佛山,ce6ca82c326e584d8d688a7bedd72e06f508088c933485bfbfa222c82aab7fd0,28.38274488636364,774.431879747938,
B2,1,2,1,16,信阳,ce6ca82c326e584d8d688a7bedd72e06f508088c933485bfbfa222c82aab7fd0,244.6035494318183,532.0856138732325,
B2,1,2,1,17,儋州,ce6ca82c326e584d8d688a7bedd72e06f508088c933485bfbfa222c82aab7fd0,539.7352537592891,353.5347887716491,
B2,1,2,1,26,惠州,ce6ca82c326e584d8d688a7bedd72e06f508088c933485bfbfa222c82aab7fd0,253.6378448863636,265.9063230679874,
B2,1,2,1,32,清远,ce6ca82c326e584d8d688a7bedd72e06f508088c933485bfbfa222c82aab7fd0,375.720028409091,342.72777501211436,
B2,1,3,2,0,万宁,ce6ca82c326e584d8d688a7bedd72e06f508088c933485bfbfa222c82aab7fd0,148.9921240384616,398.7974986549761,
B2,1,3,2,1,上海,ce6ca82c326e584d8d688a7bedd72e06f508088c933485bfbfa222c82aab7fd0,2302.973933396464,590.643884568697,
B2,1,3,2,5,东营,ce6ca82c326e584d8d688a7bedd72e06f508088c933485bfbfa222c82aab7fd0,425.3271014204544,238.85227284409686,
B2,1,3,2,11,乐东,ce6ca82c326e584d8d688a7bedd72e06f508088c933485bfbfa222c82aab7fd0,51.57938057753164,409.14611031030597,
B2,1,3,2,27,文昌,ce6ca82c326e584d8d688a7bedd72e06f508088c933485bfbfa222c82aab7fd0,273.4003661931818,399.00511066333195,
B2,1,3,2,30,海口,ce6ca82c326e584d8d688a7bedd72e06f508088c933485bfbfa222c82aab7fd0,339.134276349432,588.9911255480081,
B2,1,3,2,34,珠海,ce6ca82c326e584d8d688a7bedd72e06f508088c933485bfbfa222c82aab7fd0,1511.786079545455,442.5880241041457,
B2,1,3,2,35,琼中,ce6ca82c326e584d8d688a7bedd72e06f508088c933485bfbfa222c82aab7fd0,1106.44734375,270.1589177011783,
B2,1,4,3,2,上饶,ce6ca82c326e584d8d688a7bedd72e06f508088c933485bfbfa222c82aab7fd0,114.81355125,258.863094925574,
B2,1,4,3,3,东方,ce6ca82c326e584d8d688a7bedd72e06f508088c933485bfbfa222c82aab7fd0,266.2529209872159,293.84072907210253,
B2,1,4,3,21,北海,ce6ca82c326e584d8d688a7bedd72e06f508088c933485bfbfa222c82aab7fd0,318.3245085227273,244.00270650703348,
B2,1,4,3,23,定安,ce6ca82c326e584d8d688a7bedd72e06f508088c933485bfbfa222c82aab7fd0,273.4003661931819,265.86746644245505,
B2,1,4,3,31,深圳,ce6ca82c326e584d8d688a7bedd72e06f508088c933485bfbfa222c82aab7fd0,159.7083409090909,927.419086990098,
B2,1,4,3,33,澄迈,ce6ca82c326e584d8d688a7bedd72e06f508088c933485bfbfa222c82aab7fd0,647.861484375,223.48940888829847,
B2,1,4,3,36,琼海,ce6ca82c326e584d8d688a7bedd72e06f508088c933485bfbfa222c82aab7fd0,1716.717565054688,377.8785413530909,
B2,1,4,3,37,白沙,ce6ca82c326e584d8d688a7bedd72e06f508088c933485bfbfa222c82aab7fd0,192.9951366477273,264.8173800602776,
B2,1,5,4,7,中山,ce6ca82c326e584d8d688a7bedd72e06f508088c933485bfbfa222c82aab7fd0,89.11043759098708,282.805128047166,
B2,1,5,4,10,义乌,ce6ca82c326e584d8d688a7bedd72e06f508088c933485bfbfa222c82aab7fd0,7288.761349396308,524.3520529225152,
B2,1,5,4,14,五指山,ce6ca82c326e584d8d688a7bedd72e06f508088c933485bfbfa222c82aab7fd0,273.4003661931818,326.3861719025052,
B2,1,5,4,18,六安,ce6ca82c326e584d8d688a7bedd72e06f508088c933485bfbfa222c82aab7fd0,8.639045028409095,540.8904280340449,
B2,1,5,4,20,北京,ce6ca82c326e584d8d688a7bedd72e06f508088c933485bfbfa222c82aab7fd0,291.2148675426136,392.89344792542175,
B2,1,5,4,22,合肥,ce6ca82c326e584d8d688a7bedd72e06f508088c933485bfbfa222c82aab7fd0,13.19625,391.1810547228328,
B2,1,5,4,28,昌江,ce6ca82c326e584d8d688a7bedd72e06f508088c933485bfbfa222c82aab7fd0,268.7138254261364,292.07677953014263,
B2,1,5,4,38,肇庆,ce6ca82c326e584d8d688a7bedd72e06f508088c933485bfbfa222c82aab7fd0,23.03745340909091,321.4482484343018,
B2,2,1,5,0,万宁,ce6ca82c326e584d8d688a7bedd72e06f508088c933485bfbfa222c82aab7fd0,148.9921240384616,372.54419031431854,
B2,2,1,5,4,东莞,ce6ca82c326e584d8d688a7bedd72e06f508088c933485bfbfa222c82aab7fd0,307.5424744318183,259.74884125119473,
B2,2,1,5,10,义乌,ce6ca82c326e584d8d688a7bedd72e06f508088c933485bfbfa222c82aab7fd0,7288.761349396308,373.64210327895074,
B2,2,1,5,12,乐山,ce6ca82c326e584d8d688a7bedd72e06f508088c933485bfbfa222c82aab7fd0,45.02250000000001,281.43353333888064,
B2,2,1,5,18,六安,ce6ca82c326e584d8d688a7bedd72e06f508088c933485bfbfa222c82aab7fd0,8.639045028409095,558.3940549675993,
B2,2,1,5,23,定安,ce6ca82c326e584d8d688a7bedd72e06f508088c933485bfbfa222c82aab7fd0,273.4003661931819,371.2271966519879,
B2,2,1,5,26,惠州,ce6ca82c326e584d8d688a7bedd72e06f508088c933485bfbfa222c82aab7fd0,253.6378448863636,217.6426569264368,
B2,2,1,5,28,昌江,ce6ca82c326e584d8d688a7bedd72e06f508088c933485bfbfa222c82aab7fd0,268.7138254261364,304.57416681924184,
B2,2,1,5,34,珠海,ce6ca82c326e584d8d688a7bedd72e06f508088c933485bfbfa222c82aab7fd0,1511.786079545455,334.47020266828287,
B2,2,2,6,5,东营,ce6ca82c326e584d8d688a7bedd72e06f508088c933485bfbfa222c82aab7fd0,425.3271014204544,260.9523396065571,
B2,2,2,6,9,丽水,ce6ca82c326e584d8d688a7bedd72e06f508088c933485bfbfa222c82aab7fd0,33.76567926136365,381.38030635707736,
B2,2,2,6,15,佛山,ce6ca82c326e584d8d688a7bedd72e06f508088c933485bfbfa222c82aab7fd0,28.38274488636364,727.4518558590336,
B2,2,2,6,21,北海,ce6ca82c326e584d8d688a7bedd72e06f508088c933485bfbfa222c82aab7fd0,318.3245085227273,327.2189463833942,
B2,2,2,6,22,合肥,ce6ca82c326e584d8d688a7bedd72e06f508088c933485bfbfa222c82aab7fd0,13.19625,580.7452163431972,
B2,2,2,6,31,深圳,ce6ca82c326e584d8d688a7bedd72e06f508088c933485bfbfa222c82aab7fd0,159.7083409090909,939.8107017047759,
B2,2,2,6,32,清远,ce6ca82c326e584d8d688a7bedd72e06f508088c933485bfbfa222c82aab7fd0,375.720028409091,245.3157291330336,
B2,2,2,6,36,琼海,ce6ca82c326e584d8d688a7bedd72e06f508088c933485bfbfa222c82aab7fd0,1716.717565054688,432.01271000459985,
B2,2,3,7,2,上饶,ce6ca82c326e584d8d688a7bedd72e06f508088c933485bfbfa222c82aab7fd0,114.81355125,408.28389745360437,
B2,2,3,7,16,信阳,ce6ca82c326e584d8d688a7bedd72e06f508088c933485bfbfa222c82aab7fd0,244.6035494318183,397.9837169571574,
B2,2,3,7,20,北京,ce6ca82c326e584d8d688a7bedd72e06f508088c933485bfbfa222c82aab7fd0,291.2148675426136,872.9513594029651,
B2,2,3,7,29,汕头,ce6ca82c326e584d8d688a7bedd72e06f508088c933485bfbfa222c82aab7fd0,516.6316193181818,222.74663239613298,
B2,2,3,7,33,澄迈,ce6ca82c326e584d8d688a7bedd72e06f508088c933485bfbfa222c82aab7fd0,647.861484375,218.5564087110992,
B2,2,3,7,35,琼中,ce6ca82c326e584d8d688a7bedd72e06f508088c933485bfbfa222c82aab7fd0,1106.44734375,235.67709293281476,
B2,2,3,7,37,白沙,ce6ca82c326e584d8d688a7bedd72e06f508088c933485bfbfa222c82aab7fd0,192.9951366477273,253.10082453872823,
B2,2,3,7,39,陵水,ce6ca82c326e584d8d688a7bedd72e06f508088c933485bfbfa222c82aab7fd0,337.1486134943182,402.1688659450253,
B2,2,4,8,1,上海,ce6ca82c326e584d8d688a7bedd72e06f508088c933485bfbfa222c82aab7fd0,2302.973933396464,667.9462824148496,
B2,2,4,8,6,中卫,ce6ca82c326e584d8d688a7bedd72e06f508088c933485bfbfa222c82aab7fd0,31.05198382826678,461.7484360497458,
B2,2,4,8,7,中山,ce6ca82c326e584d8d688a7bedd72e06f508088c933485bfbfa222c82aab7fd0,89.11043759098708,290.71961959758266,
B2,2,4,8,11,乐东,ce6ca82c326e584d8d688a7bedd72e06f508088c933485bfbfa222c82aab7fd0,51.57938057753164,550.1608181065166,
B2,2,4,8,14,五指山,ce6ca82c326e584d8d688a7bedd72e06f508088c933485bfbfa222c82aab7fd0,273.4003661931818,490.45690420017917,
B2,2,4,8,19,兰州,ce6ca82c326e584d8d688a7bedd72e06f508088c933485bfbfa222c82aab7fd0,32.85616429924242,491.90016442047204,
B2,2,4,8,27,文昌,ce6ca82c326e584d8d688a7bedd72e06f508088c933485bfbfa222c82aab7fd0,273.4003661931818,561.9748108616884,
B2,2,4,8,30,海口,ce6ca82c326e584d8d688a7bedd72e06f508088c933485bfbfa222c82aab7fd0,339.134276349432,497.7135353325976,
B2,2,5,9,3,东方,ce6ca82c326e584d8d688a7bedd72e06f508088c933485bfbfa222c82aab7fd0,266.2529209872159,395.3989061136433,
B2,2,5,9,8,临高,ce6ca82c326e584d8d688a7bedd72e06f508088c933485bfbfa222c82aab7fd0,83.80276845703128,433.4411459662581,
B2,2,5,9,13,九江,ce6ca82c326e584d8d688a7bedd72e06f508088c933485bfbfa222c82aab7fd0,0.0,286.8209184813849,
B2,2,5,9,17,儋州,ce6ca82c326e584d8d688a7bedd72e06f508088c933485bfbfa222c82aab7fd0,539.7352537592891,423.39159101529174,
B2,2,5,9,24,屯昌,ce6ca82c326e584d8d688a7bedd72e06f508088c933485bfbfa222c82aab7fd0,273.4003661931819,386.8036455457476,
B2,2,5,9,25,广州,ce6ca82c326e584d8d688a7bedd72e06f508088c933485bfbfa222c82aab7fd0,164.1983198863636,807.5265031375941,
B2,2,5,9,38,肇庆,ce6ca82c326e584d8d688a7bedd72e06f508088c933485bfbfa222c82aab7fd0,23.03745340909091,337.17410037327886,
B2,2,5,9,40,韶关,ce6ca82c326e584d8d688a7bedd72e06f508088c933485bfbfa222c82aab7fd0,547.9050852272727,473.2241542436201,
B2,3,1,10,1,上海,ce6ca82c326e584d8d688a7bedd72e06f508088c933485bfbfa222c82aab7fd0,2302.973933396464,777.5256383629427,
B2,3,1,10,3,东方,ce6ca82c326e584d8d688a7bedd72e06f508088c933485bfbfa222c82aab7fd0,266.2529209872159,332.04707586570345,
B2,3,1,10,5,东营,ce6ca82c326e584d8d688a7bedd72e06f508088c933485bfbfa222c82aab7fd0,425.3271014204544,322.32193351372,
B2,3,1,10,13,九江,ce6ca82c326e584d8d688a7bedd72e06f508088c933485bfbfa222c82aab7fd0,0.0,277.554979219286,
B2,3,1,10,21,北海,ce6ca82c326e584d8d688a7bedd72e06f508088c933485bfbfa222c82aab7fd0,318.3245085227273,404.2414234719876,
B2,3,1,10,22,合肥,ce6ca82c326e584d8d688a7bedd72e06f508088c933485bfbfa222c82aab7fd0,13.19625,563.4300232452916,
B2,3,1,10,31,深圳,ce6ca82c326e584d8d688a7bedd72e06f508088c933485bfbfa222c82aab7fd0,159.7083409090909,676.7833701565514,
B2,3,1,10,38,肇庆,ce6ca82c326e584d8d688a7bedd72e06f508088c933485bfbfa222c82aab7fd0,23.03745340909091,391.4677299883749,
B2,3,1,10,40,韶关,ce6ca82c326e584d8d688a7bedd72e06f508088c933485bfbfa222c82aab7fd0,547.9050852272727,428.7202150196235,
B2,3,2,11,4,东莞,ce6ca82c326e584d8d688a7bedd72e06f508088c933485bfbfa222c82aab7fd0,307.5424744318183,910.3351523312824,
B2,3,2,11,9,丽水,ce6ca82c326e584d8d688a7bedd72e06f508088c933485bfbfa222c82aab7fd0,33.76567926136365,480.76995389487365,
B2,3,2,11,12,乐山,ce6ca82c326e584d8d688a7bedd72e06f508088c933485bfbfa222c82aab7fd0,45.02250000000001,258.4995177663122,
B2,3,2,11,26,惠州,ce6ca82c326e584d8d688a7bedd72e06f508088c933485bfbfa222c82aab7fd0,253.6378448863636,209.33257570510136,
B2,3,2,11,29,汕头,ce6ca82c326e584d8d688a7bedd72e06f508088c933485bfbfa222c82aab7fd0,516.6316193181818,260.56190424760877,
B2,3,2,11,30,海口,ce6ca82c326e584d8d688a7bedd72e06f508088c933485bfbfa222c82aab7fd0,339.134276349432,646.741948990099,
B2,3,2,11,33,澄迈,ce6ca82c326e584d8d688a7bedd72e06f508088c933485bfbfa222c82aab7fd0,647.861484375,244.40772256144635,
B2,3,2,11,39,陵水,ce6ca82c326e584d8d688a7bedd72e06f508088c933485bfbfa222c82aab7fd0,337.1486134943182,448.61723151105855,
B2,3,3,12,2,上饶,ce6ca82c326e584d8d688a7bedd72e06f508088c933485bfbfa222c82aab7fd0,114.81355125,289.9019519074752,
B2,3,3,12,10,义乌,ce6ca82c326e584d8d688a7bedd72e06f508088c933485bfbfa222c82aab7fd0,7288.761349396308,320.9605250988262,
B2,3,3,12,16,信阳,ce6ca82c326e584d8d688a7bedd72e06f508088c933485bfbfa222c82aab7fd0,244.6035494318183,342.10942142829657,
B2,3,3,12,18,六安,ce6ca82c326e584d8d688a7bedd72e06f508088c933485bfbfa222c82aab7fd0,8.639045028409095,349.00331073488434,
B2,3,3,12,19,兰州,ce6ca82c326e584d8d688a7bedd72e06f508088c933485bfbfa222c82aab7fd0,32.85616429924242,269.00667148849584,
B2,3,3,12,27,文昌,ce6ca82c326e584d8d688a7bedd72e06f508088c933485bfbfa222c82aab7fd0,273.4003661931818,364.05346695860504,
B2,3,3,12,34,珠海,ce6ca82c326e584d8d688a7bedd72e06f508088c933485bfbfa222c82aab7fd0,1511.786079545455,321.0245386438902,
B2,3,3,12,36,琼海,ce6ca82c326e584d8d688a7bedd72e06f508088c933485bfbfa222c82aab7fd0,1716.717565054688,363.0638390421755,
B2,3,4,13,0,万宁,ce6ca82c326e584d8d688a7bedd72e06f508088c933485bfbfa222c82aab7fd0,148.9921240384616,471.4515874194296,
B2,3,4,13,6,中卫,ce6ca82c326e584d8d688a7bedd72e06f508088c933485bfbfa222c82aab7fd0,31.05198382826678,312.61239222222827,
B2,3,4,13,7,中山,ce6ca82c326e584d8d688a7bedd72e06f508088c933485bfbfa222c82aab7fd0,89.11043759098708,274.4403451493487,
B2,3,4,13,8,临高,ce6ca82c326e584d8d688a7bedd72e06f508088c933485bfbfa222c82aab7fd0,83.80276845703128,375.8764311557939,
B2,3,4,13,11,乐东,ce6ca82c326e584d8d688a7bedd72e06f508088c933485bfbfa222c82aab7fd0,51.57938057753164,545.44749651195,
B2,3,4,13,32,清远,ce6ca82c326e584d8d688a7bedd72e06f508088c933485bfbfa222c82aab7fd0,375.720028409091,264.51966432809735,
B2,3,4,13,35,琼中,ce6ca82c326e584d8d688a7bedd72e06f508088c933485bfbfa222c82aab7fd0,1106.44734375,318.5359166200843,
B2,3,4,13,37,白沙,ce6ca82c326e584d8d688a7bedd72e06f508088c933485bfbfa222c82aab7fd0,192.9951366477273,362.56190856538444,
B2,3,5,14,14,五指山,ce6ca82c326e584d8d688a7bedd72e06f508088c933485bfbfa222c82aab7fd0,273.4003661931818,320.9793597840426,
B2,3,5,14,15,佛山,ce6ca82c326e584d8d688a7bedd72e06f508088c933485bfbfa222c82aab7fd0,28.38274488636364,820.0626045326414,
B2,3,5,14,17,儋州,ce6ca82c326e584d8d688a7bedd72e06f508088c933485bfbfa222c82aab7fd0,539.7352537592891,306.5340855605271,
B2,3,5,14,20,北京,ce6ca82c326e584d8d688a7bedd72e06f508088c933485bfbfa222c82aab7fd0,291.2148675426136,1022.5665015010477,
B2,3,5,14,23,定安,ce6ca82c326e584d8d688a7bedd72e06f508088c933485bfbfa222c82aab7fd0,273.4003661931819,347.23253486606234,
B2,3,5,14,24,屯昌,ce6ca82c326e584d8d688a7bedd72e06f508088c933485bfbfa222c82aab7fd0,273.4003661931819,345.66054779633777,
B2,3,5,14,25,广州,ce6ca82c326e584d8d688a7bedd72e06f508088c933485bfbfa222c82aab7fd0,164.1983198863636,997.6052231300386,
B2,3,5,14,28,昌江,ce6ca82c326e584d8d688a7bedd72e06f508088c933485bfbfa222c82aab7fd0,268.7138254261364,253.6157506493912,
B2,4,1,15,1,上海,ce6ca82c326e584d8d688a7bedd72e06f508088c933485bfbfa222c82aab7fd0,2302.973933396464,640.1380673302461,
B2,4,1,15,5,东营,ce6ca82c326e584d8d688a7bedd72e06f508088c933485bfbfa222c82aab7fd0,425.3271014204544,281.1434651152949,
B2,4,1,15,7,中山,ce6ca82c326e584d8d688a7bedd72e06f508088c933485bfbfa222c82aab7fd0,89.11043759098708,195.20742092566914,
B2,4,1,15,11,乐东,ce6ca82c326e584d8d688a7bedd72e06f508088c933485bfbfa222c82aab7fd0,51.57938057753164,444.3092602417844,
B2,4,1,15,17,儋州,ce6ca82c326e584d8d688a7bedd72e06f508088c933485bfbfa222c82aab7fd0,539.7352537592891,421.15641344237946,
B2,4,1,15,23,定安,ce6ca82c326e584d8d688a7bedd72e06f508088c933485bfbfa222c82aab7fd0,273.4003661931819,475.34744513593574,
B2,4,1,15,27,文昌,ce6ca82c326e584d8d688a7bedd72e06f508088c933485bfbfa222c82aab7fd0,273.4003661931818,492.5774846177648,
B2,4,1,15,29,汕头,ce6ca82c326e584d8d688a7bedd72e06f508088c933485bfbfa222c82aab7fd0,516.6316193181818,300.42540800735594,
B2,4,1,15,38,肇庆,ce6ca82c326e584d8d688a7bedd72e06f508088c933485bfbfa222c82aab7fd0,23.03745340909091,349.5037010563801,
B2,4,2,16,10,义乌,ce6ca82c326e584d8d688a7bedd72e06f508088c933485bfbfa222c82aab7fd0,7288.761349396308,591.1900441136917,
B2,4,2,16,15,佛山,ce6ca82c326e584d8d688a7bedd72e06f508088c933485bfbfa222c82aab7fd0,28.38274488636364,481.0658426592199,
B2,4,2,16,19,兰州,ce6ca82c326e584d8d688a7bedd72e06f508088c933485bfbfa222c82aab7fd0,32.85616429924242,314.85129026641226,
B2,4,2,16,20,北京,ce6ca82c326e584d8d688a7bedd72e06f508088c933485bfbfa222c82aab7fd0,291.2148675426136,508.3234752157524,
B2,4,2,16,21,北海,ce6ca82c326e584d8d688a7bedd72e06f508088c933485bfbfa222c82aab7fd0,318.3245085227273,228.75081301919406,
B2,4,2,16,24,屯昌,ce6ca82c326e584d8d688a7bedd72e06f508088c933485bfbfa222c82aab7fd0,273.4003661931819,280.79208074081293,
B2,4,2,16,31,深圳,ce6ca82c326e584d8d688a7bedd72e06f508088c933485bfbfa222c82aab7fd0,159.7083409090909,551.1926677172618,
B2,4,2,16,35,琼中,ce6ca82c326e584d8d688a7bedd72e06f508088c933485bfbfa222c82aab7fd0,1106.44734375,235.16331693452875,
B2,4,3,17,3,东方,ce6ca82c326e584d8d688a7bedd72e06f508088c933485bfbfa222c82aab7fd0,266.2529209872159,365.9710304758901,
B2,4,3,17,9,丽水,ce6ca82c326e584d8d688a7bedd72e06f508088c933485bfbfa222c82aab7fd0,33.76567926136365,547.303190053826,
B2,4,3,17,12,乐山,ce6ca82c326e584d8d688a7bedd72e06f508088c933485bfbfa222c82aab7fd0,45.02250000000001,322.82540437389963,
B2,4,3,17,16,信阳,ce6ca82c326e584d8d688a7bedd72e06f508088c933485bfbfa222c82aab7fd0,244.6035494318183,602.7516654007458,
B2,4,3,17,18,六安,ce6ca82c326e584d8d688a7bedd72e06f508088c933485bfbfa222c82aab7fd0,8.639045028409095,749.0399152351865,
B2,4,3,17,28,昌江,ce6ca82c326e584d8d688a7bedd72e06f508088c933485bfbfa222c82aab7fd0,268.7138254261364,324.6859602532987,
B2,4,3,17,32,清远,ce6ca82c326e584d8d688a7bedd72e06f508088c933485bfbfa222c82aab7fd0,375.720028409091,340.2337942983445,
B2,4,3,17,33,澄迈,ce6ca82c326e584d8d688a7bedd72e06f508088c933485bfbfa222c82aab7fd0,647.861484375,286.41839912814476,
B2,4,4,18,6,中卫,ce6ca82c326e584d8d688a7bedd72e06f508088c933485bfbfa222c82aab7fd0,31.05198382826678,340.2330143313699,
B2,4,4,18,8,临高,ce6ca82c326e584d8d688a7bedd72e06f508088c933485bfbfa222c82aab7fd0,83.80276845703128,434.71732143767315,
B2,4,4,18,14,五指山,ce6ca82c326e584d8d688a7bedd72e06f508088c933485bfbfa222c82aab7fd0,273.4003661931818,437.8448328318024,
B2,4,4,18,22,合肥,ce6ca82c326e584d8d688a7bedd72e06f508088c933485bfbfa222c82aab7fd0,13.19625,576.4094895672398,
B2,4,4,18,25,广州,ce6ca82c326e584d8d688a7bedd72e06f508088c933485bfbfa222c82aab7fd0,164.1983198863636,818.2540607675155,
B2,4,4,18,26,惠州,ce6ca82c326e584d8d688a7bedd72e06f508088c933485bfbfa222c82aab7fd0,253.6378448863636,259.55239997329,
B2,4,4,18,30,海口,ce6ca82c326e584d8d688a7bedd72e06f508088c933485bfbfa222c82aab7fd0,339.134276349432,625.5734909215221,
B2,4,4,18,37,白沙,ce6ca82c326e584d8d688a7bedd72e06f508088c933485bfbfa222c82aab7fd0,192.9951366477273,355.0012681677564,
B2,4,5,19,0,万宁,ce6ca82c326e584d8d688a7bedd72e06f508088c933485bfbfa222c82aab7fd0,148.9921240384616,495.4822364392507,
B2,4,5,19,2,上饶,ce6ca82c326e584d8d688a7bedd72e06f508088c933485bfbfa222c82aab7fd0,114.81355125,283.11437471456134,
B2,4,5,19,4,东莞,ce6ca82c326e584d8d688a7bedd72e06f508088c933485bfbfa222c82aab7fd0,307.5424744318183,822.0024678288286,
B2,4,5,19,13,九江,ce6ca82c326e584d8d688a7bedd72e06f508088c933485bfbfa222c82aab7fd0,0.0,304.2847177462022,
B2,4,5,19,34,珠海,ce6ca82c326e584d8d688a7bedd72e06f508088c933485bfbfa222c82aab7fd0,1511.786079545455,661.9073146246885,
B2,4,5,19,36,琼海,ce6ca82c326e584d8d688a7bedd72e06f508088c933485bfbfa222c82aab7fd0,1716.717565054688,407.0606553618041,
B2,4,5,19,39,陵水,ce6ca82c326e584d8d688a7bedd72e06f508088c933485bfbfa222c82aab7fd0,337.1486134943182,434.9019079289628,
B2,4,5,19,40,韶关,ce6ca82c326e584d8d688a7bedd72e06f508088c933485bfbfa222c82aab7fd0,547.9050852272727,308.6743477213327,
B2,5,1,20,1,上海,ce6ca82c326e584d8d688a7bedd72e06f508088c933485bfbfa222c82aab7fd0,2302.973933396464,381.36857596531155,
B2,5,1,20,13,九江,ce6ca82c326e584d8d688a7bedd72e06f508088c933485bfbfa222c82aab7fd0,0.0,297.7395926611586,
B2,5,1,20,16,信阳,ce6ca82c326e584d8d688a7bedd72e06f508088c933485bfbfa222c82aab7fd0,244.6035494318183,365.299369686816,
B2,5,1,20,17,儋州,ce6ca82c326e584d8d688a7bedd72e06f508088c933485bfbfa222c82aab7fd0,539.7352537592891,283.7808422733167,
B2,5,1,20,18,六安,ce6ca82c326e584d8d688a7bedd72e06f508088c933485bfbfa222c82aab7fd0,8.639045028409095,439.0125732069439,
B2,5,1,20,23,定安,ce6ca82c326e584d8d688a7bedd72e06f508088c933485bfbfa222c82aab7fd0,273.4003661931819,320.7517162752628,
B2,5,1,20,28,昌江,ce6ca82c326e584d8d688a7bedd72e06f508088c933485bfbfa222c82aab7fd0,268.7138254261364,329.9223973410228,
B2,5,1,20,34,珠海,ce6ca82c326e584d8d688a7bedd72e06f508088c933485bfbfa222c82aab7fd0,1511.786079545455,335.3791871630627,
B2,5,1,20,36,琼海,ce6ca82c326e584d8d688a7bedd72e06f508088c933485bfbfa222c82aab7fd0,1716.717565054688,412.79363855056965,
B2,5,2,21,3,东方,ce6ca82c326e584d8d688a7bedd72e06f508088c933485bfbfa222c82aab7fd0,266.2529209872159,342.1981119048423,
B2,5,2,21,11,乐东,ce6ca82c326e584d8d688a7bedd72e06f508088c933485bfbfa222c82aab7fd0,51.57938057753164,467.6267708778458,
B2,5,2,21,14,五指山,ce6ca82c326e584d8d688a7bedd72e06f508088c933485bfbfa222c82aab7fd0,273.4003661931818,353.2180449611706,
B2,5,2,21,15,佛山,ce6ca82c326e584d8d688a7bedd72e06f508088c933485bfbfa222c82aab7fd0,28.38274488636364,785.2862109636841,
B2,5,2,21,20,北京,ce6ca82c326e584d8d688a7bedd72e06f508088c933485bfbfa222c82aab7fd0,291.2148675426136,902.0322497056745,
B2,5,2,21,21,北海,ce6ca82c326e584d8d688a7bedd72e06f508088c933485bfbfa222c82aab7fd0,318.3245085227273,325.29208206148024,
B2,5,2,21,22,合肥,ce6ca82c326e584d8d688a7bedd72e06f508088c933485bfbfa222c82aab7fd0,13.19625,572.3109755762724,
B2,5,2,21,35,琼中,ce6ca82c326e584d8d688a7bedd72e06f508088c933485bfbfa222c82aab7fd0,1106.44734375,280.14754535191923,
B2,5,3,22,2,上饶,ce6ca82c326e584d8d688a7bedd72e06f508088c933485bfbfa222c82aab7fd0,114.81355125,395.25131355076746,
B2,5,3,22,4,东莞,ce6ca82c326e584d8d688a7bedd72e06f508088c933485bfbfa222c82aab7fd0,307.5424744318183,1069.0107382525166,
B2,5,3,22,6,中卫,ce6ca82c326e584d8d688a7bedd72e06f508088c933485bfbfa222c82aab7fd0,31.05198382826678,280.02921385318376,
B2,5,3,22,7,中山,ce6ca82c326e584d8d688a7bedd72e06f508088c933485bfbfa222c82aab7fd0,89.11043759098708,476.79152192805844,
B2,5,3,22,9,丽水,ce6ca82c326e584d8d688a7bedd72e06f508088c933485bfbfa222c82aab7fd0,33.76567926136365,480.56993539687664,
B2,5,3,22,25,广州,ce6ca82c326e584d8d688a7bedd72e06f508088c933485bfbfa222c82aab7fd0,164.1983198863636,1055.3364769304028,
B2,5,3,22,31,深圳,ce6ca82c326e584d8d688a7bedd72e06f508088c933485bfbfa222c82aab7fd0,159.7083409090909,1096.082321343509,
B2,5,3,22,40,韶关,ce6ca82c326e584d8d688a7bedd72e06f508088c933485bfbfa222c82aab7fd0,547.9050852272727,469.5381245568122,
B2,5,4,23,0,万宁,ce6ca82c326e584d8d688a7bedd72e06f508088c933485bfbfa222c82aab7fd0,148.9921240384616,511.22295095275956,
B2,5,4,23,8,临高,ce6ca82c326e584d8d688a7bedd72e06f508088c933485bfbfa222c82aab7fd0,83.80276845703128,369.8870407543546,
B2,5,4,23,12,乐山,ce6ca82c326e584d8d688a7bedd72e06f508088c933485bfbfa222c82aab7fd0,45.02250000000001,329.3255926123585,
B2,5,4,23,26,惠州,ce6ca82c326e584d8d688a7bedd72e06f508088c933485bfbfa222c82aab7fd0,253.6378448863636,235.44861721511765,
B2,5,4,23,30,海口,ce6ca82c326e584d8d688a7bedd72e06f508088c933485bfbfa222c82aab7fd0,339.134276349432,582.0530453541127,
B2,5,4,23,32,清远,ce6ca82c326e584d8d688a7bedd72e06f508088c933485bfbfa222c82aab7fd0,375.720028409091,280.7529381238894,
B2,5,4,23,33,澄迈,ce6ca82c326e584d8d688a7bedd72e06f508088c933485bfbfa222c82aab7fd0,647.861484375,339.564246554118,
B2,5,4,23,37,白沙,ce6ca82c326e584d8d688a7bedd72e06f508088c933485bfbfa222c82aab7fd0,192.9951366477273,320.38465779552604,
B2,5,5,24,5,东营,ce6ca82c326e584d8d688a7bedd72e06f508088c933485bfbfa222c82aab7fd0,425.3271014204544,340.2577611428919,
B2,5,5,24,10,义乌,ce6ca82c326e584d8d688a7bedd72e06f508088c933485bfbfa222c82aab7fd0,7288.761349396308,418.3527115379589,
B2,5,5,24,19,兰州,ce6ca82c326e584d8d688a7bedd72e06f508088c933485bfbfa222c82aab7fd0,32.85616429924242,331.49246905556936,
B2,5,5,24,24,屯昌,ce6ca82c326e584d8d688a7bedd72e06f508088c933485bfbfa222c82aab7fd0,273.4003661931819,345.96317575008624,
B2,5,5,24,27,文昌,ce6ca82c326e584d8d688a7bedd72e06f508088c933485bfbfa222c82aab7fd0,273.4003661931818,419.88344660075217,
B2,5,5,24,29,汕头,ce6ca82c326e584d8d688a7bedd72e06f508088c933485bfbfa222c82aab7fd0,516.6316193181818,307.4671156993835,
B2,5,5,24,38,肇庆,ce6ca82c326e584d8d688a7bedd72e06f508088c933485bfbfa222c82aab7fd0,23.03745340909091,264.07390299687256,
B2,5,5,24,39,陵水,ce6ca82c326e584d8d688a7bedd72e06f508088c933485bfbfa222c82aab7fd0,337.1486134943182,333.27235111780215,
B2,6,1,25,6,中卫,ce6ca82c326e584d8d688a7bedd72e06f508088c933485bfbfa222c82aab7fd0,31.05198382826678,314.60233422835285,
B2,6,1,25,7,中山,ce6ca82c326e584d8d688a7bedd72e06f508088c933485bfbfa222c82aab7fd0,89.11043759098708,323.96868844140715,
B2,6,1,25,9,丽水,ce6ca82c326e584d8d688a7bedd72e06f508088c933485bfbfa222c82aab7fd0,33.76567926136365,402.9845950529707,
B2,6,1,25,12,乐山,ce6ca82c326e584d8d688a7bedd72e06f508088c933485bfbfa222c82aab7fd0,45.02250000000001,316.26709400299427,
B2,6,1,25,13,九江,ce6ca82c326e584d8d688a7bedd72e06f508088c933485bfbfa222c82aab7fd0,0.0,306.2586042537826,
B2,6,1,25,17,儋州,ce6ca82c326e584d8d688a7bedd72e06f508088c933485bfbfa222c82aab7fd0,539.7352537592891,338.1922843082984,
B2,6,1,25,23,定安,ce6ca82c326e584d8d688a7bedd72e06f508088c933485bfbfa222c82aab7fd0,273.4003661931819,352.8735137549679,
B2,6,1,25,29,汕头,ce6ca82c326e584d8d688a7bedd72e06f508088c933485bfbfa222c82aab7fd0,516.6316193181818,327.24912860633725,
B2,6,1,25,39,陵水,ce6ca82c326e584d8d688a7bedd72e06f508088c933485bfbfa222c82aab7fd0,337.1486134943182,371.8734774029622,
B2,6,2,26,8,临高,ce6ca82c326e584d8d688a7bedd72e06f508088c933485bfbfa222c82aab7fd0,83.80276845703128,375.0654839844463,
B2,6,2,26,14,五指山,ce6ca82c326e584d8d688a7bedd72e06f508088c933485bfbfa222c82aab7fd0,273.4003661931818,371.2417816484841,
B2,6,2,26,15,佛山,ce6ca82c326e584d8d688a7bedd72e06f508088c933485bfbfa222c82aab7fd0,28.38274488636364,704.1398591692538,
B2,6,2,26,19,兰州,ce6ca82c326e584d8d688a7bedd72e06f508088c933485bfbfa222c82aab7fd0,32.85616429924242,377.4902373527757,
B2,6,2,26,21,北海,ce6ca82c326e584d8d688a7bedd72e06f508088c933485bfbfa222c82aab7fd0,318.3245085227273,328.44109780091276,
B2,6,2,26,26,惠州,ce6ca82c326e584d8d688a7bedd72e06f508088c933485bfbfa222c82aab7fd0,253.6378448863636,290.4325215604544,
B2,6,2,26,30,海口,ce6ca82c326e584d8d688a7bedd72e06f508088c933485bfbfa222c82aab7fd0,339.134276349432,588.7383743428164,
B2,6,2,26,34,珠海,ce6ca82c326e584d8d688a7bedd72e06f508088c933485bfbfa222c82aab7fd0,1511.786079545455,565.2762180764012,
B2,6,3,27,3,东方,ce6ca82c326e584d8d688a7bedd72e06f508088c933485bfbfa222c82aab7fd0,266.2529209872159,331.84428687814346,
B2,6,3,27,4,东莞,ce6ca82c326e584d8d688a7bedd72e06f508088c933485bfbfa222c82aab7fd0,307.5424744318183,436.470069086794,
B2,6,3,27,5,东营,ce6ca82c326e584d8d688a7bedd72e06f508088c933485bfbfa222c82aab7fd0,425.3271014204544,282.72838647007603,
B2,6,3,27,10,义乌,ce6ca82c326e584d8d688a7bedd72e06f508088c933485bfbfa222c82aab7fd0,7288.761349396308,456.4894785160075,
B2,6,3,27,24,屯昌,ce6ca82c326e584d8d688a7bedd72e06f508088c933485bfbfa222c82aab7fd0,273.4003661931819,375.3739262532842,
B2,6,3,27,28,昌江,ce6ca82c326e584d8d688a7bedd72e06f508088c933485bfbfa222c82aab7fd0,268.7138254261364,183.28479885991536,
B2,6,3,27,33,澄迈,ce6ca82c326e584d8d688a7bedd72e06f508088c933485bfbfa222c82aab7fd0,647.861484375,227.32011381905886,
B2,6,3,27,37,白沙,ce6ca82c326e584d8d688a7bedd72e06f508088c933485bfbfa222c82aab7fd0,192.9951366477273,277.787935781838,
B2,6,4,28,0,万宁,ce6ca82c326e584d8d688a7bedd72e06f508088c933485bfbfa222c82aab7fd0,148.9921240384616,557.2797787283369,
B2,6,4,28,11,乐东,ce6ca82c326e584d8d688a7bedd72e06f508088c933485bfbfa222c82aab7fd0,51.57938057753164,494.978745955108,
B2,6,4,28,18,六安,ce6ca82c326e584d8d688a7bedd72e06f508088c933485bfbfa222c82aab7fd0,8.639045028409095,514.3273063771652,
B2,6,4,28,20,北京,ce6ca82c326e584d8d688a7bedd72e06f508088c933485bfbfa222c82aab7fd0,291.2148675426136,1081.1059953005279,
B2,6,4,28,25,广州,ce6ca82c326e584d8d688a7bedd72e06f508088c933485bfbfa222c82aab7fd0,164.1983198863636,1085.9510617122398,
B2,6,4,28,31,深圳,ce6ca82c326e584d8d688a7bedd72e06f508088c933485bfbfa222c82aab7fd0,159.7083409090909,1133.9606394653565,
B2,6,4,28,32,清远,ce6ca82c326e584d8d688a7bedd72e06f508088c933485bfbfa222c82aab7fd0,375.720028409091,237.29858008377403,
B2,6,4,28,35,琼中,ce6ca82c326e584d8d688a7bedd72e06f508088c933485bfbfa222c82aab7fd0,1106.44734375,277.0710122591394,
B2,6,5,29,1,上海,ce6ca82c326e584d8d688a7bedd72e06f508088c933485bfbfa222c82aab7fd0,2302.973933396464,614.7508817188494,
B2,6,5,29,2,上饶,ce6ca82c326e584d8d688a7bedd72e06f508088c933485bfbfa222c82aab7fd0,114.81355125,339.8207773392254,
B2,6,5,29,16,信阳,ce6ca82c326e584d8d688a7bedd72e06f508088c933485bfbfa222c82aab7fd0,244.6035494318183,347.0189144658019,
B2,6,5,29,22,合肥,ce6ca82c326e584d8d688a7bedd72e06f508088c933485bfbfa222c82aab7fd0,13.19625,416.1972998958315,
B2,6,5,29,27,文昌,ce6ca82c326e584d8d688a7bedd72e06f508088c933485bfbfa222c82aab7fd0,273.4003661931818,464.79913043275985,
B2,6,5,29,36,琼海,ce6ca82c326e584d8d688a7bedd72e06f508088c933485bfbfa222c82aab7fd0,1716.717565054688,374.4506478746971,
B2,6,5,29,38,肇庆,ce6ca82c326e584d8d688a7bedd72e06f508088c933485bfbfa222c82aab7fd0,23.03745340909091,326.01434613345606,
B2,6,5,29,40,韶关,ce6ca82c326e584d8d688a7bedd72e06f508088c933485bfbfa222c82aab7fd0,547.9050852272727,316.75322649278894,
B2,7,1,30,3,东方,ce6ca82c326e584d8d688a7bedd72e06f508088c933485bfbfa222c82aab7fd0,266.2529209872159,287.20031767502303,
B2,7,1,30,5,东营,ce6ca82c326e584d8d688a7bedd72e06f508088c933485bfbfa222c82aab7fd0,425.3271014204544,299.22157873355627,
B2,7,1,30,7,中山,ce6ca82c326e584d8d688a7bedd72e06f508088c933485bfbfa222c82aab7fd0,89.11043759098708,377.4202862391508,
B2,7,1,30,13,九江,ce6ca82c326e584d8d688a7bedd72e06f508088c933485bfbfa222c82aab7fd0,0.0,278.0649650148094,
B2,7,1,30,20,北京,ce6ca82c326e584d8d688a7bedd72e06f508088c933485bfbfa222c82aab7fd0,291.2148675426136,972.7601527443776,
B2,7,1,30,28,昌江,ce6ca82c326e584d8d688a7bedd72e06f508088c933485bfbfa222c82aab7fd0,268.7138254261364,214.22283491762016,
B2,7,1,30,29,汕头,ce6ca82c326e584d8d688a7bedd72e06f508088c933485bfbfa222c82aab7fd0,516.6316193181818,290.87751576860666,
B2,7,1,30,36,琼海,ce6ca82c326e584d8d688a7bedd72e06f508088c933485bfbfa222c82aab7fd0,1716.717565054688,339.95541267049373,
B2,7,1,30,40,韶关,ce6ca82c326e584d8d688a7bedd72e06f508088c933485bfbfa222c82aab7fd0,547.9050852272727,264.84664235917904,
B2,7,2,31,4,东莞,ce6ca82c326e584d8d688a7bedd72e06f508088c933485bfbfa222c82aab7fd0,307.5424744318183,1041.8961409969766,
B2,7,2,31,8,临高,ce6ca82c326e584d8d688a7bedd72e06f508088c933485bfbfa222c82aab7fd0,83.80276845703128,331.9739977944852,
B2,7,2,31,12,乐山,ce6ca82c326e584d8d688a7bedd72e06f508088c933485bfbfa222c82aab7fd0,45.02250000000001,307.8146968527077,
B2,7,2,31,14,五指山,ce6ca82c326e584d8d688a7bedd72e06f508088c933485bfbfa222c82aab7fd0,273.4003661931818,373.09391538231193,
B2,7,2,31,21,北海,ce6ca82c326e584d8d688a7bedd72e06f508088c933485bfbfa222c82aab7fd0,318.3245085227273,364.9113453811254,
B2,7,2,31,25,广州,ce6ca82c326e584d8d688a7bedd72e06f508088c933485bfbfa222c82aab7fd0,164.1983198863636,947.4799737610142,
B2,7,2,31,26,惠州,ce6ca82c326e584d8d688a7bedd72e06f508088c933485bfbfa222c82aab7fd0,253.6378448863636,244.5268734603733,
B2,7,2,31,33,澄迈,ce6ca82c326e584d8d688a7bedd72e06f508088c933485bfbfa222c82aab7fd0,647.861484375,322.80460005838444,
B2,7,3,32,1,上海,ce6ca82c326e584d8d688a7bedd72e06f508088c933485bfbfa222c82aab7fd0,2302.973933396464,585.5727431488751,
B2,7,3,32,11,乐东,ce6ca82c326e584d8d688a7bedd72e06f508088c933485bfbfa222c82aab7fd0,51.57938057753164,505.2951664191724,
B2,7,3,32,15,佛山,ce6ca82c326e584d8d688a7bedd72e06f508088c933485bfbfa222c82aab7fd0,28.38274488636364,438.31803026787634,
B2,7,3,32,16,信阳,ce6ca82c326e584d8d688a7bedd72e06f508088c933485bfbfa222c82aab7fd0,244.6035494318183,512.4776698369164,
B2,7,3,32,23,定安,ce6ca82c326e584d8d688a7bedd72e06f508088c933485bfbfa222c82aab7fd0,273.4003661931819,433.2013046432771,
B2,7,3,32,30,海口,ce6ca82c326e584d8d688a7bedd72e06f508088c933485bfbfa222c82aab7fd0,339.134276349432,607.0837887826907,
B2,7,3,32,34,珠海,ce6ca82c326e584d8d688a7bedd72e06f508088c933485bfbfa222c82aab7fd0,1511.786079545455,443.71642572550496,
B2,7,3,32,39,陵水,ce6ca82c326e584d8d688a7bedd72e06f508088c933485bfbfa222c82aab7fd0,337.1486134943182,411.97133457181866,
B2,7,4,33,2,上饶,ce6ca82c326e584d8d688a7bedd72e06f508088c933485bfbfa222c82aab7fd0,114.81355125,588.2028300263137,
B2,7,4,33,9,丽水,ce6ca82c326e584d8d688a7bedd72e06f508088c933485bfbfa222c82aab7fd0,33.76567926136365,458.88714591906654,
B2,7,4,33,22,合肥,ce6ca82c326e584d8d688a7bedd72e06f508088c933485bfbfa222c82aab7fd0,13.19625,565.1217000763053,
B2,7,4,33,24,屯昌,ce6ca82c326e584d8d688a7bedd72e06f508088c933485bfbfa222c82aab7fd0,273.4003661931819,327.43132691146315,
B2,7,4,33,27,文昌,ce6ca82c326e584d8d688a7bedd72e06f508088c933485bfbfa222c82aab7fd0,273.4003661931818,348.529094607161,
B2,7,4,33,35,琼中,ce6ca82c326e584d8d688a7bedd72e06f508088c933485bfbfa222c82aab7fd0,1106.44734375,277.46466486106266,
B2,7,4,33,37,白沙,ce6ca82c326e584d8d688a7bedd72e06f508088c933485bfbfa222c82aab7fd0,192.9951366477273,304.24452959330176,
B2,7,4,33,38,肇庆,ce6ca82c326e584d8d688a7bedd72e06f508088c933485bfbfa222c82aab7fd0,23.03745340909091,457.51441451678,
B2,7,5,34,0,万宁,ce6ca82c326e584d8d688a7bedd72e06f508088c933485bfbfa222c82aab7fd0,148.9921240384616,445.69646906961964,
B2,7,5,34,6,中卫,ce6ca82c326e584d8d688a7bedd72e06f508088c933485bfbfa222c82aab7fd0,31.05198382826678,331.4192730538934,
B2,7,5,34,10,义乌,ce6ca82c326e584d8d688a7bedd72e06f508088c933485bfbfa222c82aab7fd0,7288.761349396308,519.3944606158981,
B2,7,5,34,17,儋州,ce6ca82c326e584d8d688a7bedd72e06f508088c933485bfbfa222c82aab7fd0,539.7352537592891,348.1704091197626,
B2,7,5,34,18,六安,ce6ca82c326e584d8d688a7bedd72e06f508088c933485bfbfa222c82aab7fd0,8.639045028409095,483.19014571656635,
B2,7,5,34,19,兰州,ce6ca82c326e584d8d688a7bedd72e06f508088c933485bfbfa222c82aab7fd0,32.85616429924242,317.66803705063694,
B2,7,5,34,31,深圳,ce6ca82c326e584d8d688a7bedd72e06f508088c933485bfbfa222c82aab7fd0,159.7083409090909,483.82141220875354,
B2,7,5,34,32,清远,ce6ca82c326e584d8d688a7bedd72e06f508088c933485bfbfa222c82aab7fd0,375.720028409091,315.92674978349015,
B2,8,1,35,4,东莞,ce6ca82c326e584d8d688a7bedd72e06f508088c933485bfbfa222c82aab7fd0,307.5424744318183,857.0478921495004,
B2,8,1,35,9,丽水,ce6ca82c326e584d8d688a7bedd72e06f508088c933485bfbfa222c82aab7fd0,33.76567926136365,476.23753374253045,
B2,8,1,35,12,乐山,ce6ca82c326e584d8d688a7bedd72e06f508088c933485bfbfa222c82aab7fd0,45.02250000000001,307.77984800323236,
B2,8,1,35,16,信阳,ce6ca82c326e584d8d688a7bedd72e06f508088c933485bfbfa222c82aab7fd0,244.6035494318183,492.2748742390968,
B2,8,1,35,27,文昌,ce6ca82c326e584d8d688a7bedd72e06f508088c933485bfbfa222c82aab7fd0,273.4003661931818,378.22427601008286,
B2,8,1,35,29,汕头,ce6ca82c326e584d8d688a7bedd72e06f508088c933485bfbfa222c82aab7fd0,516.6316193181818,281.1646090145066,
B2,8,1,35,33,澄迈,ce6ca82c326e584d8d688a7bedd72e06f508088c933485bfbfa222c82aab7fd0,647.861484375,295.45972662599536,
B2,8,1,35,38,肇庆,ce6ca82c326e584d8d688a7bedd72e06f508088c933485bfbfa222c82aab7fd0,23.03745340909091,343.21085564081255,
B2,8,1,35,40,韶关,ce6ca82c326e584d8d688a7bedd72e06f508088c933485bfbfa222c82aab7fd0,547.9050852272727,578.2712400054596,
B2,8,2,36,5,东营,ce6ca82c326e584d8d688a7bedd72e06f508088c933485bfbfa222c82aab7fd0,425.3271014204544,351.34896601930836,
B2,8,2,36,6,中卫,ce6ca82c326e584d8d688a7bedd72e06f508088c933485bfbfa222c82aab7fd0,31.05198382826678,336.47870612874055,
B2,8,2,36,10,义乌,ce6ca82c326e584d8d688a7bedd72e06f508088c933485bfbfa222c82aab7fd0,7288.761349396308,490.0662744420151,
B2,8,2,36,11,乐东,ce6ca82c326e584d8d688a7bedd72e06f508088c933485bfbfa222c82aab7fd0,51.57938057753164,609.9844027305655,
B2,8,2,36,14,五指山,ce6ca82c326e584d8d688a7bedd72e06f508088c933485bfbfa222c82aab7fd0,273.4003661931818,447.73158754825374,
B2,8,2,36,18,六安,ce6ca82c326e584d8d688a7bedd72e06f508088c933485bfbfa222c82aab7fd0,8.639045028409095,511.31318866374073,
B2,8,2,36,20,北京,ce6ca82c326e584d8d688a7bedd72e06f508088c933485bfbfa222c82aab7fd0,291.2148675426136,353.59370048352724,
B2,8,2,36,26,惠州,ce6ca82c326e584d8d688a7bedd72e06f508088c933485bfbfa222c82aab7fd0,253.6378448863636,228.44592184377674,
B2,8,3,37,0,万宁,ce6ca82c326e584d8d688a7bedd72e06f508088c933485bfbfa222c82aab7fd0,148.9921240384616,732.8601433999656,
B2,8,3,37,3,东方,ce6ca82c326e584d8d688a7bedd72e06f508088c933485bfbfa222c82aab7fd0,266.2529209872159,407.9489736345442,
B2,8,3,37,7,中山,ce6ca82c326e584d8d688a7bedd72e06f508088c933485bfbfa222c82aab7fd0,89.11043759098708,401.58292387728574,
B2,8,3,37,8,临高,ce6ca82c326e584d8d688a7bedd72e06f508088c933485bfbfa222c82aab7fd0,83.80276845703128,398.0042503288538,
B2,8,3,37,22,合肥,ce6ca82c326e584d8d688a7bedd72e06f508088c933485bfbfa222c82aab7fd0,13.19625,702.3656795297608,
B2,8,3,37,23,定安,ce6ca82c326e584d8d688a7bedd72e06f508088c933485bfbfa222c82aab7fd0,273.4003661931819,367.2706330944081,
B2,8,3,37,25,广州,ce6ca82c326e584d8d688a7bedd72e06f508088c933485bfbfa222c82aab7fd0,164.1983198863636,872.0405844011386,
B2,8,3,37,30,海口,ce6ca82c326e584d8d688a7bedd72e06f508088c933485bfbfa222c82aab7fd0,339.134276349432,717.0844912366557,
B2,8,4,38,1,上海,ce6ca82c326e584d8d688a7bedd72e06f508088c933485bfbfa222c82aab7fd0,2302.973933396464,785.0154877830996,
B2,8,4,38,2,上饶,ce6ca82c326e584d8d688a7bedd72e06f508088c933485bfbfa222c82aab7fd0,114.81355125,386.97327253696665,
B2,8,4,38,13,九江,ce6ca82c326e584d8d688a7bedd72e06f508088c933485bfbfa222c82aab7fd0,0.0,265.23563814030126,
B2,8,4,38,15,佛山,ce6ca82c326e584d8d688a7bedd72e06f508088c933485bfbfa222c82aab7fd0,28.38274488636364,608.394434998923,
B2,8,4,38,17,儋州,ce6ca82c326e584d8d688a7bedd72e06f508088c933485bfbfa222c82aab7fd0,539.7352537592891,318.8169110945977,
B2,8,4,38,21,北海,ce6ca82c326e584d8d688a7bedd72e06f508088c933485bfbfa222c82aab7fd0,318.3245085227273,330.01102762257887,
B2,8,4,38,31,深圳,ce6ca82c326e584d8d688a7bedd72e06f508088c933485bfbfa222c82aab7fd0,159.7083409090909,686.2574660203604,
B2,8,4,38,32,清远,ce6ca82c326e584d8d688a7bedd72e06f508088c933485bfbfa222c82aab7fd0,375.720028409091,335.5751957381009,
B2,8,5,39,19,兰州,ce6ca82c326e584d8d688a7bedd72e06f508088c933485bfbfa222c82aab7fd0,32.85616429924242,280.1449521056672,
B2,8,5,39,24,屯昌,ce6ca82c326e584d8d688a7bedd72e06f508088c933485bfbfa222c82aab7fd0,273.4003661931819,243.99453432801621,
B2,8,5,39,28,昌江,ce6ca82c326e584d8d688a7bedd72e06f508088c933485bfbfa222c82aab7fd0,268.7138254261364,239.98087663512564,
B2,8,5,39,34,珠海,ce6ca82c326e584d8d688a7bedd72e06f508088c933485bfbfa222c82aab7fd0,1511.786079545455,520.6411289782629,
B2,8,5,39,35,琼中,ce6ca82c326e584d8d688a7bedd72e06f508088c933485bfbfa222c82aab7fd0,1106.44734375,233.05262265476063,
B2,8,5,39,36,琼海,ce6ca82c326e584d8d688a7bedd72e06f508088c933485bfbfa222c82aab7fd0,1716.717565054688,416.1688956409943,
B2,8,5,39,37,白沙,ce6ca82c326e584d8d688a7bedd72e06f508088c933485bfbfa222c82aab7fd0,192.9951366477273,265.0729427036723,
B2,8,5,39,39,陵水,ce6ca82c326e584d8d688a7bedd72e06f508088c933485bfbfa222c82aab7fd0,337.1486134943182,354.1156997325999,
B2,9,1,40,1,上海,ce6ca82c326e584d8d688a7bedd72e06f508088c933485bfbfa222c82aab7fd0,2302.973933396464,209.13247075269788,
B2,9,1,40,6,中卫,ce6ca82c326e584d8d688a7bedd72e06f508088c933485bfbfa222c82aab7fd0,31.05198382826678,384.4022768210971,
B2,9,1,40,7,中山,ce6ca82c326e584d8d688a7bedd72e06f508088c933485bfbfa222c82aab7fd0,89.11043759098708,252.01095368037113,
B2,9,1,40,9,丽水,ce6ca82c326e584d8d688a7bedd72e06f508088c933485bfbfa222c82aab7fd0,33.76567926136365,261.9344993750992,
B2,9,1,40,10,义乌,ce6ca82c326e584d8d688a7bedd72e06f508088c933485bfbfa222c82aab7fd0,7288.761349396308,192.78776615047445,
B2,9,1,40,12,乐山,ce6ca82c326e584d8d688a7bedd72e06f508088c933485bfbfa222c82aab7fd0,45.02250000000001,162.06099260570608,
B2,9,1,40,21,北海,ce6ca82c326e584d8d688a7bedd72e06f508088c933485bfbfa222c82aab7fd0,318.3245085227273,166.0058925439342,
B2,9,1,40,30,海口,ce6ca82c326e584d8d688a7bedd72e06f508088c933485bfbfa222c82aab7fd0,339.134276349432,192.97524345935537,
B2,9,1,40,36,琼海,ce6ca82c326e584d8d688a7bedd72e06f508088c933485bfbfa222c82aab7fd0,1716.717565054688,256.4159781774401,
B2,9,2,41,0,万宁,ce6ca82c326e584d8d688a7bedd72e06f508088c933485bfbfa222c82aab7fd0,148.9921240384616,658.9182300432868,
B2,9,2,41,14,五指山,ce6ca82c326e584d8d688a7bedd72e06f508088c933485bfbfa222c82aab7fd0,273.4003661931818,412.50170286753877,
B2,9,2,41,17,儋州,ce6ca82c326e584d8d688a7bedd72e06f508088c933485bfbfa222c82aab7fd0,539.7352537592891,354.740057507477,
B2,9,2,41,19,兰州,ce6ca82c326e584d8d688a7bedd72e06f508088c933485bfbfa222c82aab7fd0,32.85616429924242,386.0968900900906,
B2,9,2,41,22,合肥,ce6ca82c326e584d8d688a7bedd72e06f508088c933485bfbfa222c82aab7fd0,13.19625,635.6381795759879,
B2,9,2,41,23,定安,ce6ca82c326e584d8d688a7bedd72e06f508088c933485bfbfa222c82aab7fd0,273.4003661931819,398.23109570231037,
B2,9,2,41,24,屯昌,ce6ca82c326e584d8d688a7bedd72e06f508088c933485bfbfa222c82aab7fd0,273.4003661931819,398.0484791451824,
B2,9,2,41,31,深圳,ce6ca82c326e584d8d688a7bedd72e06f508088c933485bfbfa222c82aab7fd0,159.7083409090909,859.8797959221043,
B2,9,3,42,5,东营,ce6ca82c326e584d8d688a7bedd72e06f508088c933485bfbfa222c82aab7fd0,425.3271014204544,323.7292024295366,
B2,9,3,42,8,临高,ce6ca82c326e584d8d688a7bedd72e06f508088c933485bfbfa222c82aab7fd0,83.80276845703128,457.2423896563129,
B2,9,3,42,11,乐东,ce6ca82c326e584d8d688a7bedd72e06f508088c933485bfbfa222c82aab7fd0,51.57938057753164,506.5428437592102,
B2,9,3,42,13,九江,ce6ca82c326e584d8d688a7bedd72e06f508088c933485bfbfa222c82aab7fd0,0.0,280.81872605496335,
B2,9,3,42,25,广州,ce6ca82c326e584d8d688a7bedd72e06f508088c933485bfbfa222c82aab7fd0,164.1983198863636,799.1774432015949,
B2,9,3,42,37,白沙,ce6ca82c326e584d8d688a7bedd72e06f508088c933485bfbfa222c82aab7fd0,192.9951366477273,323.55279647174785,
B2,9,3,42,38,肇庆,ce6ca82c326e584d8d688a7bedd72e06f508088c933485bfbfa222c82aab7fd0,23.03745340909091,347.8772573415531,
B2,9,3,42,39,陵水,ce6ca82c326e584d8d688a7bedd72e06f508088c933485bfbfa222c82aab7fd0,337.1486134943182,433.02430981983133,
B2,9,4,43,2,上饶,ce6ca82c326e584d8d688a7bedd72e06f508088c933485bfbfa222c82aab7fd0,114.81355125,649.5587303039508,
B2,9,4,43,3,东方,ce6ca82c326e584d8d688a7bedd72e06f508088c933485bfbfa222c82aab7fd0,266.2529209872159,298.05749026646447,
B2,9,4,43,4,东莞,ce6ca82c326e584d8d688a7bedd72e06f508088c933485bfbfa222c82aab7fd0,307.5424744318183,698.3511841169736,
B2,9,4,43,15,佛山,ce6ca82c326e584d8d688a7bedd72e06f508088c933485bfbfa222c82aab7fd0,28.38274488636364,726.2735608634355,
B2,9,4,43,16,信阳,ce6ca82c326e584d8d688a7bedd72e06f508088c933485bfbfa222c82aab7fd0,244.6035494318183,524.8451094869788,
B2,9,4,43,18,六安,ce6ca82c326e584d8d688a7bedd72e06f508088c933485bfbfa222c82aab7fd0,8.639045028409095,787.3282374096799,
B2,9,4,43,28,昌江,ce6ca82c326e584d8d688a7bedd72e06f508088c933485bfbfa222c82aab7fd0,268.7138254261364,406.06478847772166,
B2,9,4,43,34,珠海,ce6ca82c326e584d8d688a7bedd72e06f508088c933485bfbfa222c82aab7fd0,1511.786079545455,622.3824138623954,
B2,9,5,44,20,北京,ce6ca82c326e584d8d688a7bedd72e06f508088c933485bfbfa222c82aab7fd0,291.2148675426136,910.2954276064941,
B2,9,5,44,26,惠州,ce6ca82c326e584d8d688a7bedd72e06f508088c933485bfbfa222c82aab7fd0,253.6378448863636,200.54548180624323,
B2,9,5,44,27,文昌,ce6ca82c326e584d8d688a7bedd72e06f508088c933485bfbfa222c82aab7fd0,273.4003661931818,252.87284584143023,
B2,9,5,44,29,汕头,ce6ca82c326e584d8d688a7bedd72e06f508088c933485bfbfa222c82aab7fd0,516.6316193181818,183.46758920975657,
B2,9,5,44,32,清远,ce6ca82c326e584d8d688a7bedd72e06f508088c933485bfbfa222c82aab7fd0,375.720028409091,161.15908823189326,
B2,9,5,44,33,澄迈,ce6ca82c326e584d8d688a7bedd72e06f508088c933485bfbfa222c82aab7fd0,647.861484375,219.48655960592728,
B2,9,5,44,35,琼中,ce6ca82c326e584d8d688a7bedd72e06f508088c933485bfbfa222c82aab7fd0,1106.44734375,183.12767854787313,
B2,9,5,44,40,韶关,ce6ca82c326e584d8d688a7bedd72e06f508088c933485bfbfa222c82aab7fd0,547.9050852272727,439.40418446592906,
B2,10,1,45,4,东莞,ce6ca82c326e584d8d688a7bedd72e06f508088c933485bfbfa222c82aab7fd0,307.5424744318183,908.2272449726437,
B2,10,1,45,5,东营,ce6ca82c326e584d8d688a7bedd72e06f508088c933485bfbfa222c82aab7fd0,425.3271014204544,245.85650720338745,
B2,10,1,45,13,九江,ce6ca82c326e584d8d688a7bedd72e06f508088c933485bfbfa222c82aab7fd0,0.0,239.49398959895504,
B2,10,1,45,14,五指山,ce6ca82c326e584d8d688a7bedd72e06f508088c933485bfbfa222c82aab7fd0,273.4003661931818,349.0713281302289,
B2,10,1,45,24,屯昌,ce6ca82c326e584d8d688a7bedd72e06f508088c933485bfbfa222c82aab7fd0,273.4003661931819,350.81718025219664,
B2,10,1,45,27,文昌,ce6ca82c326e584d8d688a7bedd72e06f508088c933485bfbfa222c82aab7fd0,273.4003661931818,296.98737974060964,
B2,10,1,45,30,海口,ce6ca82c326e584d8d688a7bedd72e06f508088c933485bfbfa222c82aab7fd0,339.134276349432,537.8145898432103,
B2,10,1,45,33,澄迈,ce6ca82c326e584d8d688a7bedd72e06f508088c933485bfbfa222c82aab7fd0,647.861484375,277.2395207684679,
B2,10,1,45,35,琼中,ce6ca82c326e584d8d688a7bedd72e06f508088c933485bfbfa222c82aab7fd0,1106.44734375,256.593822225575,
B2,10,2,46,11,乐东,ce6ca82c326e584d8d688a7bedd72e06f508088c933485bfbfa222c82aab7fd0,51.57938057753164,567.7500590034123,
B2,10,2,46,18,六安,ce6ca82c326e584d8d688a7bedd72e06f508088c933485bfbfa222c82aab7fd0,8.639045028409095,638.59393659687,
B2,10,2,46,19,兰州,ce6ca82c326e584d8d688a7bedd72e06f508088c933485bfbfa222c82aab7fd0,32.85616429924242,288.2898820401344,
B2,10,2,46,20,北京,ce6ca82c326e584d8d688a7bedd72e06f508088c933485bfbfa222c82aab7fd0,291.2148675426136,863.6364301306444,
B2,10,2,46,28,昌江,ce6ca82c326e584d8d688a7bedd72e06f508088c933485bfbfa222c82aab7fd0,268.7138254261364,332.99290554160234,
B2,10,2,46,29,汕头,ce6ca82c326e584d8d688a7bedd72e06f508088c933485bfbfa222c82aab7fd0,516.6316193181818,273.46183070308956,
B2,10,2,46,32,清远,ce6ca82c326e584d8d688a7bedd72e06f508088c933485bfbfa222c82aab7fd0,375.720028409091,260.01393672991753,
B2,10,2,46,37,白沙,ce6ca82c326e584d8d688a7bedd72e06f508088c933485bfbfa222c82aab7fd0,192.9951366477273,279.76034849707077,
B2,10,3,47,3,东方,ce6ca82c326e584d8d688a7bedd72e06f508088c933485bfbfa222c82aab7fd0,266.2529209872159,344.52162559676026,
B2,10,3,47,6,中卫,ce6ca82c326e584d8d688a7bedd72e06f508088c933485bfbfa222c82aab7fd0,31.05198382826678,314.82388594023087,
B2,10,3,47,9,丽水,ce6ca82c326e584d8d688a7bedd72e06f508088c933485bfbfa222c82aab7fd0,33.76567926136365,447.9458503861644,
B2,10,3,47,12,乐山,ce6ca82c326e584d8d688a7bedd72e06f508088c933485bfbfa222c82aab7fd0,45.02250000000001,415.2027393320314,
B2,10,3,47,15,佛山,ce6ca82c326e584d8d688a7bedd72e06f508088c933485bfbfa222c82aab7fd0,28.38274488636364,794.526580188751,
B2,10,3,47,17,儋州,ce6ca82c326e584d8d688a7bedd72e06f508088c933485bfbfa222c82aab7fd0,539.7352537592891,343.89312361254724,
B2,10,3,47,38,肇庆,ce6ca82c326e584d8d688a7bedd72e06f508088c933485bfbfa222c82aab7fd0,23.03745340909091,446.103386462562,
B2,10,3,47,40,韶关,ce6ca82c326e584d8d688a7bedd72e06f508088c933485bfbfa222c82aab7fd0,547.9050852272727,633.2002708003157,
B2,10,4,48,0,万宁,ce6ca82c326e584d8d688a7bedd72e06f508088c933485bfbfa222c82aab7fd0,148.9921240384616,367.2235104400286,
B2,10,4,48,7,中山,ce6ca82c326e584d8d688a7bedd72e06f508088c933485bfbfa222c82aab7fd0,89.11043759098708,232.08078731282592,
B2,10,4,48,8,临高,ce6ca82c326e584d8d688a7bedd72e06f508088c933485bfbfa222c82aab7fd0,83.80276845703128,316.5696829990214,
B2,10,4,48,10,义乌,ce6ca82c326e584d8d688a7bedd72e06f508088c933485bfbfa222c82aab7fd0,7288.761349396308,295.30795879344356,
B2,10,4,48,16,信阳,ce6ca82c326e584d8d688a7bedd72e06f508088c933485bfbfa222c82aab7fd0,244.6035494318183,313.2597790365031,
B2,10,4,48,25,广州,ce6ca82c326e584d8d688a7bedd72e06f508088c933485bfbfa222c82aab7fd0,164.1983198863636,268.94098042326016,
B2,10,4,48,34,珠海,ce6ca82c326e584d8d688a7bedd72e06f508088c933485bfbfa222c82aab7fd0,1511.786079545455,355.2349750999692,
B2,10,4,48,36,琼海,ce6ca82c326e584d8d688a7bedd72e06f508088c933485bfbfa222c82aab7fd0,1716.717565054688,314.2456023966491,
B2,10,5,49,1,上海,ce6ca82c326e584d8d688a7bedd72e06f508088c933485bfbfa222c82aab7fd0,2302.973933396464,791.0650700251401,
B2,10,5,49,2,上饶,ce6ca82c326e584d8d688a7bedd72e06f508088c933485bfbfa222c82aab7fd0,114.81355125,413.2191836157252,
B2,10,5,49,21,北海,ce6ca82c326e584d8d688a7bedd72e06f508088c933485bfbfa222c82aab7fd0,318.3245085227273,387.64338183339083,
B2,10,5,49,22,合肥,ce6ca82c326e584d8d688a7bedd72e06f508088c933485bfbfa222c82aab7fd0,13.19625,599.0364031127914,
B2,10,5,49,23,定安,ce6ca82c326e584d8d688a7bedd72e06f508088c933485bfbfa222c82aab7fd0,273.4003661931819,348.9510752809386,
B2,10,5,49,26,惠州,ce6ca82c326e584d8d688a7bedd72e06f508088c933485bfbfa222c82aab7fd0,253.6378448863636,313.4125342030009,
B2,10,5,49,31,深圳,ce6ca82c326e584d8d688a7bedd72e06f508088c933485bfbfa222c82aab7fd0,159.7083409090909,698.6298661965084,
B2,10,5,49,39,陵水,ce6ca82c326e584d8d688a7bedd72e06f508088c933485bfbfa222c82aab7fd0,337.1486134943182,482.08516857625017,
B2,11,1,50,6,中卫,ce6ca82c326e584d8d688a7bedd72e06f508088c933485bfbfa222c82aab7fd0,31.05198382826678,284.56472609107686,
B2,11,1,50,10,义乌,ce6ca82c326e584d8d688a7bedd72e06f508088c933485bfbfa222c82aab7fd0,7288.761349396308,474.6473143519208,
B2,11,1,50,23,定安,ce6ca82c326e584d8d688a7bedd72e06f508088c933485bfbfa222c82aab7fd0,273.4003661931819,331.87260978920153,
B2,11,1,50,24,屯昌,ce6ca82c326e584d8d688a7bedd72e06f508088c933485bfbfa222c82aab7fd0,273.4003661931819,318.98627534416886,
B2,11,1,50,25,广州,ce6ca82c326e584d8d688a7bedd72e06f508088c933485bfbfa222c82aab7fd0,164.1983198863636,453.74246039434433,
B2,11,1,50,27,文昌,ce6ca82c326e584d8d688a7bedd72e06f508088c933485bfbfa222c82aab7fd0,273.4003661931818,342.6227426004652,
B2,11,1,50,28,昌江,ce6ca82c326e584d8d688a7bedd72e06f508088c933485bfbfa222c82aab7fd0,268.7138254261364,200.71938398186498,
B2,11,1,50,31,深圳,ce6ca82c326e584d8d688a7bedd72e06f508088c933485bfbfa222c82aab7fd0,159.7083409090909,548.8434851373635,
B2,11,1,50,35,琼中,ce6ca82c326e584d8d688a7bedd72e06f508088c933485bfbfa222c82aab7fd0,1106.44734375,271.83200489769797,
B2,11,2,51,0,万宁,ce6ca82c326e584d8d688a7bedd72e06f508088c933485bfbfa222c82aab7fd0,148.9921240384616,614.5020830861481,
B2,11,2,51,1,上海,ce6ca82c326e584d8d688a7bedd72e06f508088c933485bfbfa222c82aab7fd0,2302.973933396464,736.2224618434677,
B2,11,2,51,8,临高,ce6ca82c326e584d8d688a7bedd72e06f508088c933485bfbfa222c82aab7fd0,83.80276845703128,401.6925397044159,
B2,11,2,51,11,乐东,ce6ca82c326e584d8d688a7bedd72e06f508088c933485bfbfa222c82aab7fd0,51.57938057753164,477.4642661819046,
B2,11,2,51,13,九江,ce6ca82c326e584d8d688a7bedd72e06f508088c933485bfbfa222c82aab7fd0,0.0,298.92308226155285,
B2,11,2,51,20,北京,ce6ca82c326e584d8d688a7bedd72e06f508088c933485bfbfa222c82aab7fd0,291.2148675426136,609.3397730260571,
B2,11,2,51,26,惠州,ce6ca82c326e584d8d688a7bedd72e06f508088c933485bfbfa222c82aab7fd0,253.6378448863636,315.46175975472954,
B2,11,2,51,39,陵水,ce6ca82c326e584d8d688a7bedd72e06f508088c933485bfbfa222c82aab7fd0,337.1486134943182,527.6402624758009,
B2,11,3,52,9,丽水,ce6ca82c326e584d8d688a7bedd72e06f508088c933485bfbfa222c82aab7fd0,33.76567926136365,582.8007941022962,
B2,11,3,52,15,佛山,ce6ca82c326e584d8d688a7bedd72e06f508088c933485bfbfa222c82aab7fd0,28.38274488636364,713.3798645404752,
B2,11,3,52,16,信阳,ce6ca82c326e584d8d688a7bedd72e06f508088c933485bfbfa222c82aab7fd0,244.6035494318183,630.4925378106677,
B2,11,3,52,17,儋州,ce6ca82c326e584d8d688a7bedd72e06f508088c933485bfbfa222c82aab7fd0,539.7352537592891,290.9471427240839,
B2,11,3,52,18,六安,ce6ca82c326e584d8d688a7bedd72e06f508088c933485bfbfa222c82aab7fd0,8.639045028409095,818.0609065574266,
B2,11,3,52,29,汕头,ce6ca82c326e584d8d688a7bedd72e06f508088c933485bfbfa222c82aab7fd0,516.6316193181818,245.54213325683074,
B2,11,3,52,30,海口,ce6ca82c326e584d8d688a7bedd72e06f508088c933485bfbfa222c82aab7fd0,339.134276349432,803.5510622416691,
B2,11,3,52,33,澄迈,ce6ca82c326e584d8d688a7bedd72e06f508088c933485bfbfa222c82aab7fd0,647.861484375,258.55524018490036,
B2,11,4,53,2,上饶,ce6ca82c326e584d8d688a7bedd72e06f508088c933485bfbfa222c82aab7fd0,114.81355125,691.820285632035,
B2,11,4,53,3,东方,ce6ca82c326e584d8d688a7bedd72e06f508088c933485bfbfa222c82aab7fd0,266.2529209872159,282.74154034002714,
B2,11,4,53,12,乐山,ce6ca82c326e584d8d688a7bedd72e06f508088c933485bfbfa222c82aab7fd0,45.02250000000001,579.0073000698563,
B2,11,4,53,19,兰州,ce6ca82c326e584d8d688a7bedd72e06f508088c933485bfbfa222c82aab7fd0,32.85616429924242,346.2646783987972,
B2,11,4,53,22,合肥,ce6ca82c326e584d8d688a7bedd72e06f508088c933485bfbfa222c82aab7fd0,13.19625,639.2661498989808,
B2,11,4,53,34,珠海,ce6ca82c326e584d8d688a7bedd72e06f508088c933485bfbfa222c82aab7fd0,1511.786079545455,472.83050852391904,
B2,11,4,53,37,白沙,ce6ca82c326e584d8d688a7bedd72e06f508088c933485bfbfa222c82aab7fd0,192.9951366477273,288.88188433560833,
B2,11,4,53,38,肇庆,ce6ca82c326e584d8d688a7bedd72e06f508088c933485bfbfa222c82aab7fd0,23.03745340909091,645.7525263212834,
B2,11,5,54,4,东莞,ce6ca82c326e584d8d688a7bedd72e06f508088c933485bfbfa222c82aab7fd0,307.5424744318183,1008.5582397751773,
B2,11,5,54,5,东营,ce6ca82c326e584d8d688a7bedd72e06f508088c933485bfbfa222c82aab7fd0,425.3271014204544,278.8506088389166,
B2,11,5,54,7,中山,ce6ca82c326e584d8d688a7bedd72e06f508088c933485bfbfa222c82aab7fd0,89.11043759098708,359.82639458197457,
B2,11,5,54,14,五指山,ce6ca82c326e584d8d688a7bedd72e06f508088c933485bfbfa222c82aab7fd0,273.4003661931818,320.1783273129717,
B2,11,5,54,21,北海,ce6ca82c326e584d8d688a7bedd72e06f508088c933485bfbfa222c82aab7fd0,318.3245085227273,225.99490767003417,
B2,11,5,54,32,清远,ce6ca82c326e584d8d688a7bedd72e06f508088c933485bfbfa222c82aab7fd0,375.720028409091,210.9331137354393,
B2,11,5,54,36,琼海,ce6ca82c326e584d8d688a7bedd72e06f508088c933485bfbfa222c82aab7fd0,1716.717565054688,358.97857621377653,
B2,11,5,54,40,韶关,ce6ca82c326e584d8d688a7bedd72e06f508088c933485bfbfa222c82aab7fd0,547.9050852272727,263.6447425277634,
B2,12,1,55,7,中山,ce6ca82c326e584d8d688a7bedd72e06f508088c933485bfbfa222c82aab7fd0,89.11043759098708,221.92261028769667,
B2,12,1,55,8,临高,ce6ca82c326e584d8d688a7bedd72e06f508088c933485bfbfa222c82aab7fd0,83.80276845703128,261.0113089360459,
B2,12,1,55,10,义乌,ce6ca82c326e584d8d688a7bedd72e06f508088c933485bfbfa222c82aab7fd0,7288.761349396308,436.4811986308752,
B2,12,1,55,12,乐山,ce6ca82c326e584d8d688a7bedd72e06f508088c933485bfbfa222c82aab7fd0,45.02250000000001,239.9074159814758,
B2,12,1,55,17,儋州,ce6ca82c326e584d8d688a7bedd72e06f508088c933485bfbfa222c82aab7fd0,539.7352537592891,285.7808277922717,
B2,12,1,55,23,定安,ce6ca82c326e584d8d688a7bedd72e06f508088c933485bfbfa222c82aab7fd0,273.4003661931819,312.1884755718175,
B2,12,1,55,26,惠州,ce6ca82c326e584d8d688a7bedd72e06f508088c933485bfbfa222c82aab7fd0,253.6378448863636,272.06922590060185,
B2,12,1,55,33,澄迈,ce6ca82c326e584d8d688a7bedd72e06f508088c933485bfbfa222c82aab7fd0,647.861484375,271.5341863672458,
B2,12,1,55,37,白沙,ce6ca82c326e584d8d688a7bedd72e06f508088c933485bfbfa222c82aab7fd0,192.9951366477273,290.75276009695125,
B2,12,2,56,1,上海,ce6ca82c326e584d8d688a7bedd72e06f508088c933485bfbfa222c82aab7fd0,2302.973933396464,823.5109728859691,
B2,12,2,56,5,东营,ce6ca82c326e584d8d688a7bedd72e06f508088c933485bfbfa222c82aab7fd0,425.3271014204544,206.62083771425955,
B2,12,2,56,9,丽水,ce6ca82c326e584d8d688a7bedd72e06f508088c933485bfbfa222c82aab7fd0,33.76567926136365,444.4806771217104,
B2,12,2,56,18,六安,ce6ca82c326e584d8d688a7bedd72e06f508088c933485bfbfa222c82aab7fd0,8.639045028409095,608.8816696966832,
B2,12,2,56,24,屯昌,ce6ca82c326e584d8d688a7bedd72e06f508088c933485bfbfa222c82aab7fd0,273.4003661931819,344.33401146560215,
B2,12,2,56,30,海口,ce6ca82c326e584d8d688a7bedd72e06f508088c933485bfbfa222c82aab7fd0,339.134276349432,646.1341968277421,
B2,12,2,56,32,清远,ce6ca82c326e584d8d688a7bedd72e06f508088c933485bfbfa222c82aab7fd0,375.720028409091,272.33914089193735,
B2,12,2,56,35,琼中,ce6ca82c326e584d8d688a7bedd72e06f508088c933485bfbfa222c82aab7fd0,1106.44734375,266.0030685605055,
B2,12,3,57,0,万宁,ce6ca82c326e584d8d688a7bedd72e06f508088c933485bfbfa222c82aab7fd0,148.9921240384616,488.93144485394816,
B2,12,3,57,3,东方,ce6ca82c326e584d8d688a7bedd72e06f508088c933485bfbfa222c82aab7fd0,266.2529209872159,304.7856949449322,
B2,12,3,57,6,中卫,ce6ca82c326e584d8d688a7bedd72e06f508088c933485bfbfa222c82aab7fd0,31.05198382826678,264.40122147343595,
B2,12,3,57,20,北京,ce6ca82c326e584d8d688a7bedd72e06f508088c933485bfbfa222c82aab7fd0,291.2148675426136,787.4819197878819,
B2,12,3,57,22,合肥,ce6ca82c326e584d8d688a7bedd72e06f508088c933485bfbfa222c82aab7fd0,13.19625,421.0011556424091,
B2,12,3,57,29,汕头,ce6ca82c326e584d8d688a7bedd72e06f508088c933485bfbfa222c82aab7fd0,516.6316193181818,300.48945032436393,
B2,12,3,57,34,珠海,ce6ca82c326e584d8d688a7bedd72e06f508088c933485bfbfa222c82aab7fd0,1511.786079545455,644.1237115129024,
B2,12,3,57,36,琼海,ce6ca82c326e584d8d688a7bedd72e06f508088c933485bfbfa222c82aab7fd0,1716.717565054688,404.9449232334935,
B2,12,4,58,13,九江,ce6ca82c326e584d8d688a7bedd72e06f508088c933485bfbfa222c82aab7fd0,0.0,271.61403849738304,
B2,12,4,58,14,五指山,ce6ca82c326e584d8d688a7bedd72e06f508088c933485bfbfa222c82aab7fd0,273.4003661931818,393.04761992319817,
B2,12,4,58,16,信阳,ce6ca82c326e584d8d688a7bedd72e06f508088c933485bfbfa222c82aab7fd0,244.6035494318183,459.7606467065271,
B2,12,4,58,19,兰州,ce6ca82c326e584d8d688a7bedd72e06f508088c933485bfbfa222c82aab7fd0,32.85616429924242,403.2372733007149,
B2,12,4,58,27,文昌,ce6ca82c326e584d8d688a7bedd72e06f508088c933485bfbfa222c82aab7fd0,273.4003661931818,481.2853611332958,
B2,12,4,58,31,深圳,ce6ca82c326e584d8d688a7bedd72e06f508088c933485bfbfa222c82aab7fd0,159.7083409090909,839.7714067532181,
B2,12,4,58,38,肇庆,ce6ca82c326e584d8d688a7bedd72e06f508088c933485bfbfa222c82aab7fd0,23.03745340909091,328.9191286351187,
B2,12,4,58,40,韶关,ce6ca82c326e584d8d688a7bedd72e06f508088c933485bfbfa222c82aab7fd0,547.9050852272727,487.1809048531991,
B2,12,5,59,2,上饶,ce6ca82c326e584d8d688a7bedd72e06f508088c933485bfbfa222c82aab7fd0,114.81355125,406.37475278788844,
B2,12,5,59,4,东莞,ce6ca82c326e584d8d688a7bedd72e06f508088c933485bfbfa222c82aab7fd0,307.5424744318183,1021.7889680762448,
B2,12,5,59,11,乐东,ce6ca82c326e584d8d688a7bedd72e06f508088c933485bfbfa222c82aab7fd0,51.57938057753164,484.9439068957266,
B2,12,5,59,15,佛山,ce6ca82c326e584d8d688a7bedd72e06f508088c933485bfbfa222c82aab7fd0,28.38274488636364,930.46622148688,
B2,12,5,59,21,北海,ce6ca82c326e584d8d688a7bedd72e06f508088c933485bfbfa222c82aab7fd0,318.3245085227273,345.35397897415254,
B2,12,5,59,25,广州,ce6ca82c326e584d8d688a7bedd72e06f508088c933485bfbfa222c82aab7fd0,164.1983198863636,946.4715395442707,
B2,12,5,59,28,昌江,ce6ca82c326e584d8d688a7bedd72e06f508088c933485bfbfa222c82aab7fd0,268.7138254261364,319.6334249948778,
B2,12,5,59,39,陵水,ce6ca82c326e584d8d688a7bedd72e06f508088c933485bfbfa222c82aab7fd0,337.1486134943182,551.6327283129801,
B2,13,1,60,5,东营,ce6ca82c326e584d8d688a7bedd72e06f508088c933485bfbfa222c82aab7fd0,425.3271014204544,372.41265155249795,
B2,13,1,60,6,中卫,ce6ca82c326e584d8d688a7bedd72e06f508088c933485bfbfa222c82aab7fd0,31.05198382826678,321.3365884157391,
B2,13,1,60,8,临高,ce6ca82c326e584d8d688a7bedd72e06f508088c933485bfbfa222c82aab7fd0,83.80276845703128,416.4240882181735,
B2,13,1,60,16,信阳,ce6ca82c326e584d8d688a7bedd72e06f508088c933485bfbfa222c82aab7fd0,244.6035494318183,435.3889241229183,
B2,13,1,60,22,合肥,ce6ca82c326e584d8d688a7bedd72e06f508088c933485bfbfa222c82aab7fd0,13.19625,474.71673721560734,
B2,13,1,60,24,屯昌,ce6ca82c326e584d8d688a7bedd72e06f508088c933485bfbfa222c82aab7fd0,273.4003661931819,328.35487988461523,
B2,13,1,60,28,昌江,ce6ca82c326e584d8d688a7bedd72e06f508088c933485bfbfa222c82aab7fd0,268.7138254261364,259.8049734595011,
B2,13,1,60,36,琼海,ce6ca82c326e584d8d688a7bedd72e06f508088c933485bfbfa222c82aab7fd0,1716.717565054688,422.72329885950654,
B2,13,1,60,39,陵水,ce6ca82c326e584d8d688a7bedd72e06f508088c933485bfbfa222c82aab7fd0,337.1486134943182,389.47122616710027,
B2,13,2,61,9,丽水,ce6ca82c326e584d8d688a7bedd72e06f508088c933485bfbfa222c82aab7fd0,33.76567926136365,421.72163453925197,
B2,13,2,61,12,乐山,ce6ca82c326e584d8d688a7bedd72e06f508088c933485bfbfa222c82aab7fd0,45.02250000000001,306.7781297772202,
B2,13,2,61,13,九江,ce6ca82c326e584d8d688a7bedd72e06f508088c933485bfbfa222c82aab7fd0,0.0,260.11135742124793,
B2,13,2,61,14,五指山,ce6ca82c326e584d8d688a7bedd72e06f508088c933485bfbfa222c82aab7fd0,273.4003661931818,346.3392980216624,
B2,13,2,61,20,北京,ce6ca82c326e584d8d688a7bedd72e06f508088c933485bfbfa222c82aab7fd0,291.2148675426136,900.858995936736,
B2,13,2,61,21,北海,ce6ca82c326e584d8d688a7bedd72e06f508088c933485bfbfa222c82aab7fd0,318.3245085227273,365.14250079715976,
B2,13,2,61,30,海口,ce6ca82c326e584d8d688a7bedd72e06f508088c933485bfbfa222c82aab7fd0,339.134276349432,603.1094091186964,
B2,13,2,61,35,琼中,ce6ca82c326e584d8d688a7bedd72e06f508088c933485bfbfa222c82aab7fd0,1106.44734375,297.80726927380834,
B2,13,3,62,7,中山,ce6ca82c326e584d8d688a7bedd72e06f508088c933485bfbfa222c82aab7fd0,89.11043759098708,174.04709085584523,
B2,13,3,62,10,义乌,ce6ca82c326e584d8d688a7bedd72e06f508088c933485bfbfa222c82aab7fd0,7288.761349396308,370.74069102150577,
B2,13,3,62,18,六安,ce6ca82c326e584d8d688a7bedd72e06f508088c933485bfbfa222c82aab7fd0,8.639045028409095,482.3904521939151,
B2,13,3,62,25,广州,ce6ca82c326e584d8d688a7bedd72e06f508088c933485bfbfa222c82aab7fd0,164.1983198863636,227.65315716643232,
B2,13,3,62,29,汕头,ce6ca82c326e584d8d688a7bedd72e06f508088c933485bfbfa222c82aab7fd0,516.6316193181818,247.47196003899032,
B2,13,3,62,33,澄迈,ce6ca82c326e584d8d688a7bedd72e06f508088c933485bfbfa222c82aab7fd0,647.861484375,232.09821284495737,
B2,13,3,62,34,珠海,ce6ca82c326e584d8d688a7bedd72e06f508088c933485bfbfa222c82aab7fd0,1511.786079545455,295.23546020203565,
B2,13,3,62,40,韶关,ce6ca82c326e584d8d688a7bedd72e06f508088c933485bfbfa222c82aab7fd0,547.9050852272727,457.6221154692288,
B2,13,4,63,0,万宁,ce6ca82c326e584d8d688a7bedd72e06f508088c933485bfbfa222c82aab7fd0,148.9921240384616,493.2567143538003,
B2,13,4,63,2,上饶,ce6ca82c326e584d8d688a7bedd72e06f508088c933485bfbfa222c82aab7fd0,114.81355125,423.28757179894103,
B2,13,4,63,11,乐东,ce6ca82c326e584d8d688a7bedd72e06f508088c933485bfbfa222c82aab7fd0,51.57938057753164,595.2676470771138,
B2,13,4,63,17,儋州,ce6ca82c326e584d8d688a7bedd72e06f508088c933485bfbfa222c82aab7fd0,539.7352537592891,386.87504294905955,
B2,13,4,63,19,兰州,ce6ca82c326e584d8d688a7bedd72e06f508088c933485bfbfa222c82aab7fd0,32.85616429924242,308.6696005978182,
B2,13,4,63,26,惠州,ce6ca82c326e584d8d688a7bedd72e06f508088c933485bfbfa222c82aab7fd0,253.6378448863636,263.8653145813849,
B2,13,4,63,32,清远,ce6ca82c326e584d8d688a7bedd72e06f508088c933485bfbfa222c82aab7fd0,375.720028409091,286.1135721744318,
B2,13,4,63,37,白沙,ce6ca82c326e584d8d688a7bedd72e06f508088c933485bfbfa222c82aab7fd0,192.9951366477273,297.035165427355,
B2,13,5,64,1,上海,ce6ca82c326e584d8d688a7bedd72e06f508088c933485bfbfa222c82aab7fd0,2302.973933396464,802.8570296106948,
B2,13,5,64,3,东方,ce6ca82c326e584d8d688a7bedd72e06f508088c933485bfbfa222c82aab7fd0,266.2529209872159,374.6574685921632,
B2,13,5,64,4,东莞,ce6ca82c326e584d8d688a7bedd72e06f508088c933485bfbfa222c82aab7fd0,307.5424744318183,694.5967086407032,
B2,13,5,64,15,佛山,ce6ca82c326e584d8d688a7bedd72e06f508088c933485bfbfa222c82aab7fd0,28.38274488636364,672.0093004173943,
B2,13,5,64,23,定安,ce6ca82c326e584d8d688a7bedd72e06f508088c933485bfbfa222c82aab7fd0,273.4003661931819,404.57596890096875,
B2,13,5,64,27,文昌,ce6ca82c326e584d8d688a7bedd72e06f508088c933485bfbfa222c82aab7fd0,273.4003661931818,494.7636102245232,
B2,13,5,64,31,深圳,ce6ca82c326e584d8d688a7bedd72e06f508088c933485bfbfa222c82aab7fd0,159.7083409090909,715.5814290671167,
B2,13,5,64,38,肇庆,ce6ca82c326e584d8d688a7bedd72e06f508088c933485bfbfa222c82aab7fd0,23.03745340909091,324.7000114730495,
B2,14,1,65,1,上海,ce6ca82c326e584d8d688a7bedd72e06f508088c933485bfbfa222c82aab7fd0,2302.973933396464,725.9202886296385,
B2,14,1,65,5,东营,ce6ca82c326e584d8d688a7bedd72e06f508088c933485bfbfa222c82aab7fd0,425.3271014204544,231.63888823436233,
B2,14,1,65,7,中山,ce6ca82c326e584d8d688a7bedd72e06f508088c933485bfbfa222c82aab7fd0,89.11043759098708,272.01233794968323,
B2,14,1,65,14,五指山,ce6ca82c326e584d8d688a7bedd72e06f508088c933485bfbfa222c82aab7fd0,273.4003661931818,303.686513721828,
B2,14,1,65,18,六安,ce6ca82c326e584d8d688a7bedd72e06f508088c933485bfbfa222c82aab7fd0,8.639045028409095,507.60495068138687,
B2,14,1,65,21,北海,ce6ca82c326e584d8d688a7bedd72e06f508088c933485bfbfa222c82aab7fd0,318.3245085227273,379.1526084417058,
B2,14,1,65,31,深圳,ce6ca82c326e584d8d688a7bedd72e06f508088c933485bfbfa222c82aab7fd0,159.7083409090909,620.619211171959,
B2,14,1,65,32,清远,ce6ca82c326e584d8d688a7bedd72e06f508088c933485bfbfa222c82aab7fd0,375.720028409091,266.4248959025342,
B2,14,1,65,35,琼中,ce6ca82c326e584d8d688a7bedd72e06f508088c933485bfbfa222c82aab7fd0,1106.44734375,230.6892231424684,
B2,14,2,66,0,万宁,ce6ca82c326e584d8d688a7bedd72e06f508088c933485bfbfa222c82aab7fd0,148.9921240384616,582.2447655319785,
B2,14,2,66,11,乐东,ce6ca82c326e584d8d688a7bedd72e06f508088c933485bfbfa222c82aab7fd0,51.57938057753164,517.2140513037463,
B2,14,2,66,12,乐山,ce6ca82c326e584d8d688a7bedd72e06f508088c933485bfbfa222c82aab7fd0,45.02250000000001,384.1592312179619,
B2,14,2,66,13,九江,ce6ca82c326e584d8d688a7bedd72e06f508088c933485bfbfa222c82aab7fd0,0.0,306.96897708384995,
B2,14,2,66,19,兰州,ce6ca82c326e584d8d688a7bedd72e06f508088c933485bfbfa222c82aab7fd0,32.85616429924242,398.68658451308,
B2,14,2,66,22,合肥,ce6ca82c326e584d8d688a7bedd72e06f508088c933485bfbfa222c82aab7fd0,13.19625,562.3826392076461,
B2,14,2,66,26,惠州,ce6ca82c326e584d8d688a7bedd72e06f508088c933485bfbfa222c82aab7fd0,253.6378448863636,332.42899857215434,
B2,14,2,66,27,文昌,ce6ca82c326e584d8d688a7bedd72e06f508088c933485bfbfa222c82aab7fd0,273.4003661931818,494.966660857684,
B2,14,3,67,2,上饶,ce6ca82c326e584d8d688a7bedd72e06f508088c933485bfbfa222c82aab7fd0,114.81355125,538.9732630207409,
B2,14,3,67,15,佛山,ce6ca82c326e584d8d688a7bedd72e06f508088c933485bfbfa222c82aab7fd0,28.38274488636364,769.4789355639714,
B2,14,3,67,16,信阳,ce6ca82c326e584d8d688a7bedd72e06f508088c933485bfbfa222c82aab7fd0,244.6035494318183,511.99088894302037,
B2,14,3,67,17,儋州,ce6ca82c326e584d8d688a7bedd72e06f508088c933485bfbfa222c82aab7fd0,539.7352537592891,281.087615500196,
B2,14,3,67,29,汕头,ce6ca82c326e584d8d688a7bedd72e06f508088c933485bfbfa222c82aab7fd0,516.6316193181818,285.28450999966776,
B2,14,3,67,30,海口,ce6ca82c326e584d8d688a7bedd72e06f508088c933485bfbfa222c82aab7fd0,339.134276349432,716.3427962970852,
B2,14,3,67,37,白沙,ce6ca82c326e584d8d688a7bedd72e06f508088c933485bfbfa222c82aab7fd0,192.9951366477273,256.58051410348696,
B2,14,3,67,39,陵水,ce6ca82c326e584d8d688a7bedd72e06f508088c933485bfbfa222c82aab7fd0,337.1486134943182,439.8834011695116,
B2,14,4,68,4,东莞,ce6ca82c326e584d8d688a7bedd72e06f508088c933485bfbfa222c82aab7fd0,307.5424744318183,864.2115093017754,
B2,14,4,68,8,临高,ce6ca82c326e584d8d688a7bedd72e06f508088c933485bfbfa222c82aab7fd0,83.80276845703128,385.72927282686817,
B2,14,4,68,20,北京,ce6ca82c326e584d8d688a7bedd72e06f508088c933485bfbfa222c82aab7fd0,291.2148675426136,859.545027410979,
B2,14,4,68,23,定安,ce6ca82c326e584d8d688a7bedd72e06f508088c933485bfbfa222c82aab7fd0,273.4003661931819,321.06412022591326,
B2,14,4,68,34,珠海,ce6ca82c326e584d8d688a7bedd72e06f508088c933485bfbfa222c82aab7fd0,1511.786079545455,814.2055054847885,
B2,14,4,68,36,琼海,ce6ca82c326e584d8d688a7bedd72e06f508088c933485bfbfa222c82aab7fd0,1716.717565054688,366.02896164066135,
B2,14,4,68,38,肇庆,ce6ca82c326e584d8d688a7bedd72e06f508088c933485bfbfa222c82aab7fd0,23.03745340909091,299.80845070654624,
B2,14,4,68,40,韶关,ce6ca82c326e584d8d688a7bedd72e06f508088c933485bfbfa222c82aab7fd0,547.9050852272727,254.55877477350768,
B2,14,5,69,3,东方,ce6ca82c326e584d8d688a7bedd72e06f508088c933485bfbfa222c82aab7fd0,266.2529209872159,369.9963745606916,
B2,14,5,69,6,中卫,ce6ca82c326e584d8d688a7bedd72e06f508088c933485bfbfa222c82aab7fd0,31.05198382826678,314.5424316952356,
B2,14,5,69,9,丽水,ce6ca82c326e584d8d688a7bedd72e06f508088c933485bfbfa222c82aab7fd0,33.76567926136365,407.11485706789375,
B2,14,5,69,10,义乌,ce6ca82c326e584d8d688a7bedd72e06f508088c933485bfbfa222c82aab7fd0,7288.761349396308,437.11585116998737,
B2,14,5,69,24,屯昌,ce6ca82c326e584d8d688a7bedd72e06f508088c933485bfbfa222c82aab7fd0,273.4003661931819,413.71376608955956,
B2,14,5,69,25,广州,ce6ca82c326e584d8d688a7bedd72e06f508088c933485bfbfa222c82aab7fd0,164.1983198863636,437.75654760220834,
B2,14,5,69,28,昌江,ce6ca82c326e584d8d688a7bedd72e06f508088c933485bfbfa222c82aab7fd0,268.7138254261364,177.48950913057416,
B2,14,5,69,33,澄迈,ce6ca82c326e584d8d688a7bedd72e06f508088c933485bfbfa222c82aab7fd0,647.861484375,233.32476804696364,
B2,15,1,70,0,万宁,ce6ca82c326e584d8d688a7bedd72e06f508088c933485bfbfa222c82aab7fd0,148.9921240384616,338.3806774544306,
B2,15,1,70,1,上海,ce6ca82c326e584d8d688a7bedd72e06f508088c933485bfbfa222c82aab7fd0,2302.973933396464,243.09214508661248,
B2,15,1,70,5,东营,ce6ca82c326e584d8d688a7bedd72e06f508088c933485bfbfa222c82aab7fd0,425.3271014204544,279.3214787545238,
B2,15,1,70,7,中山,ce6ca82c326e584d8d688a7bedd72e06f508088c933485bfbfa222c82aab7fd0,89.11043759098708,193.24005622419307,
B2,15,1,70,10,义乌,ce6ca82c326e584d8d688a7bedd72e06f508088c933485bfbfa222c82aab7fd0,7288.761349396308,226.77298244357374,
B2,15,1,70,16,信阳,ce6ca82c326e584d8d688a7bedd72e06f508088c933485bfbfa222c82aab7fd0,244.6035494318183,383.66160549647725,
B2,15,1,70,21,北海,ce6ca82c326e584d8d688a7bedd72e06f508088c933485bfbfa222c82aab7fd0,318.3245085227273,164.32406049535527,
B2,15,1,70,24,屯昌,ce6ca82c326e584d8d688a7bedd72e06f508088c933485bfbfa222c82aab7fd0,273.4003661931819,381.94494074942855,
B2,15,1,70,34,珠海,ce6ca82c326e584d8d688a7bedd72e06f508088c933485bfbfa222c82aab7fd0,1511.786079545455,312.5222902215703,
B2,15,2,71,9,丽水,ce6ca82c326e584d8d688a7bedd72e06f508088c933485bfbfa222c82aab7fd0,33.76567926136365,470.1355153365534,
B2,15,2,71,17,儋州,ce6ca82c326e584d8d688a7bedd72e06f508088c933485bfbfa222c82aab7fd0,539.7352537592891,330.04747194855076,
B2,15,2,71,22,合肥,ce6ca82c326e584d8d688a7bedd72e06f508088c933485bfbfa222c82aab7fd0,13.19625,601.7900626189759,
B2,15,2,71,23,定安,ce6ca82c326e584d8d688a7bedd72e06f508088c933485bfbfa222c82aab7fd0,273.4003661931819,350.83603614130425,
B2,15,2,71,26,惠州,ce6ca82c326e584d8d688a7bedd72e06f508088c933485bfbfa222c82aab7fd0,253.6378448863636,274.81517153088754,
B2,15,2,71,28,昌江,ce6ca82c326e584d8d688a7bedd72e06f508088c933485bfbfa222c82aab7fd0,268.7138254261364,278.39903185155185,
B2,15,2,71,31,深圳,ce6ca82c326e584d8d688a7bedd72e06f508088c933485bfbfa222c82aab7fd0,159.7083409090909,810.7358641227875,
B2,15,2,71,40,韶关,ce6ca82c326e584d8d688a7bedd72e06f508088c933485bfbfa222c82aab7fd0,547.9050852272727,551.2088224446774,
B2,15,3,72,2,上饶,ce6ca82c326e584d8d688a7bedd72e06f508088c933485bfbfa222c82aab7fd0,114.81355125,442.46049563940994,
B2,15,3,72,3,东方,ce6ca82c326e584d8d688a7bedd72e06f508088c933485bfbfa222c82aab7fd0,266.2529209872159,311.9724787549399,
B2,15,3,72,4,东莞,ce6ca82c326e584d8d688a7bedd72e06f508088c933485bfbfa222c82aab7fd0,307.5424744318183,971.9106711978129,
B2,15,3,72,20,北京,ce6ca82c326e584d8d688a7bedd72e06f508088c933485bfbfa222c82aab7fd0,291.2148675426136,957.2620927279243,
B2,15,3,72,29,汕头,ce6ca82c326e584d8d688a7bedd72e06f508088c933485bfbfa222c82aab7fd0,516.6316193181818,241.651859245915,
B2,15,3,72,32,清远,ce6ca82c326e584d8d688a7bedd72e06f508088c933485bfbfa222c82aab7fd0,375.720028409091,260.8513727950934,
B2,15,3,72,33,澄迈,ce6ca82c326e584d8d688a7bedd72e06f508088c933485bfbfa222c82aab7fd0,647.861484375,260.6298062675261,
B2,15,3,72,38,肇庆,ce6ca82c326e584d8d688a7bedd72e06f508088c933485bfbfa222c82aab7fd0,23.03745340909091,346.26483456976155,
B2,15,4,73,13,九江,ce6ca82c326e584d8d688a7bedd72e06f508088c933485bfbfa222c82aab7fd0,0.0,309.73469309916294,
B2,15,4,73,14,五指山,ce6ca82c326e584d8d688a7bedd72e06f508088c933485bfbfa222c82aab7fd0,273.4003661931818,353.0191986421026,
B2,15,4,73,15,佛山,ce6ca82c326e584d8d688a7bedd72e06f508088c933485bfbfa222c82aab7fd0,28.38274488636364,790.6087663217374,
B2,15,4,73,19,兰州,ce6ca82c326e584d8d688a7bedd72e06f508088c933485bfbfa222c82aab7fd0,32.85616429924242,330.8144121715353,
B2,15,4,73,25,广州,ce6ca82c326e584d8d688a7bedd72e06f508088c933485bfbfa222c82aab7fd0,164.1983198863636,871.56167193793,
B2,15,4,73,27,文昌,ce6ca82c326e584d8d688a7bedd72e06f508088c933485bfbfa222c82aab7fd0,273.4003661931818,408.47258107400825,
B2,15,4,73,30,海口,ce6ca82c326e584d8d688a7bedd72e06f508088c933485bfbfa222c82aab7fd0,339.134276349432,456.3218424796958,
B2,15,4,73,36,琼海,ce6ca82c326e584d8d688a7bedd72e06f508088c933485bfbfa222c82aab7fd0,1716.717565054688,364.6057961315806,
B2,15,5,74,6,中卫,ce6ca82c326e584d8d688a7bedd72e06f508088c933485bfbfa222c82aab7fd0,31.05198382826678,334.8048197878395,
B2,15,5,74,8,临高,ce6ca82c326e584d8d688a7bedd72e06f508088c933485bfbfa222c82aab7fd0,83.80276845703128,425.4994502711874,
B2,15,5,74,11,乐东,ce6ca82c326e584d8d688a7bedd72e06f508088c933485bfbfa222c82aab7fd0,51.57938057753164,585.61047410526,
B2,15,5,74,12,乐山,ce6ca82c326e584d8d688a7bedd72e06f508088c933485bfbfa222c82aab7fd0,45.02250000000001,404.32604030707114,
B2,15,5,74,18,六安,ce6ca82c326e584d8d688a7bedd72e06f508088c933485bfbfa222c82aab7fd0,8.639045028409095,765.00116915269,
B2,15,5,74,35,琼中,ce6ca82c326e584d8d688a7bedd72e06f508088c933485bfbfa222c82aab7fd0,1106.44734375,296.20562588714256,
B2,15,5,74,37,白沙,ce6ca82c326e584d8d688a7bedd72e06f508088c933485bfbfa222c82aab7fd0,192.9951366477273,338.83548693788686,
B2,15,5,74,39,陵水,ce6ca82c326e584d8d688a7bedd72e06f508088c933485bfbfa222c82aab7fd0,337.1486134943182,388.8505175593729,
B2,16,1,75,13,九江,ce6ca82c326e584d8d688a7bedd72e06f508088c933485bfbfa222c82aab7fd0,0.0,297.4607382586582,
B2,16,1,75,22,合肥,ce6ca82c326e584d8d688a7bedd72e06f508088c933485bfbfa222c82aab7fd0,13.19625,567.3099790596767,
B2,16,1,75,25,广州,ce6ca82c326e584d8d688a7bedd72e06f508088c933485bfbfa222c82aab7fd0,164.1983198863636,831.101386419493,
B2,16,1,75,27,文昌,ce6ca82c326e584d8d688a7bedd72e06f508088c933485bfbfa222c82aab7fd0,273.4003661931818,334.881723048163,
B2,16,1,75,29,汕头,ce6ca82c326e584d8d688a7bedd72e06f508088c933485bfbfa222c82aab7fd0,516.6316193181818,282.9876076024859,
B2,16,1,75,31,深圳,ce6ca82c326e584d8d688a7bedd72e06f508088c933485bfbfa222c82aab7fd0,159.7083409090909,835.3256310267521,
B2,16,1,75,32,清远,ce6ca82c326e584d8d688a7bedd72e06f508088c933485bfbfa222c82aab7fd0,375.720028409091,219.26278469441067,
B2,16,1,75,34,珠海,ce6ca82c326e584d8d688a7bedd72e06f508088c933485bfbfa222c82aab7fd0,1511.786079545455,730.3698866340762,
B2,16,1,75,36,琼海,ce6ca82c326e584d8d688a7bedd72e06f508088c933485bfbfa222c82aab7fd0,1716.717565054688,383.12723850166634,
B2,16,2,76,2,上饶,ce6ca82c326e584d8d688a7bedd72e06f508088c933485bfbfa222c82aab7fd0,114.81355125,379.74741665642046,
B2,16,2,76,9,丽水,ce6ca82c326e584d8d688a7bedd72e06f508088c933485bfbfa222c82aab7fd0,33.76567926136365,499.3190694822627,
B2,16,2,76,10,义乌,ce6ca82c326e584d8d688a7bedd72e06f508088c933485bfbfa222c82aab7fd0,7288.761349396308,517.9614320609596,
B2,16,2,76,11,乐东,ce6ca82c326e584d8d688a7bedd72e06f508088c933485bfbfa222c82aab7fd0,51.57938057753164,643.7802878603346,
B2,16,2,76,14,五指山,ce6ca82c326e584d8d688a7bedd72e06f508088c933485bfbfa222c82aab7fd0,273.4003661931818,517.3294704450439,
B2,16,2,76,17,儋州,ce6ca82c326e584d8d688a7bedd72e06f508088c933485bfbfa222c82aab7fd0,539.7352537592891,375.5933845475539,
B2,16,2,76,20,北京,ce6ca82c326e584d8d688a7bedd72e06f508088c933485bfbfa222c82aab7fd0,291.2148675426136,334.685323321675,
B2,16,2,76,24,屯昌,ce6ca82c326e584d8d688a7bedd72e06f508088c933485bfbfa222c82aab7fd0,273.4003661931819,523.1409117434936,
B2,16,3,77,3,东方,ce6ca82c326e584d8d688a7bedd72e06f508088c933485bfbfa222c82aab7fd0,266.2529209872159,328.3800986454526,
B2,16,3,77,19,兰州,ce6ca82c326e584d8d688a7bedd72e06f508088c933485bfbfa222c82aab7fd0,32.85616429924242,355.99318879101247,
B2,16,3,77,21,北海,ce6ca82c326e584d8d688a7bedd72e06f508088c933485bfbfa222c82aab7fd0,318.3245085227273,454.3197162673048,
B2,16,3,77,23,定安,ce6ca82c326e584d8d688a7bedd72e06f508088c933485bfbfa222c82aab7fd0,273.4003661931819,416.0187528395602,
B2,16,3,77,30,海口,ce6ca82c326e584d8d688a7bedd72e06f508088c933485bfbfa222c82aab7fd0,339.134276349432,662.4099647548708,
B2,16,3,77,35,琼中,ce6ca82c326e584d8d688a7bedd72e06f508088c933485bfbfa222c82aab7fd0,1106.44734375,251.14497665093452,
B2,16,3,77,38,肇庆,ce6ca82c326e584d8d688a7bedd72e06f508088c933485bfbfa222c82aab7fd0,23.03745340909091,434.7372459891063,
B2,16,3,77,40,韶关,ce6ca82c326e584d8d688a7bedd72e06f508088c933485bfbfa222c82aab7fd0,547.9050852272727,560.4557832613931,
B2,16,4,78,0,万宁,ce6ca82c326e584d8d688a7bedd72e06f508088c933485bfbfa222c82aab7fd0,148.9921240384616,567.5099158172268,
B2,16,4,78,5,东营,ce6ca82c326e584d8d688a7bedd72e06f508088c933485bfbfa222c82aab7fd0,425.3271014204544,277.57974861533927,
B2,16,4,78,7,中山,ce6ca82c326e584d8d688a7bedd72e06f508088c933485bfbfa222c82aab7fd0,89.11043759098708,406.79216053541114,
B2,16,4,78,15,佛山,ce6ca82c326e584d8d688a7bedd72e06f508088c933485bfbfa222c82aab7fd0,28.38274488636364,859.1522169415755,
B2,16,4,78,18,六安,ce6ca82c326e584d8d688a7bedd72e06f508088c933485bfbfa222c82aab7fd0,8.639045028409095,639.9931952883921,
B2,16,4,78,28,昌江,ce6ca82c326e584d8d688a7bedd72e06f508088c933485bfbfa222c82aab7fd0,268.7138254261364,351.52277916880377,
B2,16,4,78,33,澄迈,ce6ca82c326e584d8d688a7bedd72e06f508088c933485bfbfa222c82aab7fd0,647.861484375,320.7261878789927,
B2,16,4,78,39,陵水,ce6ca82c326e584d8d688a7bedd72e06f508088c933485bfbfa222c82aab7fd0,337.1486134943182,496.8265046644137,
B2,16,5,79,1,上海,ce6ca82c326e584d8d688a7bedd72e06f508088c933485bfbfa222c82aab7fd0,2302.973933396464,577.4287372902537,
B2,16,5,79,4,东莞,ce6ca82c326e584d8d688a7bedd72e06f508088c933485bfbfa222c82aab7fd0,307.5424744318183,586.8720593982277,
B2,16,5,79,6,中卫,ce6ca82c326e584d8d688a7bedd72e06f508088c933485bfbfa222c82aab7fd0,31.05198382826678,380.91971469592465,
B2,16,5,79,8,临高,ce6ca82c326e584d8d688a7bedd72e06f508088c933485bfbfa222c82aab7fd0,83.80276845703128,447.94394980602067,
B2,16,5,79,12,乐山,ce6ca82c326e584d8d688a7bedd72e06f508088c933485bfbfa222c82aab7fd0,45.02250000000001,292.83973151325563,
B2,16,5,79,16,信阳,ce6ca82c326e584d8d688a7bedd72e06f508088c933485bfbfa222c82aab7fd0,244.6035494318183,469.66279463695446,
B2,16,5,79,26,惠州,ce6ca82c326e584d8d688a7bedd72e06f508088c933485bfbfa222c82aab7fd0,253.6378448863636,289.0435231893207,
B2,16,5,79,37,白沙,ce6ca82c326e584d8d688a7bedd72e06f508088c933485bfbfa222c82aab7fd0,192.9951366477273,328.68198184423386,
B2,17,1,80,6,中卫,ce6ca82c326e584d8d688a7bedd72e06f508088c933485bfbfa222c82aab7fd0,31.05198382826678,250.9027842723138,
B2,17,1,80,9,丽水,ce6ca82c326e584d8d688a7bedd72e06f508088c933485bfbfa222c82aab7fd0,33.76567926136365,490.9603999296807,
B2,17,1,80,18,六安,ce6ca82c326e584d8d688a7bedd72e06f508088c933485bfbfa222c82aab7fd0,8.639045028409095,765.4586662433572,
B2,17,1,80,22,合肥,ce6ca82c326e584d8d688a7bedd72e06f508088c933485bfbfa222c82aab7fd0,13.19625,478.60868157495526,
B2,17,1,80,28,昌江,ce6ca82c326e584d8d688a7bedd72e06f508088c933485bfbfa222c82aab7fd0,268.7138254261364,367.8872549784392,
B2,17,1,80,29,汕头,ce6ca82c326e584d8d688a7bedd72e06f508088c933485bfbfa222c82aab7fd0,516.6316193181818,254.16664191632796,
B2,17,1,80,33,澄迈,ce6ca82c326e584d8d688a7bedd72e06f508088c933485bfbfa222c82aab7fd0,647.861484375,284.59394302311136,
B2,17,1,80,34,珠海,ce6ca82c326e584d8d688a7bedd72e06f508088c933485bfbfa222c82aab7fd0,1511.786079545455,438.53274322328417,
B2,17,1,80,39,陵水,ce6ca82c326e584d8d688a7bedd72e06f508088c933485bfbfa222c82aab7fd0,337.1486134943182,415.68045928243913,
B2,17,2,81,1,上海,ce6ca82c326e584d8d688a7bedd72e06f508088c933485bfbfa222c82aab7fd0,2302.973933396464,623.8917404458957,
B2,17,2,81,8,临高,ce6ca82c326e584d8d688a7bedd72e06f508088c933485bfbfa222c82aab7fd0,83.80276845703128,383.3090689126383,
B2,17,2,81,13,九江,ce6ca82c326e584d8d688a7bedd72e06f508088c933485bfbfa222c82aab7fd0,0.0,307.10667454065606,
B2,17,2,81,16,信阳,ce6ca82c326e584d8d688a7bedd72e06f508088c933485bfbfa222c82aab7fd0,244.6035494318183,388.2351404997666,
B2,17,2,81,17,儋州,ce6ca82c326e584d8d688a7bedd72e06f508088c933485bfbfa222c82aab7fd0,539.7352537592891,387.05609184426265,
B2,17,2,81,19,兰州,ce6ca82c326e584d8d688a7bedd72e06f508088c933485bfbfa222c82aab7fd0,32.85616429924242,338.5208668001666,
B2,17,2,81,36,琼海,ce6ca82c326e584d8d688a7bedd72e06f508088c933485bfbfa222c82aab7fd0,1716.717565054688,336.7488392694658,
B2,17,2,81,37,白沙,ce6ca82c326e584d8d688a7bedd72e06f508088c933485bfbfa222c82aab7fd0,192.9951366477273,290.27541383525823,
B2,17,3,82,3,东方,ce6ca82c326e584d8d688a7bedd72e06f508088c933485bfbfa222c82aab7fd0,266.2529209872159,361.2004652016153,
B2,17,3,82,4,东莞,ce6ca82c326e584d8d688a7bedd72e06f508088c933485bfbfa222c82aab7fd0,307.5424744318183,460.4070387649698,
B2,17,3,82,10,义乌,ce6ca82c326e584d8d688a7bedd72e06f508088c933485bfbfa222c82aab7fd0,7288.761349396308,541.3301582493639,
B2,17,3,82,14,五指山,ce6ca82c326e584d8d688a7bedd72e06f508088c933485bfbfa222c82aab7fd0,273.4003661931818,374.47894539574236,
B2,17,3,82,15,佛山,ce6ca82c326e584d8d688a7bedd72e06f508088c933485bfbfa222c82aab7fd0,28.38274488636364,475.19757314589043,
B2,17,3,82,21,北海,ce6ca82c326e584d8d688a7bedd72e06f508088c933485bfbfa222c82aab7fd0,318.3245085227273,216.23772517864714,
B2,17,3,82,23,定安,ce6ca82c326e584d8d688a7bedd72e06f508088c933485bfbfa222c82aab7fd0,273.4003661931819,350.2216121432711,
B2,17,3,82,30,海口,ce6ca82c326e584d8d688a7bedd72e06f508088c933485bfbfa222c82aab7fd0,339.134276349432,437.90031668810946,
B2,17,4,83,5,东营,ce6ca82c326e584d8d688a7bedd72e06f508088c933485bfbfa222c82aab7fd0,425.3271014204544,220.50830319768775,
B2,17,4,83,11,乐东,ce6ca82c326e584d8d688a7bedd72e06f508088c933485bfbfa222c82aab7fd0,51.57938057753164,441.3155319789142,
B2,17,4,83,20,北京,ce6ca82c326e584d8d688a7bedd72e06f508088c933485bfbfa222c82aab7fd0,291.2148675426136,1112.7797933288932,
B2,17,4,83,25,广州,ce6ca82c326e584d8d688a7bedd72e06f508088c933485bfbfa222c82aab7fd0,164.1983198863636,1149.6377299259198,
B2,17,4,83,26,惠州,ce6ca82c326e584d8d688a7bedd72e06f508088c933485bfbfa222c82aab7fd0,253.6378448863636,237.61666381937684,
B2,17,4,83,31,深圳,ce6ca82c326e584d8d688a7bedd72e06f508088c933485bfbfa222c82aab7fd0,159.7083409090909,1164.0137593088716,
B2,17,4,83,32,清远,ce6ca82c326e584d8d688a7bedd72e06f508088c933485bfbfa222c82aab7fd0,375.720028409091,201.57201913464468,
B2,17,4,83,35,琼中,ce6ca82c326e584d8d688a7bedd72e06f508088c933485bfbfa222c82aab7fd0,1106.44734375,227.22655973600692,
B2,17,5,84,0,万宁,ce6ca82c326e584d8d688a7bedd72e06f508088c933485bfbfa222c82aab7fd0,148.9921240384616,506.98078363920695,
B2,17,5,84,2,上饶,ce6ca82c326e584d8d688a7bedd72e06f508088c933485bfbfa222c82aab7fd0,114.81355125,587.6506521651997,
B2,17,5,84,7,中山,ce6ca82c326e584d8d688a7bedd72e06f508088c933485bfbfa222c82aab7fd0,89.11043759098708,295.2078925860727,
B2,17,5,84,12,乐山,ce6ca82c326e584d8d688a7bedd72e06f508088c933485bfbfa222c82aab7fd0,45.02250000000001,443.79555160660954,
B2,17,5,84,24,屯昌,ce6ca82c326e584d8d688a7bedd72e06f508088c933485bfbfa222c82aab7fd0,273.4003661931819,386.94320860869686,
B2,17,5,84,27,文昌,ce6ca82c326e584d8d688a7bedd72e06f508088c933485bfbfa222c82aab7fd0,273.4003661931818,451.3076983779968,
B2,17,5,84,38,肇庆,ce6ca82c326e584d8d688a7bedd72e06f508088c933485bfbfa222c82aab7fd0,23.03745340909091,480.13220457222906,
B2,17,5,84,40,韶关,ce6ca82c326e584d8d688a7bedd72e06f508088c933485bfbfa222c82aab7fd0,547.9050852272727,602.0388343264593,
B2,18,1,85,6,中卫,ce6ca82c326e584d8d688a7bedd72e06f508088c933485bfbfa222c82aab7fd0,31.05198382826678,323.4498969334624,
B2,18,1,85,9,丽水,ce6ca82c326e584d8d688a7bedd72e06f508088c933485bfbfa222c82aab7fd0,33.76567926136365,318.8080528289585,
B2,18,1,85,10,义乌,ce6ca82c326e584d8d688a7bedd72e06f508088c933485bfbfa222c82aab7fd0,7288.761349396308,473.009302014516,
B2,18,1,85,20,北京,ce6ca82c326e584d8d688a7bedd72e06f508088c933485bfbfa222c82aab7fd0,291.2148675426136,456.1962004096886,
B2,18,1,85,24,屯昌,ce6ca82c326e584d8d688a7bedd72e06f508088c933485bfbfa222c82aab7fd0,273.4003661931819,325.11439372187215,
B2,18,1,85,28,昌江,ce6ca82c326e584d8d688a7bedd72e06f508088c933485bfbfa222c82aab7fd0,268.7138254261364,221.76865142705958,
B2,18,1,85,31,深圳,ce6ca82c326e584d8d688a7bedd72e06f508088c933485bfbfa222c82aab7fd0,159.7083409090909,503.4543096790238,
B2,18,1,85,36,琼海,ce6ca82c326e584d8d688a7bedd72e06f508088c933485bfbfa222c82aab7fd0,1716.717565054688,328.1380024216489,
B2,18,1,85,38,肇庆,ce6ca82c326e584d8d688a7bedd72e06f508088c933485bfbfa222c82aab7fd0,23.03745340909091,205.99523158218122,
B2,18,2,86,1,上海,ce6ca82c326e584d8d688a7bedd72e06f508088c933485bfbfa222c82aab7fd0,2302.973933396464,676.6274395242212,
B2,18,2,86,2,上饶,ce6ca82c326e584d8d688a7bedd72e06f508088c933485bfbfa222c82aab7fd0,114.81355125,552.3542854829032,
B2,18,2,86,5,东营,ce6ca82c326e584d8d688a7bedd72e06f508088c933485bfbfa222c82aab7fd0,425.3271014204544,291.71929168853256,
B2,18,2,86,13,九江,ce6ca82c326e584d8d688a7bedd72e06f508088c933485bfbfa222c82aab7fd0,0.0,266.41907966273817,
B2,18,2,86,14,五指山,ce6ca82c326e584d8d688a7bedd72e06f508088c933485bfbfa222c82aab7fd0,273.4003661931818,322.5532535906602,
B2,18,2,86,18,六安,ce6ca82c326e584d8d688a7bedd72e06f508088c933485bfbfa222c82aab7fd0,8.639045028409095,659.0379278175428,
B2,18,2,86,22,合肥,ce6ca82c326e584d8d688a7bedd72e06f508088c933485bfbfa222c82aab7fd0,13.19625,467.17859628391733,
B2,18,2,86,26,惠州,ce6ca82c326e584d8d688a7bedd72e06f508088c933485bfbfa222c82aab7fd0,253.6378448863636,282.6892635485593,
B2,18,3,87,0,万宁,ce6ca82c326e584d8d688a7bedd72e06f508088c933485bfbfa222c82aab7fd0,148.9921240384616,595.3756387118049,
B2,18,3,87,3,东方,ce6ca82c326e584d8d688a7bedd72e06f508088c933485bfbfa222c82aab7fd0,266.2529209872159,396.63605555968235,
B2,18,3,87,12,乐山,ce6ca82c326e584d8d688a7bedd72e06f508088c933485bfbfa222c82aab7fd0,45.02250000000001,350.87643694719077,
B2,18,3,87,16,信阳,ce6ca82c326e584d8d688a7bedd72e06f508088c933485bfbfa222c82aab7fd0,244.6035494318183,528.0516694070577,
B2,18,3,87,19,兰州,ce6ca82c326e584d8d688a7bedd72e06f508088c933485bfbfa222c82aab7fd0,32.85616429924242,353.926849522213,
B2,18,3,87,21,北海,ce6ca82c326e584d8d688a7bedd72e06f508088c933485bfbfa222c82aab7fd0,318.3245085227273,373.4857699639004,
B2,18,3,87,30,海口,ce6ca82c326e584d8d688a7bedd72e06f508088c933485bfbfa222c82aab7fd0,339.134276349432,719.8715002363732,
B2,18,3,87,40,韶关,ce6ca82c326e584d8d688a7bedd72e06f508088c933485bfbfa222c82aab7fd0,547.9050852272727,580.7641420814169,
B2,18,4,88,4,东莞,ce6ca82c326e584d8d688a7bedd72e06f508088c933485bfbfa222c82aab7fd0,307.5424744318183,804.9820017367928,
B2,18,4,88,8,临高,ce6ca82c326e584d8d688a7bedd72e06f508088c933485bfbfa222c82aab7fd0,83.80276845703128,296.3220031529019,
B2,18,4,88,17,儋州,ce6ca82c326e584d8d688a7bedd72e06f508088c933485bfbfa222c82aab7fd0,539.7352537592891,310.6439411023438,
B2,18,4,88,25,广州,ce6ca82c326e584d8d688a7bedd72e06f508088c933485bfbfa222c82aab7fd0,164.1983198863636,745.4423912145801,
B2,18,4,88,29,汕头,ce6ca82c326e584d8d688a7bedd72e06f508088c933485bfbfa222c82aab7fd0,516.6316193181818,217.71872899305598,
B2,18,4,88,32,清远,ce6ca82c326e584d8d688a7bedd72e06f508088c933485bfbfa222c82aab7fd0,375.720028409091,236.87317041537432,
B2,18,4,88,33,澄迈,ce6ca82c326e584d8d688a7bedd72e06f508088c933485bfbfa222c82aab7fd0,647.861484375,288.7820439629366,
B2,18,4,88,34,珠海,ce6ca82c326e584d8d688a7bedd72e06f508088c933485bfbfa222c82aab7fd0,1511.786079545455,697.2832140887043,
B2,18,5,89,7,中山,ce6ca82c326e584d8d688a7bedd72e06f508088c933485bfbfa222c82aab7fd0,89.11043759098708,356.3413987924062,
B2,18,5,89,11,乐东,ce6ca82c326e584d8d688a7bedd72e06f508088c933485bfbfa222c82aab7fd0,51.57938057753164,522.2012751978011,
B2,18,5,89,15,佛山,ce6ca82c326e584d8d688a7bedd72e06f508088c933485bfbfa222c82aab7fd0,28.38274488636364,767.2365128306955,
B2,18,5,89,23,定安,ce6ca82c326e584d8d688a7bedd72e06f508088c933485bfbfa222c82aab7fd0,273.4003661931819,367.3671692204995,
B2,18,5,89,27,文昌,ce6ca82c326e584d8d688a7bedd72e06f508088c933485bfbfa222c82aab7fd0,273.4003661931818,421.08512543546254,
B2,18,5,89,35,琼中,ce6ca82c326e584d8d688a7bedd72e06f508088c933485bfbfa222c82aab7fd0,1106.44734375,290.6365496904377,
B2,18,5,89,37,白沙,ce6ca82c326e584d8d688a7bedd72e06f508088c933485bfbfa222c82aab7fd0,192.9951366477273,299.59004122214515,
B2,18,5,89,39,陵水,ce6ca82c326e584d8d688a7bedd72e06f508088c933485bfbfa222c82aab7fd0,337.1486134943182,449.70795098615355,
B2,19,1,90,3,东方,ce6ca82c326e584d8d688a7bedd72e06f508088c933485bfbfa222c82aab7fd0,266.2529209872159,273.90345334010067,
B2,19,1,90,7,中山,ce6ca82c326e584d8d688a7bedd72e06f508088c933485bfbfa222c82aab7fd0,89.11043759098708,354.93087585504287,
B2,19,1,90,13,九江,ce6ca82c326e584d8d688a7bedd72e06f508088c933485bfbfa222c82aab7fd0,0.0,324.0847958924789,
B2,19,1,90,19,兰州,ce6ca82c326e584d8d688a7bedd72e06f508088c933485bfbfa222c82aab7fd0,32.85616429924242,353.03357904699277,
B2,19,1,90,23,定安,ce6ca82c326e584d8d688a7bedd72e06f508088c933485bfbfa222c82aab7fd0,273.4003661931819,316.5737729016932,
B2,19,1,90,30,海口,ce6ca82c326e584d8d688a7bedd72e06f508088c933485bfbfa222c82aab7fd0,339.134276349432,418.2528607260515,
B2,19,1,90,34,珠海,ce6ca82c326e584d8d688a7bedd72e06f508088c933485bfbfa222c82aab7fd0,1511.786079545455,559.9005651814424,
B2,19,1,90,36,琼海,ce6ca82c326e584d8d688a7bedd72e06f508088c933485bfbfa222c82aab7fd0,1716.717565054688,445.287503443395,
B2,19,1,90,40,韶关,ce6ca82c326e584d8d688a7bedd72e06f508088c933485bfbfa222c82aab7fd0,547.9050852272727,347.7772705126195,
B2,19,2,91,6,中卫,ce6ca82c326e584d8d688a7bedd72e06f508088c933485bfbfa222c82aab7fd0,31.05198382826678,328.72895817889537,
B2,19,2,91,9,丽水,ce6ca82c326e584d8d688a7bedd72e06f508088c933485bfbfa222c82aab7fd0,33.76567926136365,545.5652613907932,
B2,19,2,91,11,乐东,ce6ca82c326e584d8d688a7bedd72e06f508088c933485bfbfa222c82aab7fd0,51.57938057753164,627.1389926172074,
B2,19,2,91,14,五指山,ce6ca82c326e584d8d688a7bedd72e06f508088c933485bfbfa222c82aab7fd0,273.4003661931818,482.09483364977,
B2,19,2,91,22,合肥,ce6ca82c326e584d8d688a7bedd72e06f508088c933485bfbfa222c82aab7fd0,13.19625,462.0202252748978,
B2,19,2,91,28,昌江,ce6ca82c326e584d8d688a7bedd72e06f508088c933485bfbfa222c82aab7fd0,268.7138254261364,315.1766187520171,
B2,19,2,91,33,澄迈,ce6ca82c326e584d8d688a7bedd72e06f508088c933485bfbfa222c82aab7fd0,647.861484375,312.42303618761173,
B2,19,2,91,38,肇庆,ce6ca82c326e584d8d688a7bedd72e06f508088c933485bfbfa222c82aab7fd0,23.03745340909091,346.61175300547455,
B2,19,3,92,2,上饶,ce6ca82c326e584d8d688a7bedd72e06f508088c933485bfbfa222c82aab7fd0,114.81355125,541.3669559479753,
B2,19,3,92,4,东莞,ce6ca82c326e584d8d688a7bedd72e06f508088c933485bfbfa222c82aab7fd0,307.5424744318183,865.9341334026384,
B2,19,3,92,5,东营,ce6ca82c326e584d8d688a7bedd72e06f508088c933485bfbfa222c82aab7fd0,425.3271014204544,191.4485872453048,
B2,19,3,92,15,佛山,ce6ca82c326e584d8d688a7bedd72e06f508088c933485bfbfa222c82aab7fd0,28.38274488636364,840.4325651659791,
B2,19,3,92,18,六安,ce6ca82c326e584d8d688a7bedd72e06f508088c933485bfbfa222c82aab7fd0,8.639045028409095,705.8617505561596,
B2,19,3,92,27,文昌,ce6ca82c326e584d8d688a7bedd72e06f508088c933485bfbfa222c82aab7fd0,273.4003661931818,315.9163782269707,
B2,19,3,92,29,汕头,ce6ca82c326e584d8d688a7bedd72e06f508088c933485bfbfa222c82aab7fd0,516.6316193181818,233.41160823954982,
B2,19,3,92,35,琼中,ce6ca82c326e584d8d688a7bedd72e06f508088c933485bfbfa222c82aab7fd0,1106.44734375,223.87225022730024,
B2,19,4,93,1,上海,ce6ca82c326e584d8d688a7bedd72e06f508088c933485bfbfa222c82aab7fd0,2302.973933396464,642.1103322774431,
B2,19,4,93,8,临高,ce6ca82c326e584d8d688a7bedd72e06f508088c933485bfbfa222c82aab7fd0,83.80276845703128,433.5036419491026,
B2,19,4,93,12,乐山,ce6ca82c326e584d8d688a7bedd72e06f508088c933485bfbfa222c82aab7fd0,45.02250000000001,351.2431283227054,
B2,19,4,93,16,信阳,ce6ca82c326e584d8d688a7bedd72e06f508088c933485bfbfa222c82aab7fd0,244.6035494318183,439.76797187089943,
B2,19,4,93,21,北海,ce6ca82c326e584d8d688a7bedd72e06f508088c933485bfbfa222c82aab7fd0,318.3245085227273,406.90941398251374,
B2,19,4,93,26,惠州,ce6ca82c326e584d8d688a7bedd72e06f508088c933485bfbfa222c82aab7fd0,253.6378448863636,285.28422955454334,
B2,19,4,93,37,白沙,ce6ca82c326e584d8d688a7bedd72e06f508088c933485bfbfa222c82aab7fd0,192.9951366477273,311.01082823327766,
B2,19,4,93,39,陵水,ce6ca82c326e584d8d688a7bedd72e06f508088c933485bfbfa222c82aab7fd0,337.1486134943182,404.8837701963995,
B2,19,5,94,0,万宁,ce6ca82c326e584d8d688a7bedd72e06f508088c933485bfbfa222c82aab7fd0,148.9921240384616,500.9321224295501,
B2,19,5,94,10,义乌,ce6ca82c326e584d8d688a7bedd72e06f508088c933485bfbfa222c82aab7fd0,7288.761349396308,586.3074467914553,
B2,19,5,94,17,儋州,ce6ca82c326e584d8d688a7bedd72e06f508088c933485bfbfa222c82aab7fd0,539.7352537592891,288.2610827635105,
B2,19,5,94,20,北京,ce6ca82c326e584d8d688a7bedd72e06f508088c933485bfbfa222c82aab7fd0,291.2148675426136,524.8694066612038,
B2,19,5,94,24,屯昌,ce6ca82c326e584d8d688a7bedd72e06f508088c933485bfbfa222c82aab7fd0,273.4003661931819,359.3799053736066,
B2,19,5,94,25,广州,ce6ca82c326e584d8d688a7bedd72e06f508088c933485bfbfa222c82aab7fd0,164.1983198863636,571.5594295580571,
B2,19,5,94,31,深圳,ce6ca82c326e584d8d688a7bedd72e06f508088c933485bfbfa222c82aab7fd0,159.7083409090909,630.6663951212589,
B2,19,5,94,32,清远,ce6ca82c326e584d8d688a7bedd72e06f508088c933485bfbfa222c82aab7fd0,375.720028409091,250.26127770835114,
B2,20,1,95,5,东营,ce6ca82c326e584d8d688a7bedd72e06f508088c933485bfbfa222c82aab7fd0,425.3271014204544,339.0131679046597,
B2,20,1,95,8,临高,ce6ca82c326e584d8d688a7bedd72e06f508088c933485bfbfa222c82aab7fd0,83.80276845703128,393.4607089687686,
B2,20,1,95,9,丽水,ce6ca82c326e584d8d688a7bedd72e06f508088c933485bfbfa222c82aab7fd0,33.76567926136365,415.24446238690524,
B2,20,1,95,19,兰州,ce6ca82c326e584d8d688a7bedd72e06f508088c933485bfbfa222c82aab7fd0,32.85616429924242,335.7768117636484,
B2,20,1,95,22,合肥,ce6ca82c326e584d8d688a7bedd72e06f508088c933485bfbfa222c82aab7fd0,13.19625,488.83952227115117,
B2,20,1,95,23,定安,ce6ca82c326e584d8d688a7bedd72e06f508088c933485bfbfa222c82aab7fd0,273.4003661931819,314.48632333025233,
B2,20,1,95,36,琼海,ce6ca82c326e584d8d688a7bedd72e06f508088c933485bfbfa222c82aab7fd0,1716.717565054688,488.9656231206223,
B2,20,1,95,39,陵水,ce6ca82c326e584d8d688a7bedd72e06f508088c933485bfbfa222c82aab7fd0,337.1486134943182,402.4420375494496,
B2,20,1,95,40,韶关,ce6ca82c326e584d8d688a7bedd72e06f508088c933485bfbfa222c82aab7fd0,547.9050852272727,346.6201069114648,
B2,20,2,96,6,中卫,ce6ca82c326e584d8d688a7bedd72e06f508088c933485bfbfa222c82aab7fd0,31.05198382826678,283.26756197747955,
B2,20,2,96,10,义乌,ce6ca82c326e584d8d688a7bedd72e06f508088c933485bfbfa222c82aab7fd0,7288.761349396308,333.7382241869477,
B2,20,2,96,13,九江,ce6ca82c326e584d8d688a7bedd72e06f508088c933485bfbfa222c82aab7fd0,0.0,265.52674302330905,
B2,20,2,96,18,六安,ce6ca82c326e584d8d688a7bedd72e06f508088c933485bfbfa222c82aab7fd0,8.639045028409095,545.4852570919179,
B2,20,2,96,20,北京,ce6ca82c326e584d8d688a7bedd72e06f508088c933485bfbfa222c82aab7fd0,291.2148675426136,250.94892703835725,
B2,20,2,96,34,珠海,ce6ca82c326e584d8d688a7bedd72e06f508088c933485bfbfa222c82aab7fd0,1511.786079545455,294.08028813735666,
B2,20,2,96,35,琼中,ce6ca82c326e584d8d688a7bedd72e06f508088c933485bfbfa222c82aab7fd0,1106.44734375,279.5618049918383,
B2,20,2,96,37,白沙,ce6ca82c326e584d8d688a7bedd72e06f508088c933485bfbfa222c82aab7fd0,192.9951366477273,320.92165274064644,
B2,20,3,97,4,东莞,ce6ca82c326e584d8d688a7bedd72e06f508088c933485bfbfa222c82aab7fd0,307.5424744318183,884.293919684676,
B2,20,3,97,11,乐东,ce6ca82c326e584d8d688a7bedd72e06f508088c933485bfbfa222c82aab7fd0,51.57938057753164,620.7435044491457,
B2,20,3,97,14,五指山,ce6ca82c326e584d8d688a7bedd72e06f508088c933485bfbfa222c82aab7fd0,273.4003661931818,472.4122956707732,
B2,20,3,97,15,佛山,ce6ca82c326e584d8d688a7bedd72e06f508088c933485bfbfa222c82aab7fd0,28.38274488636364,752.3314513806498,
B2,20,3,97,16,信阳,ce6ca82c326e584d8d688a7bedd72e06f508088c933485bfbfa222c82aab7fd0,244.6035494318183,533.3705083496336,
B2,20,3,97,24,屯昌,ce6ca82c326e584d8d688a7bedd72e06f508088c933485bfbfa222c82aab7fd0,273.4003661931819,467.49323110156155,
B2,20,3,97,28,昌江,ce6ca82c326e584d8d688a7bedd72e06f508088c933485bfbfa222c82aab7fd0,268.7138254261364,336.4167804231692,
B2,20,3,97,38,肇庆,ce6ca82c326e584d8d688a7bedd72e06f508088c933485bfbfa222c82aab7fd0,23.03745340909091,338.2001352335004,
B2,20,4,98,1,上海,ce6ca82c326e584d8d688a7bedd72e06f508088c933485bfbfa222c82aab7fd0,2302.973933396464,763.0144971443087,
B2,20,4,98,2,上饶,ce6ca82c326e584d8d688a7bedd72e06f508088c933485bfbfa222c82aab7fd0,114.81355125,365.4696800069181,
B2,20,4,98,17,儋州,ce6ca82c326e584d8d688a7bedd72e06f508088c933485bfbfa222c82aab7fd0,539.7352537592891,314.59867769237326,
B2,20,4,98,21,北海,ce6ca82c326e584d8d688a7bedd72e06f508088c933485bfbfa222c82aab7fd0,318.3245085227273,347.3253405126641,
B2,20,4,98,25,广州,ce6ca82c326e584d8d688a7bedd72e06f508088c933485bfbfa222c82aab7fd0,164.1983198863636,588.0572315123721,
B2,20,4,98,26,惠州,ce6ca82c326e584d8d688a7bedd72e06f508088c933485bfbfa222c82aab7fd0,253.6378448863636,266.24345840452526,
B2,20,4,98,29,汕头,ce6ca82c326e584d8d688a7bedd72e06f508088c933485bfbfa222c82aab7fd0,516.6316193181818,268.04434544366086,
B2,20,4,98,32,清远,ce6ca82c326e584d8d688a7bedd72e06f508088c933485bfbfa222c82aab7fd0,375.720028409091,297.1932672571707,
B2,20,5,99,0,万宁,ce6ca82c326e584d8d688a7bedd72e06f508088c933485bfbfa222c82aab7fd0,148.9921240384616,548.9489605767312,
B2,20,5,99,3,东方,ce6ca82c326e584d8d688a7bedd72e06f508088c933485bfbfa222c82aab7fd0,266.2529209872159,350.7147588688004,
B2,20,5,99,7,中山,ce6ca82c326e584d8d688a7bedd72e06f508088c933485bfbfa222c82aab7fd0,89.11043759098708,347.16295426941304,
B2,20,5,99,12,乐山,ce6ca82c326e584d8d688a7bedd72e06f508088c933485bfbfa222c82aab7fd0,45.02250000000001,303.5891740668397,
B2,20,5,99,27,文昌,ce6ca82c326e584d8d688a7bedd72e06f508088c933485bfbfa222c82aab7fd0,273.4003661931818,430.03438384853575,
B2,20,5,99,30,海口,ce6ca82c326e584d8d688a7bedd72e06f508088c933485bfbfa222c82aab7fd0,339.134276349432,611.3932956118433,
B2,20,5,99,31,深圳,ce6ca82c326e584d8d688a7bedd72e06f508088c933485bfbfa222c82aab7fd0,159.7083409090909,856.0058015038321,
B2,20,5,99,33,澄迈,ce6ca82c326e584d8d688a7bedd72e06f508088c933485bfbfa222c82aab7fd0,647.861484375,308.2196552959708,
