model,repeat,fold,split_id,city_position,city_key,rf_param_hash,y_true,y_pred,feature_set
M0,1,1,0,4,东莞,ce6ca82c326e584d8d688a7bedd72e06f508088c933485bfbfa222c82aab7fd0,307.5424744318183,999.7664576089275,IV1;IV2;year_1;Region_1
M0,1,1,0,8,临高,ce6ca82c326e584d8d688a7bedd72e06f508088c933485bfbfa222c82aab7fd0,83.80276845703128,362.66253831657656,IV1;IV2;year_1;Region_1
M0,1,1,0,13,九江,ce6ca82c326e584d8d688a7bedd72e06f508088c933485bfbfa222c82aab7fd0,0.0,379.66223314592224,IV1;IV2;year_1;Region_1
M0,1,1,0,19,兰州,ce6ca82c326e584d8d688a7bedd72e06f508088c933485bfbfa222c82aab7fd0,32.85616429924242,289.75416509369876,IV1;IV2;year_1;Region_1
M0,1,1,0,24,屯昌,ce6ca82c326e584d8d688a7bedd72e06f508088c933485bfbfa222c82aab7fd0,273.4003661931819,332.9631681422426,IV1;IV2;year_1;Region_1
M0,1,1,0,25,广州,ce6ca82c326e584d8d688a7bedd72e06f508088c933485bfbfa222c82aab7fd0,164.1983198863636,735.3938367751106,IV1;IV2;year_1;Region_1
M0,1,1,0,29,汕头,ce6ca82c326e584d8d688a7bedd72e06f508088c933485bfbfa222c82aab7fd0,516.6316193181818,384.06753245057615,IV1;IV2;year_1;Region_1
M0,1,1,0,39,陵水,ce6ca82c326e584d8d688a7bedd72e06f508088c933485bfbfa222c82aab7fd0,337.1486134943182,531.9333873157756,IV1;IV2;year_1;Region_1
M0,1,1,0,40,韶关,ce6ca82c326e584d8d688a7bedd72e06f508088c933485bfbfa222c82aab7fd0,547.9050852272727,133.30948205139794,IV1;IV2;year_1;Region_1
M0,1,2,1,6,中卫,ce6ca82c326e584d8d688a7bedd72e06f508088c933485bfbfa222c82aab7fd0,31.05198382826678,332.9870622675758,IV1;IV2;year_1;Region_1
M0,1,2,1,9,丽水,ce6ca82c326e584d8d688a7bedd72e06f508088c933485bfbfa222c82aab7fd0,33.76567926136365,260.5346779350508,IV1;IV2;year_1;Region_1
M0,1,2,1,12,乐山,ce6ca82c326e584d8d688a7bedd72e06f508088c933485bfbfa222c82aab7fd0,45.02250000000001,254.63550430054437,IV1;IV2;year_1;Region_1
M0,1,2,1,15,佛山,ce6ca82c326e584d8d688a7bedd72e06f508088c933485bfbfa222c82aab7fd0,28.38274488636364,324.6947372421471,IV1;IV2;year_1;Region_1
M0,1,2,1,16,信阳,ce6ca82c326e584d8d688a7bedd72e06f508088c933485bfbfa222c82aab7fd0,244.6035494318183,309.9923618824077,IV1;IV2;year_1;Region_1
M0,1,2,1,17,儋州,ce6ca82c326e584d8d688a7bedd72e06f508088c933485bfbfa222c82aab7fd0,539.7352537592891,323.2924018222721,IV1;IV2;year_1;Region_1
M0,1,2,1,26,惠州,ce6ca82c326e584d8d688a7bedd72e06f508088c933485bfbfa222c82aab7fd0,253.6378448863636,339.2508743944093,IV1;IV2;year_1;Region_1
M0,1,2,1,32,清远,ce6ca82c326e584d8d688a7bedd72e06f508088c933485bfbfa222c82aab7fd0,375.720028409091,275.5470306506422,IV1;IV2;year_1;Region_1
M0,1,3,2,0,万宁,ce6ca82c326e584d8d688a7bedd72e06f508088c933485bfbfa222c82aab7fd0,148.9921240384616,410.6893173661326,IV1;IV2;year_1;Region_1
M0,1,3,2,1,上海,ce6ca82c326e584d8d688a7bedd72e06f508088c933485bfbfa222c82aab7fd0,2302.973933396464,311.9697662637894,IV1;IV2;year_1;Region_1
M0,1,3,2,5,东营,ce6ca82c326e584d8d688a7bedd72e06f508088c933485bfbfa222c82aab7fd0,425.3271014204544,267.7053474567297,IV1;IV2;year_1;Region_1
M0,1,3,2,11,乐东,ce6ca82c326e584d8d688a7bedd72e06f508088c933485bfbfa222c82aab7fd0,51.57938057753164,315.72440677670414,IV1;IV2;year_1;Region_1
M0,1,3,2,27,文昌,ce6ca82c326e584d8d688a7bedd72e06f508088c933485bfbfa222c82aab7fd0,273.4003661931818,320.58010201172914,IV1;IV2;year_1;Region_1
M0,1,3,2,30,海口,ce6ca82c326e584d8d688a7bedd72e06f508088c933485bfbfa222c82aab7fd0,339.134276349432,340.6781066435798,IV1;IV2;year_1;Region_1
M0,1,3,2,34,珠海,ce6ca82c326e584d8d688a7bedd72e06f508088c933485bfbfa222c82aab7fd0,1511.786079545455,489.2868571227437,IV1;IV2;year_1;Region_1
M0,1,3,2,35,琼中,ce6ca82c326e584d8d688a7bedd72e06f508088c933485bfbfa222c82aab7fd0,1106.44734375,272.3329697749219,IV1;IV2;year_1;Region_1
M0,1,4,3,2,上饶,ce6ca82c326e584d8d688a7bedd72e06f508088c933485bfbfa222c82aab7fd0,114.81355125,149.55504496954185,IV1;IV2;year_1;Region_1
M0,1,4,3,3,东方,ce6ca82c326e584d8d688a7bedd72e06f508088c933485bfbfa222c82aab7fd0,266.2529209872159,240.68516896410148,IV1;IV2;year_1;Region_1
M0,1,4,3,21,北海,ce6ca82c326e584d8d688a7bedd72e06f508088c933485bfbfa222c82aab7fd0,318.3245085227273,222.0003386928278,IV1;IV2;year_1;Region_1
M0,1,4,3,23,定安,ce6ca82c326e584d8d688a7bedd72e06f508088c933485bfbfa222c82aab7fd0,273.4003661931819,245.99226541157654,IV1;IV2;year_1;Region_1
M0,1,4,3,31,深圳,ce6ca82c326e584d8d688a7bedd72e06f508088c933485bfbfa222c82aab7fd0,159.7083409090909,848.5850916970469,IV1;IV2;year_1;Region_1
M0,1,4,3,33,澄迈,ce6ca82c326e584d8d688a7bedd72e06f508088c933485bfbfa222c82aab7fd0,647.861484375,257.087626813025,IV1;IV2;year_1;Region_1
M0,1,4,3,36,琼海,ce6ca82c326e584d8d688a7bedd72e06f508088c933485bfbfa222c82aab7fd0,1716.717565054688,244.0890072165835,IV1;IV2;year_1;Region_1
M0,1,4,3,37,白沙,ce6ca82c326e584d8d688a7bedd72e06f508088c933485bfbfa222c82aab7fd0,192.9951366477273,268.8730924760141,IV1;IV2;year_1;Region_1
M0,1,5,4,7,中山,ce6ca82c326e584d8d688a7bedd72e06f508088c933485bfbfa222c82aab7fd0,89.11043759098708,269.2551489620142,IV1;IV2;year_1;Region_1
M0,1,5,4,10,义乌,ce6ca82c326e584d8d688a7bedd72e06f508088c933485bfbfa222c82aab7fd0,7288.761349396308,418.3313406425902,IV1;IV2;year_1;Region_1
M0,1,5,4,14,五指山,ce6ca82c326e584d8d688a7bedd72e06f508088c933485bfbfa222c82aab7fd0,273.4003661931818,326.71152285660645,IV1;IV2;year_1;Region_1
M0,1,5,4,18,六安,ce6ca82c326e584d8d688a7bedd72e06f508088c933485bfbfa222c82aab7fd0,8.639045028409095,277.12602414696744,IV1;IV2;year_1;Region_1
M0,1,5,4,20,北京,ce6ca82c326e584d8d688a7bedd72e06f508088c933485bfbfa222c82aab7fd0,291.2148675426136,419.76028946417995,IV1;IV2;year_1;Region_1
M0,1,5,4,22,合肥,ce6ca82c326e584d8d688a7bedd72e06f508088c933485bfbfa222c82aab7fd0,13.19625,285.8477636619589,IV1;IV2;year_1;Region_1
M0,1,5,4,28,昌江,ce6ca82c326e584d8d688a7bedd72e06f508088c933485bfbfa222c82aab7fd0,268.7138254261364,235.65931538925167,IV1;IV2;year_1;Region_1
M0,1,5,4,38,肇庆,ce6ca82c326e584d8d688a7bedd72e06f508088c933485bfbfa222c82aab7fd0,23.03745340909091,198.62721739972764,IV1;IV2;year_1;Region_1
M0,2,1,5,0,万宁,ce6ca82c326e584d8d688a7bedd72e06f508088c933485bfbfa222c82aab7fd0,148.9921240384616,392.2026325141749,IV1;IV2;year_1;Region_1
M0,2,1,5,4,东莞,ce6ca82c326e584d8d688a7bedd72e06f508088c933485bfbfa222c82aab7fd0,307.5424744318183,337.6715964148991,IV1;IV2;year_1;Region_1
M0,2,1,5,10,义乌,ce6ca82c326e584d8d688a7bedd72e06f508088c933485bfbfa222c82aab7fd0,7288.761349396308,276.70475547509255,IV1;IV2;year_1;Region_1
M0,2,1,5,12,乐山,ce6ca82c326e584d8d688a7bedd72e06f508088c933485bfbfa222c82aab7fd0,45.02250000000001,266.69326881773947,IV1;IV2;year_1;Region_1
M0,2,1,5,18,六安,ce6ca82c326e584d8d688a7bedd72e06f508088c933485bfbfa222c82aab7fd0,8.639045028409095,302.3866925738644,IV1;IV2;year_1;Region_1
M0,2,1,5,23,定安,ce6ca82c326e584d8d688a7bedd72e06f508088c933485bfbfa222c82aab7fd0,273.4003661931819,306.4421494414701,IV1;IV2;year_1;Region_1
M0,2,1,5,26,惠州,ce6ca82c326e584d8d688a7bedd72e06f508088c933485bfbfa222c82aab7fd0,253.6378448863636,254.3202409663096,IV1;IV2;year_1;Region_1
M0,2,1,5,28,昌江,ce6ca82c326e584d8d688a7bedd72e06f508088c933485bfbfa222c82aab7fd0,268.7138254261364,273.9125229675137,IV1;IV2;year_1;Region_1
M0,2,1,5,34,珠海,ce6ca82c326e584d8d688a7bedd72e06f508088c933485bfbfa222c82aab7fd0,1511.786079545455,331.2282862171757,IV1;IV2;year_1;Region_1
M0,2,2,6,5,东营,ce6ca82c326e584d8d688a7bedd72e06f508088c933485bfbfa222c82aab7fd0,425.3271014204544,245.92259923349147,IV1;IV2;year_1;Region_1
M0,2,2,6,9,丽水,ce6ca82c326e584d8d688a7bedd72e06f508088c933485bfbfa222c82aab7fd0,33.76567926136365,281.1170532827265,IV1;IV2;year_1;Region_1
M0,2,2,6,15,佛山,ce6ca82c326e584d8d688a7bedd72e06f508088c933485bfbfa222c82aab7fd0,28.38274488636364,313.2392381174211,IV1;IV2;year_1;Region_1
M0,2,2,6,21,北海,ce6ca82c326e584d8d688a7bedd72e06f508088c933485bfbfa222c82aab7fd0,318.3245085227273,190.73454974342837,IV1;IV2;year_1;Region_1
M0,2,2,6,22,合肥,ce6ca82c326e584d8d688a7bedd72e06f508088c933485bfbfa222c82aab7fd0,13.19625,356.5864233531559,IV1;IV2;year_1;Region_1
M0,2,2,6,31,深圳,ce6ca82c326e584d8d688a7bedd72e06f508088c933485bfbfa222c82aab7fd0,159.7083409090909,814.3265058030938,IV1;IV2;year_1;Region_1
M0,2,2,6,32,清远,ce6ca82c326e584d8d688a7bedd72e06f508088c933485bfbfa222c82aab7fd0,375.720028409091,212.51758530206735,IV1;IV2;year_1;Region_1
M0,2,2,6,36,琼海,ce6ca82c326e584d8d688a7bedd72e06f508088c933485bfbfa222c82aab7fd0,1716.717565054688,275.56663142140326,IV1;IV2;year_1;Region_1
M0,2,3,7,2,上饶,ce6ca82c326e584d8d688a7bedd72e06f508088c933485bfbfa222c82aab7fd0,114.81355125,173.56114936984662,IV1;IV2;year_1;Region_1
M0,2,3,7,16,信阳,ce6ca82c326e584d8d688a7bedd72e06f508088c933485bfbfa222c82aab7fd0,244.6035494318183,256.67491996023386,IV1;IV2;year_1;Region_1
M0,2,3,7,20,北京,ce6ca82c326e584d8d688a7bedd72e06f508088c933485bfbfa222c82aab7fd0,291.2148675426136,749.4593355668765,IV1;IV2;year_1;Region_1
M0,2,3,7,29,汕头,ce6ca82c326e584d8d688a7bedd72e06f508088c933485bfbfa222c82aab7fd0,516.6316193181818,236.82624824623946,IV1;IV2;year_1;Region_1
M0,2,3,7,33,澄迈,ce6ca82c326e584d8d688a7bedd72e06f508088c933485bfbfa222c82aab7fd0,647.861484375,242.98030071274803,IV1;IV2;year_1;Region_1
M0,2,3,7,35,琼中,ce6ca82c326e584d8d688a7bedd72e06f508088c933485bfbfa222c82aab7fd0,1106.44734375,250.5964323099476,IV1;IV2;year_1;Region_1
M0,2,3,7,37,白沙,ce6ca82c326e584d8d688a7bedd72e06f508088c933485bfbfa222c82aab7fd0,192.9951366477273,258.9879536165864,IV1;IV2;year_1;Region_1
M0,2,3,7,39,陵水,ce6ca82c326e584d8d688a7bedd72e06f508088c933485bfbfa222c82aab7fd0,337.1486134943182,416.0861774735594,IV1;IV2;year_1;Region_1
M0,2,4,8,1,上海,ce6ca82c326e584d8d688a7bedd72e06f508088c933485bfbfa222c82aab7fd0,2302.973933396464,431.1955810310201,IV1;IV2;year_1;Region_1
M0,2,4,8,6,中卫,ce6ca82c326e584d8d688a7bedd72e06f508088c933485bfbfa222c82aab7fd0,31.05198382826678,398.358209965682,IV1;IV2;year_1;Region_1
M0,2,4,8,7,中山,ce6ca82c326e584d8d688a7bedd72e06f508088c933485bfbfa222c82aab7fd0,89.11043759098708,247.02455712362922,IV1;IV2;year_1;Region_1
M0,2,4,8,11,乐东,ce6ca82c326e584d8d688a7bedd72e06f508088c933485bfbfa222c82aab7fd0,51.57938057753164,428.69476004920864,IV1;IV2;year_1;Region_1
M0,2,4,8,14,五指山,ce6ca82c326e584d8d688a7bedd72e06f508088c933485bfbfa222c82aab7fd0,273.4003661931818,442.09308717012294,IV1;IV2;year_1;Region_1
M0,2,4,8,19,兰州,ce6ca82c326e584d8d688a7bedd72e06f508088c933485bfbfa222c82aab7fd0,32.85616429924242,321.00101064026575,IV1;IV2;year_1;Region_1
M0,2,4,8,27,文昌,ce6ca82c326e584d8d688a7bedd72e06f508088c933485bfbfa222c82aab7fd0,273.4003661931818,450.9438712528407,IV1;IV2;year_1;Region_1
M0,2,4,8,30,海口,ce6ca82c326e584d8d688a7bedd72e06f508088c933485bfbfa222c82aab7fd0,339.134276349432,310.51832890098046,IV1;IV2;year_1;Region_1
M0,2,5,9,3,东方,ce6ca82c326e584d8d688a7bedd72e06f508088c933485bfbfa222c82aab7fd0,266.2529209872159,336.62893115167947,IV1;IV2;year_1;Region_1
M0,2,5,9,8,临高,ce6ca82c326e584d8d688a7bedd72e06f508088c933485bfbfa222c82aab7fd0,83.80276845703128,375.94390916687627,IV1;IV2;year_1;Region_1
M0,2,5,9,13,九江,ce6ca82c326e584d8d688a7bedd72e06f508088c933485bfbfa222c82aab7fd0,0.0,346.37021535112046,IV1;IV2;year_1;Region_1
M0,2,5,9,17,儋州,ce6ca82c326e584d8d688a7bedd72e06f508088c933485bfbfa222c82aab7fd0,539.7352537592891,375.94390916687627,IV1;IV2;year_1;Region_1
M0,2,5,9,24,屯昌,ce6ca82c326e584d8d688a7bedd72e06f508088c933485bfbfa222c82aab7fd0,273.4003661931819,338.2466384222741,IV1;IV2;year_1;Region_1
M0,2,5,9,25,广州,ce6ca82c326e584d8d688a7bedd72e06f508088c933485bfbfa222c82aab7fd0,164.1983198863636,662.8270460603551,IV1;IV2;year_1;Region_1
M0,2,5,9,38,肇庆,ce6ca82c326e584d8d688a7bedd72e06f508088c933485bfbfa222c82aab7fd0,23.03745340909091,195.89301550811,IV1;IV2;year_1;Region_1
M0,2,5,9,40,韶关,ce6ca82c326e584d8d688a7bedd72e06f508088c933485bfbfa222c82aab7fd0,547.9050852272727,180.21942722930052,IV1;IV2;year_1;Region_1
M0,3,1,10,1,上海,ce6ca82c326e584d8d688a7bedd72e06f508088c933485bfbfa222c82aab7fd0,2302.973933396464,527.9019496695322,IV1;IV2;year_1;Region_1
M0,3,1,10,3,东方,ce6ca82c326e584d8d688a7bedd72e06f508088c933485bfbfa222c82aab7fd0,266.2529209872159,285.5509917729928,IV1;IV2;year_1;Region_1
M0,3,1,10,5,东营,ce6ca82c326e584d8d688a7bedd72e06f508088c933485bfbfa222c82aab7fd0,425.3271014204544,290.23985679245214,IV1;IV2;year_1;Region_1
M0,3,1,10,13,九江,ce6ca82c326e584d8d688a7bedd72e06f508088c933485bfbfa222c82aab7fd0,0.0,328.96646352757335,IV1;IV2;year_1;Region_1
M0,3,1,10,21,北海,ce6ca82c326e584d8d688a7bedd72e06f508088c933485bfbfa222c82aab7fd0,318.3245085227273,227.02863491164112,IV1;IV2;year_1;Region_1
M0,3,1,10,22,合肥,ce6ca82c326e584d8d688a7bedd72e06f508088c933485bfbfa222c82aab7fd0,13.19625,303.5230766249303,IV1;IV2;year_1;Region_1
M0,3,1,10,31,深圳,ce6ca82c326e584d8d688a7bedd72e06f508088c933485bfbfa222c82aab7fd0,159.7083409090909,656.4756946341782,IV1;IV2;year_1;Region_1
M0,3,1,10,38,肇庆,ce6ca82c326e584d8d688a7bedd72e06f508088c933485bfbfa222c82aab7fd0,23.03745340909091,141.2314047299297,IV1;IV2;year_1;Region_1
M0,3,1,10,40,韶关,ce6ca82c326e584d8d688a7bedd72e06f508088c933485bfbfa222c82aab7fd0,547.9050852272727,138.74567891502352,IV1;IV2;year_1;Region_1
M0,3,2,11,4,东莞,ce6ca82c326e584d8d688a7bedd72e06f508088c933485bfbfa222c82aab7fd0,307.5424744318183,878.3670274052023,IV1;IV2;year_1;Region_1
M0,3,2,11,9,丽水,ce6ca82c326e584d8d688a7bedd72e06f508088c933485bfbfa222c82aab7fd0,33.76567926136365,236.52854929302615,IV1;IV2;year_1;Region_1
M0,3,2,11,12,乐山,ce6ca82c326e584d8d688a7bedd72e06f508088c933485bfbfa222c82aab7fd0,45.02250000000001,258.3287017914799,IV1;IV2;year_1;Region_1
M0,3,2,11,26,惠州,ce6ca82c326e584d8d688a7bedd72e06f508088c933485bfbfa222c82aab7fd0,253.6378448863636,329.8302314396879,IV1;IV2;year_1;Region_1
M0,3,2,11,29,汕头,ce6ca82c326e584d8d688a7bedd72e06f508088c933485bfbfa222c82aab7fd0,516.6316193181818,285.14773964168967,IV1;IV2;year_1;Region_1
M0,3,2,11,30,海口,ce6ca82c326e584d8d688a7bedd72e06f508088c933485bfbfa222c82aab7fd0,339.134276349432,389.63052434931984,IV1;IV2;year_1;Region_1
M0,3,2,11,33,澄迈,ce6ca82c326e584d8d688a7bedd72e06f508088c933485bfbfa222c82aab7fd0,647.861484375,265.4007167536693,IV1;IV2;year_1;Region_1
M0,3,2,11,39,陵水,ce6ca82c326e584d8d688a7bedd72e06f508088c933485bfbfa222c82aab7fd0,337.1486134943182,477.88091413993,IV1;IV2;year_1;Region_1
M0,3,3,12,2,上饶,ce6ca82c326e584d8d688a7bedd72e06f508088c933485bfbfa222c82aab7fd0,114.81355125,189.81207793832266,IV1;IV2;year_1;Region_1
M0,3,3,12,10,义乌,ce6ca82c326e584d8d688a7bedd72e06f508088c933485bfbfa222c82aab7fd0,7288.761349396308,232.92720594860563,IV1;IV2;year_1;Region_1
M0,3,3,12,16,信阳,ce6ca82c326e584d8d688a7bedd72e06f508088c933485bfbfa222c82aab7fd0,244.6035494318183,304.85782360770156,IV1;IV2;year_1;Region_1
M0,3,3,12,18,六安,ce6ca82c326e584d8d688a7bedd72e06f508088c933485bfbfa222c82aab7fd0,8.639045028409095,298.88921712499325,IV1;IV2;year_1;Region_1
M0,3,3,12,19,兰州,ce6ca82c326e584d8d688a7bedd72e06f508088c933485bfbfa222c82aab7fd0,32.85616429924242,216.9663142536411,IV1;IV2;year_1;Region_1
M0,3,3,12,27,文昌,ce6ca82c326e584d8d688a7bedd72e06f508088c933485bfbfa222c82aab7fd0,273.4003661931818,299.31260455760224,IV1;IV2;year_1;Region_1
M0,3,3,12,34,珠海,ce6ca82c326e584d8d688a7bedd72e06f508088c933485bfbfa222c82aab7fd0,1511.786079545455,278.2667398331671,IV1;IV2;year_1;Region_1
M0,3,3,12,36,琼海,ce6ca82c326e584d8d688a7bedd72e06f508088c933485bfbfa222c82aab7fd0,1716.717565054688,256.72049995018864,IV1;IV2;year_1;Region_1
M0,3,4,13,0,万宁,ce6ca82c326e584d8d688a7bedd72e06f508088c933485bfbfa222c82aab7fd0,148.9921240384616,510.4552563955377,IV1;IV2;year_1;Region_1
M0,3,4,13,6,中卫,ce6ca82c326e584d8d688a7bedd72e06f508088c933485bfbfa222c82aab7fd0,31.05198382826678,366.58135569791716,IV1;IV2;year_1;Region_1
M0,3,4,13,7,中山,ce6ca82c326e584d8d688a7bedd72e06f508088c933485bfbfa222c82aab7fd0,89.11043759098708,227.04476743049614,IV1;IV2;year_1;Region_1
M0,3,4,13,8,临高,ce6ca82c326e584d8d688a7bedd72e06f508088c933485bfbfa222c82aab7fd0,83.80276845703128,380.68295422098606,IV1;IV2;year_1;Region_1
M0,3,4,13,11,乐东,ce6ca82c326e584d8d688a7bedd72e06f508088c933485bfbfa222c82aab7fd0,51.57938057753164,357.79648850093594,IV1;IV2;year_1;Region_1
M0,3,4,13,32,清远,ce6ca82c326e584d8d688a7bedd72e06f508088c933485bfbfa222c82aab7fd0,375.720028409091,284.49599026999414,IV1;IV2;year_1;Region_1
M0,3,4,13,35,琼中,ce6ca82c326e584d8d688a7bedd72e06f508088c933485bfbfa222c82aab7fd0,1106.44734375,366.8489902372979,IV1;IV2;year_1;Region_1
M0,3,4,13,37,白沙,ce6ca82c326e584d8d688a7bedd72e06f508088c933485bfbfa222c82aab7fd0,192.9951366477273,348.6752302084587,IV1;IV2;year_1;Region_1
M0,3,5,14,14,五指山,ce6ca82c326e584d8d688a7bedd72e06f508088c933485bfbfa222c82aab7fd0,273.4003661931818,332.3748403421634,IV1;IV2;year_1;Region_1
M0,3,5,14,15,佛山,ce6ca82c326e584d8d688a7bedd72e06f508088c933485bfbfa222c82aab7fd0,28.38274488636364,370.6973566061437,IV1;IV2;year_1;Region_1
M0,3,5,14,17,儋州,ce6ca82c326e584d8d688a7bedd72e06f508088c933485bfbfa222c82aab7fd0,539.7352537592891,305.6635413152348,IV1;IV2;year_1;Region_1
M0,3,5,14,20,北京,ce6ca82c326e584d8d688a7bedd72e06f508088c933485bfbfa222c82aab7fd0,291.2148675426136,906.4143857846528,IV1;IV2;year_1;Region_1
M0,3,5,14,23,定安,ce6ca82c326e584d8d688a7bedd72e06f508088c933485bfbfa222c82aab7fd0,273.4003661931819,265.92497593869683,IV1;IV2;year_1;Region_1
M0,3,5,14,24,屯昌,ce6ca82c326e584d8d688a7bedd72e06f508088c933485bfbfa222c82aab7fd0,273.4003661931819,279.8201723121268,IV1;IV2;year_1;Region_1
M0,3,5,14,25,广州,ce6ca82c326e584d8d688a7bedd72e06f508088c933485bfbfa222c82aab7fd0,164.1983198863636,808.1161857906067,IV1;IV2;year_1;Region_1
M0,3,5,14,28,昌江,ce6ca82c326e584d8d688a7bedd72e06f508088c933485bfbfa222c82aab7fd0,268.7138254261364,244.35348793479497,IV1;IV2;year_1;Region_1
M0,4,1,15,1,上海,ce6ca82c326e584d8d688a7bedd72e06f508088c933485bfbfa222c82aab7fd0,2302.973933396464,372.42243689422924,IV1;IV2;year_1;Region_1
M0,4,1,15,5,东营,ce6ca82c326e584d8d688a7bedd72e06f508088c933485bfbfa222c82aab7fd0,425.3271014204544,262.6836940868071,IV1;IV2;year_1;Region_1
M0,4,1,15,7,中山,ce6ca82c326e584d8d688a7bedd72e06f508088c933485bfbfa222c82aab7fd0,89.11043759098708,201.947594815201,IV1;IV2;year_1;Region_1
M0,4,1,15,11,乐东,ce6ca82c326e584d8d688a7bedd72e06f508088c933485bfbfa222c82aab7fd0,51.57938057753164,344.78857743188064,IV1;IV2;year_1;Region_1
M0,4,1,15,17,儋州,ce6ca82c326e584d8d688a7bedd72e06f508088c933485bfbfa222c82aab7fd0,539.7352537592891,316.9710193268176,IV1;IV2;year_1;Region_1
M0,4,1,15,23,定安,ce6ca82c326e584d8d688a7bedd72e06f508088c933485bfbfa222c82aab7fd0,273.4003661931819,251.68762161947149,IV1;IV2;year_1;Region_1
M0,4,1,15,27,文昌,ce6ca82c326e584d8d688a7bedd72e06f508088c933485bfbfa222c82aab7fd0,273.4003661931818,341.8879988722142,IV1;IV2;year_1;Region_1
M0,4,1,15,29,汕头,ce6ca82c326e584d8d688a7bedd72e06f508088c933485bfbfa222c82aab7fd0,516.6316193181818,227.32147329336837,IV1;IV2;year_1;Region_1
M0,4,1,15,38,肇庆,ce6ca82c326e584d8d688a7bedd72e06f508088c933485bfbfa222c82aab7fd0,23.03745340909091,140.96205584480606,IV1;IV2;year_1;Region_1
M0,4,2,16,10,义乌,ce6ca82c326e584d8d688a7bedd72e06f508088c933485bfbfa222c82aab7fd0,7288.761349396308,479.0769959988724,IV1;IV2;year_1;Region_1
M0,4,2,16,15,佛山,ce6ca82c326e584d8d688a7bedd72e06f508088c933485bfbfa222c82aab7fd0,28.38274488636364,323.09530736057997,IV1;IV2;year_1;Region_1
M0,4,2,16,19,兰州,ce6ca82c326e584d8d688a7bedd72e06f508088c933485bfbfa222c82aab7fd0,32.85616429924242,275.07198755370536,IV1;IV2;year_1;Region_1
M0,4,2,16,20,北京,ce6ca82c326e584d8d688a7bedd72e06f508088c933485bfbfa222c82aab7fd0,291.2148675426136,479.0179409097923,IV1;IV2;year_1;Region_1
M0,4,2,16,21,北海,ce6ca82c326e584d8d688a7bedd72e06f508088c933485bfbfa222c82aab7fd0,318.3245085227273,184.35395080935635,IV1;IV2;year_1;Region_1
M0,4,2,16,24,屯昌,ce6ca82c326e584d8d688a7bedd72e06f508088c933485bfbfa222c82aab7fd0,273.4003661931819,253.75838279121206,IV1;IV2;year_1;Region_1
M0,4,2,16,31,深圳,ce6ca82c326e584d8d688a7bedd72e06f508088c933485bfbfa222c82aab7fd0,159.7083409090909,503.798156566802,IV1;IV2;year_1;Region_1
M0,4,2,16,35,琼中,ce6ca82c326e584d8d688a7bedd72e06f508088c933485bfbfa222c82aab7fd0,1106.44734375,271.8683428940392,IV1;IV2;year_1;Region_1
M0,4,3,17,3,东方,ce6ca82c326e584d8d688a7bedd72e06f508088c933485bfbfa222c82aab7fd0,266.2529209872159,311.362474204488,IV1;IV2;year_1;Region_1
M0,4,3,17,9,丽水,ce6ca82c326e584d8d688a7bedd72e06f508088c933485bfbfa222c82aab7fd0,33.76567926136365,238.15593884623814,IV1;IV2;year_1;Region_1
M0,4,3,17,12,乐山,ce6ca82c326e584d8d688a7bedd72e06f508088c933485bfbfa222c82aab7fd0,45.02250000000001,269.5283838009384,IV1;IV2;year_1;Region_1
M0,4,3,17,16,信阳,ce6ca82c326e584d8d688a7bedd72e06f508088c933485bfbfa222c82aab7fd0,244.6035494318183,324.50784598652456,IV1;IV2;year_1;Region_1
M0,4,3,17,18,六安,ce6ca82c326e584d8d688a7bedd72e06f508088c933485bfbfa222c82aab7fd0,8.639045028409095,311.1442505713921,IV1;IV2;year_1;Region_1
M0,4,3,17,28,昌江,ce6ca82c326e584d8d688a7bedd72e06f508088c933485bfbfa222c82aab7fd0,268.7138254261364,285.7558010630415,IV1;IV2;year_1;Region_1
M0,4,3,17,32,清远,ce6ca82c326e584d8d688a7bedd72e06f508088c933485bfbfa222c82aab7fd0,375.720028409091,279.57015878891673,IV1;IV2;year_1;Region_1
M0,4,3,17,33,澄迈,ce6ca82c326e584d8d688a7bedd72e06f508088c933485bfbfa222c82aab7fd0,647.861484375,306.287706397649,IV1;IV2;year_1;Region_1
M0,4,4,18,6,中卫,ce6ca82c326e584d8d688a7bedd72e06f508088c933485bfbfa222c82aab7fd0,31.05198382826678,380.9748885941303,IV1;IV2;year_1;Region_1
M0,4,4,18,8,临高,ce6ca82c326e584d8d688a7bedd72e06f508088c933485bfbfa222c82aab7fd0,83.80276845703128,398.9529693416185,IV1;IV2;year_1;Region_1
M0,4,4,18,14,五指山,ce6ca82c326e584d8d688a7bedd72e06f508088c933485bfbfa222c82aab7fd0,273.4003661931818,380.8602248704605,IV1;IV2;year_1;Region_1
M0,4,4,18,22,合肥,ce6ca82c326e584d8d688a7bedd72e06f508088c933485bfbfa222c82aab7fd0,13.19625,344.1953328992915,IV1;IV2;year_1;Region_1
M0,4,4,18,25,广州,ce6ca82c326e584d8d688a7bedd72e06f508088c933485bfbfa222c82aab7fd0,164.1983198863636,673.582850832353,IV1;IV2;year_1;Region_1
M0,4,4,18,26,惠州,ce6ca82c326e584d8d688a7bedd72e06f508088c933485bfbfa222c82aab7fd0,253.6378448863636,308.32896900246044,IV1;IV2;year_1;Region_1
M0,4,4,18,30,海口,ce6ca82c326e584d8d688a7bedd72e06f508088c933485bfbfa222c82aab7fd0,339.134276349432,405.84912435481067,IV1;IV2;year_1;Region_1
M0,4,4,18,37,白沙,ce6ca82c326e584d8d688a7bedd72e06f508088c933485bfbfa222c82aab7fd0,192.9951366477273,354.7597175258666,IV1;IV2;year_1;Region_1
M0,4,5,19,0,万宁,ce6ca82c326e584d8d688a7bedd72e06f508088c933485bfbfa222c82aab7fd0,148.9921240384616,362.47033280124674,IV1;IV2;year_1;Region_1
M0,4,5,19,2,上饶,ce6ca82c326e584d8d688a7bedd72e06f508088c933485bfbfa222c82aab7fd0,114.81355125,136.2020418005829,IV1;IV2;year_1;Region_1
M0,4,5,19,4,东莞,ce6ca82c326e584d8d688a7bedd72e06f508088c933485bfbfa222c82aab7fd0,307.5424744318183,635.0287982320531,IV1;IV2;year_1;Region_1
M0,4,5,19,13,九江,ce6ca82c326e584d8d688a7bedd72e06f508088c933485bfbfa222c82aab7fd0,0.0,330.84332847105105,IV1;IV2;year_1;Region_1
M0,4,5,19,34,珠海,ce6ca82c326e584d8d688a7bedd72e06f508088c933485bfbfa222c82aab7fd0,1511.786079545455,611.9396306017378,IV1;IV2;year_1;Region_1
M0,4,5,19,36,琼海,ce6ca82c326e584d8d688a7bedd72e06f508088c933485bfbfa222c82aab7fd0,1716.717565054688,295.4077669971889,IV1;IV2;year_1;Region_1
M0,4,5,19,39,陵水,ce6ca82c326e584d8d688a7bedd72e06f508088c933485bfbfa222c82aab7fd0,337.1486134943182,408.6518038869796,IV1;IV2;year_1;Region_1
M0,4,5,19,40,韶关,ce6ca82c326e584d8d688a7bedd72e06f508088c933485bfbfa222c82aab7fd0,547.9050852272727,145.71857797258255,IV1;IV2;year_1;Region_1
M0,5,1,20,1,上海,ce6ca82c326e584d8d688a7bedd72e06f508088c933485bfbfa222c82aab7fd0,2302.973933396464,229.1863846564775,IV1;IV2;year_1;Region_1
M0,5,1,20,13,九江,ce6ca82c326e584d8d688a7bedd72e06f508088c933485bfbfa222c82aab7fd0,0.0,351.6660992747924,IV1;IV2;year_1;Region_1
M0,5,1,20,16,信阳,ce6ca82c326e584d8d688a7bedd72e06f508088c933485bfbfa222c82aab7fd0,244.6035494318183,274.6808183353519,IV1;IV2;year_1;Region_1
M0,5,1,20,17,儋州,ce6ca82c326e584d8d688a7bedd72e06f508088c933485bfbfa222c82aab7fd0,539.7352537592891,292.78961364006443,IV1;IV2;year_1;Region_1
M0,5,1,20,18,六安,ce6ca82c326e584d8d688a7bedd72e06f508088c933485bfbfa222c82aab7fd0,8.639045028409095,349.46948313473723,IV1;IV2;year_1;Region_1
M0,5,1,20,23,定安,ce6ca82c326e584d8d688a7bedd72e06f508088c933485bfbfa222c82aab7fd0,273.4003661931819,279.89927480500313,IV1;IV2;year_1;Region_1
M0,5,1,20,28,昌江,ce6ca82c326e584d8d688a7bedd72e06f508088c933485bfbfa222c82aab7fd0,268.7138254261364,281.35942001510205,IV1;IV2;year_1;Region_1
M0,5,1,20,34,珠海,ce6ca82c326e584d8d688a7bedd72e06f508088c933485bfbfa222c82aab7fd0,1511.786079545455,348.9004776534477,IV1;IV2;year_1;Region_1
M0,5,1,20,36,琼海,ce6ca82c326e584d8d688a7bedd72e06f508088c933485bfbfa222c82aab7fd0,1716.717565054688,249.66863280160814,IV1;IV2;year_1;Region_1
M0,5,2,21,3,东方,ce6ca82c326e584d8d688a7bedd72e06f508088c933485bfbfa222c82aab7fd0,266.2529209872159,313.1695877992614,IV1;IV2;year_1;Region_1
M0,5,2,21,11,乐东,ce6ca82c326e584d8d688a7bedd72e06f508088c933485bfbfa222c82aab7fd0,51.57938057753164,314.5771510659206,IV1;IV2;year_1;Region_1
M0,5,2,21,14,五指山,ce6ca82c326e584d8d688a7bedd72e06f508088c933485bfbfa222c82aab7fd0,273.4003661931818,352.5807517707527,IV1;IV2;year_1;Region_1
M0,5,2,21,15,佛山,ce6ca82c326e584d8d688a7bedd72e06f508088c933485bfbfa222c82aab7fd0,28.38274488636364,389.55262458210683,IV1;IV2;year_1;Region_1
M0,5,2,21,20,北京,ce6ca82c326e584d8d688a7bedd72e06f508088c933485bfbfa222c82aab7fd0,291.2148675426136,805.2992049655359,IV1;IV2;year_1;Region_1
M0,5,2,21,21,北海,ce6ca82c326e584d8d688a7bedd72e06f508088c933485bfbfa222c82aab7fd0,318.3245085227273,229.0312364747684,IV1;IV2;year_1;Region_1
M0,5,2,21,22,合肥,ce6ca82c326e584d8d688a7bedd72e06f508088c933485bfbfa222c82aab7fd0,13.19625,396.42475663126424,IV1;IV2;year_1;Region_1
M0,5,2,21,35,琼中,ce6ca82c326e584d8d688a7bedd72e06f508088c933485bfbfa222c82aab7fd0,1106.44734375,282.21186269960447,IV1;IV2;year_1;Region_1
M0,5,3,22,2,上饶,ce6ca82c326e584d8d688a7bedd72e06f508088c933485bfbfa222c82aab7fd0,114.81355125,160.57446879033577,IV1;IV2;year_1;Region_1
M0,5,3,22,4,东莞,ce6ca82c326e584d8d688a7bedd72e06f508088c933485bfbfa222c82aab7fd0,307.5424744318183,1028.0442564805242,IV1;IV2;year_1;Region_1
M0,5,3,22,6,中卫,ce6ca82c326e584d8d688a7bedd72e06f508088c933485bfbfa222c82aab7fd0,31.05198382826678,322.3248124414162,IV1;IV2;year_1;Region_1
M0,5,3,22,7,中山,ce6ca82c326e584d8d688a7bedd72e06f508088c933485bfbfa222c82aab7fd0,89.11043759098708,321.55693370128296,IV1;IV2;year_1;Region_1
M0,5,3,22,9,丽水,ce6ca82c326e584d8d688a7bedd72e06f508088c933485bfbfa222c82aab7fd0,33.76567926136365,291.60997487007404,IV1;IV2;year_1;Region_1
M0,5,3,22,25,广州,ce6ca82c326e584d8d688a7bedd72e06f508088c933485bfbfa222c82aab7fd0,164.1983198863636,787.6291712814356,IV1;IV2;year_1;Region_1
M0,5,3,22,31,深圳,ce6ca82c326e584d8d688a7bedd72e06f508088c933485bfbfa222c82aab7fd0,159.7083409090909,981.9331379496379,IV1;IV2;year_1;Region_1
M0,5,3,22,40,韶关,ce6ca82c326e584d8d688a7bedd72e06f508088c933485bfbfa222c82aab7fd0,547.9050852272727,177.2728922040615,IV1;IV2;year_1;Region_1
M0,5,4,23,0,万宁,ce6ca82c326e584d8d688a7bedd72e06f508088c933485bfbfa222c82aab7fd0,148.9921240384616,519.2231602701006,IV1;IV2;year_1;Region_1
M0,5,4,23,8,临高,ce6ca82c326e584d8d688a7bedd72e06f508088c933485bfbfa222c82aab7fd0,83.80276845703128,366.7967149481007,IV1;IV2;year_1;Region_1
M0,5,4,23,12,乐山,ce6ca82c326e584d8d688a7bedd72e06f508088c933485bfbfa222c82aab7fd0,45.02250000000001,260.9373963987566,IV1;IV2;year_1;Region_1
M0,5,4,23,26,惠州,ce6ca82c326e584d8d688a7bedd72e06f508088c933485bfbfa222c82aab7fd0,253.6378448863636,296.9684332944912,IV1;IV2;year_1;Region_1
M0,5,4,23,30,海口,ce6ca82c326e584d8d688a7bedd72e06f508088c933485bfbfa222c82aab7fd0,339.134276349432,400.27523757157206,IV1;IV2;year_1;Region_1
M0,5,4,23,32,清远,ce6ca82c326e584d8d688a7bedd72e06f508088c933485bfbfa222c82aab7fd0,375.720028409091,286.9658785473838,IV1;IV2;year_1;Region_1
M0,5,4,23,33,澄迈,ce6ca82c326e584d8d688a7bedd72e06f508088c933485bfbfa222c82aab7fd0,647.861484375,342.98177487007774,IV1;IV2;year_1;Region_1
M0,5,4,23,37,白沙,ce6ca82c326e584d8d688a7bedd72e06f508088c933485bfbfa222c82aab7fd0,192.9951366477273,309.9797062176782,IV1;IV2;year_1;Region_1
M0,5,5,24,5,东营,ce6ca82c326e584d8d688a7bedd72e06f508088c933485bfbfa222c82aab7fd0,425.3271014204544,307.60329801753034,IV1;IV2;year_1;Region_1
M0,5,5,24,10,义乌,ce6ca82c326e584d8d688a7bedd72e06f508088c933485bfbfa222c82aab7fd0,7288.761349396308,338.45011552410546,IV1;IV2;year_1;Region_1
M0,5,5,24,19,兰州,ce6ca82c326e584d8d688a7bedd72e06f508088c933485bfbfa222c82aab7fd0,32.85616429924242,269.7007291598259,IV1;IV2;year_1;Region_1
M0,5,5,24,24,屯昌,ce6ca82c326e584d8d688a7bedd72e06f508088c933485bfbfa222c82aab7fd0,273.4003661931819,302.1063975783157,IV1;IV2;year_1;Region_1
M0,5,5,24,27,文昌,ce6ca82c326e584d8d688a7bedd72e06f508088c933485bfbfa222c82aab7fd0,273.4003661931818,343.45496441222036,IV1;IV2;year_1;Region_1
M0,5,5,24,29,汕头,ce6ca82c326e584d8d688a7bedd72e06f508088c933485bfbfa222c82aab7fd0,516.6316193181818,283.2472078896206,IV1;IV2;year_1;Region_1
M0,5,5,24,38,肇庆,ce6ca82c326e584d8d688a7bedd72e06f508088c933485bfbfa222c82aab7fd0,23.03745340909091,192.33165630831277,IV1;IV2;year_1;Region_1
M0,5,5,24,39,陵水,ce6ca82c326e584d8d688a7bedd72e06f508088c933485bfbfa222c82aab7fd0,337.1486134943182,355.11717673770085,IV1;IV2;year_1;Region_1
M0,6,1,25,6,中卫,ce6ca82c326e584d8d688a7bedd72e06f508088c933485bfbfa222c82aab7fd0,31.05198382826678,334.8107127791772,IV1;IV2;year_1;Region_1
M0,6,1,25,7,中山,ce6ca82c326e584d8d688a7bedd72e06f508088c933485bfbfa222c82aab7fd0,89.11043759098708,288.4415207920148,IV1;IV2;year_1;Region_1
M0,6,1,25,9,丽水,ce6ca82c326e584d8d688a7bedd72e06f508088c933485bfbfa222c82aab7fd0,33.76567926136365,279.3459792338885,IV1;IV2;year_1;Region_1
M0,6,1,25,12,乐山,ce6ca82c326e584d8d688a7bedd72e06f508088c933485bfbfa222c82aab7fd0,45.02250000000001,248.42599954499235,IV1;IV2;year_1;Region_1
M0,6,1,25,13,九江,ce6ca82c326e584d8d688a7bedd72e06f508088c933485bfbfa222c82aab7fd0,0.0,329.76279376471933,IV1;IV2;year_1;Region_1
M0,6,1,25,17,儋州,ce6ca82c326e584d8d688a7bedd72e06f508088c933485bfbfa222c82aab7fd0,539.7352537592891,287.9966026240364,IV1;IV2;year_1;Region_1
M0,6,1,25,23,定安,ce6ca82c326e584d8d688a7bedd72e06f508088c933485bfbfa222c82aab7fd0,273.4003661931819,317.0249132236464,IV1;IV2;year_1;Region_1
M0,6,1,25,29,汕头,ce6ca82c326e584d8d688a7bedd72e06f508088c933485bfbfa222c82aab7fd0,516.6316193181818,340.5918948533931,IV1;IV2;year_1;Region_1
M0,6,1,25,39,陵水,ce6ca82c326e584d8d688a7bedd72e06f508088c933485bfbfa222c82aab7fd0,337.1486134943182,415.63710786782354,IV1;IV2;year_1;Region_1
M0,6,2,26,8,临高,ce6ca82c326e584d8d688a7bedd72e06f508088c933485bfbfa222c82aab7fd0,83.80276845703128,365.2245331921717,IV1;IV2;year_1;Region_1
M0,6,2,26,14,五指山,ce6ca82c326e584d8d688a7bedd72e06f508088c933485bfbfa222c82aab7fd0,273.4003661931818,373.7386303300222,IV1;IV2;year_1;Region_1
M0,6,2,26,15,佛山,ce6ca82c326e584d8d688a7bedd72e06f508088c933485bfbfa222c82aab7fd0,28.38274488636364,299.1052051325096,IV1;IV2;year_1;Region_1
M0,6,2,26,19,兰州,ce6ca82c326e584d8d688a7bedd72e06f508088c933485bfbfa222c82aab7fd0,32.85616429924242,299.15762074696323,IV1;IV2;year_1;Region_1
M0,6,2,26,21,北海,ce6ca82c326e584d8d688a7bedd72e06f508088c933485bfbfa222c82aab7fd0,318.3245085227273,204.2444522147416,IV1;IV2;year_1;Region_1
M0,6,2,26,26,惠州,ce6ca82c326e584d8d688a7bedd72e06f508088c933485bfbfa222c82aab7fd0,253.6378448863636,308.52750314107544,IV1;IV2;year_1;Region_1
M0,6,2,26,30,海口,ce6ca82c326e584d8d688a7bedd72e06f508088c933485bfbfa222c82aab7fd0,339.134276349432,347.03144236944013,IV1;IV2;year_1;Region_1
M0,6,2,26,34,珠海,ce6ca82c326e584d8d688a7bedd72e06f508088c933485bfbfa222c82aab7fd0,1511.786079545455,656.3837175277017,IV1;IV2;year_1;Region_1
M0,6,3,27,3,东方,ce6ca82c326e584d8d688a7bedd72e06f508088c933485bfbfa222c82aab7fd0,266.2529209872159,275.5567099807271,IV1;IV2;year_1;Region_1
M0,6,3,27,4,东莞,ce6ca82c326e584d8d688a7bedd72e06f508088c933485bfbfa222c82aab7fd0,307.5424744318183,479.3175548392003,IV1;IV2;year_1;Region_1
M0,6,3,27,5,东营,ce6ca82c326e584d8d688a7bedd72e06f508088c933485bfbfa222c82aab7fd0,425.3271014204544,270.1202105452868,IV1;IV2;year_1;Region_1
M0,6,3,27,10,义乌,ce6ca82c326e584d8d688a7bedd72e06f508088c933485bfbfa222c82aab7fd0,7288.761349396308,388.29515011128984,IV1;IV2;year_1;Region_1
M0,6,3,27,24,屯昌,ce6ca82c326e584d8d688a7bedd72e06f508088c933485bfbfa222c82aab7fd0,273.4003661931819,272.48894938699976,IV1;IV2;year_1;Region_1
M0,6,3,27,28,昌江,ce6ca82c326e584d8d688a7bedd72e06f508088c933485bfbfa222c82aab7fd0,268.7138254261364,199.07973881052374,IV1;IV2;year_1;Region_1
M0,6,3,27,33,澄迈,ce6ca82c326e584d8d688a7bedd72e06f508088c933485bfbfa222c82aab7fd0,647.861484375,278.2080837915059,IV1;IV2;year_1;Region_1
M0,6,3,27,37,白沙,ce6ca82c326e584d8d688a7bedd72e06f508088c933485bfbfa222c82aab7fd0,192.9951366477273,269.81920805095154,IV1;IV2;year_1;Region_1
M0,6,4,28,0,万宁,ce6ca82c326e584d8d688a7bedd72e06f508088c933485bfbfa222c82aab7fd0,148.9921240384616,542.6376492961386,IV1;IV2;year_1;Region_1
M0,6,4,28,11,乐东,ce6ca82c326e584d8d688a7bedd72e06f508088c933485bfbfa222c82aab7fd0,51.57938057753164,305.49037446942003,IV1;IV2;year_1;Region_1
M0,6,4,28,18,六安,ce6ca82c326e584d8d688a7bedd72e06f508088c933485bfbfa222c82aab7fd0,8.639045028409095,281.0619082297636,IV1;IV2;year_1;Region_1
M0,6,4,28,20,北京,ce6ca82c326e584d8d688a7bedd72e06f508088c933485bfbfa222c82aab7fd0,291.2148675426136,1025.9175347104197,IV1;IV2;year_1;Region_1
M0,6,4,28,25,广州,ce6ca82c326e584d8d688a7bedd72e06f508088c933485bfbfa222c82aab7fd0,164.1983198863636,834.4513826147779,IV1;IV2;year_1;Region_1
M0,6,4,28,31,深圳,ce6ca82c326e584d8d688a7bedd72e06f508088c933485bfbfa222c82aab7fd0,159.7083409090909,1036.9789262167794,IV1;IV2;year_1;Region_1
M0,6,4,28,32,清远,ce6ca82c326e584d8d688a7bedd72e06f508088c933485bfbfa222c82aab7fd0,375.720028409091,264.68744775198235,IV1;IV2;year_1;Region_1
M0,6,4,28,35,琼中,ce6ca82c326e584d8d688a7bedd72e06f508088c933485bfbfa222c82aab7fd0,1106.44734375,299.4024685578115,IV1;IV2;year_1;Region_1
M0,6,5,29,1,上海,ce6ca82c326e584d8d688a7bedd72e06f508088c933485bfbfa222c82aab7fd0,2302.973933396464,387.87079186607815,IV1;IV2;year_1;Region_1
M0,6,5,29,2,上饶,ce6ca82c326e584d8d688a7bedd72e06f508088c933485bfbfa222c82aab7fd0,114.81355125,190.775117081518,IV1;IV2;year_1;Region_1
M0,6,5,29,16,信阳,ce6ca82c326e584d8d688a7bedd72e06f508088c933485bfbfa222c82aab7fd0,244.6035494318183,292.51654608417596,IV1;IV2;year_1;Region_1
M0,6,5,29,22,合肥,ce6ca82c326e584d8d688a7bedd72e06f508088c933485bfbfa222c82aab7fd0,13.19625,282.8616246349647,IV1;IV2;year_1;Region_1
M0,6,5,29,27,文昌,ce6ca82c326e584d8d688a7bedd72e06f508088c933485bfbfa222c82aab7fd0,273.4003661931818,348.4815223362478,IV1;IV2;year_1;Region_1
M0,6,5,29,36,琼海,ce6ca82c326e584d8d688a7bedd72e06f508088c933485bfbfa222c82aab7fd0,1716.717565054688,266.76209408826526,IV1;IV2;year_1;Region_1
M0,6,5,29,38,肇庆,ce6ca82c326e584d8d688a7bedd72e06f508088c933485bfbfa222c82aab7fd0,23.03745340909091,172.01091672854182,IV1;IV2;year_1;Region_1
M0,6,5,29,40,韶关,ce6ca82c326e584d8d688a7bedd72e06f508088c933485bfbfa222c82aab7fd0,547.9050852272727,184.09078555853355,IV1;IV2;year_1;Region_1
M0,7,1,30,3,东方,ce6ca82c326e584d8d688a7bedd72e06f508088c933485bfbfa222c82aab7fd0,266.2529209872159,262.92827880754265,IV1;IV2;year_1;Region_1
M0,7,1,30,5,东营,ce6ca82c326e584d8d688a7bedd72e06f508088c933485bfbfa222c82aab7fd0,425.3271014204544,250.38076490176206,IV1;IV2;year_1;Region_1
M0,7,1,30,7,中山,ce6ca82c326e584d8d688a7bedd72e06f508088c933485bfbfa222c82aab7fd0,89.11043759098708,197.27291246323904,IV1;IV2;year_1;Region_1
M0,7,1,30,13,九江,ce6ca82c326e584d8d688a7bedd72e06f508088c933485bfbfa222c82aab7fd0,0.0,305.2121360551332,IV1;IV2;year_1;Region_1
M0,7,1,30,20,北京,ce6ca82c326e584d8d688a7bedd72e06f508088c933485bfbfa222c82aab7fd0,291.2148675426136,727.4872321328584,IV1;IV2;year_1;Region_1
M0,7,1,30,28,昌江,ce6ca82c326e584d8d688a7bedd72e06f508088c933485bfbfa222c82aab7fd0,268.7138254261364,193.10770986664014,IV1;IV2;year_1;Region_1
M0,7,1,30,29,汕头,ce6ca82c326e584d8d688a7bedd72e06f508088c933485bfbfa222c82aab7fd0,516.6316193181818,303.2243783474649,IV1;IV2;year_1;Region_1
M0,7,1,30,36,琼海,ce6ca82c326e584d8d688a7bedd72e06f508088c933485bfbfa222c82aab7fd0,1716.717565054688,257.7926389568037,IV1;IV2;year_1;Region_1
M0,7,1,30,40,韶关,ce6ca82c326e584d8d688a7bedd72e06f508088c933485bfbfa222c82aab7fd0,547.9050852272727,119.01593379245524,IV1;IV2;year_1;Region_1
M0,7,2,31,4,东莞,ce6ca82c326e584d8d688a7bedd72e06f508088c933485bfbfa222c82aab7fd0,307.5424744318183,950.2867824231524,IV1;IV2;year_1;Region_1
M0,7,2,31,8,临高,ce6ca82c326e584d8d688a7bedd72e06f508088c933485bfbfa222c82aab7fd0,83.80276845703128,349.0040163664227,IV1;IV2;year_1;Region_1
M0,7,2,31,12,乐山,ce6ca82c326e584d8d688a7bedd72e06f508088c933485bfbfa222c82aab7fd0,45.02250000000001,250.5547327374938,IV1;IV2;year_1;Region_1
M0,7,2,31,14,五指山,ce6ca82c326e584d8d688a7bedd72e06f508088c933485bfbfa222c82aab7fd0,273.4003661931818,386.45741045636055,IV1;IV2;year_1;Region_1
M0,7,2,31,21,北海,ce6ca82c326e584d8d688a7bedd72e06f508088c933485bfbfa222c82aab7fd0,318.3245085227273,258.55608473811685,IV1;IV2;year_1;Region_1
M0,7,2,31,25,广州,ce6ca82c326e584d8d688a7bedd72e06f508088c933485bfbfa222c82aab7fd0,164.1983198863636,701.9024106078226,IV1;IV2;year_1;Region_1
M0,7,2,31,26,惠州,ce6ca82c326e584d8d688a7bedd72e06f508088c933485bfbfa222c82aab7fd0,253.6378448863636,305.4610352446929,IV1;IV2;year_1;Region_1
M0,7,2,31,33,澄迈,ce6ca82c326e584d8d688a7bedd72e06f508088c933485bfbfa222c82aab7fd0,647.861484375,322.12843334604383,IV1;IV2;year_1;Region_1
M0,7,3,32,1,上海,ce6ca82c326e584d8d688a7bedd72e06f508088c933485bfbfa222c82aab7fd0,2302.973933396464,323.1210982694587,IV1;IV2;year_1;Region_1
M0,7,3,32,11,乐东,ce6ca82c326e584d8d688a7bedd72e06f508088c933485bfbfa222c82aab7fd0,51.57938057753164,346.2471679012332,IV1;IV2;year_1;Region_1
M0,7,3,32,15,佛山,ce6ca82c326e584d8d688a7bedd72e06f508088c933485bfbfa222c82aab7fd0,28.38274488636364,286.01146137379436,IV1;IV2;year_1;Region_1
M0,7,3,32,16,信阳,ce6ca82c326e584d8d688a7bedd72e06f508088c933485bfbfa222c82aab7fd0,244.6035494318183,312.1014266437741,IV1;IV2;year_1;Region_1
M0,7,3,32,23,定安,ce6ca82c326e584d8d688a7bedd72e06f508088c933485bfbfa222c82aab7fd0,273.4003661931819,271.78096735564947,IV1;IV2;year_1;Region_1
M0,7,3,32,30,海口,ce6ca82c326e584d8d688a7bedd72e06f508088c933485bfbfa222c82aab7fd0,339.134276349432,403.17736193222123,IV1;IV2;year_1;Region_1
M0,7,3,32,34,珠海,ce6ca82c326e584d8d688a7bedd72e06f508088c933485bfbfa222c82aab7fd0,1511.786079545455,454.1668923457101,IV1;IV2;year_1;Region_1
M0,7,3,32,39,陵水,ce6ca82c326e584d8d688a7bedd72e06f508088c933485bfbfa222c82aab7fd0,337.1486134943182,436.9297624692656,IV1;IV2;year_1;Region_1
M0,7,4,33,2,上饶,ce6ca82c326e584d8d688a7bedd72e06f508088c933485bfbfa222c82aab7fd0,114.81355125,244.59345564840203,IV1;IV2;year_1;Region_1
M0,7,4,33,9,丽水,ce6ca82c326e584d8d688a7bedd72e06f508088c933485bfbfa222c82aab7fd0,33.76567926136365,316.12390198707624,IV1;IV2;year_1;Region_1
M0,7,4,33,22,合肥,ce6ca82c326e584d8d688a7bedd72e06f508088c933485bfbfa222c82aab7fd0,13.19625,373.92487156431173,IV1;IV2;year_1;Region_1
M0,7,4,33,24,屯昌,ce6ca82c326e584d8d688a7bedd72e06f508088c933485bfbfa222c82aab7fd0,273.4003661931819,262.44925780971556,IV1;IV2;year_1;Region_1
M0,7,4,33,27,文昌,ce6ca82c326e584d8d688a7bedd72e06f508088c933485bfbfa222c82aab7fd0,273.4003661931818,301.42722757405335,IV1;IV2;year_1;Region_1
M0,7,4,33,35,琼中,ce6ca82c326e584d8d688a7bedd72e06f508088c933485bfbfa222c82aab7fd0,1106.44734375,282.58435099299925,IV1;IV2;year_1;Region_1
M0,7,4,33,37,白沙,ce6ca82c326e584d8d688a7bedd72e06f508088c933485bfbfa222c82aab7fd0,192.9951366477273,324.1699346091006,IV1;IV2;year_1;Region_1
M0,7,4,33,38,肇庆,ce6ca82c326e584d8d688a7bedd72e06f508088c933485bfbfa222c82aab7fd0,23.03745340909091,252.34402449897016,IV1;IV2;year_1;Region_1
M0,7,5,34,0,万宁,ce6ca82c326e584d8d688a7bedd72e06f508088c933485bfbfa222c82aab7fd0,148.9921240384616,500.1766828568487,IV1;IV2;year_1;Region_1
M0,7,5,34,6,中卫,ce6ca82c326e584d8d688a7bedd72e06f508088c933485bfbfa222c82aab7fd0,31.05198382826678,366.8979012983477,IV1;IV2;year_1;Region_1
M0,7,5,34,10,义乌,ce6ca82c326e584d8d688a7bedd72e06f508088c933485bfbfa222c82aab7fd0,7288.761349396308,414.737274459469,IV1;IV2;year_1;Region_1
M0,7,5,34,17,儋州,ce6ca82c326e584d8d688a7bedd72e06f508088c933485bfbfa222c82aab7fd0,539.7352537592891,376.6149274104829,IV1;IV2;year_1;Region_1
M0,7,5,34,18,六安,ce6ca82c326e584d8d688a7bedd72e06f508088c933485bfbfa222c82aab7fd0,8.639045028409095,289.27659025509536,IV1;IV2;year_1;Region_1
M0,7,5,34,19,兰州,ce6ca82c326e584d8d688a7bedd72e06f508088c933485bfbfa222c82aab7fd0,32.85616429924242,242.42209043241553,IV1;IV2;year_1;Region_1
M0,7,5,34,31,深圳,ce6ca82c326e584d8d688a7bedd72e06f508088c933485bfbfa222c82aab7fd0,159.7083409090909,458.7131028101041,IV1;IV2;year_1;Region_1
M0,7,5,34,32,清远,ce6ca82c326e584d8d688a7bedd72e06f508088c933485bfbfa222c82aab7fd0,375.720028409091,292.0147865030462,IV1;IV2;year_1;Region_1
M0,8,1,35,4,东莞,ce6ca82c326e584d8d688a7bedd72e06f508088c933485bfbfa222c82aab7fd0,307.5424744318183,901.6761471763001,IV1;IV2;year_1;Region_1
M0,8,1,35,9,丽水,ce6ca82c326e584d8d688a7bedd72e06f508088c933485bfbfa222c82aab7fd0,33.76567926136365,256.60760376246543,IV1;IV2;year_1;Region_1
M0,8,1,35,12,乐山,ce6ca82c326e584d8d688a7bedd72e06f508088c933485bfbfa222c82aab7fd0,45.02250000000001,252.93740911102054,IV1;IV2;year_1;Region_1
M0,8,1,35,16,信阳,ce6ca82c326e584d8d688a7bedd72e06f508088c933485bfbfa222c82aab7fd0,244.6035494318183,327.1155972841775,IV1;IV2;year_1;Region_1
M0,8,1,35,27,文昌,ce6ca82c326e584d8d688a7bedd72e06f508088c933485bfbfa222c82aab7fd0,273.4003661931818,336.23448577539415,IV1;IV2;year_1;Region_1
M0,8,1,35,29,汕头,ce6ca82c326e584d8d688a7bedd72e06f508088c933485bfbfa222c82aab7fd0,516.6316193181818,297.8473780406925,IV1;IV2;year_1;Region_1
M0,8,1,35,33,澄迈,ce6ca82c326e584d8d688a7bedd72e06f508088c933485bfbfa222c82aab7fd0,647.861484375,286.56065381363686,IV1;IV2;year_1;Region_1
M0,8,1,35,38,肇庆,ce6ca82c326e584d8d688a7bedd72e06f508088c933485bfbfa222c82aab7fd0,23.03745340909091,176.70429411415546,IV1;IV2;year_1;Region_1
M0,8,1,35,40,韶关,ce6ca82c326e584d8d688a7bedd72e06f508088c933485bfbfa222c82aab7fd0,547.9050852272727,179.43553719163577,IV1;IV2;year_1;Region_1
M0,8,2,36,5,东营,ce6ca82c326e584d8d688a7bedd72e06f508088c933485bfbfa222c82aab7fd0,425.3271014204544,363.7753018763016,IV1;IV2;year_1;Region_1
M0,8,2,36,6,中卫,ce6ca82c326e584d8d688a7bedd72e06f508088c933485bfbfa222c82aab7fd0,31.05198382826678,371.22346077924004,IV1;IV2;year_1;Region_1
M0,8,2,36,10,义乌,ce6ca82c326e584d8d688a7bedd72e06f508088c933485bfbfa222c82aab7fd0,7288.761349396308,381.2252278311674,IV1;IV2;year_1;Region_1
M0,8,2,36,11,乐东,ce6ca82c326e584d8d688a7bedd72e06f508088c933485bfbfa222c82aab7fd0,51.57938057753164,373.90493175359416,IV1;IV2;year_1;Region_1
M0,8,2,36,14,五指山,ce6ca82c326e584d8d688a7bedd72e06f508088c933485bfbfa222c82aab7fd0,273.4003661931818,403.83065517849064,IV1;IV2;year_1;Region_1
M0,8,2,36,18,六安,ce6ca82c326e584d8d688a7bedd72e06f508088c933485bfbfa222c82aab7fd0,8.639045028409095,283.5892390521956,IV1;IV2;year_1;Region_1
M0,8,2,36,20,北京,ce6ca82c326e584d8d688a7bedd72e06f508088c933485bfbfa222c82aab7fd0,291.2148675426136,388.30362498265697,IV1;IV2;year_1;Region_1
M0,8,2,36,26,惠州,ce6ca82c326e584d8d688a7bedd72e06f508088c933485bfbfa222c82aab7fd0,253.6378448863636,268.6035446585545,IV1;IV2;year_1;Region_1
M0,8,3,37,0,万宁,ce6ca82c326e584d8d688a7bedd72e06f508088c933485bfbfa222c82aab7fd0,148.9921240384616,615.6213235048729,IV1;IV2;year_1;Region_1
M0,8,3,37,3,东方,ce6ca82c326e584d8d688a7bedd72e06f508088c933485bfbfa222c82aab7fd0,266.2529209872159,378.23168373696467,IV1;IV2;year_1;Region_1
M0,8,3,37,7,中山,ce6ca82c326e584d8d688a7bedd72e06f508088c933485bfbfa222c82aab7fd0,89.11043759098708,323.9596714912848,IV1;IV2;year_1;Region_1
M0,8,3,37,8,临高,ce6ca82c326e584d8d688a7bedd72e06f508088c933485bfbfa222c82aab7fd0,83.80276845703128,403.75020370086713,IV1;IV2;year_1;Region_1
M0,8,3,37,22,合肥,ce6ca82c326e584d8d688a7bedd72e06f508088c933485bfbfa222c82aab7fd0,13.19625,431.48193433509516,IV1;IV2;year_1;Region_1
M0,8,3,37,23,定安,ce6ca82c326e584d8d688a7bedd72e06f508088c933485bfbfa222c82aab7fd0,273.4003661931819,279.4132412625806,IV1;IV2;year_1;Region_1
M0,8,3,37,25,广州,ce6ca82c326e584d8d688a7bedd72e06f508088c933485bfbfa222c82aab7fd0,164.1983198863636,634.1253296202732,IV1;IV2;year_1;Region_1
M0,8,3,37,30,海口,ce6ca82c326e584d8d688a7bedd72e06f508088c933485bfbfa222c82aab7fd0,339.134276349432,485.78738240277295,IV1;IV2;year_1;Region_1
M0,8,4,38,1,上海,ce6ca82c326e584d8d688a7bedd72e06f508088c933485bfbfa222c82aab7fd0,2302.973933396464,524.4936360099908,IV1;IV2;year_1;Region_1
M0,8,4,38,2,上饶,ce6ca82c326e584d8d688a7bedd72e06f508088c933485bfbfa222c82aab7fd0,114.81355125,152.86587438115558,IV1;IV2;year_1;Region_1
M0,8,4,38,13,九江,ce6ca82c326e584d8d688a7bedd72e06f508088c933485bfbfa222c82aab7fd0,0.0,308.6820687532645,IV1;IV2;year_1;Region_1
M0,8,4,38,15,佛山,ce6ca82c326e584d8d688a7bedd72e06f508088c933485bfbfa222c82aab7fd0,28.38274488636364,300.67812329764183,IV1;IV2;year_1;Region_1
M0,8,4,38,17,儋州,ce6ca82c326e584d8d688a7bedd72e06f508088c933485bfbfa222c82aab7fd0,539.7352537592891,309.9176578196802,IV1;IV2;year_1;Region_1
M0,8,4,38,21,北海,ce6ca82c326e584d8d688a7bedd72e06f508088c933485bfbfa222c82aab7fd0,318.3245085227273,230.49972086009046,IV1;IV2;year_1;Region_1
M0,8,4,38,31,深圳,ce6ca82c326e584d8d688a7bedd72e06f508088c933485bfbfa222c82aab7fd0,159.7083409090909,685.4017027084151,IV1;IV2;year_1;Region_1
M0,8,4,38,32,清远,ce6ca82c326e584d8d688a7bedd72e06f508088c933485bfbfa222c82aab7fd0,375.720028409091,261.934166465169,IV1;IV2;year_1;Region_1
M0,8,5,39,19,兰州,ce6ca82c326e584d8d688a7bedd72e06f508088c933485bfbfa222c82aab7fd0,32.85616429924242,221.11617976265626,IV1;IV2;year_1;Region_1
M0,8,5,39,24,屯昌,ce6ca82c326e584d8d688a7bedd72e06f508088c933485bfbfa222c82aab7fd0,273.4003661931819,246.51119247857886,IV1;IV2;year_1;Region_1
M0,8,5,39,28,昌江,ce6ca82c326e584d8d688a7bedd72e06f508088c933485bfbfa222c82aab7fd0,268.7138254261364,224.51729984172877,IV1;IV2;year_1;Region_1
M0,8,5,39,34,珠海,ce6ca82c326e584d8d688a7bedd72e06f508088c933485bfbfa222c82aab7fd0,1511.786079545455,557.56676682056,IV1;IV2;year_1;Region_1
M0,8,5,39,35,琼中,ce6ca82c326e584d8d688a7bedd72e06f508088c933485bfbfa222c82aab7fd0,1106.44734375,260.13284822966085,IV1;IV2;year_1;Region_1
M0,8,5,39,36,琼海,ce6ca82c326e584d8d688a7bedd72e06f508088c933485bfbfa222c82aab7fd0,1716.717565054688,290.26552499957944,IV1;IV2;year_1;Region_1
M0,8,5,39,37,白沙,ce6ca82c326e584d8d688a7bedd72e06f508088c933485bfbfa222c82aab7fd0,192.9951366477273,283.2751368491087,IV1;IV2;year_1;Region_1
M0,8,5,39,39,陵水,ce6ca82c326e584d8d688a7bedd72e06f508088c933485bfbfa222c82aab7fd0,337.1486134943182,348.05231538002397,IV1;IV2;year_1;Region_1
M0,9,1,40,1,上海,ce6ca82c326e584d8d688a7bedd72e06f508088c933485bfbfa222c82aab7fd0,2302.973933396464,191.78011964715344,IV1;IV2;year_1;Region_1
M0,9,1,40,6,中卫,ce6ca82c326e584d8d688a7bedd72e06f508088c933485bfbfa222c82aab7fd0,31.05198382826678,348.49134294007894,IV1;IV2;year_1;Region_1
M0,9,1,40,7,中山,ce6ca82c326e584d8d688a7bedd72e06f508088c933485bfbfa222c82aab7fd0,89.11043759098708,140.25281478915358,IV1;IV2;year_1;Region_1
M0,9,1,40,9,丽水,ce6ca82c326e584d8d688a7bedd72e06f508088c933485bfbfa222c82aab7fd0,33.76567926136365,187.33353398042553,IV1;IV2;year_1;Region_1
M0,9,1,40,10,义乌,ce6ca82c326e584d8d688a7bedd72e06f508088c933485bfbfa222c82aab7fd0,7288.761349396308,199.46564643833403,IV1;IV2;year_1;Region_1
M0,9,1,40,12,乐山,ce6ca82c326e584d8d688a7bedd72e06f508088c933485bfbfa222c82aab7fd0,45.02250000000001,210.4142153283615,IV1;IV2;year_1;Region_1
M0,9,1,40,21,北海,ce6ca82c326e584d8d688a7bedd72e06f508088c933485bfbfa222c82aab7fd0,318.3245085227273,234.2878549559306,IV1;IV2;year_1;Region_1
M0,9,1,40,30,海口,ce6ca82c326e584d8d688a7bedd72e06f508088c933485bfbfa222c82aab7fd0,339.134276349432,214.02248873126712,IV1;IV2;year_1;Region_1
M0,9,1,40,36,琼海,ce6ca82c326e584d8d688a7bedd72e06f508088c933485bfbfa222c82aab7fd0,1716.717565054688,271.7209648704198,IV1;IV2;year_1;Region_1
M0,9,2,41,0,万宁,ce6ca82c326e584d8d688a7bedd72e06f508088c933485bfbfa222c82aab7fd0,148.9921240384616,544.3380443974473,IV1;IV2;year_1;Region_1
M0,9,2,41,14,五指山,ce6ca82c326e584d8d688a7bedd72e06f508088c933485bfbfa222c82aab7fd0,273.4003661931818,379.684989617609,IV1;IV2;year_1;Region_1
M0,9,2,41,17,儋州,ce6ca82c326e584d8d688a7bedd72e06f508088c933485bfbfa222c82aab7fd0,539.7352537592891,349.7781587365365,IV1;IV2;year_1;Region_1
M0,9,2,41,19,兰州,ce6ca82c326e584d8d688a7bedd72e06f508088c933485bfbfa222c82aab7fd0,32.85616429924242,282.2706770328184,IV1;IV2;year_1;Region_1
M0,9,2,41,22,合肥,ce6ca82c326e584d8d688a7bedd72e06f508088c933485bfbfa222c82aab7fd0,13.19625,355.5442817813298,IV1;IV2;year_1;Region_1
M0,9,2,41,23,定安,ce6ca82c326e584d8d688a7bedd72e06f508088c933485bfbfa222c82aab7fd0,273.4003661931819,280.4961048013973,IV1;IV2;year_1;Region_1
M0,9,2,41,24,屯昌,ce6ca82c326e584d8d688a7bedd72e06f508088c933485bfbfa222c82aab7fd0,273.4003661931819,311.13031032473845,IV1;IV2;year_1;Region_1
M0,9,2,41,31,深圳,ce6ca82c326e584d8d688a7bedd72e06f508088c933485bfbfa222c82aab7fd0,159.7083409090909,828.0994573016965,IV1;IV2;year_1;Region_1
M0,9,3,42,5,东营,ce6ca82c326e584d8d688a7bedd72e06f508088c933485bfbfa222c82aab7fd0,425.3271014204544,335.3770760343686,IV1;IV2;year_1;Region_1
M0,9,3,42,8,临高,ce6ca82c326e584d8d688a7bedd72e06f508088c933485bfbfa222c82aab7fd0,83.80276845703128,372.33150380193075,IV1;IV2;year_1;Region_1
M0,9,3,42,11,乐东,ce6ca82c326e584d8d688a7bedd72e06f508088c933485bfbfa222c82aab7fd0,51.57938057753164,353.93095901734193,IV1;IV2;year_1;Region_1
M0,9,3,42,13,九江,ce6ca82c326e584d8d688a7bedd72e06f508088c933485bfbfa222c82aab7fd0,0.0,336.06115720818303,IV1;IV2;year_1;Region_1
M0,9,3,42,25,广州,ce6ca82c326e584d8d688a7bedd72e06f508088c933485bfbfa222c82aab7fd0,164.1983198863636,617.8711005041786,IV1;IV2;year_1;Region_1
M0,9,3,42,37,白沙,ce6ca82c326e584d8d688a7bedd72e06f508088c933485bfbfa222c82aab7fd0,192.9951366477273,323.85205531985224,IV1;IV2;year_1;Region_1
M0,9,3,42,38,肇庆,ce6ca82c326e584d8d688a7bedd72e06f508088c933485bfbfa222c82aab7fd0,23.03745340909091,189.82862837501685,IV1;IV2;year_1;Region_1
M0,9,3,42,39,陵水,ce6ca82c326e584d8d688a7bedd72e06f508088c933485bfbfa222c82aab7fd0,337.1486134943182,473.4418281818596,IV1;IV2;year_1;Region_1
M0,9,4,43,2,上饶,ce6ca82c326e584d8d688a7bedd72e06f508088c933485bfbfa222c82aab7fd0,114.81355125,203.99410543439436,IV1;IV2;year_1;Region_1
M0,9,4,43,3,东方,ce6ca82c326e584d8d688a7bedd72e06f508088c933485bfbfa222c82aab7fd0,266.2529209872159,283.24755797251316,IV1;IV2;year_1;Region_1
M0,9,4,43,4,东莞,ce6ca82c326e584d8d688a7bedd72e06f508088c933485bfbfa222c82aab7fd0,307.5424744318183,702.470470407278,IV1;IV2;year_1;Region_1
M0,9,4,43,15,佛山,ce6ca82c326e584d8d688a7bedd72e06f508088c933485bfbfa222c82aab7fd0,28.38274488636364,340.14036465775195,IV1;IV2;year_1;Region_1
M0,9,4,43,16,信阳,ce6ca82c326e584d8d688a7bedd72e06f508088c933485bfbfa222c82aab7fd0,244.6035494318183,304.9711507174319,IV1;IV2;year_1;Region_1
M0,9,4,43,18,六安,ce6ca82c326e584d8d688a7bedd72e06f508088c933485bfbfa222c82aab7fd0,8.639045028409095,326.8029139561819,IV1;IV2;year_1;Region_1
M0,9,4,43,28,昌江,ce6ca82c326e584d8d688a7bedd72e06f508088c933485bfbfa222c82aab7fd0,268.7138254261364,260.76050826651505,IV1;IV2;year_1;Region_1
M0,9,4,43,34,珠海,ce6ca82c326e584d8d688a7bedd72e06f508088c933485bfbfa222c82aab7fd0,1511.786079545455,656.6242622400722,IV1;IV2;year_1;Region_1
M0,9,5,44,20,北京,ce6ca82c326e584d8d688a7bedd72e06f508088c933485bfbfa222c82aab7fd0,291.2148675426136,737.3607510775586,IV1;IV2;year_1;Region_1
M0,9,5,44,26,惠州,ce6ca82c326e584d8d688a7bedd72e06f508088c933485bfbfa222c82aab7fd0,253.6378448863636,264.80020088084564,IV1;IV2;year_1;Region_1
M0,9,5,44,27,文昌,ce6ca82c326e584d8d688a7bedd72e06f508088c933485bfbfa222c82aab7fd0,273.4003661931818,252.87748247757162,IV1;IV2;year_1;Region_1
M0,9,5,44,29,汕头,ce6ca82c326e584d8d688a7bedd72e06f508088c933485bfbfa222c82aab7fd0,516.6316193181818,251.21856533721535,IV1;IV2;year_1;Region_1
M0,9,5,44,32,清远,ce6ca82c326e584d8d688a7bedd72e06f508088c933485bfbfa222c82aab7fd0,375.720028409091,204.9189749326007,IV1;IV2;year_1;Region_1
M0,9,5,44,33,澄迈,ce6ca82c326e584d8d688a7bedd72e06f508088c933485bfbfa222c82aab7fd0,647.861484375,237.82748639843373,IV1;IV2;year_1;Region_1
M0,9,5,44,35,琼中,ce6ca82c326e584d8d688a7bedd72e06f508088c933485bfbfa222c82aab7fd0,1106.44734375,246.39275259940143,IV1;IV2;year_1;Region_1
M0,9,5,44,40,韶关,ce6ca82c326e584d8d688a7bedd72e06f508088c933485bfbfa222c82aab7fd0,547.9050852272727,120.97964476896095,IV1;IV2;year_1;Region_1
M0,10,1,45,4,东莞,ce6ca82c326e584d8d688a7bedd72e06f508088c933485bfbfa222c82aab7fd0,307.5424744318183,879.8929449094155,IV1;IV2;year_1;Region_1
M0,10,1,45,5,东营,ce6ca82c326e584d8d688a7bedd72e06f508088c933485bfbfa222c82aab7fd0,425.3271014204544,255.96836885032695,IV1;IV2;year_1;Region_1
M0,10,1,45,13,九江,ce6ca82c326e584d8d688a7bedd72e06f508088c933485bfbfa222c82aab7fd0,0.0,290.5500268194494,IV1;IV2;year_1;Region_1
M0,10,1,45,14,五指山,ce6ca82c326e584d8d688a7bedd72e06f508088c933485bfbfa222c82aab7fd0,273.4003661931818,308.0708024851644,IV1;IV2;year_1;Region_1
M0,10,1,45,24,屯昌,ce6ca82c326e584d8d688a7bedd72e06f508088c933485bfbfa222c82aab7fd0,273.4003661931819,259.81601269772534,IV1;IV2;year_1;Region_1
M0,10,1,45,27,文昌,ce6ca82c326e584d8d688a7bedd72e06f508088c933485bfbfa222c82aab7fd0,273.4003661931818,263.6990128514195,IV1;IV2;year_1;Region_1
M0,10,1,45,30,海口,ce6ca82c326e584d8d688a7bedd72e06f508088c933485bfbfa222c82aab7fd0,339.134276349432,402.9754091772629,IV1;IV2;year_1;Region_1
M0,10,1,45,33,澄迈,ce6ca82c326e584d8d688a7bedd72e06f508088c933485bfbfa222c82aab7fd0,647.861484375,260.25530238859585,IV1;IV2;year_1;Region_1
M0,10,1,45,35,琼中,ce6ca82c326e584d8d688a7bedd72e06f508088c933485bfbfa222c82aab7fd0,1106.44734375,250.98939625099516,IV1;IV2;year_1;Region_1
M0,10,2,46,11,乐东,ce6ca82c326e584d8d688a7bedd72e06f508088c933485bfbfa222c82aab7fd0,51.57938057753164,338.3806815547427,IV1;IV2;year_1;Region_1
M0,10,2,46,18,六安,ce6ca82c326e584d8d688a7bedd72e06f508088c933485bfbfa222c82aab7fd0,8.639045028409095,284.7584401355343,IV1;IV2;year_1;Region_1
M0,10,2,46,19,兰州,ce6ca82c326e584d8d688a7bedd72e06f508088c933485bfbfa222c82aab7fd0,32.85616429924242,260.4501468145514,IV1;IV2;year_1;Region_1
M0,10,2,46,20,北京,ce6ca82c326e584d8d688a7bedd72e06f508088c933485bfbfa222c82aab7fd0,291.2148675426136,753.3609706814415,IV1;IV2;year_1;Region_1
M0,10,2,46,28,昌江,ce6ca82c326e584d8d688a7bedd72e06f508088c933485bfbfa222c82aab7fd0,268.7138254261364,254.62507400769172,IV1;IV2;year_1;Region_1
M0,10,2,46,29,汕头,ce6ca82c326e584d8d688a7bedd72e06f508088c933485bfbfa222c82aab7fd0,516.6316193181818,320.14187491224595,IV1;IV2;year_1;Region_1
M0,10,2,46,32,清远,ce6ca82c326e584d8d688a7bedd72e06f508088c933485bfbfa222c82aab7fd0,375.720028409091,255.98902932090868,IV1;IV2;year_1;Region_1
M0,10,2,46,37,白沙,ce6ca82c326e584d8d688a7bedd72e06f508088c933485bfbfa222c82aab7fd0,192.9951366477273,320.23393218778244,IV1;IV2;year_1;Region_1
M0,10,3,47,3,东方,ce6ca82c326e584d8d688a7bedd72e06f508088c933485bfbfa222c82aab7fd0,266.2529209872159,325.5562012015541,IV1;IV2;year_1;Region_1
M0,10,3,47,6,中卫,ce6ca82c326e584d8d688a7bedd72e06f508088c933485bfbfa222c82aab7fd0,31.05198382826678,349.4967242380299,IV1;IV2;year_1;Region_1
M0,10,3,47,9,丽水,ce6ca82c326e584d8d688a7bedd72e06f508088c933485bfbfa222c82aab7fd0,33.76567926136365,299.60730630508226,IV1;IV2;year_1;Region_1
M0,10,3,47,12,乐山,ce6ca82c326e584d8d688a7bedd72e06f508088c933485bfbfa222c82aab7fd0,45.02250000000001,252.25226520542864,IV1;IV2;year_1;Region_1
M0,10,3,47,15,佛山,ce6ca82c326e584d8d688a7bedd72e06f508088c933485bfbfa222c82aab7fd0,28.38274488636364,313.17449969269984,IV1;IV2;year_1;Region_1
M0,10,3,47,17,儋州,ce6ca82c326e584d8d688a7bedd72e06f508088c933485bfbfa222c82aab7fd0,539.7352537592891,329.7986855189079,IV1;IV2;year_1;Region_1
M0,10,3,47,38,肇庆,ce6ca82c326e584d8d688a7bedd72e06f508088c933485bfbfa222c82aab7fd0,23.03745340909091,204.36083329816555,IV1;IV2;year_1;Region_1
M0,10,3,47,40,韶关,ce6ca82c326e584d8d688a7bedd72e06f508088c933485bfbfa222c82aab7fd0,547.9050852272727,207.68015083809087,IV1;IV2;year_1;Region_1
M0,10,4,48,0,万宁,ce6ca82c326e584d8d688a7bedd72e06f508088c933485bfbfa222c82aab7fd0,148.9921240384616,336.50031590271163,IV1;IV2;year_1;Region_1
M0,10,4,48,7,中山,ce6ca82c326e584d8d688a7bedd72e06f508088c933485bfbfa222c82aab7fd0,89.11043759098708,156.30119641591295,IV1;IV2;year_1;Region_1
M0,10,4,48,8,临高,ce6ca82c326e584d8d688a7bedd72e06f508088c933485bfbfa222c82aab7fd0,83.80276845703128,360.64567886001396,IV1;IV2;year_1;Region_1
M0,10,4,48,10,义乌,ce6ca82c326e584d8d688a7bedd72e06f508088c933485bfbfa222c82aab7fd0,7288.761349396308,230.59703002360348,IV1;IV2;year_1;Region_1
M0,10,4,48,16,信阳,ce6ca82c326e584d8d688a7bedd72e06f508088c933485bfbfa222c82aab7fd0,244.6035494318183,288.803694892277,IV1;IV2;year_1;Region_1
M0,10,4,48,25,广州,ce6ca82c326e584d8d688a7bedd72e06f508088c933485bfbfa222c82aab7fd0,164.1983198863636,170.9578436004106,IV1;IV2;year_1;Region_1
M0,10,4,48,34,珠海,ce6ca82c326e584d8d688a7bedd72e06f508088c933485bfbfa222c82aab7fd0,1511.786079545455,309.40657961386205,IV1;IV2;year_1;Region_1
M0,10,4,48,36,琼海,ce6ca82c326e584d8d688a7bedd72e06f508088c933485bfbfa222c82aab7fd0,1716.717565054688,275.79704398185373,IV1;IV2;year_1;Region_1
M0,10,5,49,1,上海,ce6ca82c326e584d8d688a7bedd72e06f508088c933485bfbfa222c82aab7fd0,2302.973933396464,506.92268297671836,IV1;IV2;year_1;Region_1
M0,10,5,49,2,上饶,ce6ca82c326e584d8d688a7bedd72e06f508088c933485bfbfa222c82aab7fd0,114.81355125,174.26937352679187,IV1;IV2;year_1;Region_1
M0,10,5,49,21,北海,ce6ca82c326e584d8d688a7bedd72e06f508088c933485bfbfa222c82aab7fd0,318.3245085227273,250.4567011240268,IV1;IV2;year_1;Region_1
M0,10,5,49,22,合肥,ce6ca82c326e584d8d688a7bedd72e06f508088c933485bfbfa222c82aab7fd0,13.19625,329.26629557165376,IV1;IV2;year_1;Region_1
M0,10,5,49,23,定安,ce6ca82c326e584d8d688a7bedd72e06f508088c933485bfbfa222c82aab7fd0,273.4003661931819,262.5357778085276,IV1;IV2;year_1;Region_1
M0,10,5,49,26,惠州,ce6ca82c326e584d8d688a7bedd72e06f508088c933485bfbfa222c82aab7fd0,253.6378448863636,295.995683680748,IV1;IV2;year_1;Region_1
M0,10,5,49,31,深圳,ce6ca82c326e584d8d688a7bedd72e06f508088c933485bfbfa222c82aab7fd0,159.7083409090909,678.852155494263,IV1;IV2;year_1;Region_1
M0,10,5,49,39,陵水,ce6ca82c326e584d8d688a7bedd72e06f508088c933485bfbfa222c82aab7fd0,337.1486134943182,503.07957601154476,IV1;IV2;year_1;Region_1
M0,11,1,50,6,中卫,ce6ca82c326e584d8d688a7bedd72e06f508088c933485bfbfa222c82aab7fd0,31.05198382826678,334.56505013586116,IV1;IV2;year_1;Region_1
M0,11,1,50,10,义乌,ce6ca82c326e584d8d688a7bedd72e06f508088c933485bfbfa222c82aab7fd0,7288.761349396308,419.11969478563293,IV1;IV2;year_1;Region_1
M0,11,1,50,23,定安,ce6ca82c326e584d8d688a7bedd72e06f508088c933485bfbfa222c82aab7fd0,273.4003661931819,267.8006166577193,IV1;IV2;year_1;Region_1
M0,11,1,50,24,屯昌,ce6ca82c326e584d8d688a7bedd72e06f508088c933485bfbfa222c82aab7fd0,273.4003661931819,266.6051319570754,IV1;IV2;year_1;Region_1
M0,11,1,50,25,广州,ce6ca82c326e584d8d688a7bedd72e06f508088c933485bfbfa222c82aab7fd0,164.1983198863636,341.5906730342968,IV1;IV2;year_1;Region_1
M0,11,1,50,27,文昌,ce6ca82c326e584d8d688a7bedd72e06f508088c933485bfbfa222c82aab7fd0,273.4003661931818,308.1949437931587,IV1;IV2;year_1;Region_1
M0,11,1,50,28,昌江,ce6ca82c326e584d8d688a7bedd72e06f508088c933485bfbfa222c82aab7fd0,268.7138254261364,216.1034844007169,IV1;IV2;year_1;Region_1
M0,11,1,50,31,深圳,ce6ca82c326e584d8d688a7bedd72e06f508088c933485bfbfa222c82aab7fd0,159.7083409090909,464.9488536995909,IV1;IV2;year_1;Region_1
M0,11,1,50,35,琼中,ce6ca82c326e584d8d688a7bedd72e06f508088c933485bfbfa222c82aab7fd0,1106.44734375,301.20753344264375,IV1;IV2;year_1;Region_1
M0,11,2,51,0,万宁,ce6ca82c326e584d8d688a7bedd72e06f508088c933485bfbfa222c82aab7fd0,148.9921240384616,616.0254346322857,IV1;IV2;year_1;Region_1
M0,11,2,51,1,上海,ce6ca82c326e584d8d688a7bedd72e06f508088c933485bfbfa222c82aab7fd0,2302.973933396464,457.61626075442086,IV1;IV2;year_1;Region_1
M0,11,2,51,8,临高,ce6ca82c326e584d8d688a7bedd72e06f508088c933485bfbfa222c82aab7fd0,83.80276845703128,431.6775026872398,IV1;IV2;year_1;Region_1
M0,11,2,51,11,乐东,ce6ca82c326e584d8d688a7bedd72e06f508088c933485bfbfa222c82aab7fd0,51.57938057753164,405.3482325084206,IV1;IV2;year_1;Region_1
M0,11,2,51,13,九江,ce6ca82c326e584d8d688a7bedd72e06f508088c933485bfbfa222c82aab7fd0,0.0,313.9600127519635,IV1;IV2;year_1;Region_1
M0,11,2,51,20,北京,ce6ca82c326e584d8d688a7bedd72e06f508088c933485bfbfa222c82aab7fd0,291.2148675426136,622.9999333832199,IV1;IV2;year_1;Region_1
M0,11,2,51,26,惠州,ce6ca82c326e584d8d688a7bedd72e06f508088c933485bfbfa222c82aab7fd0,253.6378448863636,312.85154576946826,IV1;IV2;year_1;Region_1
M0,11,2,51,39,陵水,ce6ca82c326e584d8d688a7bedd72e06f508088c933485bfbfa222c82aab7fd0,337.1486134943182,555.7790549928218,IV1;IV2;year_1;Region_1
M0,11,3,52,9,丽水,ce6ca82c326e584d8d688a7bedd72e06f508088c933485bfbfa222c82aab7fd0,33.76567926136365,254.10212661597572,IV1;IV2;year_1;Region_1
M0,11,3,52,15,佛山,ce6ca82c326e584d8d688a7bedd72e06f508088c933485bfbfa222c82aab7fd0,28.38274488636364,360.51754585179197,IV1;IV2;year_1;Region_1
M0,11,3,52,16,信阳,ce6ca82c326e584d8d688a7bedd72e06f508088c933485bfbfa222c82aab7fd0,244.6035494318183,279.34394945391836,IV1;IV2;year_1;Region_1
M0,11,3,52,17,儋州,ce6ca82c326e584d8d688a7bedd72e06f508088c933485bfbfa222c82aab7fd0,539.7352537592891,274.6814696240196,IV1;IV2;year_1;Region_1
M0,11,3,52,18,六安,ce6ca82c326e584d8d688a7bedd72e06f508088c933485bfbfa222c82aab7fd0,8.639045028409095,289.8160921247741,IV1;IV2;year_1;Region_1
M0,11,3,52,29,汕头,ce6ca82c326e584d8d688a7bedd72e06f508088c933485bfbfa222c82aab7fd0,516.6316193181818,283.51507321279064,IV1;IV2;year_1;Region_1
M0,11,3,52,30,海口,ce6ca82c326e584d8d688a7bedd72e06f508088c933485bfbfa222c82aab7fd0,339.134276349432,424.7424187102783,IV1;IV2;year_1;Region_1
M0,11,3,52,33,澄迈,ce6ca82c326e584d8d688a7bedd72e06f508088c933485bfbfa222c82aab7fd0,647.861484375,279.58514910252353,IV1;IV2;year_1;Region_1
M0,11,4,53,2,上饶,ce6ca82c326e584d8d688a7bedd72e06f508088c933485bfbfa222c82aab7fd0,114.81355125,282.8839858179629,IV1;IV2;year_1;Region_1
M0,11,4,53,3,东方,ce6ca82c326e584d8d688a7bedd72e06f508088c933485bfbfa222c82aab7fd0,266.2529209872159,304.5530699113877,IV1;IV2;year_1;Region_1
M0,11,4,53,12,乐山,ce6ca82c326e584d8d688a7bedd72e06f508088c933485bfbfa222c82aab7fd0,45.02250000000001,316.0896300658279,IV1;IV2;year_1;Region_1
M0,11,4,53,19,兰州,ce6ca82c326e584d8d688a7bedd72e06f508088c933485bfbfa222c82aab7fd0,32.85616429924242,308.4040477806486,IV1;IV2;year_1;Region_1
M0,11,4,53,22,合肥,ce6ca82c326e584d8d688a7bedd72e06f508088c933485bfbfa222c82aab7fd0,13.19625,382.0494737976637,IV1;IV2;year_1;Region_1
M0,11,4,53,34,珠海,ce6ca82c326e584d8d688a7bedd72e06f508088c933485bfbfa222c82aab7fd0,1511.786079545455,570.7422947380607,IV1;IV2;year_1;Region_1
M0,11,4,53,37,白沙,ce6ca82c326e584d8d688a7bedd72e06f508088c933485bfbfa222c82aab7fd0,192.9951366477273,332.6650567228762,IV1;IV2;year_1;Region_1
M0,11,4,53,38,肇庆,ce6ca82c326e584d8d688a7bedd72e06f508088c933485bfbfa222c82aab7fd0,23.03745340909091,292.4916955273746,IV1;IV2;year_1;Region_1
M0,11,5,54,4,东莞,ce6ca82c326e584d8d688a7bedd72e06f508088c933485bfbfa222c82aab7fd0,307.5424744318183,886.4213005264439,IV1;IV2;year_1;Region_1
M0,11,5,54,5,东营,ce6ca82c326e584d8d688a7bedd72e06f508088c933485bfbfa222c82aab7fd0,425.3271014204544,228.66804678621511,IV1;IV2;year_1;Region_1
M0,11,5,54,7,中山,ce6ca82c326e584d8d688a7bedd72e06f508088c933485bfbfa222c82aab7fd0,89.11043759098708,155.42060678063575,IV1;IV2;year_1;Region_1
M0,11,5,54,14,五指山,ce6ca82c326e584d8d688a7bedd72e06f508088c933485bfbfa222c82aab7fd0,273.4003661931818,305.7210792650459,IV1;IV2;year_1;Region_1
M0,11,5,54,21,北海,ce6ca82c326e584d8d688a7bedd72e06f508088c933485bfbfa222c82aab7fd0,318.3245085227273,155.97866246904087,IV1;IV2;year_1;Region_1
M0,11,5,54,32,清远,ce6ca82c326e584d8d688a7bedd72e06f508088c933485bfbfa222c82aab7fd0,375.720028409091,184.14247920882926,IV1;IV2;year_1;Region_1
M0,11,5,54,36,琼海,ce6ca82c326e584d8d688a7bedd72e06f508088c933485bfbfa222c82aab7fd0,1716.717565054688,262.27701934223387,IV1;IV2;year_1;Region_1
M0,11,5,54,40,韶关,ce6ca82c326e584d8d688a7bedd72e06f508088c933485bfbfa222c82aab7fd0,547.9050852272727,112.66007321997243,IV1;IV2;year_1;Region_1
M0,12,1,55,7,中山,ce6ca82c326e584d8d688a7bedd72e06f508088c933485bfbfa222c82aab7fd0,89.11043759098708,158.330561538852,IV1;IV2;year_1;Region_1
M0,12,1,55,8,临高,ce6ca82c326e584d8d688a7bedd72e06f508088c933485bfbfa222c82aab7fd0,83.80276845703128,325.8997258780135,IV1;IV2;year_1;Region_1
M0,12,1,55,10,义乌,ce6ca82c326e584d8d688a7bedd72e06f508088c933485bfbfa222c82aab7fd0,7288.761349396308,383.68723255893553,IV1;IV2;year_1;Region_1
M0,12,1,55,12,乐山,ce6ca82c326e584d8d688a7bedd72e06f508088c933485bfbfa222c82aab7fd0,45.02250000000001,228.29164389582104,IV1;IV2;year_1;Region_1
M0,12,1,55,17,儋州,ce6ca82c326e584d8d688a7bedd72e06f508088c933485bfbfa222c82aab7fd0,539.7352537592891,325.7488656991782,IV1;IV2;year_1;Region_1
M0,12,1,55,23,定安,ce6ca82c326e584d8d688a7bedd72e06f508088c933485bfbfa222c82aab7fd0,273.4003661931819,283.4079853754829,IV1;IV2;year_1;Region_1
M0,12,1,55,26,惠州,ce6ca82c326e584d8d688a7bedd72e06f508088c933485bfbfa222c82aab7fd0,253.6378448863636,263.85418981596285,IV1;IV2;year_1;Region_1
M0,12,1,55,33,澄迈,ce6ca82c326e584d8d688a7bedd72e06f508088c933485bfbfa222c82aab7fd0,647.861484375,312.69625535727147,IV1;IV2;year_1;Region_1
M0,12,1,55,37,白沙,ce6ca82c326e584d8d688a7bedd72e06f508088c933485bfbfa222c82aab7fd0,192.9951366477273,297.9916504564555,IV1;IV2;year_1;Region_1
M0,12,2,56,1,上海,ce6ca82c326e584d8d688a7bedd72e06f508088c933485bfbfa222c82aab7fd0,2302.973933396464,439.6269484134925,IV1;IV2;year_1;Region_1
M0,12,2,56,5,东营,ce6ca82c326e584d8d688a7bedd72e06f508088c933485bfbfa222c82aab7fd0,425.3271014204544,279.67833373832264,IV1;IV2;year_1;Region_1
M0,12,2,56,9,丽水,ce6ca82c326e584d8d688a7bedd72e06f508088c933485bfbfa222c82aab7fd0,33.76567926136365,194.6255029494949,IV1;IV2;year_1;Region_1
M0,12,2,56,18,六安,ce6ca82c326e584d8d688a7bedd72e06f508088c933485bfbfa222c82aab7fd0,8.639045028409095,261.42244878426004,IV1;IV2;year_1;Region_1
M0,12,2,56,24,屯昌,ce6ca82c326e584d8d688a7bedd72e06f508088c933485bfbfa222c82aab7fd0,273.4003661931819,254.40324314404612,IV1;IV2;year_1;Region_1
M0,12,2,56,30,海口,ce6ca82c326e584d8d688a7bedd72e06f508088c933485bfbfa222c82aab7fd0,339.134276349432,362.92701085792646,IV1;IV2;year_1;Region_1
M0,12,2,56,32,清远,ce6ca82c326e584d8d688a7bedd72e06f508088c933485bfbfa222c82aab7fd0,375.720028409091,255.09436327802558,IV1;IV2;year_1;Region_1
M0,12,2,56,35,琼中,ce6ca82c326e584d8d688a7bedd72e06f508088c933485bfbfa222c82aab7fd0,1106.44734375,268.50262453483066,IV1;IV2;year_1;Region_1
M0,12,3,57,0,万宁,ce6ca82c326e584d8d688a7bedd72e06f508088c933485bfbfa222c82aab7fd0,148.9921240384616,369.5424400113011,IV1;IV2;year_1;Region_1
M0,12,3,57,3,东方,ce6ca82c326e584d8d688a7bedd72e06f508088c933485bfbfa222c82aab7fd0,266.2529209872159,286.01602008133824,IV1;IV2;year_1;Region_1
M0,12,3,57,6,中卫,ce6ca82c326e584d8d688a7bedd72e06f508088c933485bfbfa222c82aab7fd0,31.05198382826678,309.78755084886217,IV1;IV2;year_1;Region_1
M0,12,3,57,20,北京,ce6ca82c326e584d8d688a7bedd72e06f508088c933485bfbfa222c82aab7fd0,291.2148675426136,541.8536953564129,IV1;IV2;year_1;Region_1
M0,12,3,57,22,合肥,ce6ca82c326e584d8d688a7bedd72e06f508088c933485bfbfa222c82aab7fd0,13.19625,214.28098251283984,IV1;IV2;year_1;Region_1
M0,12,3,57,29,汕头,ce6ca82c326e584d8d688a7bedd72e06f508088c933485bfbfa222c82aab7fd0,516.6316193181818,253.533518902753,IV1;IV2;year_1;Region_1
M0,12,3,57,34,珠海,ce6ca82c326e584d8d688a7bedd72e06f508088c933485bfbfa222c82aab7fd0,1511.786079545455,604.7176806105596,IV1;IV2;year_1;Region_1
M0,12,3,57,36,琼海,ce6ca82c326e584d8d688a7bedd72e06f508088c933485bfbfa222c82aab7fd0,1716.717565054688,288.1929158911726,IV1;IV2;year_1;Region_1
M0,12,4,58,13,九江,ce6ca82c326e584d8d688a7bedd72e06f508088c933485bfbfa222c82aab7fd0,0.0,339.3465036678768,IV1;IV2;year_1;Region_1
M0,12,4,58,14,五指山,ce6ca82c326e584d8d688a7bedd72e06f508088c933485bfbfa222c82aab7fd0,273.4003661931818,365.1247551369202,IV1;IV2;year_1;Region_1
M0,12,4,58,16,信阳,ce6ca82c326e584d8d688a7bedd72e06f508088c933485bfbfa222c82aab7fd0,244.6035494318183,315.9795291651563,IV1;IV2;year_1;Region_1
M0,12,4,58,19,兰州,ce6ca82c326e584d8d688a7bedd72e06f508088c933485bfbfa222c82aab7fd0,32.85616429924242,292.0201431947721,IV1;IV2;year_1;Region_1
M0,12,4,58,27,文昌,ce6ca82c326e584d8d688a7bedd72e06f508088c933485bfbfa222c82aab7fd0,273.4003661931818,384.7143688553328,IV1;IV2;year_1;Region_1
M0,12,4,58,31,深圳,ce6ca82c326e584d8d688a7bedd72e06f508088c933485bfbfa222c82aab7fd0,159.7083409090909,865.0958962181517,IV1;IV2;year_1;Region_1
M0,12,4,58,38,肇庆,ce6ca82c326e584d8d688a7bedd72e06f508088c933485bfbfa222c82aab7fd0,23.03745340909091,166.71906846038456,IV1;IV2;year_1;Region_1
M0,12,4,58,40,韶关,ce6ca82c326e584d8d688a7bedd72e06f508088c933485bfbfa222c82aab7fd0,547.9050852272727,171.95152963224234,IV1;IV2;year_1;Region_1
M0,12,5,59,2,上饶,ce6ca82c326e584d8d688a7bedd72e06f508088c933485bfbfa222c82aab7fd0,114.81355125,203.9674505094783,IV1;IV2;year_1;Region_1
M0,12,5,59,4,东莞,ce6ca82c326e584d8d688a7bedd72e06f508088c933485bfbfa222c82aab7fd0,307.5424744318183,961.1057650465226,IV1;IV2;year_1;Region_1
M0,12,5,59,11,乐东,ce6ca82c326e584d8d688a7bedd72e06f508088c933485bfbfa222c82aab7fd0,51.57938057753164,336.76206808254193,IV1;IV2;year_1;Region_1
M0,12,5,59,15,佛山,ce6ca82c326e584d8d688a7bedd72e06f508088c933485bfbfa222c82aab7fd0,28.38274488636364,447.7667803681572,IV1;IV2;year_1;Region_1
M0,12,5,59,21,北海,ce6ca82c326e584d8d688a7bedd72e06f508088c933485bfbfa222c82aab7fd0,318.3245085227273,244.8677224374376,IV1;IV2;year_1;Region_1
M0,12,5,59,25,广州,ce6ca82c326e584d8d688a7bedd72e06f508088c933485bfbfa222c82aab7fd0,164.1983198863636,794.7025610087737,IV1;IV2;year_1;Region_1
M0,12,5,59,28,昌江,ce6ca82c326e584d8d688a7bedd72e06f508088c933485bfbfa222c82aab7fd0,268.7138254261364,258.0675188043159,IV1;IV2;year_1;Region_1
M0,12,5,59,39,陵水,ce6ca82c326e584d8d688a7bedd72e06f508088c933485bfbfa222c82aab7fd0,337.1486134943182,541.0091778379499,IV1;IV2;year_1;Region_1
M0,13,1,60,5,东营,ce6ca82c326e584d8d688a7bedd72e06f508088c933485bfbfa222c82aab7fd0,425.3271014204544,319.0385374021907,IV1;IV2;year_1;Region_1
M0,13,1,60,6,中卫,ce6ca82c326e584d8d688a7bedd72e06f508088c933485bfbfa222c82aab7fd0,31.05198382826678,343.3362282641473,IV1;IV2;year_1;Region_1
M0,13,1,60,8,临高,ce6ca82c326e584d8d688a7bedd72e06f508088c933485bfbfa222c82aab7fd0,83.80276845703128,400.25857131227826,IV1;IV2;year_1;Region_1
M0,13,1,60,16,信阳,ce6ca82c326e584d8d688a7bedd72e06f508088c933485bfbfa222c82aab7fd0,244.6035494318183,320.5273207100031,IV1;IV2;year_1;Region_1
M0,13,1,60,22,合肥,ce6ca82c326e584d8d688a7bedd72e06f508088c933485bfbfa222c82aab7fd0,13.19625,232.24309718793342,IV1;IV2;year_1;Region_1
M0,13,1,60,24,屯昌,ce6ca82c326e584d8d688a7bedd72e06f508088c933485bfbfa222c82aab7fd0,273.4003661931819,323.7617670352153,IV1;IV2;year_1;Region_1
M0,13,1,60,28,昌江,ce6ca82c326e584d8d688a7bedd72e06f508088c933485bfbfa222c82aab7fd0,268.7138254261364,227.09079479404585,IV1;IV2;year_1;Region_1
M0,13,1,60,36,琼海,ce6ca82c326e584d8d688a7bedd72e06f508088c933485bfbfa222c82aab7fd0,1716.717565054688,294.76621599630306,IV1;IV2;year_1;Region_1
M0,13,1,60,39,陵水,ce6ca82c326e584d8d688a7bedd72e06f508088c933485bfbfa222c82aab7fd0,337.1486134943182,342.88533561428454,IV1;IV2;year_1;Region_1
M0,13,2,61,9,丽水,ce6ca82c326e584d8d688a7bedd72e06f508088c933485bfbfa222c82aab7fd0,33.76567926136365,258.1437401877175,IV1;IV2;year_1;Region_1
M0,13,2,61,12,乐山,ce6ca82c326e584d8d688a7bedd72e06f508088c933485bfbfa222c82aab7fd0,45.02250000000001,239.08526328415172,IV1;IV2;year_1;Region_1
M0,13,2,61,13,九江,ce6ca82c326e584d8d688a7bedd72e06f508088c933485bfbfa222c82aab7fd0,0.0,330.1089432618799,IV1;IV2;year_1;Region_1
M0,13,2,61,14,五指山,ce6ca82c326e584d8d688a7bedd72e06f508088c933485bfbfa222c82aab7fd0,273.4003661931818,335.7912707264565,IV1;IV2;year_1;Region_1
M0,13,2,61,20,北京,ce6ca82c326e584d8d688a7bedd72e06f508088c933485bfbfa222c82aab7fd0,291.2148675426136,798.9997145737699,IV1;IV2;year_1;Region_1
M0,13,2,61,21,北海,ce6ca82c326e584d8d688a7bedd72e06f508088c933485bfbfa222c82aab7fd0,318.3245085227273,254.8725502169517,IV1;IV2;year_1;Region_1
M0,13,2,61,30,海口,ce6ca82c326e584d8d688a7bedd72e06f508088c933485bfbfa222c82aab7fd0,339.134276349432,402.13412358429963,IV1;IV2;year_1;Region_1
M0,13,2,61,35,琼中,ce6ca82c326e584d8d688a7bedd72e06f508088c933485bfbfa222c82aab7fd0,1106.44734375,277.067465214423,IV1;IV2;year_1;Region_1
M0,13,3,62,7,中山,ce6ca82c326e584d8d688a7bedd72e06f508088c933485bfbfa222c82aab7fd0,89.11043759098708,166.26748015509406,IV1;IV2;year_1;Region_1
M0,13,3,62,10,义乌,ce6ca82c326e584d8d688a7bedd72e06f508088c933485bfbfa222c82aab7fd0,7288.761349396308,274.73155544884895,IV1;IV2;year_1;Region_1
M0,13,3,62,18,六安,ce6ca82c326e584d8d688a7bedd72e06f508088c933485bfbfa222c82aab7fd0,8.639045028409095,247.80386913316067,IV1;IV2;year_1;Region_1
M0,13,3,62,25,广州,ce6ca82c326e584d8d688a7bedd72e06f508088c933485bfbfa222c82aab7fd0,164.1983198863636,196.75160638049385,IV1;IV2;year_1;Region_1
M0,13,3,62,29,汕头,ce6ca82c326e584d8d688a7bedd72e06f508088c933485bfbfa222c82aab7fd0,516.6316193181818,228.16419034484753,IV1;IV2;year_1;Region_1
M0,13,3,62,33,澄迈,ce6ca82c326e584d8d688a7bedd72e06f508088c933485bfbfa222c82aab7fd0,647.861484375,251.20541570562528,IV1;IV2;year_1;Region_1
M0,13,3,62,34,珠海,ce6ca82c326e584d8d688a7bedd72e06f508088c933485bfbfa222c82aab7fd0,1511.786079545455,302.2820819205032,IV1;IV2;year_1;Region_1
M0,13,3,62,40,韶关,ce6ca82c326e584d8d688a7bedd72e06f508088c933485bfbfa222c82aab7fd0,547.9050852272727,150.99362984309747,IV1;IV2;year_1;Region_1
M0,13,4,63,0,万宁,ce6ca82c326e584d8d688a7bedd72e06f508088c933485bfbfa222c82aab7fd0,148.9921240384616,485.33738650144824,IV1;IV2;year_1;Region_1
M0,13,4,63,2,上饶,ce6ca82c326e584d8d688a7bedd72e06f508088c933485bfbfa222c82aab7fd0,114.81355125,170.65675005363642,IV1;IV2;year_1;Region_1
M0,13,4,63,11,乐东,ce6ca82c326e584d8d688a7bedd72e06f508088c933485bfbfa222c82aab7fd0,51.57938057753164,368.12317246302206,IV1;IV2;year_1;Region_1
M0,13,4,63,17,儋州,ce6ca82c326e584d8d688a7bedd72e06f508088c933485bfbfa222c82aab7fd0,539.7352537592891,368.2715105132238,IV1;IV2;year_1;Region_1
M0,13,4,63,19,兰州,ce6ca82c326e584d8d688a7bedd72e06f508088c933485bfbfa222c82aab7fd0,32.85616429924242,308.9042306214885,IV1;IV2;year_1;Region_1
M0,13,4,63,26,惠州,ce6ca82c326e584d8d688a7bedd72e06f508088c933485bfbfa222c82aab7fd0,253.6378448863636,324.19912649066885,IV1;IV2;year_1;Region_1
M0,13,4,63,32,清远,ce6ca82c326e584d8d688a7bedd72e06f508088c933485bfbfa222c82aab7fd0,375.720028409091,252.8539678030641,IV1;IV2;year_1;Region_1
M0,13,4,63,37,白沙,ce6ca82c326e584d8d688a7bedd72e06f508088c933485bfbfa222c82aab7fd0,192.9951366477273,315.0524287796215,IV1;IV2;year_1;Region_1
M0,13,5,64,1,上海,ce6ca82c326e584d8d688a7bedd72e06f508088c933485bfbfa222c82aab7fd0,2302.973933396464,554.0158068573838,IV1;IV2;year_1;Region_1
M0,13,5,64,3,东方,ce6ca82c326e584d8d688a7bedd72e06f508088c933485bfbfa222c82aab7fd0,266.2529209872159,303.34168543077556,IV1;IV2;year_1;Region_1
M0,13,5,64,4,东莞,ce6ca82c326e584d8d688a7bedd72e06f508088c933485bfbfa222c82aab7fd0,307.5424744318183,696.8964478774848,IV1;IV2;year_1;Region_1
M0,13,5,64,15,佛山,ce6ca82c326e584d8d688a7bedd72e06f508088c933485bfbfa222c82aab7fd0,28.38274488636364,352.0742736241877,IV1;IV2;year_1;Region_1
M0,13,5,64,23,定安,ce6ca82c326e584d8d688a7bedd72e06f508088c933485bfbfa222c82aab7fd0,273.4003661931819,258.95274509192586,IV1;IV2;year_1;Region_1
M0,13,5,64,27,文昌,ce6ca82c326e584d8d688a7bedd72e06f508088c933485bfbfa222c82aab7fd0,273.4003661931818,350.8915645540747,IV1;IV2;year_1;Region_1
M0,13,5,64,31,深圳,ce6ca82c326e584d8d688a7bedd72e06f508088c933485bfbfa222c82aab7fd0,159.7083409090909,708.1467255765969,IV1;IV2;year_1;Region_1
M0,13,5,64,38,肇庆,ce6ca82c326e584d8d688a7bedd72e06f508088c933485bfbfa222c82aab7fd0,23.03745340909091,170.18938125421323,IV1;IV2;year_1;Region_1
M0,14,1,65,1,上海,ce6ca82c326e584d8d688a7bedd72e06f508088c933485bfbfa222c82aab7fd0,2302.973933396464,460.3485035453321,IV1;IV2;year_1;Region_1
M0,14,1,65,5,东营,ce6ca82c326e584d8d688a7bedd72e06f508088c933485bfbfa222c82aab7fd0,425.3271014204544,255.32766773517156,IV1;IV2;year_1;Region_1
M0,14,1,65,7,中山,ce6ca82c326e584d8d688a7bedd72e06f508088c933485bfbfa222c82aab7fd0,89.11043759098708,249.37455214222908,IV1;IV2;year_1;Region_1
M0,14,1,65,14,五指山,ce6ca82c326e584d8d688a7bedd72e06f508088c933485bfbfa222c82aab7fd0,273.4003661931818,301.5289295870021,IV1;IV2;year_1;Region_1
M0,14,1,65,18,六安,ce6ca82c326e584d8d688a7bedd72e06f508088c933485bfbfa222c82aab7fd0,8.639045028409095,262.43383126665515,IV1;IV2;year_1;Region_1
M0,14,1,65,21,北海,ce6ca82c326e584d8d688a7bedd72e06f508088c933485bfbfa222c82aab7fd0,318.3245085227273,211.2013326537741,IV1;IV2;year_1;Region_1
M0,14,1,65,31,深圳,ce6ca82c326e584d8d688a7bedd72e06f508088c933485bfbfa222c82aab7fd0,159.7083409090909,622.8009226030354,IV1;IV2;year_1;Region_1
M0,14,1,65,32,清远,ce6ca82c326e584d8d688a7bedd72e06f508088c933485bfbfa222c82aab7fd0,375.720028409091,250.97247581791095,IV1;IV2;year_1;Region_1
M0,14,1,65,35,琼中,ce6ca82c326e584d8d688a7bedd72e06f508088c933485bfbfa222c82aab7fd0,1106.44734375,254.68052210711127,IV1;IV2;year_1;Region_1
M0,14,2,66,0,万宁,ce6ca82c326e584d8d688a7bedd72e06f508088c933485bfbfa222c82aab7fd0,148.9921240384616,534.5414628216341,IV1;IV2;year_1;Region_1
M0,14,2,66,11,乐东,ce6ca82c326e584d8d688a7bedd72e06f508088c933485bfbfa222c82aab7fd0,51.57938057753164,402.1930609562688,IV1;IV2;year_1;Region_1
M0,14,2,66,12,乐山,ce6ca82c326e584d8d688a7bedd72e06f508088c933485bfbfa222c82aab7fd0,45.02250000000001,252.73543209625376,IV1;IV2;year_1;Region_1
M0,14,2,66,13,九江,ce6ca82c326e584d8d688a7bedd72e06f508088c933485bfbfa222c82aab7fd0,0.0,354.68949820618997,IV1;IV2;year_1;Region_1
M0,14,2,66,19,兰州,ce6ca82c326e584d8d688a7bedd72e06f508088c933485bfbfa222c82aab7fd0,32.85616429924242,302.75014243471185,IV1;IV2;year_1;Region_1
M0,14,2,66,22,合肥,ce6ca82c326e584d8d688a7bedd72e06f508088c933485bfbfa222c82aab7fd0,13.19625,295.028125963895,IV1;IV2;year_1;Region_1
M0,14,2,66,26,惠州,ce6ca82c326e584d8d688a7bedd72e06f508088c933485bfbfa222c82aab7fd0,253.6378448863636,343.1781997646767,IV1;IV2;year_1;Region_1
M0,14,2,66,27,文昌,ce6ca82c326e584d8d688a7bedd72e06f508088c933485bfbfa222c82aab7fd0,273.4003661931818,430.71454257632865,IV1;IV2;year_1;Region_1
M0,14,3,67,2,上饶,ce6ca82c326e584d8d688a7bedd72e06f508088c933485bfbfa222c82aab7fd0,114.81355125,179.13012665412893,IV1;IV2;year_1;Region_1
M0,14,3,67,15,佛山,ce6ca82c326e584d8d688a7bedd72e06f508088c933485bfbfa222c82aab7fd0,28.38274488636364,357.70533104830673,IV1;IV2;year_1;Region_1
M0,14,3,67,16,信阳,ce6ca82c326e584d8d688a7bedd72e06f508088c933485bfbfa222c82aab7fd0,244.6035494318183,285.42748089727405,IV1;IV2;year_1;Region_1
M0,14,3,67,17,儋州,ce6ca82c326e584d8d688a7bedd72e06f508088c933485bfbfa222c82aab7fd0,539.7352537592891,277.6411394511405,IV1;IV2;year_1;Region_1
M0,14,3,67,29,汕头,ce6ca82c326e584d8d688a7bedd72e06f508088c933485bfbfa222c82aab7fd0,516.6316193181818,278.9039142933681,IV1;IV2;year_1;Region_1
M0,14,3,67,30,海口,ce6ca82c326e584d8d688a7bedd72e06f508088c933485bfbfa222c82aab7fd0,339.134276349432,439.6340643543002,IV1;IV2;year_1;Region_1
M0,14,3,67,37,白沙,ce6ca82c326e584d8d688a7bedd72e06f508088c933485bfbfa222c82aab7fd0,192.9951366477273,281.70259646777214,IV1;IV2;year_1;Region_1
M0,14,3,67,39,陵水,ce6ca82c326e584d8d688a7bedd72e06f508088c933485bfbfa222c82aab7fd0,337.1486134943182,468.74292264000525,IV1;IV2;year_1;Region_1
M0,14,4,68,4,东莞,ce6ca82c326e584d8d688a7bedd72e06f508088c933485bfbfa222c82aab7fd0,307.5424744318183,689.5383104522253,IV1;IV2;year_1;Region_1
M0,14,4,68,8,临高,ce6ca82c326e584d8d688a7bedd72e06f508088c933485bfbfa222c82aab7fd0,83.80276845703128,334.14974869467295,IV1;IV2;year_1;Region_1
M0,14,4,68,20,北京,ce6ca82c326e584d8d688a7bedd72e06f508088c933485bfbfa222c82aab7fd0,291.2148675426136,656.8078386507214,IV1;IV2;year_1;Region_1
M0,14,4,68,23,定安,ce6ca82c326e584d8d688a7bedd72e06f508088c933485bfbfa222c82aab7fd0,273.4003661931819,240.0328774259438,IV1;IV2;year_1;Region_1
M0,14,4,68,34,珠海,ce6ca82c326e584d8d688a7bedd72e06f508088c933485bfbfa222c82aab7fd0,1511.786079545455,681.1014720310745,IV1;IV2;year_1;Region_1
M0,14,4,68,36,琼海,ce6ca82c326e584d8d688a7bedd72e06f508088c933485bfbfa222c82aab7fd0,1716.717565054688,252.71375860095134,IV1;IV2;year_1;Region_1
M0,14,4,68,38,肇庆,ce6ca82c326e584d8d688a7bedd72e06f508088c933485bfbfa222c82aab7fd0,23.03745340909091,127.52044930189194,IV1;IV2;year_1;Region_1
M0,14,4,68,40,韶关,ce6ca82c326e584d8d688a7bedd72e06f508088c933485bfbfa222c82aab7fd0,547.9050852272727,143.39243123809223,IV1;IV2;year_1;Region_1
M0,14,5,69,3,东方,ce6ca82c326e584d8d688a7bedd72e06f508088c933485bfbfa222c82aab7fd0,266.2529209872159,319.7744286645255,IV1;IV2;year_1;Region_1
M0,14,5,69,6,中卫,ce6ca82c326e584d8d688a7bedd72e06f508088c933485bfbfa222c82aab7fd0,31.05198382826678,342.99099036565815,IV1;IV2;year_1;Region_1
M0,14,5,69,9,丽水,ce6ca82c326e584d8d688a7bedd72e06f508088c933485bfbfa222c82aab7fd0,33.76567926136365,268.38897258705003,IV1;IV2;year_1;Region_1
M0,14,5,69,10,义乌,ce6ca82c326e584d8d688a7bedd72e06f508088c933485bfbfa222c82aab7fd0,7288.761349396308,379.54301262545175,IV1;IV2;year_1;Region_1
M0,14,5,69,24,屯昌,ce6ca82c326e584d8d688a7bedd72e06f508088c933485bfbfa222c82aab7fd0,273.4003661931819,316.0441027854851,IV1;IV2;year_1;Region_1
M0,14,5,69,25,广州,ce6ca82c326e584d8d688a7bedd72e06f508088c933485bfbfa222c82aab7fd0,164.1983198863636,331.2560105789446,IV1;IV2;year_1;Region_1
M0,14,5,69,28,昌江,ce6ca82c326e584d8d688a7bedd72e06f508088c933485bfbfa222c82aab7fd0,268.7138254261364,210.2755137335622,IV1;IV2;year_1;Region_1
M0,14,5,69,33,澄迈,ce6ca82c326e584d8d688a7bedd72e06f508088c933485bfbfa222c82aab7fd0,647.861484375,336.29476505721266,IV1;IV2;year_1;Region_1
M0,15,1,70,0,万宁,ce6ca82c326e584d8d688a7bedd72e06f508088c933485bfbfa222c82aab7fd0,148.9921240384616,340.9055209087628,IV1;IV2;year_1;Region_1
M0,15,1,70,1,上海,ce6ca82c326e584d8d688a7bedd72e06f508088c933485bfbfa222c82aab7fd0,2302.973933396464,166.00014210483485,IV1;IV2;year_1;Region_1
M0,15,1,70,5,东营,ce6ca82c326e584d8d688a7bedd72e06f508088c933485bfbfa222c82aab7fd0,425.3271014204544,270.15134462192646,IV1;IV2;year_1;Region_1
M0,15,1,70,7,中山,ce6ca82c326e584d8d688a7bedd72e06f508088c933485bfbfa222c82aab7fd0,89.11043759098708,154.54223152912598,IV1;IV2;year_1;Region_1
M0,15,1,70,10,义乌,ce6ca82c326e584d8d688a7bedd72e06f508088c933485bfbfa222c82aab7fd0,7288.761349396308,215.40084947814992,IV1;IV2;year_1;Region_1
M0,15,1,70,16,信阳,ce6ca82c326e584d8d688a7bedd72e06f508088c933485bfbfa222c82aab7fd0,244.6035494318183,280.6471095123811,IV1;IV2;year_1;Region_1
M0,15,1,70,21,北海,ce6ca82c326e584d8d688a7bedd72e06f508088c933485bfbfa222c82aab7fd0,318.3245085227273,189.93692052458,IV1;IV2;year_1;Region_1
M0,15,1,70,24,屯昌,ce6ca82c326e584d8d688a7bedd72e06f508088c933485bfbfa222c82aab7fd0,273.4003661931819,275.92924251058906,IV1;IV2;year_1;Region_1
M0,15,1,70,34,珠海,ce6ca82c326e584d8d688a7bedd72e06f508088c933485bfbfa222c82aab7fd0,1511.786079545455,287.07788551018547,IV1;IV2;year_1;Region_1
M0,15,2,71,9,丽水,ce6ca82c326e584d8d688a7bedd72e06f508088c933485bfbfa222c82aab7fd0,33.76567926136365,302.56752661394484,IV1;IV2;year_1;Region_1
M0,15,2,71,17,儋州,ce6ca82c326e584d8d688a7bedd72e06f508088c933485bfbfa222c82aab7fd0,539.7352537592891,294.2020161691789,IV1;IV2;year_1;Region_1
M0,15,2,71,22,合肥,ce6ca82c326e584d8d688a7bedd72e06f508088c933485bfbfa222c82aab7fd0,13.19625,343.03345676858373,IV1;IV2;year_1;Region_1
M0,15,2,71,23,定安,ce6ca82c326e584d8d688a7bedd72e06f508088c933485bfbfa222c82aab7fd0,273.4003661931819,263.3890265777293,IV1;IV2;year_1;Region_1
M0,15,2,71,26,惠州,ce6ca82c326e584d8d688a7bedd72e06f508088c933485bfbfa222c82aab7fd0,253.6378448863636,352.198338572276,IV1;IV2;year_1;Region_1
M0,15,2,71,28,昌江,ce6ca82c326e584d8d688a7bedd72e06f508088c933485bfbfa222c82aab7fd0,268.7138254261364,185.97752051118962,IV1;IV2;year_1;Region_1
M0,15,2,71,31,深圳,ce6ca82c326e584d8d688a7bedd72e06f508088c933485bfbfa222c82aab7fd0,159.7083409090909,817.2724296167612,IV1;IV2;year_1;Region_1
M0,15,2,71,40,韶关,ce6ca82c326e584d8d688a7bedd72e06f508088c933485bfbfa222c82aab7fd0,547.9050852272727,144.65576629098814,IV1;IV2;year_1;Region_1
M0,15,3,72,2,上饶,ce6ca82c326e584d8d688a7bedd72e06f508088c933485bfbfa222c82aab7fd0,114.81355125,181.90443917980474,IV1;IV2;year_1;Region_1
M0,15,3,72,3,东方,ce6ca82c326e584d8d688a7bedd72e06f508088c933485bfbfa222c82aab7fd0,266.2529209872159,267.8877142721494,IV1;IV2;year_1;Region_1
M0,15,3,72,4,东莞,ce6ca82c326e584d8d688a7bedd72e06f508088c933485bfbfa222c82aab7fd0,307.5424744318183,961.8083849010304,IV1;IV2;year_1;Region_1
M0,15,3,72,20,北京,ce6ca82c326e584d8d688a7bedd72e06f508088c933485bfbfa222c82aab7fd0,291.2148675426136,883.4133657501876,IV1;IV2;year_1;Region_1
M0,15,3,72,29,汕头,ce6ca82c326e584d8d688a7bedd72e06f508088c933485bfbfa222c82aab7fd0,516.6316193181818,255.63123603786474,IV1;IV2;year_1;Region_1
M0,15,3,72,32,清远,ce6ca82c326e584d8d688a7bedd72e06f508088c933485bfbfa222c82aab7fd0,375.720028409091,214.870628405664,IV1;IV2;year_1;Region_1
M0,15,3,72,33,澄迈,ce6ca82c326e584d8d688a7bedd72e06f508088c933485bfbfa222c82aab7fd0,647.861484375,262.2315611843051,IV1;IV2;year_1;Region_1
M0,15,3,72,38,肇庆,ce6ca82c326e584d8d688a7bedd72e06f508088c933485bfbfa222c82aab7fd0,23.03745340909091,189.7810758594298,IV1;IV2;year_1;Region_1
M0,15,4,73,13,九江,ce6ca82c326e584d8d688a7bedd72e06f508088c933485bfbfa222c82aab7fd0,0.0,355.73760984886667,IV1;IV2;year_1;Region_1
M0,15,4,73,14,五指山,ce6ca82c326e584d8d688a7bedd72e06f508088c933485bfbfa222c82aab7fd0,273.4003661931818,302.47181335805317,IV1;IV2;year_1;Region_1
M0,15,4,73,15,佛山,ce6ca82c326e584d8d688a7bedd72e06f508088c933485bfbfa222c82aab7fd0,28.38274488636364,325.7813361075583,IV1;IV2;year_1;Region_1
M0,15,4,73,19,兰州,ce6ca82c326e584d8d688a7bedd72e06f508088c933485bfbfa222c82aab7fd0,32.85616429924242,302.6030150297009,IV1;IV2;year_1;Region_1
M0,15,4,73,25,广州,ce6ca82c326e584d8d688a7bedd72e06f508088c933485bfbfa222c82aab7fd0,164.1983198863636,686.9625229588587,IV1;IV2;year_1;Region_1
M0,15,4,73,27,文昌,ce6ca82c326e584d8d688a7bedd72e06f508088c933485bfbfa222c82aab7fd0,273.4003661931818,344.577496497245,IV1;IV2;year_1;Region_1
M0,15,4,73,30,海口,ce6ca82c326e584d8d688a7bedd72e06f508088c933485bfbfa222c82aab7fd0,339.134276349432,365.3298987559176,IV1;IV2;year_1;Region_1
M0,15,4,73,36,琼海,ce6ca82c326e584d8d688a7bedd72e06f508088c933485bfbfa222c82aab7fd0,1716.717565054688,287.4851946202925,IV1;IV2;year_1;Region_1
M0,15,5,74,6,中卫,ce6ca82c326e584d8d688a7bedd72e06f508088c933485bfbfa222c82aab7fd0,31.05198382826678,364.9719351740379,IV1;IV2;year_1;Region_1
M0,15,5,74,8,临高,ce6ca82c326e584d8d688a7bedd72e06f508088c933485bfbfa222c82aab7fd0,83.80276845703128,358.80192378016164,IV1;IV2;year_1;Region_1
M0,15,5,74,11,乐东,ce6ca82c326e584d8d688a7bedd72e06f508088c933485bfbfa222c82aab7fd0,51.57938057753164,330.94179095711553,IV1;IV2;year_1;Region_1
M0,15,5,74,12,乐山,ce6ca82c326e584d8d688a7bedd72e06f508088c933485bfbfa222c82aab7fd0,45.02250000000001,289.4245622637435,IV1;IV2;year_1;Region_1
M0,15,5,74,18,六安,ce6ca82c326e584d8d688a7bedd72e06f508088c933485bfbfa222c82aab7fd0,8.639045028409095,334.60393510483544,IV1;IV2;year_1;Region_1
M0,15,5,74,35,琼中,ce6ca82c326e584d8d688a7bedd72e06f508088c933485bfbfa222c82aab7fd0,1106.44734375,346.974529039073,IV1;IV2;year_1;Region_1
M0,15,5,74,37,白沙,ce6ca82c326e584d8d688a7bedd72e06f508088c933485bfbfa222c82aab7fd0,192.9951366477273,353.566960249676,IV1;IV2;year_1;Region_1
M0,15,5,74,39,陵水,ce6ca82c326e584d8d688a7bedd72e06f508088c933485bfbfa222c82aab7fd0,337.1486134943182,463.9970175245764,IV1;IV2;year_1;Region_1
M0,16,1,75,13,九江,ce6ca82c326e584d8d688a7bedd72e06f508088c933485bfbfa222c82aab7fd0,0.0,289.04034827207613,IV1;IV2;year_1;Region_1
M0,16,1,75,22,合肥,ce6ca82c326e584d8d688a7bedd72e06f508088c933485bfbfa222c82aab7fd0,13.19625,340.29002304559634,IV1;IV2;year_1;Region_1
M0,16,1,75,25,广州,ce6ca82c326e584d8d688a7bedd72e06f508088c933485bfbfa222c82aab7fd0,164.1983198863636,582.5494408128116,IV1;IV2;year_1;Region_1
M0,16,1,75,27,文昌,ce6ca82c326e584d8d688a7bedd72e06f508088c933485bfbfa222c82aab7fd0,273.4003661931818,300.59303423084276,IV1;IV2;year_1;Region_1
M0,16,1,75,29,汕头,ce6ca82c326e584d8d688a7bedd72e06f508088c933485bfbfa222c82aab7fd0,516.6316193181818,275.2364331481219,IV1;IV2;year_1;Region_1
M0,16,1,75,31,深圳,ce6ca82c326e584d8d688a7bedd72e06f508088c933485bfbfa222c82aab7fd0,159.7083409090909,696.0517752787076,IV1;IV2;year_1;Region_1
M0,16,1,75,32,清远,ce6ca82c326e584d8d688a7bedd72e06f508088c933485bfbfa222c82aab7fd0,375.720028409091,255.857353954195,IV1;IV2;year_1;Region_1
M0,16,1,75,34,珠海,ce6ca82c326e584d8d688a7bedd72e06f508088c933485bfbfa222c82aab7fd0,1511.786079545455,657.2007199123773,IV1;IV2;year_1;Region_1
M0,16,1,75,36,琼海,ce6ca82c326e584d8d688a7bedd72e06f508088c933485bfbfa222c82aab7fd0,1716.717565054688,259.78518606307915,IV1;IV2;year_1;Region_1
M0,16,2,76,2,上饶,ce6ca82c326e584d8d688a7bedd72e06f508088c933485bfbfa222c82aab7fd0,114.81355125,172.1103856847306,IV1;IV2;year_1;Region_1
M0,16,2,76,9,丽水,ce6ca82c326e584d8d688a7bedd72e06f508088c933485bfbfa222c82aab7fd0,33.76567926136365,274.13744343860844,IV1;IV2;year_1;Region_1
M0,16,2,76,10,义乌,ce6ca82c326e584d8d688a7bedd72e06f508088c933485bfbfa222c82aab7fd0,7288.761349396308,364.5618193019702,IV1;IV2;year_1;Region_1
M0,16,2,76,11,乐东,ce6ca82c326e584d8d688a7bedd72e06f508088c933485bfbfa222c82aab7fd0,51.57938057753164,364.08903348417886,IV1;IV2;year_1;Region_1
M0,16,2,76,14,五指山,ce6ca82c326e584d8d688a7bedd72e06f508088c933485bfbfa222c82aab7fd0,273.4003661931818,397.3306544469851,IV1;IV2;year_1;Region_1
M0,16,2,76,17,儋州,ce6ca82c326e584d8d688a7bedd72e06f508088c933485bfbfa222c82aab7fd0,539.7352537592891,361.1775404039615,IV1;IV2;year_1;Region_1
M0,16,2,76,20,北京,ce6ca82c326e584d8d688a7bedd72e06f508088c933485bfbfa222c82aab7fd0,291.2148675426136,371.94978654022066,IV1;IV2;year_1;Region_1
M0,16,2,76,24,屯昌,ce6ca82c326e584d8d688a7bedd72e06f508088c933485bfbfa222c82aab7fd0,273.4003661931819,346.92272900088574,IV1;IV2;year_1;Region_1
M0,16,3,77,3,东方,ce6ca82c326e584d8d688a7bedd72e06f508088c933485bfbfa222c82aab7fd0,266.2529209872159,283.0831691239599,IV1;IV2;year_1;Region_1
M0,16,3,77,19,兰州,ce6ca82c326e584d8d688a7bedd72e06f508088c933485bfbfa222c82aab7fd0,32.85616429924242,254.06422170685363,IV1;IV2;year_1;Region_1
M0,16,3,77,21,北海,ce6ca82c326e584d8d688a7bedd72e06f508088c933485bfbfa222c82aab7fd0,318.3245085227273,203.47476288077425,IV1;IV2;year_1;Region_1
M0,16,3,77,23,定安,ce6ca82c326e584d8d688a7bedd72e06f508088c933485bfbfa222c82aab7fd0,273.4003661931819,269.1911292363771,IV1;IV2;year_1;Region_1
M0,16,3,77,30,海口,ce6ca82c326e584d8d688a7bedd72e06f508088c933485bfbfa222c82aab7fd0,339.134276349432,311.14768273203316,IV1;IV2;year_1;Region_1
M0,16,3,77,35,琼中,ce6ca82c326e584d8d688a7bedd72e06f508088c933485bfbfa222c82aab7fd0,1106.44734375,269.43545428616534,IV1;IV2;year_1;Region_1
M0,16,3,77,38,肇庆,ce6ca82c326e584d8d688a7bedd72e06f508088c933485bfbfa222c82aab7fd0,23.03745340909091,136.50611250026625,IV1;IV2;year_1;Region_1
M0,16,3,77,40,韶关,ce6ca82c326e584d8d688a7bedd72e06f508088c933485bfbfa222c82aab7fd0,547.9050852272727,154.08034412790096,IV1;IV2;year_1;Region_1
M0,16,4,78,0,万宁,ce6ca82c326e584d8d688a7bedd72e06f508088c933485bfbfa222c82aab7fd0,148.9921240384616,525.5838007443477,IV1;IV2;year_1;Region_1
M0,16,4,78,5,东营,ce6ca82c326e584d8d688a7bedd72e06f508088c933485bfbfa222c82aab7fd0,425.3271014204544,287.60486494552003,IV1;IV2;year_1;Region_1
M0,16,4,78,7,中山,ce6ca82c326e584d8d688a7bedd72e06f508088c933485bfbfa222c82aab7fd0,89.11043759098708,310.7468101839102,IV1;IV2;year_1;Region_1
M0,16,4,78,15,佛山,ce6ca82c326e584d8d688a7bedd72e06f508088c933485bfbfa222c82aab7fd0,28.38274488636364,415.8731095898294,IV1;IV2;year_1;Region_1
M0,16,4,78,18,六安,ce6ca82c326e584d8d688a7bedd72e06f508088c933485bfbfa222c82aab7fd0,8.639045028409095,300.67234258773385,IV1;IV2;year_1;Region_1
M0,16,4,78,28,昌江,ce6ca82c326e584d8d688a7bedd72e06f508088c933485bfbfa222c82aab7fd0,268.7138254261364,245.7278275288895,IV1;IV2;year_1;Region_1
M0,16,4,78,33,澄迈,ce6ca82c326e584d8d688a7bedd72e06f508088c933485bfbfa222c82aab7fd0,647.861484375,291.8749895664863,IV1;IV2;year_1;Region_1
M0,16,4,78,39,陵水,ce6ca82c326e584d8d688a7bedd72e06f508088c933485bfbfa222c82aab7fd0,337.1486134943182,517.4677404527579,IV1;IV2;year_1;Region_1
M0,16,5,79,1,上海,ce6ca82c326e584d8d688a7bedd72e06f508088c933485bfbfa222c82aab7fd0,2302.973933396464,372.3733659821712,IV1;IV2;year_1;Region_1
M0,16,5,79,4,东莞,ce6ca82c326e584d8d688a7bedd72e06f508088c933485bfbfa222c82aab7fd0,307.5424744318183,564.3934361891786,IV1;IV2;year_1;Region_1
M0,16,5,79,6,中卫,ce6ca82c326e584d8d688a7bedd72e06f508088c933485bfbfa222c82aab7fd0,31.05198382826678,400.72708986558354,IV1;IV2;year_1;Region_1
M0,16,5,79,8,临高,ce6ca82c326e584d8d688a7bedd72e06f508088c933485bfbfa222c82aab7fd0,83.80276845703128,411.89885620521403,IV1;IV2;year_1;Region_1
M0,16,5,79,12,乐山,ce6ca82c326e584d8d688a7bedd72e06f508088c933485bfbfa222c82aab7fd0,45.02250000000001,283.0761544263256,IV1;IV2;year_1;Region_1
M0,16,5,79,16,信阳,ce6ca82c326e584d8d688a7bedd72e06f508088c933485bfbfa222c82aab7fd0,244.6035494318183,362.2924608238462,IV1;IV2;year_1;Region_1
M0,16,5,79,26,惠州,ce6ca82c326e584d8d688a7bedd72e06f508088c933485bfbfa222c82aab7fd0,253.6378448863636,286.21612231157127,IV1;IV2;year_1;Region_1
M0,16,5,79,37,白沙,ce6ca82c326e584d8d688a7bedd72e06f508088c933485bfbfa222c82aab7fd0,192.9951366477273,353.5525243221512,IV1;IV2;year_1;Region_1
M0,17,1,80,6,中卫,ce6ca82c326e584d8d688a7bedd72e06f508088c933485bfbfa222c82aab7fd0,31.05198382826678,285.7349714709194,IV1;IV2;year_1;Region_1
M0,17,1,80,9,丽水,ce6ca82c326e584d8d688a7bedd72e06f508088c933485bfbfa222c82aab7fd0,33.76567926136365,245.66100797018063,IV1;IV2;year_1;Region_1
M0,17,1,80,18,六安,ce6ca82c326e584d8d688a7bedd72e06f508088c933485bfbfa222c82aab7fd0,8.639045028409095,332.4177016654466,IV1;IV2;year_1;Region_1
M0,17,1,80,22,合肥,ce6ca82c326e584d8d688a7bedd72e06f508088c933485bfbfa222c82aab7fd0,13.19625,296.7928892264728,IV1;IV2;year_1;Region_1
M0,17,1,80,28,昌江,ce6ca82c326e584d8d688a7bedd72e06f508088c933485bfbfa222c82aab7fd0,268.7138254261364,286.76537991206584,IV1;IV2;year_1;Region_1
M0,17,1,80,29,汕头,ce6ca82c326e584d8d688a7bedd72e06f508088c933485bfbfa222c82aab7fd0,516.6316193181818,252.67670384728842,IV1;IV2;year_1;Region_1
M0,17,1,80,33,澄迈,ce6ca82c326e584d8d688a7bedd72e06f508088c933485bfbfa222c82aab7fd0,647.861484375,269.11307114358806,IV1;IV2;year_1;Region_1
M0,17,1,80,34,珠海,ce6ca82c326e584d8d688a7bedd72e06f508088c933485bfbfa222c82aab7fd0,1511.786079545455,586.0238544928759,IV1;IV2;year_1;Region_1
M0,17,1,80,39,陵水,ce6ca82c326e584d8d688a7bedd72e06f508088c933485bfbfa222c82aab7fd0,337.1486134943182,431.4071102426537,IV1;IV2;year_1;Region_1
M0,17,2,81,1,上海,ce6ca82c326e584d8d688a7bedd72e06f508088c933485bfbfa222c82aab7fd0,2302.973933396464,403.45058458676135,IV1;IV2;year_1;Region_1
M0,17,2,81,8,临高,ce6ca82c326e584d8d688a7bedd72e06f508088c933485bfbfa222c82aab7fd0,83.80276845703128,381.2408280578501,IV1;IV2;year_1;Region_1
M0,17,2,81,13,九江,ce6ca82c326e584d8d688a7bedd72e06f508088c933485bfbfa222c82aab7fd0,0.0,347.5057351630963,IV1;IV2;year_1;Region_1
M0,17,2,81,16,信阳,ce6ca82c326e584d8d688a7bedd72e06f508088c933485bfbfa222c82aab7fd0,244.6035494318183,309.5562436501501,IV1;IV2;year_1;Region_1
M0,17,2,81,17,儋州,ce6ca82c326e584d8d688a7bedd72e06f508088c933485bfbfa222c82aab7fd0,539.7352537592891,381.2408280578501,IV1;IV2;year_1;Region_1
M0,17,2,81,19,兰州,ce6ca82c326e584d8d688a7bedd72e06f508088c933485bfbfa222c82aab7fd0,32.85616429924242,224.20323940389812,IV1;IV2;year_1;Region_1
M0,17,2,81,36,琼海,ce6ca82c326e584d8d688a7bedd72e06f508088c933485bfbfa222c82aab7fd0,1716.717565054688,281.3031866013493,IV1;IV2;year_1;Region_1
M0,17,2,81,37,白沙,ce6ca82c326e584d8d688a7bedd72e06f508088c933485bfbfa222c82aab7fd0,192.9951366477273,317.4844411801234,IV1;IV2;year_1;Region_1
M0,17,3,82,3,东方,ce6ca82c326e584d8d688a7bedd72e06f508088c933485bfbfa222c82aab7fd0,266.2529209872159,306.2274065707828,IV1;IV2;year_1;Region_1
M0,17,3,82,4,东莞,ce6ca82c326e584d8d688a7bedd72e06f508088c933485bfbfa222c82aab7fd0,307.5424744318183,489.6572346890975,IV1;IV2;year_1;Region_1
M0,17,3,82,10,义乌,ce6ca82c326e584d8d688a7bedd72e06f508088c933485bfbfa222c82aab7fd0,7288.761349396308,402.1001210656046,IV1;IV2;year_1;Region_1
M0,17,3,82,14,五指山,ce6ca82c326e584d8d688a7bedd72e06f508088c933485bfbfa222c82aab7fd0,273.4003661931818,356.5652510589606,IV1;IV2;year_1;Region_1
M0,17,3,82,15,佛山,ce6ca82c326e584d8d688a7bedd72e06f508088c933485bfbfa222c82aab7fd0,28.38274488636364,275.03734307180054,IV1;IV2;year_1;Region_1
M0,17,3,82,21,北海,ce6ca82c326e584d8d688a7bedd72e06f508088c933485bfbfa222c82aab7fd0,318.3245085227273,197.92858429282202,IV1;IV2;year_1;Region_1
M0,17,3,82,23,定安,ce6ca82c326e584d8d688a7bedd72e06f508088c933485bfbfa222c82aab7fd0,273.4003661931819,272.9341075908989,IV1;IV2;year_1;Region_1
M0,17,3,82,30,海口,ce6ca82c326e584d8d688a7bedd72e06f508088c933485bfbfa222c82aab7fd0,339.134276349432,320.38201791818904,IV1;IV2;year_1;Region_1
M0,17,4,83,5,东营,ce6ca82c326e584d8d688a7bedd72e06f508088c933485bfbfa222c82aab7fd0,425.3271014204544,256.8362101817893,IV1;IV2;year_1;Region_1
M0,17,4,83,11,乐东,ce6ca82c326e584d8d688a7bedd72e06f508088c933485bfbfa222c82aab7fd0,51.57938057753164,295.82763984775073,IV1;IV2;year_1;Region_1
M0,17,4,83,20,北京,ce6ca82c326e584d8d688a7bedd72e06f508088c933485bfbfa222c82aab7fd0,291.2148675426136,1030.7262982956108,IV1;IV2;year_1;Region_1
M0,17,4,83,25,广州,ce6ca82c326e584d8d688a7bedd72e06f508088c933485bfbfa222c82aab7fd0,164.1983198863636,848.288880389252,IV1;IV2;year_1;Region_1
M0,17,4,83,26,惠州,ce6ca82c326e584d8d688a7bedd72e06f508088c933485bfbfa222c82aab7fd0,253.6378448863636,317.71734269356506,IV1;IV2;year_1;Region_1
M0,17,4,83,31,深圳,ce6ca82c326e584d8d688a7bedd72e06f508088c933485bfbfa222c82aab7fd0,159.7083409090909,1027.155663578795,IV1;IV2;year_1;Region_1
M0,17,4,83,32,清远,ce6ca82c326e584d8d688a7bedd72e06f508088c933485bfbfa222c82aab7fd0,375.720028409091,227.89610932092856,IV1;IV2;year_1;Region_1
M0,17,4,83,35,琼中,ce6ca82c326e584d8d688a7bedd72e06f508088c933485bfbfa222c82aab7fd0,1106.44734375,258.63537896021336,IV1;IV2;year_1;Region_1
M0,17,5,84,0,万宁,ce6ca82c326e584d8d688a7bedd72e06f508088c933485bfbfa222c82aab7fd0,148.9921240384616,506.8449275845744,IV1;IV2;year_1;Region_1
M0,17,5,84,2,上饶,ce6ca82c326e584d8d688a7bedd72e06f508088c933485bfbfa222c82aab7fd0,114.81355125,197.04302337770395,IV1;IV2;year_1;Region_1
M0,17,5,84,7,中山,ce6ca82c326e584d8d688a7bedd72e06f508088c933485bfbfa222c82aab7fd0,89.11043759098708,249.65800514444896,IV1;IV2;year_1;Region_1
M0,17,5,84,12,乐山,ce6ca82c326e584d8d688a7bedd72e06f508088c933485bfbfa222c82aab7fd0,45.02250000000001,247.66528724128975,IV1;IV2;year_1;Region_1
M0,17,5,84,24,屯昌,ce6ca82c326e584d8d688a7bedd72e06f508088c933485bfbfa222c82aab7fd0,273.4003661931819,328.5499779121357,IV1;IV2;year_1;Region_1
M0,17,5,84,27,文昌,ce6ca82c326e584d8d688a7bedd72e06f508088c933485bfbfa222c82aab7fd0,273.4003661931818,392.691588047171,IV1;IV2;year_1;Region_1
M0,17,5,84,38,肇庆,ce6ca82c326e584d8d688a7bedd72e06f508088c933485bfbfa222c82aab7fd0,23.03745340909091,183.5745791697815,IV1;IV2;year_1;Region_1
M0,17,5,84,40,韶关,ce6ca82c326e584d8d688a7bedd72e06f508088c933485bfbfa222c82aab7fd0,547.9050852272727,195.9601675678133,IV1;IV2;year_1;Region_1
M0,18,1,85,6,中卫,ce6ca82c326e584d8d688a7bedd72e06f508088c933485bfbfa222c82aab7fd0,31.05198382826678,353.83702329761087,IV1;IV2;year_1;Region_1
M0,18,1,85,9,丽水,ce6ca82c326e584d8d688a7bedd72e06f508088c933485bfbfa222c82aab7fd0,33.76567926136365,235.4798481514313,IV1;IV2;year_1;Region_1
M0,18,1,85,10,义乌,ce6ca82c326e584d8d688a7bedd72e06f508088c933485bfbfa222c82aab7fd0,7288.761349396308,344.851355566084,IV1;IV2;year_1;Region_1
M0,18,1,85,20,北京,ce6ca82c326e584d8d688a7bedd72e06f508088c933485bfbfa222c82aab7fd0,291.2148675426136,348.5096612430626,IV1;IV2;year_1;Region_1
M0,18,1,85,24,屯昌,ce6ca82c326e584d8d688a7bedd72e06f508088c933485bfbfa222c82aab7fd0,273.4003661931819,292.20725005858327,IV1;IV2;year_1;Region_1
M0,18,1,85,28,昌江,ce6ca82c326e584d8d688a7bedd72e06f508088c933485bfbfa222c82aab7fd0,268.7138254261364,207.5858662183886,IV1;IV2;year_1;Region_1
M0,18,1,85,31,深圳,ce6ca82c326e584d8d688a7bedd72e06f508088c933485bfbfa222c82aab7fd0,159.7083409090909,400.9441565296758,IV1;IV2;year_1;Region_1
M0,18,1,85,36,琼海,ce6ca82c326e584d8d688a7bedd72e06f508088c933485bfbfa222c82aab7fd0,1716.717565054688,271.1248001888518,IV1;IV2;year_1;Region_1
M0,18,1,85,38,肇庆,ce6ca82c326e584d8d688a7bedd72e06f508088c933485bfbfa222c82aab7fd0,23.03745340909091,178.38905665480374,IV1;IV2;year_1;Region_1
M0,18,2,86,1,上海,ce6ca82c326e584d8d688a7bedd72e06f508088c933485bfbfa222c82aab7fd0,2302.973933396464,332.2922407549567,IV1;IV2;year_1;Region_1
M0,18,2,86,2,上饶,ce6ca82c326e584d8d688a7bedd72e06f508088c933485bfbfa222c82aab7fd0,114.81355125,209.57701572802316,IV1;IV2;year_1;Region_1
M0,18,2,86,5,东营,ce6ca82c326e584d8d688a7bedd72e06f508088c933485bfbfa222c82aab7fd0,425.3271014204544,335.8674294521375,IV1;IV2;year_1;Region_1
M0,18,2,86,13,九江,ce6ca82c326e584d8d688a7bedd72e06f508088c933485bfbfa222c82aab7fd0,0.0,344.3313654202045,IV1;IV2;year_1;Region_1
M0,18,2,86,14,五指山,ce6ca82c326e584d8d688a7bedd72e06f508088c933485bfbfa222c82aab7fd0,273.4003661931818,349.7429415998203,IV1;IV2;year_1;Region_1
M0,18,2,86,18,六安,ce6ca82c326e584d8d688a7bedd72e06f508088c933485bfbfa222c82aab7fd0,8.639045028409095,339.3833933330072,IV1;IV2;year_1;Region_1
M0,18,2,86,22,合肥,ce6ca82c326e584d8d688a7bedd72e06f508088c933485bfbfa222c82aab7fd0,13.19625,255.51928047085082,IV1;IV2;year_1;Region_1
M0,18,2,86,26,惠州,ce6ca82c326e584d8d688a7bedd72e06f508088c933485bfbfa222c82aab7fd0,253.6378448863636,297.59785264384533,IV1;IV2;year_1;Region_1
M0,18,3,87,0,万宁,ce6ca82c326e584d8d688a7bedd72e06f508088c933485bfbfa222c82aab7fd0,148.9921240384616,570.0417823135095,IV1;IV2;year_1;Region_1
M0,18,3,87,3,东方,ce6ca82c326e584d8d688a7bedd72e06f508088c933485bfbfa222c82aab7fd0,266.2529209872159,379.3680986538088,IV1;IV2;year_1;Region_1
M0,18,3,87,12,乐山,ce6ca82c326e584d8d688a7bedd72e06f508088c933485bfbfa222c82aab7fd0,45.02250000000001,216.02284597964754,IV1;IV2;year_1;Region_1
M0,18,3,87,16,信阳,ce6ca82c326e584d8d688a7bedd72e06f508088c933485bfbfa222c82aab7fd0,244.6035494318183,333.9591570116274,IV1;IV2;year_1;Region_1
M0,18,3,87,19,兰州,ce6ca82c326e584d8d688a7bedd72e06f508088c933485bfbfa222c82aab7fd0,32.85616429924242,286.77070400496575,IV1;IV2;year_1;Region_1
M0,18,3,87,21,北海,ce6ca82c326e584d8d688a7bedd72e06f508088c933485bfbfa222c82aab7fd0,318.3245085227273,224.23606220858971,IV1;IV2;year_1;Region_1
M0,18,3,87,30,海口,ce6ca82c326e584d8d688a7bedd72e06f508088c933485bfbfa222c82aab7fd0,339.134276349432,377.2449909730985,IV1;IV2;year_1;Region_1
M0,18,3,87,40,韶关,ce6ca82c326e584d8d688a7bedd72e06f508088c933485bfbfa222c82aab7fd0,547.9050852272727,142.63312450458585,IV1;IV2;year_1;Region_1
M0,18,4,88,4,东莞,ce6ca82c326e584d8d688a7bedd72e06f508088c933485bfbfa222c82aab7fd0,307.5424744318183,721.4239367266326,IV1;IV2;year_1;Region_1
M0,18,4,88,8,临高,ce6ca82c326e584d8d688a7bedd72e06f508088c933485bfbfa222c82aab7fd0,83.80276845703128,261.9613029327492,IV1;IV2;year_1;Region_1
M0,18,4,88,17,儋州,ce6ca82c326e584d8d688a7bedd72e06f508088c933485bfbfa222c82aab7fd0,539.7352537592891,261.9613029327492,IV1;IV2;year_1;Region_1
M0,18,4,88,25,广州,ce6ca82c326e584d8d688a7bedd72e06f508088c933485bfbfa222c82aab7fd0,164.1983198863636,573.4721243610321,IV1;IV2;year_1;Region_1
M0,18,4,88,29,汕头,ce6ca82c326e584d8d688a7bedd72e06f508088c933485bfbfa222c82aab7fd0,516.6316193181818,223.096339618015,IV1;IV2;year_1;Region_1
M0,18,4,88,32,清远,ce6ca82c326e584d8d688a7bedd72e06f508088c933485bfbfa222c82aab7fd0,375.720028409091,238.65767347313783,IV1;IV2;year_1;Region_1
M0,18,4,88,33,澄迈,ce6ca82c326e584d8d688a7bedd72e06f508088c933485bfbfa222c82aab7fd0,647.861484375,257.0057232239307,IV1;IV2;year_1;Region_1
M0,18,4,88,34,珠海,ce6ca82c326e584d8d688a7bedd72e06f508088c933485bfbfa222c82aab7fd0,1511.786079545455,684.940537820571,IV1;IV2;year_1;Region_1
M0,18,5,89,7,中山,ce6ca82c326e584d8d688a7bedd72e06f508088c933485bfbfa222c82aab7fd0,89.11043759098708,270.11321087874296,IV1;IV2;year_1;Region_1
M0,18,5,89,11,乐东,ce6ca82c326e584d8d688a7bedd72e06f508088c933485bfbfa222c82aab7fd0,51.57938057753164,308.4598232095399,IV1;IV2;year_1;Region_1
M0,18,5,89,15,佛山,ce6ca82c326e584d8d688a7bedd72e06f508088c933485bfbfa222c82aab7fd0,28.38274488636364,359.0647263712339,IV1;IV2;year_1;Region_1
M0,18,5,89,23,定安,ce6ca82c326e584d8d688a7bedd72e06f508088c933485bfbfa222c82aab7fd0,273.4003661931819,293.81320669538326,IV1;IV2;year_1;Region_1
M0,18,5,89,27,文昌,ce6ca82c326e584d8d688a7bedd72e06f508088c933485bfbfa222c82aab7fd0,273.4003661931818,323.7970066027964,IV1;IV2;year_1;Region_1
M0,18,5,89,35,琼中,ce6ca82c326e584d8d688a7bedd72e06f508088c933485bfbfa222c82aab7fd0,1106.44734375,294.2248017489864,IV1;IV2;year_1;Region_1
M0,18,5,89,37,白沙,ce6ca82c326e584d8d688a7bedd72e06f508088c933485bfbfa222c82aab7fd0,192.9951366477273,305.4503752958279,IV1;IV2;year_1;Region_1
M0,18,5,89,39,陵水,ce6ca82c326e584d8d688a7bedd72e06f508088c933485bfbfa222c82aab7fd0,337.1486134943182,460.6973547045655,IV1;IV2;year_1;Region_1
M0,19,1,90,3,东方,ce6ca82c326e584d8d688a7bedd72e06f508088c933485bfbfa222c82aab7fd0,266.2529209872159,275.0548103421031,IV1;IV2;year_1;Region_1
M0,19,1,90,7,中山,ce6ca82c326e584d8d688a7bedd72e06f508088c933485bfbfa222c82aab7fd0,89.11043759098708,281.37361973465096,IV1;IV2;year_1;Region_1
M0,19,1,90,13,九江,ce6ca82c326e584d8d688a7bedd72e06f508088c933485bfbfa222c82aab7fd0,0.0,400.5968493780952,IV1;IV2;year_1;Region_1
M0,19,1,90,19,兰州,ce6ca82c326e584d8d688a7bedd72e06f508088c933485bfbfa222c82aab7fd0,32.85616429924242,277.2014948335943,IV1;IV2;year_1;Region_1
M0,19,1,90,23,定安,ce6ca82c326e584d8d688a7bedd72e06f508088c933485bfbfa222c82aab7fd0,273.4003661931819,277.6165389259132,IV1;IV2;year_1;Region_1
M0,19,1,90,30,海口,ce6ca82c326e584d8d688a7bedd72e06f508088c933485bfbfa222c82aab7fd0,339.134276349432,319.6621344374347,IV1;IV2;year_1;Region_1
M0,19,1,90,34,珠海,ce6ca82c326e584d8d688a7bedd72e06f508088c933485bfbfa222c82aab7fd0,1511.786079545455,590.5880310923827,IV1;IV2;year_1;Region_1
M0,19,1,90,36,琼海,ce6ca82c326e584d8d688a7bedd72e06f508088c933485bfbfa222c82aab7fd0,1716.717565054688,285.6434191189747,IV1;IV2;year_1;Region_1
M0,19,1,90,40,韶关,ce6ca82c326e584d8d688a7bedd72e06f508088c933485bfbfa222c82aab7fd0,547.9050852272727,154.956851029844,IV1;IV2;year_1;Region_1
M0,19,2,91,6,中卫,ce6ca82c326e584d8d688a7bedd72e06f508088c933485bfbfa222c82aab7fd0,31.05198382826678,331.9945897772457,IV1;IV2;year_1;Region_1
M0,19,2,91,9,丽水,ce6ca82c326e584d8d688a7bedd72e06f508088c933485bfbfa222c82aab7fd0,33.76567926136365,311.2590987114737,IV1;IV2;year_1;Region_1
M0,19,2,91,11,乐东,ce6ca82c326e584d8d688a7bedd72e06f508088c933485bfbfa222c82aab7fd0,51.57938057753164,350.861584236942,IV1;IV2;year_1;Region_1
M0,19,2,91,14,五指山,ce6ca82c326e584d8d688a7bedd72e06f508088c933485bfbfa222c82aab7fd0,273.4003661931818,390.71947899711665,IV1;IV2;year_1;Region_1
M0,19,2,91,22,合肥,ce6ca82c326e584d8d688a7bedd72e06f508088c933485bfbfa222c82aab7fd0,13.19625,342.6114883454202,IV1;IV2;year_1;Region_1
M0,19,2,91,28,昌江,ce6ca82c326e584d8d688a7bedd72e06f508088c933485bfbfa222c82aab7fd0,268.7138254261364,272.68510718558554,IV1;IV2;year_1;Region_1
M0,19,2,91,33,澄迈,ce6ca82c326e584d8d688a7bedd72e06f508088c933485bfbfa222c82aab7fd0,647.861484375,344.1905016659372,IV1;IV2;year_1;Region_1
M0,19,2,91,38,肇庆,ce6ca82c326e584d8d688a7bedd72e06f508088c933485bfbfa222c82aab7fd0,23.03745340909091,246.62852976115292,IV1;IV2;year_1;Region_1
M0,19,3,92,2,上饶,ce6ca82c326e584d8d688a7bedd72e06f508088c933485bfbfa222c82aab7fd0,114.81355125,187.98569845099988,IV1;IV2;year_1;Region_1
M0,19,3,92,4,东莞,ce6ca82c326e584d8d688a7bedd72e06f508088c933485bfbfa222c82aab7fd0,307.5424744318183,867.9465089144065,IV1;IV2;year_1;Region_1
M0,19,3,92,5,东营,ce6ca82c326e584d8d688a7bedd72e06f508088c933485bfbfa222c82aab7fd0,425.3271014204544,271.6367091255512,IV1;IV2;year_1;Region_1
M0,19,3,92,15,佛山,ce6ca82c326e584d8d688a7bedd72e06f508088c933485bfbfa222c82aab7fd0,28.38274488636364,342.0701982154804,IV1;IV2;year_1;Region_1
M0,19,3,92,18,六安,ce6ca82c326e584d8d688a7bedd72e06f508088c933485bfbfa222c82aab7fd0,8.639045028409095,271.46336482523674,IV1;IV2;year_1;Region_1
M0,19,3,92,27,文昌,ce6ca82c326e584d8d688a7bedd72e06f508088c933485bfbfa222c82aab7fd0,273.4003661931818,279.1572481384207,IV1;IV2;year_1;Region_1
M0,19,3,92,29,汕头,ce6ca82c326e584d8d688a7bedd72e06f508088c933485bfbfa222c82aab7fd0,516.6316193181818,249.8686827708041,IV1;IV2;year_1;Region_1
M0,19,3,92,35,琼中,ce6ca82c326e584d8d688a7bedd72e06f508088c933485bfbfa222c82aab7fd0,1106.44734375,257.2697864721017,IV1;IV2;year_1;Region_1
M0,19,4,93,1,上海,ce6ca82c326e584d8d688a7bedd72e06f508088c933485bfbfa222c82aab7fd0,2302.973933396464,365.9640315565696,IV1;IV2;year_1;Region_1
M0,19,4,93,8,临高,ce6ca82c326e584d8d688a7bedd72e06f508088c933485bfbfa222c82aab7fd0,83.80276845703128,399.8584656588093,IV1;IV2;year_1;Region_1
M0,19,4,93,12,乐山,ce6ca82c326e584d8d688a7bedd72e06f508088c933485bfbfa222c82aab7fd0,45.02250000000001,285.1721828274049,IV1;IV2;year_1;Region_1
M0,19,4,93,16,信阳,ce6ca82c326e584d8d688a7bedd72e06f508088c933485bfbfa222c82aab7fd0,244.6035494318183,349.82061168503213,IV1;IV2;year_1;Region_1
M0,19,4,93,21,北海,ce6ca82c326e584d8d688a7bedd72e06f508088c933485bfbfa222c82aab7fd0,318.3245085227273,290.6299033406098,IV1;IV2;year_1;Region_1
M0,19,4,93,26,惠州,ce6ca82c326e584d8d688a7bedd72e06f508088c933485bfbfa222c82aab7fd0,253.6378448863636,305.2818941198011,IV1;IV2;year_1;Region_1
M0,19,4,93,37,白沙,ce6ca82c326e584d8d688a7bedd72e06f508088c933485bfbfa222c82aab7fd0,192.9951366477273,315.733566969608,IV1;IV2;year_1;Region_1
M0,19,4,93,39,陵水,ce6ca82c326e584d8d688a7bedd72e06f508088c933485bfbfa222c82aab7fd0,337.1486134943182,433.8860184983219,IV1;IV2;year_1;Region_1
M0,19,5,94,0,万宁,ce6ca82c326e584d8d688a7bedd72e06f508088c933485bfbfa222c82aab7fd0,148.9921240384616,525.4311331839962,IV1;IV2;year_1;Region_1
M0,19,5,94,10,义乌,ce6ca82c326e584d8d688a7bedd72e06f508088c933485bfbfa222c82aab7fd0,7288.761349396308,471.15088890097087,IV1;IV2;year_1;Region_1
M0,19,5,94,17,儋州,ce6ca82c326e584d8d688a7bedd72e06f508088c933485bfbfa222c82aab7fd0,539.7352537592891,320.0107928816389,IV1;IV2;year_1;Region_1
M0,19,5,94,20,北京,ce6ca82c326e584d8d688a7bedd72e06f508088c933485bfbfa222c82aab7fd0,291.2148675426136,472.7188633657324,IV1;IV2;year_1;Region_1
M0,19,5,94,24,屯昌,ce6ca82c326e584d8d688a7bedd72e06f508088c933485bfbfa222c82aab7fd0,273.4003661931819,277.4191696483693,IV1;IV2;year_1;Region_1
M0,19,5,94,25,广州,ce6ca82c326e584d8d688a7bedd72e06f508088c933485bfbfa222c82aab7fd0,164.1983198863636,393.094781056039,IV1;IV2;year_1;Region_1
M0,19,5,94,31,深圳,ce6ca82c326e584d8d688a7bedd72e06f508088c933485bfbfa222c82aab7fd0,159.7083409090909,510.28971280187693,IV1;IV2;year_1;Region_1
M0,19,5,94,32,清远,ce6ca82c326e584d8d688a7bedd72e06f508088c933485bfbfa222c82aab7fd0,375.720028409091,219.4103907012773,IV1;IV2;year_1;Region_1
M0,20,1,95,5,东营,ce6ca82c326e584d8d688a7bedd72e06f508088c933485bfbfa222c82aab7fd0,425.3271014204544,295.2714673335778,IV1;IV2;year_1;Region_1
M0,20,1,95,8,临高,ce6ca82c326e584d8d688a7bedd72e06f508088c933485bfbfa222c82aab7fd0,83.80276845703128,370.0240792711699,IV1;IV2;year_1;Region_1
M0,20,1,95,9,丽水,ce6ca82c326e584d8d688a7bedd72e06f508088c933485bfbfa222c82aab7fd0,33.76567926136365,300.1019698756789,IV1;IV2;year_1;Region_1
M0,20,1,95,19,兰州,ce6ca82c326e584d8d688a7bedd72e06f508088c933485bfbfa222c82aab7fd0,32.85616429924242,321.66606386248145,IV1;IV2;year_1;Region_1
M0,20,1,95,22,合肥,ce6ca82c326e584d8d688a7bedd72e06f508088c933485bfbfa222c82aab7fd0,13.19625,256.57245109699454,IV1;IV2;year_1;Region_1
M0,20,1,95,23,定安,ce6ca82c326e584d8d688a7bedd72e06f508088c933485bfbfa222c82aab7fd0,273.4003661931819,254.60311237489512,IV1;IV2;year_1;Region_1
M0,20,1,95,36,琼海,ce6ca82c326e584d8d688a7bedd72e06f508088c933485bfbfa222c82aab7fd0,1716.717565054688,313.71166700093823,IV1;IV2;year_1;Region_1
M0,20,1,95,39,陵水,ce6ca82c326e584d8d688a7bedd72e06f508088c933485bfbfa222c82aab7fd0,337.1486134943182,358.4910390250255,IV1;IV2;year_1;Region_1
M0,20,1,95,40,韶关,ce6ca82c326e584d8d688a7bedd72e06f508088c933485bfbfa222c82aab7fd0,547.9050852272727,150.2050578524327,IV1;IV2;year_1;Region_1
M0,20,2,96,6,中卫,ce6ca82c326e584d8d688a7bedd72e06f508088c933485bfbfa222c82aab7fd0,31.05198382826678,337.2689547727527,IV1;IV2;year_1;Region_1
M0,20,2,96,10,义乌,ce6ca82c326e584d8d688a7bedd72e06f508088c933485bfbfa222c82aab7fd0,7288.761349396308,282.31661942364633,IV1;IV2;year_1;Region_1
M0,20,2,96,13,九江,ce6ca82c326e584d8d688a7bedd72e06f508088c933485bfbfa222c82aab7fd0,0.0,299.37395961158825,IV1;IV2;year_1;Region_1
M0,20,2,96,18,六安,ce6ca82c326e584d8d688a7bedd72e06f508088c933485bfbfa222c82aab7fd0,8.639045028409095,318.76218208260764,IV1;IV2;year_1;Region_1
M0,20,2,96,20,北京,ce6ca82c326e584d8d688a7bedd72e06f508088c933485bfbfa222c82aab7fd0,291.2148675426136,287.4733350696304,IV1;IV2;year_1;Region_1
M0,20,2,96,34,珠海,ce6ca82c326e584d8d688a7bedd72e06f508088c933485bfbfa222c82aab7fd0,1511.786079545455,333.50847781005916,IV1;IV2;year_1;Region_1
M0,20,2,96,35,琼中,ce6ca82c326e584d8d688a7bedd72e06f508088c933485bfbfa222c82aab7fd0,1106.44734375,322.2724221493506,IV1;IV2;year_1;Region_1
M0,20,2,96,37,白沙,ce6ca82c326e584d8d688a7bedd72e06f508088c933485bfbfa222c82aab7fd0,192.9951366477273,354.4466933521943,IV1;IV2;year_1;Region_1
M0,20,3,97,4,东莞,ce6ca82c326e584d8d688a7bedd72e06f508088c933485bfbfa222c82aab7fd0,307.5424744318183,813.4768598466543,IV1;IV2;year_1;Region_1
M0,20,3,97,11,乐东,ce6ca82c326e584d8d688a7bedd72e06f508088c933485bfbfa222c82aab7fd0,51.57938057753164,388.19967028954756,IV1;IV2;year_1;Region_1
M0,20,3,97,14,五指山,ce6ca82c326e584d8d688a7bedd72e06f508088c933485bfbfa222c82aab7fd0,273.4003661931818,399.9035805237358,IV1;IV2;year_1;Region_1
M0,20,3,97,15,佛山,ce6ca82c326e584d8d688a7bedd72e06f508088c933485bfbfa222c82aab7fd0,28.38274488636364,333.787693393143,IV1;IV2;year_1;Region_1
M0,20,3,97,16,信阳,ce6ca82c326e584d8d688a7bedd72e06f508088c933485bfbfa222c82aab7fd0,244.6035494318183,358.1913383736168,IV1;IV2;year_1;Region_1
M0,20,3,97,24,屯昌,ce6ca82c326e584d8d688a7bedd72e06f508088c933485bfbfa222c82aab7fd0,273.4003661931819,371.30359214863205,IV1;IV2;year_1;Region_1
M0,20,3,97,28,昌江,ce6ca82c326e584d8d688a7bedd72e06f508088c933485bfbfa222c82aab7fd0,268.7138254261364,252.68027860146032,IV1;IV2;year_1;Region_1
M0,20,3,97,38,肇庆,ce6ca82c326e584d8d688a7bedd72e06f508088c933485bfbfa222c82aab7fd0,23.03745340909091,187.06152390884745,IV1;IV2;year_1;Region_1
M0,20,4,98,1,上海,ce6ca82c326e584d8d688a7bedd72e06f508088c933485bfbfa222c82aab7fd0,2302.973933396464,471.07307228859963,IV1;IV2;year_1;Region_1
M0,20,4,98,2,上饶,ce6ca82c326e584d8d688a7bedd72e06f508088c933485bfbfa222c82aab7fd0,114.81355125,142.59649488550292,IV1;IV2;year_1;Region_1
M0,20,4,98,17,儋州,ce6ca82c326e584d8d688a7bedd72e06f508088c933485bfbfa222c82aab7fd0,539.7352537592891,274.41881471131586,IV1;IV2;year_1;Region_1
M0,20,4,98,21,北海,ce6ca82c326e584d8d688a7bedd72e06f508088c933485bfbfa222c82aab7fd0,318.3245085227273,197.91002950320478,IV1;IV2;year_1;Region_1
M0,20,4,98,25,广州,ce6ca82c326e584d8d688a7bedd72e06f508088c933485bfbfa222c82aab7fd0,164.1983198863636,415.3776219120199,IV1;IV2;year_1;Region_1
M0,20,4,98,26,惠州,ce6ca82c326e584d8d688a7bedd72e06f508088c933485bfbfa222c82aab7fd0,253.6378448863636,247.2622966031919,IV1;IV2;year_1;Region_1
M0,20,4,98,29,汕头,ce6ca82c326e584d8d688a7bedd72e06f508088c933485bfbfa222c82aab7fd0,516.6316193181818,230.3346561117668,IV1;IV2;year_1;Region_1
M0,20,4,98,32,清远,ce6ca82c326e584d8d688a7bedd72e06f508088c933485bfbfa222c82aab7fd0,375.720028409091,212.49801320030775,IV1;IV2;year_1;Region_1
M0,20,5,99,0,万宁,ce6ca82c326e584d8d688a7bedd72e06f508088c933485bfbfa222c82aab7fd0,148.9921240384616,519.4254451962809,IV1;IV2;year_1;Region_1
M0,20,5,99,3,东方,ce6ca82c326e584d8d688a7bedd72e06f508088c933485bfbfa222c82aab7fd0,266.2529209872159,319.6917210613814,IV1;IV2;year_1;Region_1
M0,20,5,99,7,中山,ce6ca82c326e584d8d688a7bedd72e06f508088c933485bfbfa222c82aab7fd0,89.11043759098708,243.0409392719841,IV1;IV2;year_1;Region_1
M0,20,5,99,12,乐山,ce6ca82c326e584d8d688a7bedd72e06f508088c933485bfbfa222c82aab7fd0,45.02250000000001,220.3918226876934,IV1;IV2;year_1;Region_1
M0,20,5,99,27,文昌,ce6ca82c326e584d8d688a7bedd72e06f508088c933485bfbfa222c82aab7fd0,273.4003661931818,355.6257726383127,IV1;IV2;year_1;Region_1
M0,20,5,99,30,海口,ce6ca82c326e584d8d688a7bedd72e06f508088c933485bfbfa222c82aab7fd0,339.134276349432,424.0430556307537,IV1;IV2;year_1;Region_1
M0,20,5,99,31,深圳,ce6ca82c326e584d8d688a7bedd72e06f508088c933485bfbfa222c82aab7fd0,159.7083409090909,866.8424791688179,IV1;IV2;year_1;Region_1
M0,20,5,99,33,澄迈,ce6ca82c326e584d8d688a7bedd72e06f508088c933485bfbfa222c82aab7fd0,647.861484375,333.5070972852063,IV1;IV2;year_1;Region_1
M1,1,1,0,4,东莞,ce6ca82c326e584d8d688a7bedd72e06f508088c933485bfbfa222c82aab7fd0,307.5424744318183,731.080109507148,IV1;IV2;year_1;Region_1;PMC_T
M1,1,1,0,8,临高,ce6ca82c326e584d8d688a7bedd72e06f508088c933485bfbfa222c82aab7fd0,83.80276845703128,392.8801956853648,IV1;IV2;year_1;Region_1;PMC_T
M1,1,1,0,13,九江,ce6ca82c326e584d8d688a7bedd72e06f508088c933485bfbfa222c82aab7fd0,0.0,356.9846252555942,IV1;IV2;year_1;Region_1;PMC_T
M1,1,1,0,19,兰州,ce6ca82c326e584d8d688a7bedd72e06f508088c933485bfbfa222c82aab7fd0,32.85616429924242,265.3192220559399,IV1;IV2;year_1;Region_1;PMC_T
M1,1,1,0,24,屯昌,ce6ca82c326e584d8d688a7bedd72e06f508088c933485bfbfa222c82aab7fd0,273.4003661931819,368.6465164448339,IV1;IV2;year_1;Region_1;PMC_T
M1,1,1,0,25,广州,ce6ca82c326e584d8d688a7bedd72e06f508088c933485bfbfa222c82aab7fd0,164.1983198863636,667.7760530040242,IV1;IV2;year_1;Region_1;PMC_T
M1,1,1,0,29,汕头,ce6ca82c326e584d8d688a7bedd72e06f508088c933485bfbfa222c82aab7fd0,516.6316193181818,360.07689716605176,IV1;IV2;year_1;Region_1;PMC_T
M1,1,1,0,39,陵水,ce6ca82c326e584d8d688a7bedd72e06f508088c933485bfbfa222c82aab7fd0,337.1486134943182,453.72971931748395,IV1;IV2;year_1;Region_1;PMC_T
M1,1,1,0,40,韶关,ce6ca82c326e584d8d688a7bedd72e06f508088c933485bfbfa222c82aab7fd0,547.9050852272727,183.50789058821073,IV1;IV2;year_1;Region_1;PMC_T
M1,1,2,1,6,中卫,ce6ca82c326e584d8d688a7bedd72e06f508088c933485bfbfa222c82aab7fd0,31.05198382826678,333.73276287315207,IV1;IV2;year_1;Region_1;PMC_T
M1,1,2,1,9,丽水,ce6ca82c326e584d8d688a7bedd72e06f508088c933485bfbfa222c82aab7fd0,33.76567926136365,323.5008521989428,IV1;IV2;year_1;Region_1;PMC_T
M1,1,2,1,12,乐山,ce6ca82c326e584d8d688a7bedd72e06f508088c933485bfbfa222c82aab7fd0,45.02250000000001,267.9807750887959,IV1;IV2;year_1;Region_1;PMC_T
M1,1,2,1,15,佛山,ce6ca82c326e584d8d688a7bedd72e06f508088c933485bfbfa222c82aab7fd0,28.38274488636364,327.73092235684163,IV1;IV2;year_1;Region_1;PMC_T
M1,1,2,1,16,信阳,ce6ca82c326e584d8d688a7bedd72e06f508088c933485bfbfa222c82aab7fd0,244.6035494318183,344.0375322272032,IV1;IV2;year_1;Region_1;PMC_T
M1,1,2,1,17,儋州,ce6ca82c326e584d8d688a7bedd72e06f508088c933485bfbfa222c82aab7fd0,539.7352537592891,315.4452592030015,IV1;IV2;year_1;Region_1;PMC_T
M1,1,2,1,26,惠州,ce6ca82c326e584d8d688a7bedd72e06f508088c933485bfbfa222c82aab7fd0,253.6378448863636,350.1678813837626,IV1;IV2;year_1;Region_1;PMC_T
M1,1,2,1,32,清远,ce6ca82c326e584d8d688a7bedd72e06f508088c933485bfbfa222c82aab7fd0,375.720028409091,287.70244866057413,IV1;IV2;year_1;Region_1;PMC_T
M1,1,3,2,0,万宁,ce6ca82c326e584d8d688a7bedd72e06f508088c933485bfbfa222c82aab7fd0,148.9921240384616,381.873187675288,IV1;IV2;year_1;Region_1;PMC_T
M1,1,3,2,1,上海,ce6ca82c326e584d8d688a7bedd72e06f508088c933485bfbfa222c82aab7fd0,2302.973933396464,297.29144465548757,IV1;IV2;year_1;Region_1;PMC_T
M1,1,3,2,5,东营,ce6ca82c326e584d8d688a7bedd72e06f508088c933485bfbfa222c82aab7fd0,425.3271014204544,233.851803452971,IV1;IV2;year_1;Region_1;PMC_T
M1,1,3,2,11,乐东,ce6ca82c326e584d8d688a7bedd72e06f508088c933485bfbfa222c82aab7fd0,51.57938057753164,328.54282969206724,IV1;IV2;year_1;Region_1;PMC_T
M1,1,3,2,27,文昌,ce6ca82c326e584d8d688a7bedd72e06f508088c933485bfbfa222c82aab7fd0,273.4003661931818,281.96424415300913,IV1;IV2;year_1;Region_1;PMC_T
M1,1,3,2,30,海口,ce6ca82c326e584d8d688a7bedd72e06f508088c933485bfbfa222c82aab7fd0,339.134276349432,359.546846562188,IV1;IV2;year_1;Region_1;PMC_T
M1,1,3,2,34,珠海,ce6ca82c326e584d8d688a7bedd72e06f508088c933485bfbfa222c82aab7fd0,1511.786079545455,417.6766245890275,IV1;IV2;year_1;Region_1;PMC_T
M1,1,3,2,35,琼中,ce6ca82c326e584d8d688a7bedd72e06f508088c933485bfbfa222c82aab7fd0,1106.44734375,255.22156053996872,IV1;IV2;year_1;Region_1;PMC_T
M1,1,4,3,2,上饶,ce6ca82c326e584d8d688a7bedd72e06f508088c933485bfbfa222c82aab7fd0,114.81355125,202.53470844429157,IV1;IV2;year_1;Region_1;PMC_T
M1,1,4,3,3,东方,ce6ca82c326e584d8d688a7bedd72e06f508088c933485bfbfa222c82aab7fd0,266.2529209872159,265.98565743698975,IV1;IV2;year_1;Region_1;PMC_T
M1,1,4,3,21,北海,ce6ca82c326e584d8d688a7bedd72e06f508088c933485bfbfa222c82aab7fd0,318.3245085227273,295.26470863767275,IV1;IV2;year_1;Region_1;PMC_T
M1,1,4,3,23,定安,ce6ca82c326e584d8d688a7bedd72e06f508088c933485bfbfa222c82aab7fd0,273.4003661931819,287.4284271920041,IV1;IV2;year_1;Region_1;PMC_T
M1,1,4,3,31,深圳,ce6ca82c326e584d8d688a7bedd72e06f508088c933485bfbfa222c82aab7fd0,159.7083409090909,791.5684052694135,IV1;IV2;year_1;Region_1;PMC_T
M1,1,4,3,33,澄迈,ce6ca82c326e584d8d688a7bedd72e06f508088c933485bfbfa222c82aab7fd0,647.861484375,267.97379866004167,IV1;IV2;year_1;Region_1;PMC_T
M1,1,4,3,36,琼海,ce6ca82c326e584d8d688a7bedd72e06f508088c933485bfbfa222c82aab7fd0,1716.717565054688,279.4088753105218,IV1;IV2;year_1;Region_1;PMC_T
M1,1,4,3,37,白沙,ce6ca82c326e584d8d688a7bedd72e06f508088c933485bfbfa222c82aab7fd0,192.9951366477273,305.39457620853494,IV1;IV2;year_1;Region_1;PMC_T
M1,1,5,4,7,中山,ce6ca82c326e584d8d688a7bedd72e06f508088c933485bfbfa222c82aab7fd0,89.11043759098708,253.84444001747684,IV1;IV2;year_1;Region_1;PMC_T
M1,1,5,4,10,义乌,ce6ca82c326e584d8d688a7bedd72e06f508088c933485bfbfa222c82aab7fd0,7288.761349396308,424.40867029544677,IV1;IV2;year_1;Region_1;PMC_T
M1,1,5,4,14,五指山,ce6ca82c326e584d8d688a7bedd72e06f508088c933485bfbfa222c82aab7fd0,273.4003661931818,319.4514735842766,IV1;IV2;year_1;Region_1;PMC_T
M1,1,5,4,18,六安,ce6ca82c326e584d8d688a7bedd72e06f508088c933485bfbfa222c82aab7fd0,8.639045028409095,291.62697373902614,IV1;IV2;year_1;Region_1;PMC_T
M1,1,5,4,20,北京,ce6ca82c326e584d8d688a7bedd72e06f508088c933485bfbfa222c82aab7fd0,291.2148675426136,359.6891222799836,IV1;IV2;year_1;Region_1;PMC_T
M1,1,5,4,22,合肥,ce6ca82c326e584d8d688a7bedd72e06f508088c933485bfbfa222c82aab7fd0,13.19625,313.97389895851063,IV1;IV2;year_1;Region_1;PMC_T
M1,1,5,4,28,昌江,ce6ca82c326e584d8d688a7bedd72e06f508088c933485bfbfa222c82aab7fd0,268.7138254261364,262.7590271719335,IV1;IV2;year_1;Region_1;PMC_T
M1,1,5,4,38,肇庆,ce6ca82c326e584d8d688a7bedd72e06f508088c933485bfbfa222c82aab7fd0,23.03745340909091,242.9868743853104,IV1;IV2;year_1;Region_1;PMC_T
M1,2,1,5,0,万宁,ce6ca82c326e584d8d688a7bedd72e06f508088c933485bfbfa222c82aab7fd0,148.9921240384616,373.83927479219443,IV1;IV2;year_1;Region_1;PMC_T
M1,2,1,5,4,东莞,ce6ca82c326e584d8d688a7bedd72e06f508088c933485bfbfa222c82aab7fd0,307.5424744318183,304.28952715892746,IV1;IV2;year_1;Region_1;PMC_T
M1,2,1,5,10,义乌,ce6ca82c326e584d8d688a7bedd72e06f508088c933485bfbfa222c82aab7fd0,7288.761349396308,280.14848773973694,IV1;IV2;year_1;Region_1;PMC_T
M1,2,1,5,12,乐山,ce6ca82c326e584d8d688a7bedd72e06f508088c933485bfbfa222c82aab7fd0,45.02250000000001,262.4030194848665,IV1;IV2;year_1;Region_1;PMC_T
M1,2,1,5,18,六安,ce6ca82c326e584d8d688a7bedd72e06f508088c933485bfbfa222c82aab7fd0,8.639045028409095,307.95047503024045,IV1;IV2;year_1;Region_1;PMC_T
M1,2,1,5,23,定安,ce6ca82c326e584d8d688a7bedd72e06f508088c933485bfbfa222c82aab7fd0,273.4003661931819,314.56646008289607,IV1;IV2;year_1;Region_1;PMC_T
M1,2,1,5,26,惠州,ce6ca82c326e584d8d688a7bedd72e06f508088c933485bfbfa222c82aab7fd0,253.6378448863636,267.4897441130531,IV1;IV2;year_1;Region_1;PMC_T
M1,2,1,5,28,昌江,ce6ca82c326e584d8d688a7bedd72e06f508088c933485bfbfa222c82aab7fd0,268.7138254261364,294.5903654201924,IV1;IV2;year_1;Region_1;PMC_T
M1,2,1,5,34,珠海,ce6ca82c326e584d8d688a7bedd72e06f508088c933485bfbfa222c82aab7fd0,1511.786079545455,325.8893858354721,IV1;IV2;year_1;Region_1;PMC_T
M1,2,2,6,5,东营,ce6ca82c326e584d8d688a7bedd72e06f508088c933485bfbfa222c82aab7fd0,425.3271014204544,230.18523945560833,IV1;IV2;year_1;Region_1;PMC_T
M1,2,2,6,9,丽水,ce6ca82c326e584d8d688a7bedd72e06f508088c933485bfbfa222c82aab7fd0,33.76567926136365,336.6202500974379,IV1;IV2;year_1;Region_1;PMC_T
M1,2,2,6,15,佛山,ce6ca82c326e584d8d688a7bedd72e06f508088c933485bfbfa222c82aab7fd0,28.38274488636364,310.77967028483135,IV1;IV2;year_1;Region_1;PMC_T
M1,2,2,6,21,北海,ce6ca82c326e584d8d688a7bedd72e06f508088c933485bfbfa222c82aab7fd0,318.3245085227273,281.8931632824447,IV1;IV2;year_1;Region_1;PMC_T
M1,2,2,6,22,合肥,ce6ca82c326e584d8d688a7bedd72e06f508088c933485bfbfa222c82aab7fd0,13.19625,481.7304127884907,IV1;IV2;year_1;Region_1;PMC_T
M1,2,2,6,31,深圳,ce6ca82c326e584d8d688a7bedd72e06f508088c933485bfbfa222c82aab7fd0,159.7083409090909,735.6664676279577,IV1;IV2;year_1;Region_1;PMC_T
M1,2,2,6,32,清远,ce6ca82c326e584d8d688a7bedd72e06f508088c933485bfbfa222c82aab7fd0,375.720028409091,213.08166568212988,IV1;IV2;year_1;Region_1;PMC_T
M1,2,2,6,36,琼海,ce6ca82c326e584d8d688a7bedd72e06f508088c933485bfbfa222c82aab7fd0,1716.717565054688,297.959673987447,IV1;IV2;year_1;Region_1;PMC_T
M1,2,3,7,2,上饶,ce6ca82c326e584d8d688a7bedd72e06f508088c933485bfbfa222c82aab7fd0,114.81355125,219.55351646040566,IV1;IV2;year_1;Region_1;PMC_T
M1,2,3,7,16,信阳,ce6ca82c326e584d8d688a7bedd72e06f508088c933485bfbfa222c82aab7fd0,244.6035494318183,293.94714763820105,IV1;IV2;year_1;Region_1;PMC_T
M1,2,3,7,20,北京,ce6ca82c326e584d8d688a7bedd72e06f508088c933485bfbfa222c82aab7fd0,291.2148675426136,553.7840093614003,IV1;IV2;year_1;Region_1;PMC_T
M1,2,3,7,29,汕头,ce6ca82c326e584d8d688a7bedd72e06f508088c933485bfbfa222c82aab7fd0,516.6316193181818,231.7586232174326,IV1;IV2;year_1;Region_1;PMC_T
M1,2,3,7,33,澄迈,ce6ca82c326e584d8d688a7bedd72e06f508088c933485bfbfa222c82aab7fd0,647.861484375,230.94780391370736,IV1;IV2;year_1;Region_1;PMC_T
M1,2,3,7,35,琼中,ce6ca82c326e584d8d688a7bedd72e06f508088c933485bfbfa222c82aab7fd0,1106.44734375,224.799601426201,IV1;IV2;year_1;Region_1;PMC_T
M1,2,3,7,37,白沙,ce6ca82c326e584d8d688a7bedd72e06f508088c933485bfbfa222c82aab7fd0,192.9951366477273,291.3885914567607,IV1;IV2;year_1;Region_1;PMC_T
M1,2,3,7,39,陵水,ce6ca82c326e584d8d688a7bedd72e06f508088c933485bfbfa222c82aab7fd0,337.1486134943182,408.57270340704684,IV1;IV2;year_1;Region_1;PMC_T
M1,2,4,8,1,上海,ce6ca82c326e584d8d688a7bedd72e06f508088c933485bfbfa222c82aab7fd0,2302.973933396464,365.2384498926793,IV1;IV2;year_1;Region_1;PMC_T
M1,2,4,8,6,中卫,ce6ca82c326e584d8d688a7bedd72e06f508088c933485bfbfa222c82aab7fd0,31.05198382826678,400.89949297671427,IV1;IV2;year_1;Region_1;PMC_T
M1,2,4,8,7,中山,ce6ca82c326e584d8d688a7bedd72e06f508088c933485bfbfa222c82aab7fd0,89.11043759098708,251.19524707181438,IV1;IV2;year_1;Region_1;PMC_T
M1,2,4,8,11,乐东,ce6ca82c326e584d8d688a7bedd72e06f508088c933485bfbfa222c82aab7fd0,51.57938057753164,395.60546740647334,IV1;IV2;year_1;Region_1;PMC_T
M1,2,4,8,14,五指山,ce6ca82c326e584d8d688a7bedd72e06f508088c933485bfbfa222c82aab7fd0,273.4003661931818,397.7061480392297,IV1;IV2;year_1;Region_1;PMC_T
M1,2,4,8,19,兰州,ce6ca82c326e584d8d688a7bedd72e06f508088c933485bfbfa222c82aab7fd0,32.85616429924242,312.8117902798348,IV1;IV2;year_1;Region_1;PMC_T
M1,2,4,8,27,文昌,ce6ca82c326e584d8d688a7bedd72e06f508088c933485bfbfa222c82aab7fd0,273.4003661931818,450.03165432508797,IV1;IV2;year_1;Region_1;PMC_T
M1,2,4,8,30,海口,ce6ca82c326e584d8d688a7bedd72e06f508088c933485bfbfa222c82aab7fd0,339.134276349432,324.7807638643756,IV1;IV2;year_1;Region_1;PMC_T
M1,2,5,9,3,东方,ce6ca82c326e584d8d688a7bedd72e06f508088c933485bfbfa222c82aab7fd0,266.2529209872159,392.47736321435036,IV1;IV2;year_1;Region_1;PMC_T
M1,2,5,9,8,临高,ce6ca82c326e584d8d688a7bedd72e06f508088c933485bfbfa222c82aab7fd0,83.80276845703128,406.9383211294175,IV1;IV2;year_1;Region_1;PMC_T
M1,2,5,9,13,九江,ce6ca82c326e584d8d688a7bedd72e06f508088c933485bfbfa222c82aab7fd0,0.0,354.5744129287887,IV1;IV2;year_1;Region_1;PMC_T
M1,2,5,9,17,儋州,ce6ca82c326e584d8d688a7bedd72e06f508088c933485bfbfa222c82aab7fd0,539.7352537592891,406.31610649987897,IV1;IV2;year_1;Region_1;PMC_T
M1,2,5,9,24,屯昌,ce6ca82c326e584d8d688a7bedd72e06f508088c933485bfbfa222c82aab7fd0,273.4003661931819,385.83854989939687,IV1;IV2;year_1;Region_1;PMC_T
M1,2,5,9,25,广州,ce6ca82c326e584d8d688a7bedd72e06f508088c933485bfbfa222c82aab7fd0,164.1983198863636,643.9343681404446,IV1;IV2;year_1;Region_1;PMC_T
M1,2,5,9,38,肇庆,ce6ca82c326e584d8d688a7bedd72e06f508088c933485bfbfa222c82aab7fd0,23.03745340909091,206.1530906127233,IV1;IV2;year_1;Region_1;PMC_T
M1,2,5,9,40,韶关,ce6ca82c326e584d8d688a7bedd72e06f508088c933485bfbfa222c82aab7fd0,547.9050852272727,216.8554706834484,IV1;IV2;year_1;Region_1;PMC_T
M1,3,1,10,1,上海,ce6ca82c326e584d8d688a7bedd72e06f508088c933485bfbfa222c82aab7fd0,2302.973933396464,476.043015439969,IV1;IV2;year_1;Region_1;PMC_T
M1,3,1,10,3,东方,ce6ca82c326e584d8d688a7bedd72e06f508088c933485bfbfa222c82aab7fd0,266.2529209872159,289.80463747927416,IV1;IV2;year_1;Region_1;PMC_T
M1,3,1,10,5,东营,ce6ca82c326e584d8d688a7bedd72e06f508088c933485bfbfa222c82aab7fd0,425.3271014204544,266.7236853830947,IV1;IV2;year_1;Region_1;PMC_T
M1,3,1,10,13,九江,ce6ca82c326e584d8d688a7bedd72e06f508088c933485bfbfa222c82aab7fd0,0.0,359.002695196682,IV1;IV2;year_1;Region_1;PMC_T
M1,3,1,10,21,北海,ce6ca82c326e584d8d688a7bedd72e06f508088c933485bfbfa222c82aab7fd0,318.3245085227273,301.98887636022766,IV1;IV2;year_1;Region_1;PMC_T
M1,3,1,10,22,合肥,ce6ca82c326e584d8d688a7bedd72e06f508088c933485bfbfa222c82aab7fd0,13.19625,373.2490471748177,IV1;IV2;year_1;Region_1;PMC_T
M1,3,1,10,31,深圳,ce6ca82c326e584d8d688a7bedd72e06f508088c933485bfbfa222c82aab7fd0,159.7083409090909,579.2492798954568,IV1;IV2;year_1;Region_1;PMC_T
M1,3,1,10,38,肇庆,ce6ca82c326e584d8d688a7bedd72e06f508088c933485bfbfa222c82aab7fd0,23.03745340909091,197.78293829185415,IV1;IV2;year_1;Region_1;PMC_T
M1,3,1,10,40,韶关,ce6ca82c326e584d8d688a7bedd72e06f508088c933485bfbfa222c82aab7fd0,547.9050852272727,204.26459126175075,IV1;IV2;year_1;Region_1;PMC_T
M1,3,2,11,4,东莞,ce6ca82c326e584d8d688a7bedd72e06f508088c933485bfbfa222c82aab7fd0,307.5424744318183,728.1199223394407,IV1;IV2;year_1;Region_1;PMC_T
M1,3,2,11,9,丽水,ce6ca82c326e584d8d688a7bedd72e06f508088c933485bfbfa222c82aab7fd0,33.76567926136365,320.2691025103738,IV1;IV2;year_1;Region_1;PMC_T
M1,3,2,11,12,乐山,ce6ca82c326e584d8d688a7bedd72e06f508088c933485bfbfa222c82aab7fd0,45.02250000000001,243.13472443501843,IV1;IV2;year_1;Region_1;PMC_T
M1,3,2,11,26,惠州,ce6ca82c326e584d8d688a7bedd72e06f508088c933485bfbfa222c82aab7fd0,253.6378448863636,324.39921541826254,IV1;IV2;year_1;Region_1;PMC_T
M1,3,2,11,29,汕头,ce6ca82c326e584d8d688a7bedd72e06f508088c933485bfbfa222c82aab7fd0,516.6316193181818,304.3810626504688,IV1;IV2;year_1;Region_1;PMC_T
M1,3,2,11,30,海口,ce6ca82c326e584d8d688a7bedd72e06f508088c933485bfbfa222c82aab7fd0,339.134276349432,496.88411342334865,IV1;IV2;year_1;Region_1;PMC_T
M1,3,2,11,33,澄迈,ce6ca82c326e584d8d688a7bedd72e06f508088c933485bfbfa222c82aab7fd0,647.861484375,268.53446100533995,IV1;IV2;year_1;Region_1;PMC_T
M1,3,2,11,39,陵水,ce6ca82c326e584d8d688a7bedd72e06f508088c933485bfbfa222c82aab7fd0,337.1486134943182,466.28472584193145,IV1;IV2;year_1;Region_1;PMC_T
M1,3,3,12,2,上饶,ce6ca82c326e584d8d688a7bedd72e06f508088c933485bfbfa222c82aab7fd0,114.81355125,215.23225794168278,IV1;IV2;year_1;Region_1;PMC_T
M1,3,3,12,10,义乌,ce6ca82c326e584d8d688a7bedd72e06f508088c933485bfbfa222c82aab7fd0,7288.761349396308,235.08237649608256,IV1;IV2;year_1;Region_1;PMC_T
M1,3,3,12,16,信阳,ce6ca82c326e584d8d688a7bedd72e06f508088c933485bfbfa222c82aab7fd0,244.6035494318183,290.44152674230054,IV1;IV2;year_1;Region_1;PMC_T
M1,3,3,12,18,六安,ce6ca82c326e584d8d688a7bedd72e06f508088c933485bfbfa222c82aab7fd0,8.639045028409095,298.11692556265507,IV1;IV2;year_1;Region_1;PMC_T
M1,3,3,12,19,兰州,ce6ca82c326e584d8d688a7bedd72e06f508088c933485bfbfa222c82aab7fd0,32.85616429924242,217.84862845333328,IV1;IV2;year_1;Region_1;PMC_T
M1,3,3,12,27,文昌,ce6ca82c326e584d8d688a7bedd72e06f508088c933485bfbfa222c82aab7fd0,273.4003661931818,323.1944495670814,IV1;IV2;year_1;Region_1;PMC_T
M1,3,3,12,34,珠海,ce6ca82c326e584d8d688a7bedd72e06f508088c933485bfbfa222c82aab7fd0,1511.786079545455,278.669389189767,IV1;IV2;year_1;Region_1;PMC_T
M1,3,3,12,36,琼海,ce6ca82c326e584d8d688a7bedd72e06f508088c933485bfbfa222c82aab7fd0,1716.717565054688,248.87506660041046,IV1;IV2;year_1;Region_1;PMC_T
M1,3,4,13,0,万宁,ce6ca82c326e584d8d688a7bedd72e06f508088c933485bfbfa222c82aab7fd0,148.9921240384616,503.2462233437996,IV1;IV2;year_1;Region_1;PMC_T
M1,3,4,13,6,中卫,ce6ca82c326e584d8d688a7bedd72e06f508088c933485bfbfa222c82aab7fd0,31.05198382826678,318.4279194572285,IV1;IV2;year_1;Region_1;PMC_T
M1,3,4,13,7,中山,ce6ca82c326e584d8d688a7bedd72e06f508088c933485bfbfa222c82aab7fd0,89.11043759098708,206.53960147141552,IV1;IV2;year_1;Region_1;PMC_T
M1,3,4,13,8,临高,ce6ca82c326e584d8d688a7bedd72e06f508088c933485bfbfa222c82aab7fd0,83.80276845703128,418.7501887064568,IV1;IV2;year_1;Region_1;PMC_T
M1,3,4,13,11,乐东,ce6ca82c326e584d8d688a7bedd72e06f508088c933485bfbfa222c82aab7fd0,51.57938057753164,386.5247271506703,IV1;IV2;year_1;Region_1;PMC_T
M1,3,4,13,32,清远,ce6ca82c326e584d8d688a7bedd72e06f508088c933485bfbfa222c82aab7fd0,375.720028409091,243.76469048797958,IV1;IV2;year_1;Region_1;PMC_T
M1,3,4,13,35,琼中,ce6ca82c326e584d8d688a7bedd72e06f508088c933485bfbfa222c82aab7fd0,1106.44734375,331.59148362514867,IV1;IV2;year_1;Region_1;PMC_T
M1,3,4,13,37,白沙,ce6ca82c326e584d8d688a7bedd72e06f508088c933485bfbfa222c82aab7fd0,192.9951366477273,397.32251616908036,IV1;IV2;year_1;Region_1;PMC_T
M1,3,5,14,14,五指山,ce6ca82c326e584d8d688a7bedd72e06f508088c933485bfbfa222c82aab7fd0,273.4003661931818,355.5455932850626,IV1;IV2;year_1;Region_1;PMC_T
M1,3,5,14,15,佛山,ce6ca82c326e584d8d688a7bedd72e06f508088c933485bfbfa222c82aab7fd0,28.38274488636364,344.4459064785633,IV1;IV2;year_1;Region_1;PMC_T
M1,3,5,14,17,儋州,ce6ca82c326e584d8d688a7bedd72e06f508088c933485bfbfa222c82aab7fd0,539.7352537592891,342.8718828897062,IV1;IV2;year_1;Region_1;PMC_T
M1,3,5,14,20,北京,ce6ca82c326e584d8d688a7bedd72e06f508088c933485bfbfa222c82aab7fd0,291.2148675426136,718.4309162962627,IV1;IV2;year_1;Region_1;PMC_T
M1,3,5,14,23,定安,ce6ca82c326e584d8d688a7bedd72e06f508088c933485bfbfa222c82aab7fd0,273.4003661931819,328.2024940726769,IV1;IV2;year_1;Region_1;PMC_T
M1,3,5,14,24,屯昌,ce6ca82c326e584d8d688a7bedd72e06f508088c933485bfbfa222c82aab7fd0,273.4003661931819,326.8812981509623,IV1;IV2;year_1;Region_1;PMC_T
M1,3,5,14,25,广州,ce6ca82c326e584d8d688a7bedd72e06f508088c933485bfbfa222c82aab7fd0,164.1983198863636,778.6461059060701,IV1;IV2;year_1;Region_1;PMC_T
M1,3,5,14,28,昌江,ce6ca82c326e584d8d688a7bedd72e06f508088c933485bfbfa222c82aab7fd0,268.7138254261364,250.15917246318372,IV1;IV2;year_1;Region_1;PMC_T
M1,4,1,15,1,上海,ce6ca82c326e584d8d688a7bedd72e06f508088c933485bfbfa222c82aab7fd0,2302.973933396464,355.32822217018895,IV1;IV2;year_1;Region_1;PMC_T
M1,4,1,15,5,东营,ce6ca82c326e584d8d688a7bedd72e06f508088c933485bfbfa222c82aab7fd0,425.3271014204544,264.0129290142345,IV1;IV2;year_1;Region_1;PMC_T
M1,4,1,15,7,中山,ce6ca82c326e584d8d688a7bedd72e06f508088c933485bfbfa222c82aab7fd0,89.11043759098708,203.93941591520579,IV1;IV2;year_1;Region_1;PMC_T
M1,4,1,15,11,乐东,ce6ca82c326e584d8d688a7bedd72e06f508088c933485bfbfa222c82aab7fd0,51.57938057753164,352.2693762450362,IV1;IV2;year_1;Region_1;PMC_T
M1,4,1,15,17,儋州,ce6ca82c326e584d8d688a7bedd72e06f508088c933485bfbfa222c82aab7fd0,539.7352537592891,309.867745186022,IV1;IV2;year_1;Region_1;PMC_T
M1,4,1,15,23,定安,ce6ca82c326e584d8d688a7bedd72e06f508088c933485bfbfa222c82aab7fd0,273.4003661931819,272.9153508404125,IV1;IV2;year_1;Region_1;PMC_T
M1,4,1,15,27,文昌,ce6ca82c326e584d8d688a7bedd72e06f508088c933485bfbfa222c82aab7fd0,273.4003661931818,347.5784303160809,IV1;IV2;year_1;Region_1;PMC_T
M1,4,1,15,29,汕头,ce6ca82c326e584d8d688a7bedd72e06f508088c933485bfbfa222c82aab7fd0,516.6316193181818,260.8381923091887,IV1;IV2;year_1;Region_1;PMC_T
M1,4,1,15,38,肇庆,ce6ca82c326e584d8d688a7bedd72e06f508088c933485bfbfa222c82aab7fd0,23.03745340909091,151.10422069293955,IV1;IV2;year_1;Region_1;PMC_T
M1,4,2,16,10,义乌,ce6ca82c326e584d8d688a7bedd72e06f508088c933485bfbfa222c82aab7fd0,7288.761349396308,450.8196145001997,IV1;IV2;year_1;Region_1;PMC_T
M1,4,2,16,15,佛山,ce6ca82c326e584d8d688a7bedd72e06f508088c933485bfbfa222c82aab7fd0,28.38274488636364,294.07020693509213,IV1;IV2;year_1;Region_1;PMC_T
M1,4,2,16,19,兰州,ce6ca82c326e584d8d688a7bedd72e06f508088c933485bfbfa222c82aab7fd0,32.85616429924242,256.8378707499208,IV1;IV2;year_1;Region_1;PMC_T
M1,4,2,16,20,北京,ce6ca82c326e584d8d688a7bedd72e06f508088c933485bfbfa222c82aab7fd0,291.2148675426136,405.9938615728006,IV1;IV2;year_1;Region_1;PMC_T
M1,4,2,16,21,北海,ce6ca82c326e584d8d688a7bedd72e06f508088c933485bfbfa222c82aab7fd0,318.3245085227273,209.3488131391474,IV1;IV2;year_1;Region_1;PMC_T
M1,4,2,16,24,屯昌,ce6ca82c326e584d8d688a7bedd72e06f508088c933485bfbfa222c82aab7fd0,273.4003661931819,281.67120229607326,IV1;IV2;year_1;Region_1;PMC_T
M1,4,2,16,31,深圳,ce6ca82c326e584d8d688a7bedd72e06f508088c933485bfbfa222c82aab7fd0,159.7083409090909,492.6010666343539,IV1;IV2;year_1;Region_1;PMC_T
M1,4,2,16,35,琼中,ce6ca82c326e584d8d688a7bedd72e06f508088c933485bfbfa222c82aab7fd0,1106.44734375,270.70466646549545,IV1;IV2;year_1;Region_1;PMC_T
M1,4,3,17,3,东方,ce6ca82c326e584d8d688a7bedd72e06f508088c933485bfbfa222c82aab7fd0,266.2529209872159,335.92499369744525,IV1;IV2;year_1;Region_1;PMC_T
M1,4,3,17,9,丽水,ce6ca82c326e584d8d688a7bedd72e06f508088c933485bfbfa222c82aab7fd0,33.76567926136365,311.42984181455097,IV1;IV2;year_1;Region_1;PMC_T
M1,4,3,17,12,乐山,ce6ca82c326e584d8d688a7bedd72e06f508088c933485bfbfa222c82aab7fd0,45.02250000000001,237.2283163788529,IV1;IV2;year_1;Region_1;PMC_T
M1,4,3,17,16,信阳,ce6ca82c326e584d8d688a7bedd72e06f508088c933485bfbfa222c82aab7fd0,244.6035494318183,355.9778721199768,IV1;IV2;year_1;Region_1;PMC_T
M1,4,3,17,18,六安,ce6ca82c326e584d8d688a7bedd72e06f508088c933485bfbfa222c82aab7fd0,8.639045028409095,319.5733636900903,IV1;IV2;year_1;Region_1;PMC_T
M1,4,3,17,28,昌江,ce6ca82c326e584d8d688a7bedd72e06f508088c933485bfbfa222c82aab7fd0,268.7138254261364,292.89067075634614,IV1;IV2;year_1;Region_1;PMC_T
M1,4,3,17,32,清远,ce6ca82c326e584d8d688a7bedd72e06f508088c933485bfbfa222c82aab7fd0,375.720028409091,242.78298187249814,IV1;IV2;year_1;Region_1;PMC_T
M1,4,3,17,33,澄迈,ce6ca82c326e584d8d688a7bedd72e06f508088c933485bfbfa222c82aab7fd0,647.861484375,313.8119023759367,IV1;IV2;year_1;Region_1;PMC_T
M1,4,4,18,6,中卫,ce6ca82c326e584d8d688a7bedd72e06f508088c933485bfbfa222c82aab7fd0,31.05198382826678,352.26875545151626,IV1;IV2;year_1;Region_1;PMC_T
M1,4,4,18,8,临高,ce6ca82c326e584d8d688a7bedd72e06f508088c933485bfbfa222c82aab7fd0,83.80276845703128,420.99464325287914,IV1;IV2;year_1;Region_1;PMC_T
M1,4,4,18,14,五指山,ce6ca82c326e584d8d688a7bedd72e06f508088c933485bfbfa222c82aab7fd0,273.4003661931818,405.16847182917314,IV1;IV2;year_1;Region_1;PMC_T
M1,4,4,18,22,合肥,ce6ca82c326e584d8d688a7bedd72e06f508088c933485bfbfa222c82aab7fd0,13.19625,462.3493881857799,IV1;IV2;year_1;Region_1;PMC_T
M1,4,4,18,25,广州,ce6ca82c326e584d8d688a7bedd72e06f508088c933485bfbfa222c82aab7fd0,164.1983198863636,706.5667899696634,IV1;IV2;year_1;Region_1;PMC_T
M1,4,4,18,26,惠州,ce6ca82c326e584d8d688a7bedd72e06f508088c933485bfbfa222c82aab7fd0,253.6378448863636,326.95200958685376,IV1;IV2;year_1;Region_1;PMC_T
M1,4,4,18,30,海口,ce6ca82c326e584d8d688a7bedd72e06f508088c933485bfbfa222c82aab7fd0,339.134276349432,502.93725801857255,IV1;IV2;year_1;Region_1;PMC_T
M1,4,4,18,37,白沙,ce6ca82c326e584d8d688a7bedd72e06f508088c933485bfbfa222c82aab7fd0,192.9951366477273,400.1809945431225,IV1;IV2;year_1;Region_1;PMC_T
M1,4,5,19,0,万宁,ce6ca82c326e584d8d688a7bedd72e06f508088c933485bfbfa222c82aab7fd0,148.9921240384616,328.0136855817982,IV1;IV2;year_1;Region_1;PMC_T
M1,4,5,19,2,上饶,ce6ca82c326e584d8d688a7bedd72e06f508088c933485bfbfa222c82aab7fd0,114.81355125,183.81292894342008,IV1;IV2;year_1;Region_1;PMC_T
M1,4,5,19,4,东莞,ce6ca82c326e584d8d688a7bedd72e06f508088c933485bfbfa222c82aab7fd0,307.5424744318183,489.1510695555294,IV1;IV2;year_1;Region_1;PMC_T
M1,4,5,19,13,九江,ce6ca82c326e584d8d688a7bedd72e06f508088c933485bfbfa222c82aab7fd0,0.0,354.36379042763025,IV1;IV2;year_1;Region_1;PMC_T
M1,4,5,19,34,珠海,ce6ca82c326e584d8d688a7bedd72e06f508088c933485bfbfa222c82aab7fd0,1511.786079545455,540.5716432064804,IV1;IV2;year_1;Region_1;PMC_T
M1,4,5,19,36,琼海,ce6ca82c326e584d8d688a7bedd72e06f508088c933485bfbfa222c82aab7fd0,1716.717565054688,270.2958494950835,IV1;IV2;year_1;Region_1;PMC_T
M1,4,5,19,39,陵水,ce6ca82c326e584d8d688a7bedd72e06f508088c933485bfbfa222c82aab7fd0,337.1486134943182,380.8028018172451,IV1;IV2;year_1;Region_1;PMC_T
M1,4,5,19,40,韶关,ce6ca82c326e584d8d688a7bedd72e06f508088c933485bfbfa222c82aab7fd0,547.9050852272727,193.36699852210378,IV1;IV2;year_1;Region_1;PMC_T
M1,5,1,20,1,上海,ce6ca82c326e584d8d688a7bedd72e06f508088c933485bfbfa222c82aab7fd0,2302.973933396464,232.85791946235184,IV1;IV2;year_1;Region_1;PMC_T
M1,5,1,20,13,九江,ce6ca82c326e584d8d688a7bedd72e06f508088c933485bfbfa222c82aab7fd0,0.0,347.4204931822664,IV1;IV2;year_1;Region_1;PMC_T
M1,5,1,20,16,信阳,ce6ca82c326e584d8d688a7bedd72e06f508088c933485bfbfa222c82aab7fd0,244.6035494318183,305.96829731027003,IV1;IV2;year_1;Region_1;PMC_T
M1,5,1,20,17,儋州,ce6ca82c326e584d8d688a7bedd72e06f508088c933485bfbfa222c82aab7fd0,539.7352537592891,288.07816925574923,IV1;IV2;year_1;Region_1;PMC_T
M1,5,1,20,18,六安,ce6ca82c326e584d8d688a7bedd72e06f508088c933485bfbfa222c82aab7fd0,8.639045028409095,356.063289560411,IV1;IV2;year_1;Region_1;PMC_T
M1,5,1,20,23,定安,ce6ca82c326e584d8d688a7bedd72e06f508088c933485bfbfa222c82aab7fd0,273.4003661931819,278.11710999976935,IV1;IV2;year_1;Region_1;PMC_T
M1,5,1,20,28,昌江,ce6ca82c326e584d8d688a7bedd72e06f508088c933485bfbfa222c82aab7fd0,268.7138254261364,324.2432898141921,IV1;IV2;year_1;Region_1;PMC_T
M1,5,1,20,34,珠海,ce6ca82c326e584d8d688a7bedd72e06f508088c933485bfbfa222c82aab7fd0,1511.786079545455,349.7742297501764,IV1;IV2;year_1;Region_1;PMC_T
M1,5,1,20,36,琼海,ce6ca82c326e584d8d688a7bedd72e06f508088c933485bfbfa222c82aab7fd0,1716.717565054688,245.6905399548492,IV1;IV2;year_1;Region_1;PMC_T
M1,5,2,21,3,东方,ce6ca82c326e584d8d688a7bedd72e06f508088c933485bfbfa222c82aab7fd0,266.2529209872159,354.56620750980716,IV1;IV2;year_1;Region_1;PMC_T
M1,5,2,21,11,乐东,ce6ca82c326e584d8d688a7bedd72e06f508088c933485bfbfa222c82aab7fd0,51.57938057753164,353.8309895258007,IV1;IV2;year_1;Region_1;PMC_T
M1,5,2,21,14,五指山,ce6ca82c326e584d8d688a7bedd72e06f508088c933485bfbfa222c82aab7fd0,273.4003661931818,376.0224004015733,IV1;IV2;year_1;Region_1;PMC_T
M1,5,2,21,15,佛山,ce6ca82c326e584d8d688a7bedd72e06f508088c933485bfbfa222c82aab7fd0,28.38274488636364,370.5050922667075,IV1;IV2;year_1;Region_1;PMC_T
M1,5,2,21,20,北京,ce6ca82c326e584d8d688a7bedd72e06f508088c933485bfbfa222c82aab7fd0,291.2148675426136,591.3530129376308,IV1;IV2;year_1;Region_1;PMC_T
M1,5,2,21,21,北海,ce6ca82c326e584d8d688a7bedd72e06f508088c933485bfbfa222c82aab7fd0,318.3245085227273,284.74465457750637,IV1;IV2;year_1;Region_1;PMC_T
M1,5,2,21,22,合肥,ce6ca82c326e584d8d688a7bedd72e06f508088c933485bfbfa222c82aab7fd0,13.19625,450.2907873635066,IV1;IV2;year_1;Region_1;PMC_T
M1,5,2,21,35,琼中,ce6ca82c326e584d8d688a7bedd72e06f508088c933485bfbfa222c82aab7fd0,1106.44734375,281.6146972486777,IV1;IV2;year_1;Region_1;PMC_T
M1,5,3,22,2,上饶,ce6ca82c326e584d8d688a7bedd72e06f508088c933485bfbfa222c82aab7fd0,114.81355125,191.24539395399464,IV1;IV2;year_1;Region_1;PMC_T
M1,5,3,22,4,东莞,ce6ca82c326e584d8d688a7bedd72e06f508088c933485bfbfa222c82aab7fd0,307.5424744318183,865.120992081396,IV1;IV2;year_1;Region_1;PMC_T
M1,5,3,22,6,中卫,ce6ca82c326e584d8d688a7bedd72e06f508088c933485bfbfa222c82aab7fd0,31.05198382826678,308.7414897995401,IV1;IV2;year_1;Region_1;PMC_T
M1,5,3,22,7,中山,ce6ca82c326e584d8d688a7bedd72e06f508088c933485bfbfa222c82aab7fd0,89.11043759098708,291.9626998984169,IV1;IV2;year_1;Region_1;PMC_T
M1,5,3,22,9,丽水,ce6ca82c326e584d8d688a7bedd72e06f508088c933485bfbfa222c82aab7fd0,33.76567926136365,380.3981763613548,IV1;IV2;year_1;Region_1;PMC_T
M1,5,3,22,25,广州,ce6ca82c326e584d8d688a7bedd72e06f508088c933485bfbfa222c82aab7fd0,164.1983198863636,817.7639131807975,IV1;IV2;year_1;Region_1;PMC_T
M1,5,3,22,31,深圳,ce6ca82c326e584d8d688a7bedd72e06f508088c933485bfbfa222c82aab7fd0,159.7083409090909,948.1705888816165,IV1;IV2;year_1;Region_1;PMC_T
M1,5,3,22,40,韶关,ce6ca82c326e584d8d688a7bedd72e06f508088c933485bfbfa222c82aab7fd0,547.9050852272727,220.47961720992987,IV1;IV2;year_1;Region_1;PMC_T
M1,5,4,23,0,万宁,ce6ca82c326e584d8d688a7bedd72e06f508088c933485bfbfa222c82aab7fd0,148.9921240384616,519.0592198423979,IV1;IV2;year_1;Region_1;PMC_T
M1,5,4,23,8,临高,ce6ca82c326e584d8d688a7bedd72e06f508088c933485bfbfa222c82aab7fd0,83.80276845703128,408.91761832660376,IV1;IV2;year_1;Region_1;PMC_T
M1,5,4,23,12,乐山,ce6ca82c326e584d8d688a7bedd72e06f508088c933485bfbfa222c82aab7fd0,45.02250000000001,225.8090169162094,IV1;IV2;year_1;Region_1;PMC_T
M1,5,4,23,26,惠州,ce6ca82c326e584d8d688a7bedd72e06f508088c933485bfbfa222c82aab7fd0,253.6378448863636,286.43050902091306,IV1;IV2;year_1;Region_1;PMC_T
M1,5,4,23,30,海口,ce6ca82c326e584d8d688a7bedd72e06f508088c933485bfbfa222c82aab7fd0,339.134276349432,485.2814082825315,IV1;IV2;year_1;Region_1;PMC_T
M1,5,4,23,32,清远,ce6ca82c326e584d8d688a7bedd72e06f508088c933485bfbfa222c82aab7fd0,375.720028409091,242.74291130605596,IV1;IV2;year_1;Region_1;PMC_T
M1,5,4,23,33,澄迈,ce6ca82c326e584d8d688a7bedd72e06f508088c933485bfbfa222c82aab7fd0,647.861484375,322.40471460583916,IV1;IV2;year_1;Region_1;PMC_T
M1,5,4,23,37,白沙,ce6ca82c326e584d8d688a7bedd72e06f508088c933485bfbfa222c82aab7fd0,192.9951366477273,374.7182795856166,IV1;IV2;year_1;Region_1;PMC_T
M1,5,5,24,5,东营,ce6ca82c326e584d8d688a7bedd72e06f508088c933485bfbfa222c82aab7fd0,425.3271014204544,312.4579349933363,IV1;IV2;year_1;Region_1;PMC_T
M1,5,5,24,10,义乌,ce6ca82c326e584d8d688a7bedd72e06f508088c933485bfbfa222c82aab7fd0,7288.761349396308,345.2262057504849,IV1;IV2;year_1;Region_1;PMC_T
M1,5,5,24,19,兰州,ce6ca82c326e584d8d688a7bedd72e06f508088c933485bfbfa222c82aab7fd0,32.85616429924242,272.36972778742575,IV1;IV2;year_1;Region_1;PMC_T
M1,5,5,24,24,屯昌,ce6ca82c326e584d8d688a7bedd72e06f508088c933485bfbfa222c82aab7fd0,273.4003661931819,311.90167847811324,IV1;IV2;year_1;Region_1;PMC_T
M1,5,5,24,27,文昌,ce6ca82c326e584d8d688a7bedd72e06f508088c933485bfbfa222c82aab7fd0,273.4003661931818,358.9347360866872,IV1;IV2;year_1;Region_1;PMC_T
M1,5,5,24,29,汕头,ce6ca82c326e584d8d688a7bedd72e06f508088c933485bfbfa222c82aab7fd0,516.6316193181818,297.3382579941997,IV1;IV2;year_1;Region_1;PMC_T
M1,5,5,24,38,肇庆,ce6ca82c326e584d8d688a7bedd72e06f508088c933485bfbfa222c82aab7fd0,23.03745340909091,196.90642512417958,IV1;IV2;year_1;Region_1;PMC_T
M1,5,5,24,39,陵水,ce6ca82c326e584d8d688a7bedd72e06f508088c933485bfbfa222c82aab7fd0,337.1486134943182,323.61592334999443,IV1;IV2;year_1;Region_1;PMC_T
M1,6,1,25,6,中卫,ce6ca82c326e584d8d688a7bedd72e06f508088c933485bfbfa222c82aab7fd0,31.05198382826678,352.874219383631,IV1;IV2;year_1;Region_1;PMC_T
M1,6,1,25,7,中山,ce6ca82c326e584d8d688a7bedd72e06f508088c933485bfbfa222c82aab7fd0,89.11043759098708,307.9359317823035,IV1;IV2;year_1;Region_1;PMC_T
M1,6,1,25,9,丽水,ce6ca82c326e584d8d688a7bedd72e06f508088c933485bfbfa222c82aab7fd0,33.76567926136365,320.1801803174398,IV1;IV2;year_1;Region_1;PMC_T
M1,6,1,25,12,乐山,ce6ca82c326e584d8d688a7bedd72e06f508088c933485bfbfa222c82aab7fd0,45.02250000000001,263.25865270680373,IV1;IV2;year_1;Region_1;PMC_T
M1,6,1,25,13,九江,ce6ca82c326e584d8d688a7bedd72e06f508088c933485bfbfa222c82aab7fd0,0.0,378.7253814727445,IV1;IV2;year_1;Region_1;PMC_T
M1,6,1,25,17,儋州,ce6ca82c326e584d8d688a7bedd72e06f508088c933485bfbfa222c82aab7fd0,539.7352537592891,302.1677872167821,IV1;IV2;year_1;Region_1;PMC_T
M1,6,1,25,23,定安,ce6ca82c326e584d8d688a7bedd72e06f508088c933485bfbfa222c82aab7fd0,273.4003661931819,339.43247811615413,IV1;IV2;year_1;Region_1;PMC_T
M1,6,1,25,29,汕头,ce6ca82c326e584d8d688a7bedd72e06f508088c933485bfbfa222c82aab7fd0,516.6316193181818,393.2329111498718,IV1;IV2;year_1;Region_1;PMC_T
M1,6,1,25,39,陵水,ce6ca82c326e584d8d688a7bedd72e06f508088c933485bfbfa222c82aab7fd0,337.1486134943182,468.1908178373761,IV1;IV2;year_1;Region_1;PMC_T
M1,6,2,26,8,临高,ce6ca82c326e584d8d688a7bedd72e06f508088c933485bfbfa222c82aab7fd0,83.80276845703128,378.27295960548076,IV1;IV2;year_1;Region_1;PMC_T
M1,6,2,26,14,五指山,ce6ca82c326e584d8d688a7bedd72e06f508088c933485bfbfa222c82aab7fd0,273.4003661931818,358.677878804564,IV1;IV2;year_1;Region_1;PMC_T
M1,6,2,26,15,佛山,ce6ca82c326e584d8d688a7bedd72e06f508088c933485bfbfa222c82aab7fd0,28.38274488636364,304.22619020883826,IV1;IV2;year_1;Region_1;PMC_T
M1,6,2,26,19,兰州,ce6ca82c326e584d8d688a7bedd72e06f508088c933485bfbfa222c82aab7fd0,32.85616429924242,287.58532939341495,IV1;IV2;year_1;Region_1;PMC_T
M1,6,2,26,21,北海,ce6ca82c326e584d8d688a7bedd72e06f508088c933485bfbfa222c82aab7fd0,318.3245085227273,240.39154513614005,IV1;IV2;year_1;Region_1;PMC_T
M1,6,2,26,26,惠州,ce6ca82c326e584d8d688a7bedd72e06f508088c933485bfbfa222c82aab7fd0,253.6378448863636,320.145399877029,IV1;IV2;year_1;Region_1;PMC_T
M1,6,2,26,30,海口,ce6ca82c326e584d8d688a7bedd72e06f508088c933485bfbfa222c82aab7fd0,339.134276349432,358.2456857531899,IV1;IV2;year_1;Region_1;PMC_T
M1,6,2,26,34,珠海,ce6ca82c326e584d8d688a7bedd72e06f508088c933485bfbfa222c82aab7fd0,1511.786079545455,564.4195004297558,IV1;IV2;year_1;Region_1;PMC_T
M1,6,3,27,3,东方,ce6ca82c326e584d8d688a7bedd72e06f508088c933485bfbfa222c82aab7fd0,266.2529209872159,309.38899961764184,IV1;IV2;year_1;Region_1;PMC_T
M1,6,3,27,4,东莞,ce6ca82c326e584d8d688a7bedd72e06f508088c933485bfbfa222c82aab7fd0,307.5424744318183,372.19806184648814,IV1;IV2;year_1;Region_1;PMC_T
M1,6,3,27,5,东营,ce6ca82c326e584d8d688a7bedd72e06f508088c933485bfbfa222c82aab7fd0,425.3271014204544,240.0095494246184,IV1;IV2;year_1;Region_1;PMC_T
M1,6,3,27,10,义乌,ce6ca82c326e584d8d688a7bedd72e06f508088c933485bfbfa222c82aab7fd0,7288.761349396308,387.59399583427484,IV1;IV2;year_1;Region_1;PMC_T
M1,6,3,27,24,屯昌,ce6ca82c326e584d8d688a7bedd72e06f508088c933485bfbfa222c82aab7fd0,273.4003661931819,296.48393683516485,IV1;IV2;year_1;Region_1;PMC_T
M1,6,3,27,28,昌江,ce6ca82c326e584d8d688a7bedd72e06f508088c933485bfbfa222c82aab7fd0,268.7138254261364,205.78418522041488,IV1;IV2;year_1;Region_1;PMC_T
M1,6,3,27,33,澄迈,ce6ca82c326e584d8d688a7bedd72e06f508088c933485bfbfa222c82aab7fd0,647.861484375,273.90696309055886,IV1;IV2;year_1;Region_1;PMC_T
M1,6,3,27,37,白沙,ce6ca82c326e584d8d688a7bedd72e06f508088c933485bfbfa222c82aab7fd0,192.9951366477273,310.52017860638784,IV1;IV2;year_1;Region_1;PMC_T
M1,6,4,28,0,万宁,ce6ca82c326e584d8d688a7bedd72e06f508088c933485bfbfa222c82aab7fd0,148.9921240384616,526.3926951219746,IV1;IV2;year_1;Region_1;PMC_T
M1,6,4,28,11,乐东,ce6ca82c326e584d8d688a7bedd72e06f508088c933485bfbfa222c82aab7fd0,51.57938057753164,330.14982537176064,IV1;IV2;year_1;Region_1;PMC_T
M1,6,4,28,18,六安,ce6ca82c326e584d8d688a7bedd72e06f508088c933485bfbfa222c82aab7fd0,8.639045028409095,353.1695485754202,IV1;IV2;year_1;Region_1;PMC_T
M1,6,4,28,20,北京,ce6ca82c326e584d8d688a7bedd72e06f508088c933485bfbfa222c82aab7fd0,291.2148675426136,794.8486519733583,IV1;IV2;year_1;Region_1;PMC_T
M1,6,4,28,25,广州,ce6ca82c326e584d8d688a7bedd72e06f508088c933485bfbfa222c82aab7fd0,164.1983198863636,817.9202498734957,IV1;IV2;year_1;Region_1;PMC_T
M1,6,4,28,31,深圳,ce6ca82c326e584d8d688a7bedd72e06f508088c933485bfbfa222c82aab7fd0,159.7083409090909,986.6734008995472,IV1;IV2;year_1;Region_1;PMC_T
M1,6,4,28,32,清远,ce6ca82c326e584d8d688a7bedd72e06f508088c933485bfbfa222c82aab7fd0,375.720028409091,262.2850251891223,IV1;IV2;year_1;Region_1;PMC_T
M1,6,4,28,35,琼中,ce6ca82c326e584d8d688a7bedd72e06f508088c933485bfbfa222c82aab7fd0,1106.44734375,286.6844283267071,IV1;IV2;year_1;Region_1;PMC_T
M1,6,5,29,1,上海,ce6ca82c326e584d8d688a7bedd72e06f508088c933485bfbfa222c82aab7fd0,2302.973933396464,353.87683374864986,IV1;IV2;year_1;Region_1;PMC_T
M1,6,5,29,2,上饶,ce6ca82c326e584d8d688a7bedd72e06f508088c933485bfbfa222c82aab7fd0,114.81355125,228.2434567973966,IV1;IV2;year_1;Region_1;PMC_T
M1,6,5,29,16,信阳,ce6ca82c326e584d8d688a7bedd72e06f508088c933485bfbfa222c82aab7fd0,244.6035494318183,337.291996397289,IV1;IV2;year_1;Region_1;PMC_T
M1,6,5,29,22,合肥,ce6ca82c326e584d8d688a7bedd72e06f508088c933485bfbfa222c82aab7fd0,13.19625,295.9525995376247,IV1;IV2;year_1;Region_1;PMC_T
M1,6,5,29,27,文昌,ce6ca82c326e584d8d688a7bedd72e06f508088c933485bfbfa222c82aab7fd0,273.4003661931818,366.05266850104607,IV1;IV2;year_1;Region_1;PMC_T
M1,6,5,29,36,琼海,ce6ca82c326e584d8d688a7bedd72e06f508088c933485bfbfa222c82aab7fd0,1716.717565054688,245.5399916839894,IV1;IV2;year_1;Region_1;PMC_T
M1,6,5,29,38,肇庆,ce6ca82c326e584d8d688a7bedd72e06f508088c933485bfbfa222c82aab7fd0,23.03745340909091,188.70179476849256,IV1;IV2;year_1;Region_1;PMC_T
M1,6,5,29,40,韶关,ce6ca82c326e584d8d688a7bedd72e06f508088c933485bfbfa222c82aab7fd0,547.9050852272727,227.7753817402636,IV1;IV2;year_1;Region_1;PMC_T
M1,7,1,30,3,东方,ce6ca82c326e584d8d688a7bedd72e06f508088c933485bfbfa222c82aab7fd0,266.2529209872159,255.82127523848277,IV1;IV2;year_1;Region_1;PMC_T
M1,7,1,30,5,东营,ce6ca82c326e584d8d688a7bedd72e06f508088c933485bfbfa222c82aab7fd0,425.3271014204544,242.70424745306656,IV1;IV2;year_1;Region_1;PMC_T
M1,7,1,30,7,中山,ce6ca82c326e584d8d688a7bedd72e06f508088c933485bfbfa222c82aab7fd0,89.11043759098708,228.85310921132893,IV1;IV2;year_1;Region_1;PMC_T
M1,7,1,30,13,九江,ce6ca82c326e584d8d688a7bedd72e06f508088c933485bfbfa222c82aab7fd0,0.0,376.6615903688639,IV1;IV2;year_1;Region_1;PMC_T
M1,7,1,30,20,北京,ce6ca82c326e584d8d688a7bedd72e06f508088c933485bfbfa222c82aab7fd0,291.2148675426136,559.3184903847746,IV1;IV2;year_1;Region_1;PMC_T
M1,7,1,30,28,昌江,ce6ca82c326e584d8d688a7bedd72e06f508088c933485bfbfa222c82aab7fd0,268.7138254261364,228.85453854120794,IV1;IV2;year_1;Region_1;PMC_T
M1,7,1,30,29,汕头,ce6ca82c326e584d8d688a7bedd72e06f508088c933485bfbfa222c82aab7fd0,516.6316193181818,348.09857962489644,IV1;IV2;year_1;Region_1;PMC_T
M1,7,1,30,36,琼海,ce6ca82c326e584d8d688a7bedd72e06f508088c933485bfbfa222c82aab7fd0,1716.717565054688,252.42488750781925,IV1;IV2;year_1;Region_1;PMC_T
M1,7,1,30,40,韶关,ce6ca82c326e584d8d688a7bedd72e06f508088c933485bfbfa222c82aab7fd0,547.9050852272727,180.30650491094582,IV1;IV2;year_1;Region_1;PMC_T
M1,7,2,31,4,东莞,ce6ca82c326e584d8d688a7bedd72e06f508088c933485bfbfa222c82aab7fd0,307.5424744318183,752.0707114236499,IV1;IV2;year_1;Region_1;PMC_T
M1,7,2,31,8,临高,ce6ca82c326e584d8d688a7bedd72e06f508088c933485bfbfa222c82aab7fd0,83.80276845703128,358.22074229594756,IV1;IV2;year_1;Region_1;PMC_T
M1,7,2,31,12,乐山,ce6ca82c326e584d8d688a7bedd72e06f508088c933485bfbfa222c82aab7fd0,45.02250000000001,262.02826092888364,IV1;IV2;year_1;Region_1;PMC_T
M1,7,2,31,14,五指山,ce6ca82c326e584d8d688a7bedd72e06f508088c933485bfbfa222c82aab7fd0,273.4003661931818,373.86668964742466,IV1;IV2;year_1;Region_1;PMC_T
M1,7,2,31,21,北海,ce6ca82c326e584d8d688a7bedd72e06f508088c933485bfbfa222c82aab7fd0,318.3245085227273,296.6067263609928,IV1;IV2;year_1;Region_1;PMC_T
M1,7,2,31,25,广州,ce6ca82c326e584d8d688a7bedd72e06f508088c933485bfbfa222c82aab7fd0,164.1983198863636,703.1197403348965,IV1;IV2;year_1;Region_1;PMC_T
M1,7,2,31,26,惠州,ce6ca82c326e584d8d688a7bedd72e06f508088c933485bfbfa222c82aab7fd0,253.6378448863636,311.1521102422789,IV1;IV2;year_1;Region_1;PMC_T
M1,7,2,31,33,澄迈,ce6ca82c326e584d8d688a7bedd72e06f508088c933485bfbfa222c82aab7fd0,647.861484375,315.32543609885215,IV1;IV2;year_1;Region_1;PMC_T
M1,7,3,32,1,上海,ce6ca82c326e584d8d688a7bedd72e06f508088c933485bfbfa222c82aab7fd0,2302.973933396464,277.243638140488,IV1;IV2;year_1;Region_1;PMC_T
M1,7,3,32,11,乐东,ce6ca82c326e584d8d688a7bedd72e06f508088c933485bfbfa222c82aab7fd0,51.57938057753164,350.9720806686487,IV1;IV2;year_1;Region_1;PMC_T
M1,7,3,32,15,佛山,ce6ca82c326e584d8d688a7bedd72e06f508088c933485bfbfa222c82aab7fd0,28.38274488636364,237.24945135053176,IV1;IV2;year_1;Region_1;PMC_T
M1,7,3,32,16,信阳,ce6ca82c326e584d8d688a7bedd72e06f508088c933485bfbfa222c82aab7fd0,244.6035494318183,337.1268547282132,IV1;IV2;year_1;Region_1;PMC_T
M1,7,3,32,23,定安,ce6ca82c326e584d8d688a7bedd72e06f508088c933485bfbfa222c82aab7fd0,273.4003661931819,289.421444253179,IV1;IV2;year_1;Region_1;PMC_T
M1,7,3,32,30,海口,ce6ca82c326e584d8d688a7bedd72e06f508088c933485bfbfa222c82aab7fd0,339.134276349432,344.8937599322171,IV1;IV2;year_1;Region_1;PMC_T
M1,7,3,32,34,珠海,ce6ca82c326e584d8d688a7bedd72e06f508088c933485bfbfa222c82aab7fd0,1511.786079545455,378.2303719883789,IV1;IV2;year_1;Region_1;PMC_T
M1,7,3,32,39,陵水,ce6ca82c326e584d8d688a7bedd72e06f508088c933485bfbfa222c82aab7fd0,337.1486134943182,377.35464802075506,IV1;IV2;year_1;Region_1;PMC_T
M1,7,4,33,2,上饶,ce6ca82c326e584d8d688a7bedd72e06f508088c933485bfbfa222c82aab7fd0,114.81355125,314.69506692719506,IV1;IV2;year_1;Region_1;PMC_T
M1,7,4,33,9,丽水,ce6ca82c326e584d8d688a7bedd72e06f508088c933485bfbfa222c82aab7fd0,33.76567926136365,423.24723046093493,IV1;IV2;year_1;Region_1;PMC_T
M1,7,4,33,22,合肥,ce6ca82c326e584d8d688a7bedd72e06f508088c933485bfbfa222c82aab7fd0,13.19625,478.08957422365046,IV1;IV2;year_1;Region_1;PMC_T
M1,7,4,33,24,屯昌,ce6ca82c326e584d8d688a7bedd72e06f508088c933485bfbfa222c82aab7fd0,273.4003661931819,311.2736305802561,IV1;IV2;year_1;Region_1;PMC_T
M1,7,4,33,27,文昌,ce6ca82c326e584d8d688a7bedd72e06f508088c933485bfbfa222c82aab7fd0,273.4003661931818,290.62571955549157,IV1;IV2;year_1;Region_1;PMC_T
M1,7,4,33,35,琼中,ce6ca82c326e584d8d688a7bedd72e06f508088c933485bfbfa222c82aab7fd0,1106.44734375,276.5176182037744,IV1;IV2;year_1;Region_1;PMC_T
M1,7,4,33,37,白沙,ce6ca82c326e584d8d688a7bedd72e06f508088c933485bfbfa222c82aab7fd0,192.9951366477273,389.2912901888934,IV1;IV2;year_1;Region_1;PMC_T
M1,7,4,33,38,肇庆,ce6ca82c326e584d8d688a7bedd72e06f508088c933485bfbfa222c82aab7fd0,23.03745340909091,269.78663787807585,IV1;IV2;year_1;Region_1;PMC_T
M1,7,5,34,0,万宁,ce6ca82c326e584d8d688a7bedd72e06f508088c933485bfbfa222c82aab7fd0,148.9921240384616,469.2559211910767,IV1;IV2;year_1;Region_1;PMC_T
M1,7,5,34,6,中卫,ce6ca82c326e584d8d688a7bedd72e06f508088c933485bfbfa222c82aab7fd0,31.05198382826678,355.442443842696,IV1;IV2;year_1;Region_1;PMC_T
M1,7,5,34,10,义乌,ce6ca82c326e584d8d688a7bedd72e06f508088c933485bfbfa222c82aab7fd0,7288.761349396308,413.3184976385277,IV1;IV2;year_1;Region_1;PMC_T
M1,7,5,34,17,儋州,ce6ca82c326e584d8d688a7bedd72e06f508088c933485bfbfa222c82aab7fd0,539.7352537592891,341.0915986066608,IV1;IV2;year_1;Region_1;PMC_T
M1,7,5,34,18,六安,ce6ca82c326e584d8d688a7bedd72e06f508088c933485bfbfa222c82aab7fd0,8.639045028409095,294.8928654021139,IV1;IV2;year_1;Region_1;PMC_T
M1,7,5,34,19,兰州,ce6ca82c326e584d8d688a7bedd72e06f508088c933485bfbfa222c82aab7fd0,32.85616429924242,247.59341784653614,IV1;IV2;year_1;Region_1;PMC_T
M1,7,5,34,31,深圳,ce6ca82c326e584d8d688a7bedd72e06f508088c933485bfbfa222c82aab7fd0,159.7083409090909,450.4288043661501,IV1;IV2;year_1;Region_1;PMC_T
M1,7,5,34,32,清远,ce6ca82c326e584d8d688a7bedd72e06f508088c933485bfbfa222c82aab7fd0,375.720028409091,285.3343418554453,IV1;IV2;year_1;Region_1;PMC_T
M1,8,1,35,4,东莞,ce6ca82c326e584d8d688a7bedd72e06f508088c933485bfbfa222c82aab7fd0,307.5424744318183,676.659206972456,IV1;IV2;year_1;Region_1;PMC_T
M1,8,1,35,9,丽水,ce6ca82c326e584d8d688a7bedd72e06f508088c933485bfbfa222c82aab7fd0,33.76567926136365,307.6176722830531,IV1;IV2;year_1;Region_1;PMC_T
M1,8,1,35,12,乐山,ce6ca82c326e584d8d688a7bedd72e06f508088c933485bfbfa222c82aab7fd0,45.02250000000001,234.61438156129446,IV1;IV2;year_1;Region_1;PMC_T
M1,8,1,35,16,信阳,ce6ca82c326e584d8d688a7bedd72e06f508088c933485bfbfa222c82aab7fd0,244.6035494318183,359.57686408899724,IV1;IV2;year_1;Region_1;PMC_T
M1,8,1,35,27,文昌,ce6ca82c326e584d8d688a7bedd72e06f508088c933485bfbfa222c82aab7fd0,273.4003661931818,332.93608487434415,IV1;IV2;year_1;Region_1;PMC_T
M1,8,1,35,29,汕头,ce6ca82c326e584d8d688a7bedd72e06f508088c933485bfbfa222c82aab7fd0,516.6316193181818,285.67927482632433,IV1;IV2;year_1;Region_1;PMC_T
M1,8,1,35,33,澄迈,ce6ca82c326e584d8d688a7bedd72e06f508088c933485bfbfa222c82aab7fd0,647.861484375,287.552855774542,IV1;IV2;year_1;Region_1;PMC_T
M1,8,1,35,38,肇庆,ce6ca82c326e584d8d688a7bedd72e06f508088c933485bfbfa222c82aab7fd0,23.03745340909091,184.55890246498433,IV1;IV2;year_1;Region_1;PMC_T
M1,8,1,35,40,韶关,ce6ca82c326e584d8d688a7bedd72e06f508088c933485bfbfa222c82aab7fd0,547.9050852272727,221.38216975302987,IV1;IV2;year_1;Region_1;PMC_T
M1,8,2,36,5,东营,ce6ca82c326e584d8d688a7bedd72e06f508088c933485bfbfa222c82aab7fd0,425.3271014204544,327.8618751053456,IV1;IV2;year_1;Region_1;PMC_T
M1,8,2,36,6,中卫,ce6ca82c326e584d8d688a7bedd72e06f508088c933485bfbfa222c82aab7fd0,31.05198382826678,339.6809277203317,IV1;IV2;year_1;Region_1;PMC_T
M1,8,2,36,10,义乌,ce6ca82c326e584d8d688a7bedd72e06f508088c933485bfbfa222c82aab7fd0,7288.761349396308,382.5089334064602,IV1;IV2;year_1;Region_1;PMC_T
M1,8,2,36,11,乐东,ce6ca82c326e584d8d688a7bedd72e06f508088c933485bfbfa222c82aab7fd0,51.57938057753164,366.76791740016233,IV1;IV2;year_1;Region_1;PMC_T
M1,8,2,36,14,五指山,ce6ca82c326e584d8d688a7bedd72e06f508088c933485bfbfa222c82aab7fd0,273.4003661931818,394.7535074405091,IV1;IV2;year_1;Region_1;PMC_T
M1,8,2,36,18,六安,ce6ca82c326e584d8d688a7bedd72e06f508088c933485bfbfa222c82aab7fd0,8.639045028409095,291.89091628015046,IV1;IV2;year_1;Region_1;PMC_T
M1,8,2,36,20,北京,ce6ca82c326e584d8d688a7bedd72e06f508088c933485bfbfa222c82aab7fd0,291.2148675426136,312.91039339290865,IV1;IV2;year_1;Region_1;PMC_T
M1,8,2,36,26,惠州,ce6ca82c326e584d8d688a7bedd72e06f508088c933485bfbfa222c82aab7fd0,253.6378448863636,279.4401724799512,IV1;IV2;year_1;Region_1;PMC_T
M1,8,3,37,0,万宁,ce6ca82c326e584d8d688a7bedd72e06f508088c933485bfbfa222c82aab7fd0,148.9921240384616,625.0922177957453,IV1;IV2;year_1;Region_1;PMC_T
M1,8,3,37,3,东方,ce6ca82c326e584d8d688a7bedd72e06f508088c933485bfbfa222c82aab7fd0,266.2529209872159,398.4209418530661,IV1;IV2;year_1;Region_1;PMC_T
M1,8,3,37,7,中山,ce6ca82c326e584d8d688a7bedd72e06f508088c933485bfbfa222c82aab7fd0,89.11043759098708,289.13952743595996,IV1;IV2;year_1;Region_1;PMC_T
M1,8,3,37,8,临高,ce6ca82c326e584d8d688a7bedd72e06f508088c933485bfbfa222c82aab7fd0,83.80276845703128,443.64104790791345,IV1;IV2;year_1;Region_1;PMC_T
M1,8,3,37,22,合肥,ce6ca82c326e584d8d688a7bedd72e06f508088c933485bfbfa222c82aab7fd0,13.19625,520.3197812169374,IV1;IV2;year_1;Region_1;PMC_T
M1,8,3,37,23,定安,ce6ca82c326e584d8d688a7bedd72e06f508088c933485bfbfa222c82aab7fd0,273.4003661931819,362.10709090329016,IV1;IV2;year_1;Region_1;PMC_T
M1,8,3,37,25,广州,ce6ca82c326e584d8d688a7bedd72e06f508088c933485bfbfa222c82aab7fd0,164.1983198863636,713.0585629870365,IV1;IV2;year_1;Region_1;PMC_T
M1,8,3,37,30,海口,ce6ca82c326e584d8d688a7bedd72e06f508088c933485bfbfa222c82aab7fd0,339.134276349432,548.1873655376421,IV1;IV2;year_1;Region_1;PMC_T
M1,8,4,38,1,上海,ce6ca82c326e584d8d688a7bedd72e06f508088c933485bfbfa222c82aab7fd0,2302.973933396464,451.7613155940409,IV1;IV2;year_1;Region_1;PMC_T
M1,8,4,38,2,上饶,ce6ca82c326e584d8d688a7bedd72e06f508088c933485bfbfa222c82aab7fd0,114.81355125,223.3029841478225,IV1;IV2;year_1;Region_1;PMC_T
M1,8,4,38,13,九江,ce6ca82c326e584d8d688a7bedd72e06f508088c933485bfbfa222c82aab7fd0,0.0,378.1069983713418,IV1;IV2;year_1;Region_1;PMC_T
M1,8,4,38,15,佛山,ce6ca82c326e584d8d688a7bedd72e06f508088c933485bfbfa222c82aab7fd0,28.38274488636364,314.8626933000655,IV1;IV2;year_1;Region_1;PMC_T
M1,8,4,38,17,儋州,ce6ca82c326e584d8d688a7bedd72e06f508088c933485bfbfa222c82aab7fd0,539.7352537592891,287.63137993774023,IV1;IV2;year_1;Region_1;PMC_T
M1,8,4,38,21,北海,ce6ca82c326e584d8d688a7bedd72e06f508088c933485bfbfa222c82aab7fd0,318.3245085227273,319.7834770437738,IV1;IV2;year_1;Region_1;PMC_T
M1,8,4,38,31,深圳,ce6ca82c326e584d8d688a7bedd72e06f508088c933485bfbfa222c82aab7fd0,159.7083409090909,601.42511008077,IV1;IV2;year_1;Region_1;PMC_T
M1,8,4,38,32,清远,ce6ca82c326e584d8d688a7bedd72e06f508088c933485bfbfa222c82aab7fd0,375.720028409091,283.5611185716498,IV1;IV2;year_1;Region_1;PMC_T
M1,8,5,39,19,兰州,ce6ca82c326e584d8d688a7bedd72e06f508088c933485bfbfa222c82aab7fd0,32.85616429924242,201.96497716587615,IV1;IV2;year_1;Region_1;PMC_T
M1,8,5,39,24,屯昌,ce6ca82c326e584d8d688a7bedd72e06f508088c933485bfbfa222c82aab7fd0,273.4003661931819,255.07842287401482,IV1;IV2;year_1;Region_1;PMC_T
M1,8,5,39,28,昌江,ce6ca82c326e584d8d688a7bedd72e06f508088c933485bfbfa222c82aab7fd0,268.7138254261364,232.92553541046814,IV1;IV2;year_1;Region_1;PMC_T
M1,8,5,39,34,珠海,ce6ca82c326e584d8d688a7bedd72e06f508088c933485bfbfa222c82aab7fd0,1511.786079545455,504.36905994933875,IV1;IV2;year_1;Region_1;PMC_T
M1,8,5,39,35,琼中,ce6ca82c326e584d8d688a7bedd72e06f508088c933485bfbfa222c82aab7fd0,1106.44734375,263.014805059667,IV1;IV2;year_1;Region_1;PMC_T
M1,8,5,39,36,琼海,ce6ca82c326e584d8d688a7bedd72e06f508088c933485bfbfa222c82aab7fd0,1716.717565054688,280.4309853182726,IV1;IV2;year_1;Region_1;PMC_T
M1,8,5,39,37,白沙,ce6ca82c326e584d8d688a7bedd72e06f508088c933485bfbfa222c82aab7fd0,192.9951366477273,298.22597947399714,IV1;IV2;year_1;Region_1;PMC_T
M1,8,5,39,39,陵水,ce6ca82c326e584d8d688a7bedd72e06f508088c933485bfbfa222c82aab7fd0,337.1486134943182,310.707351552068,IV1;IV2;year_1;Region_1;PMC_T
M1,9,1,40,1,上海,ce6ca82c326e584d8d688a7bedd72e06f508088c933485bfbfa222c82aab7fd0,2302.973933396464,180.12905203829442,IV1;IV2;year_1;Region_1;PMC_T
M1,9,1,40,6,中卫,ce6ca82c326e584d8d688a7bedd72e06f508088c933485bfbfa222c82aab7fd0,31.05198382826678,371.3336166389092,IV1;IV2;year_1;Region_1;PMC_T
M1,9,1,40,7,中山,ce6ca82c326e584d8d688a7bedd72e06f508088c933485bfbfa222c82aab7fd0,89.11043759098708,170.3093485932412,IV1;IV2;year_1;Region_1;PMC_T
M1,9,1,40,9,丽水,ce6ca82c326e584d8d688a7bedd72e06f508088c933485bfbfa222c82aab7fd0,33.76567926136365,180.10560975342773,IV1;IV2;year_1;Region_1;PMC_T
M1,9,1,40,10,义乌,ce6ca82c326e584d8d688a7bedd72e06f508088c933485bfbfa222c82aab7fd0,7288.761349396308,211.18066805123226,IV1;IV2;year_1;Region_1;PMC_T
M1,9,1,40,12,乐山,ce6ca82c326e584d8d688a7bedd72e06f508088c933485bfbfa222c82aab7fd0,45.02250000000001,238.7804389664538,IV1;IV2;year_1;Region_1;PMC_T
M1,9,1,40,21,北海,ce6ca82c326e584d8d688a7bedd72e06f508088c933485bfbfa222c82aab7fd0,318.3245085227273,238.09822550986013,IV1;IV2;year_1;Region_1;PMC_T
M1,9,1,40,30,海口,ce6ca82c326e584d8d688a7bedd72e06f508088c933485bfbfa222c82aab7fd0,339.134276349432,200.937556830578,IV1;IV2;year_1;Region_1;PMC_T
M1,9,1,40,36,琼海,ce6ca82c326e584d8d688a7bedd72e06f508088c933485bfbfa222c82aab7fd0,1716.717565054688,253.12787036413417,IV1;IV2;year_1;Region_1;PMC_T
M1,9,2,41,0,万宁,ce6ca82c326e584d8d688a7bedd72e06f508088c933485bfbfa222c82aab7fd0,148.9921240384616,573.655206762939,IV1;IV2;year_1;Region_1;PMC_T
M1,9,2,41,14,五指山,ce6ca82c326e584d8d688a7bedd72e06f508088c933485bfbfa222c82aab7fd0,273.4003661931818,435.73188190650666,IV1;IV2;year_1;Region_1;PMC_T
M1,9,2,41,17,儋州,ce6ca82c326e584d8d688a7bedd72e06f508088c933485bfbfa222c82aab7fd0,539.7352537592891,389.15650183043067,IV1;IV2;year_1;Region_1;PMC_T
M1,9,2,41,19,兰州,ce6ca82c326e584d8d688a7bedd72e06f508088c933485bfbfa222c82aab7fd0,32.85616429924242,289.66964450008425,IV1;IV2;year_1;Region_1;PMC_T
M1,9,2,41,22,合肥,ce6ca82c326e584d8d688a7bedd72e06f508088c933485bfbfa222c82aab7fd0,13.19625,469.07933817826563,IV1;IV2;year_1;Region_1;PMC_T
M1,9,2,41,23,定安,ce6ca82c326e584d8d688a7bedd72e06f508088c933485bfbfa222c82aab7fd0,273.4003661931819,369.53924230720173,IV1;IV2;year_1;Region_1;PMC_T
M1,9,2,41,24,屯昌,ce6ca82c326e584d8d688a7bedd72e06f508088c933485bfbfa222c82aab7fd0,273.4003661931819,370.38713405910346,IV1;IV2;year_1;Region_1;PMC_T
M1,9,2,41,31,深圳,ce6ca82c326e584d8d688a7bedd72e06f508088c933485bfbfa222c82aab7fd0,159.7083409090909,795.8080895766119,IV1;IV2;year_1;Region_1;PMC_T
M1,9,3,42,5,东营,ce6ca82c326e584d8d688a7bedd72e06f508088c933485bfbfa222c82aab7fd0,425.3271014204544,296.3936917601949,IV1;IV2;year_1;Region_1;PMC_T
M1,9,3,42,8,临高,ce6ca82c326e584d8d688a7bedd72e06f508088c933485bfbfa222c82aab7fd0,83.80276845703128,420.6309601909451,IV1;IV2;year_1;Region_1;PMC_T
M1,9,3,42,11,乐东,ce6ca82c326e584d8d688a7bedd72e06f508088c933485bfbfa222c82aab7fd0,51.57938057753164,385.3240065642153,IV1;IV2;year_1;Region_1;PMC_T
M1,9,3,42,13,九江,ce6ca82c326e584d8d688a7bedd72e06f508088c933485bfbfa222c82aab7fd0,0.0,350.27921727466367,IV1;IV2;year_1;Region_1;PMC_T
M1,9,3,42,25,广州,ce6ca82c326e584d8d688a7bedd72e06f508088c933485bfbfa222c82aab7fd0,164.1983198863636,674.570908492207,IV1;IV2;year_1;Region_1;PMC_T
M1,9,3,42,37,白沙,ce6ca82c326e584d8d688a7bedd72e06f508088c933485bfbfa222c82aab7fd0,192.9951366477273,385.1869077596729,IV1;IV2;year_1;Region_1;PMC_T
M1,9,3,42,38,肇庆,ce6ca82c326e584d8d688a7bedd72e06f508088c933485bfbfa222c82aab7fd0,23.03745340909091,245.32117337417057,IV1;IV2;year_1;Region_1;PMC_T
M1,9,3,42,39,陵水,ce6ca82c326e584d8d688a7bedd72e06f508088c933485bfbfa222c82aab7fd0,337.1486134943182,447.4663830959799,IV1;IV2;year_1;Region_1;PMC_T
M1,9,4,43,2,上饶,ce6ca82c326e584d8d688a7bedd72e06f508088c933485bfbfa222c82aab7fd0,114.81355125,272.9289933650641,IV1;IV2;year_1;Region_1;PMC_T
M1,9,4,43,3,东方,ce6ca82c326e584d8d688a7bedd72e06f508088c933485bfbfa222c82aab7fd0,266.2529209872159,310.77223743919944,IV1;IV2;year_1;Region_1;PMC_T
M1,9,4,43,4,东莞,ce6ca82c326e584d8d688a7bedd72e06f508088c933485bfbfa222c82aab7fd0,307.5424744318183,589.127253867221,IV1;IV2;year_1;Region_1;PMC_T
M1,9,4,43,15,佛山,ce6ca82c326e584d8d688a7bedd72e06f508088c933485bfbfa222c82aab7fd0,28.38274488636364,318.4170549235136,IV1;IV2;year_1;Region_1;PMC_T
M1,9,4,43,16,信阳,ce6ca82c326e584d8d688a7bedd72e06f508088c933485bfbfa222c82aab7fd0,244.6035494318183,358.6864218736461,IV1;IV2;year_1;Region_1;PMC_T
M1,9,4,43,18,六安,ce6ca82c326e584d8d688a7bedd72e06f508088c933485bfbfa222c82aab7fd0,8.639045028409095,364.47144761953507,IV1;IV2;year_1;Region_1;PMC_T
M1,9,4,43,28,昌江,ce6ca82c326e584d8d688a7bedd72e06f508088c933485bfbfa222c82aab7fd0,268.7138254261364,326.89303671165277,IV1;IV2;year_1;Region_1;PMC_T
M1,9,4,43,34,珠海,ce6ca82c326e584d8d688a7bedd72e06f508088c933485bfbfa222c82aab7fd0,1511.786079545455,608.593279354674,IV1;IV2;year_1;Region_1;PMC_T
M1,9,5,44,20,北京,ce6ca82c326e584d8d688a7bedd72e06f508088c933485bfbfa222c82aab7fd0,291.2148675426136,551.719764920085,IV1;IV2;year_1;Region_1;PMC_T
M1,9,5,44,26,惠州,ce6ca82c326e584d8d688a7bedd72e06f508088c933485bfbfa222c82aab7fd0,253.6378448863636,224.92779006669838,IV1;IV2;year_1;Region_1;PMC_T
M1,9,5,44,27,文昌,ce6ca82c326e584d8d688a7bedd72e06f508088c933485bfbfa222c82aab7fd0,273.4003661931818,198.371881051971,IV1;IV2;year_1;Region_1;PMC_T
M1,9,5,44,29,汕头,ce6ca82c326e584d8d688a7bedd72e06f508088c933485bfbfa222c82aab7fd0,516.6316193181818,215.80258853868898,IV1;IV2;year_1;Region_1;PMC_T
M1,9,5,44,32,清远,ce6ca82c326e584d8d688a7bedd72e06f508088c933485bfbfa222c82aab7fd0,375.720028409091,154.26817543599364,IV1;IV2;year_1;Region_1;PMC_T
M1,9,5,44,33,澄迈,ce6ca82c326e584d8d688a7bedd72e06f508088c933485bfbfa222c82aab7fd0,647.861484375,196.20177283820013,IV1;IV2;year_1;Region_1;PMC_T
M1,9,5,44,35,琼中,ce6ca82c326e584d8d688a7bedd72e06f508088c933485bfbfa222c82aab7fd0,1106.44734375,193.666101899517,IV1;IV2;year_1;Region_1;PMC_T
M1,9,5,44,40,韶关,ce6ca82c326e584d8d688a7bedd72e06f508088c933485bfbfa222c82aab7fd0,547.9050852272727,199.98008470388035,IV1;IV2;year_1;Region_1;PMC_T
M1,10,1,45,4,东莞,ce6ca82c326e584d8d688a7bedd72e06f508088c933485bfbfa222c82aab7fd0,307.5424744318183,634.6670345760807,IV1;IV2;year_1;Region_1;PMC_T
M1,10,1,45,5,东营,ce6ca82c326e584d8d688a7bedd72e06f508088c933485bfbfa222c82aab7fd0,425.3271014204544,201.9178916110591,IV1;IV2;year_1;Region_1;PMC_T
M1,10,1,45,13,九江,ce6ca82c326e584d8d688a7bedd72e06f508088c933485bfbfa222c82aab7fd0,0.0,280.43458678221896,IV1;IV2;year_1;Region_1;PMC_T
M1,10,1,45,14,五指山,ce6ca82c326e584d8d688a7bedd72e06f508088c933485bfbfa222c82aab7fd0,273.4003661931818,307.2085263183929,IV1;IV2;year_1;Region_1;PMC_T
M1,10,1,45,24,屯昌,ce6ca82c326e584d8d688a7bedd72e06f508088c933485bfbfa222c82aab7fd0,273.4003661931819,271.30955591766076,IV1;IV2;year_1;Region_1;PMC_T
M1,10,1,45,27,文昌,ce6ca82c326e584d8d688a7bedd72e06f508088c933485bfbfa222c82aab7fd0,273.4003661931818,218.34958043571666,IV1;IV2;year_1;Region_1;PMC_T
M1,10,1,45,30,海口,ce6ca82c326e584d8d688a7bedd72e06f508088c933485bfbfa222c82aab7fd0,339.134276349432,472.1681915585907,IV1;IV2;year_1;Region_1;PMC_T
M1,10,1,45,33,澄迈,ce6ca82c326e584d8d688a7bedd72e06f508088c933485bfbfa222c82aab7fd0,647.861484375,236.49037191122164,IV1;IV2;year_1;Region_1;PMC_T
M1,10,1,45,35,琼中,ce6ca82c326e584d8d688a7bedd72e06f508088c933485bfbfa222c82aab7fd0,1106.44734375,215.1799128855315,IV1;IV2;year_1;Region_1;PMC_T
M1,10,2,46,11,乐东,ce6ca82c326e584d8d688a7bedd72e06f508088c933485bfbfa222c82aab7fd0,51.57938057753164,348.9698168742277,IV1;IV2;year_1;Region_1;PMC_T
M1,10,2,46,18,六安,ce6ca82c326e584d8d688a7bedd72e06f508088c933485bfbfa222c82aab7fd0,8.639045028409095,316.18693916565996,IV1;IV2;year_1;Region_1;PMC_T
M1,10,2,46,19,兰州,ce6ca82c326e584d8d688a7bedd72e06f508088c933485bfbfa222c82aab7fd0,32.85616429924242,230.98516109416647,IV1;IV2;year_1;Region_1;PMC_T
M1,10,2,46,20,北京,ce6ca82c326e584d8d688a7bedd72e06f508088c933485bfbfa222c82aab7fd0,291.2148675426136,634.4063241457845,IV1;IV2;year_1;Region_1;PMC_T
M1,10,2,46,28,昌江,ce6ca82c326e584d8d688a7bedd72e06f508088c933485bfbfa222c82aab7fd0,268.7138254261364,275.86700563710303,IV1;IV2;year_1;Region_1;PMC_T
M1,10,2,46,29,汕头,ce6ca82c326e584d8d688a7bedd72e06f508088c933485bfbfa222c82aab7fd0,516.6316193181818,336.56169836893173,IV1;IV2;year_1;Region_1;PMC_T
M1,10,2,46,32,清远,ce6ca82c326e584d8d688a7bedd72e06f508088c933485bfbfa222c82aab7fd0,375.720028409091,239.63583851644498,IV1;IV2;year_1;Region_1;PMC_T
M1,10,2,46,37,白沙,ce6ca82c326e584d8d688a7bedd72e06f508088c933485bfbfa222c82aab7fd0,192.9951366477273,347.1987941755423,IV1;IV2;year_1;Region_1;PMC_T
M1,10,3,47,3,东方,ce6ca82c326e584d8d688a7bedd72e06f508088c933485bfbfa222c82aab7fd0,266.2529209872159,330.48309663442734,IV1;IV2;year_1;Region_1;PMC_T
M1,10,3,47,6,中卫,ce6ca82c326e584d8d688a7bedd72e06f508088c933485bfbfa222c82aab7fd0,31.05198382826678,363.2874678669926,IV1;IV2;year_1;Region_1;PMC_T
M1,10,3,47,9,丽水,ce6ca82c326e584d8d688a7bedd72e06f508088c933485bfbfa222c82aab7fd0,33.76567926136365,328.32299991200097,IV1;IV2;year_1;Region_1;PMC_T
M1,10,3,47,12,乐山,ce6ca82c326e584d8d688a7bedd72e06f508088c933485bfbfa222c82aab7fd0,45.02250000000001,314.7690196344318,IV1;IV2;year_1;Region_1;PMC_T
M1,10,3,47,15,佛山,ce6ca82c326e584d8d688a7bedd72e06f508088c933485bfbfa222c82aab7fd0,28.38274488636364,320.1125574811645,IV1;IV2;year_1;Region_1;PMC_T
M1,10,3,47,17,儋州,ce6ca82c326e584d8d688a7bedd72e06f508088c933485bfbfa222c82aab7fd0,539.7352537592891,309.62204371152507,IV1;IV2;year_1;Region_1;PMC_T
M1,10,3,47,38,肇庆,ce6ca82c326e584d8d688a7bedd72e06f508088c933485bfbfa222c82aab7fd0,23.03745340909091,259.0199530386841,IV1;IV2;year_1;Region_1;PMC_T
M1,10,3,47,40,韶关,ce6ca82c326e584d8d688a7bedd72e06f508088c933485bfbfa222c82aab7fd0,547.9050852272727,246.8186225436053,IV1;IV2;year_1;Region_1;PMC_T
M1,10,4,48,0,万宁,ce6ca82c326e584d8d688a7bedd72e06f508088c933485bfbfa222c82aab7fd0,148.9921240384616,332.7718458324387,IV1;IV2;year_1;Region_1;PMC_T
M1,10,4,48,7,中山,ce6ca82c326e584d8d688a7bedd72e06f508088c933485bfbfa222c82aab7fd0,89.11043759098708,163.64298081978964,IV1;IV2;year_1;Region_1;PMC_T
M1,10,4,48,8,临高,ce6ca82c326e584d8d688a7bedd72e06f508088c933485bfbfa222c82aab7fd0,83.80276845703128,356.0964866754534,IV1;IV2;year_1;Region_1;PMC_T
M1,10,4,48,10,义乌,ce6ca82c326e584d8d688a7bedd72e06f508088c933485bfbfa222c82aab7fd0,7288.761349396308,247.1789814969576,IV1;IV2;year_1;Region_1;PMC_T
M1,10,4,48,16,信阳,ce6ca82c326e584d8d688a7bedd72e06f508088c933485bfbfa222c82aab7fd0,244.6035494318183,298.38172675594166,IV1;IV2;year_1;Region_1;PMC_T
M1,10,4,48,25,广州,ce6ca82c326e584d8d688a7bedd72e06f508088c933485bfbfa222c82aab7fd0,164.1983198863636,198.9973311165252,IV1;IV2;year_1;Region_1;PMC_T
M1,10,4,48,34,珠海,ce6ca82c326e584d8d688a7bedd72e06f508088c933485bfbfa222c82aab7fd0,1511.786079545455,318.9977790628367,IV1;IV2;year_1;Region_1;PMC_T
M1,10,4,48,36,琼海,ce6ca82c326e584d8d688a7bedd72e06f508088c933485bfbfa222c82aab7fd0,1716.717565054688,270.97549641468504,IV1;IV2;year_1;Region_1;PMC_T
M1,10,5,49,1,上海,ce6ca82c326e584d8d688a7bedd72e06f508088c933485bfbfa222c82aab7fd0,2302.973933396464,506.3463386720632,IV1;IV2;year_1;Region_1;PMC_T
M1,10,5,49,2,上饶,ce6ca82c326e584d8d688a7bedd72e06f508088c933485bfbfa222c82aab7fd0,114.81355125,247.96869025575216,IV1;IV2;year_1;Region_1;PMC_T
M1,10,5,49,21,北海,ce6ca82c326e584d8d688a7bedd72e06f508088c933485bfbfa222c82aab7fd0,318.3245085227273,323.5727106149711,IV1;IV2;year_1;Region_1;PMC_T
M1,10,5,49,22,合肥,ce6ca82c326e584d8d688a7bedd72e06f508088c933485bfbfa222c82aab7fd0,13.19625,390.3465167350505,IV1;IV2;year_1;Region_1;PMC_T
M1,10,5,49,23,定安,ce6ca82c326e584d8d688a7bedd72e06f508088c933485bfbfa222c82aab7fd0,273.4003661931819,279.9061519809023,IV1;IV2;year_1;Region_1;PMC_T
M1,10,5,49,26,惠州,ce6ca82c326e584d8d688a7bedd72e06f508088c933485bfbfa222c82aab7fd0,253.6378448863636,314.8224865594229,IV1;IV2;year_1;Region_1;PMC_T
M1,10,5,49,31,深圳,ce6ca82c326e584d8d688a7bedd72e06f508088c933485bfbfa222c82aab7fd0,159.7083409090909,615.9257873410269,IV1;IV2;year_1;Region_1;PMC_T
M1,10,5,49,39,陵水,ce6ca82c326e584d8d688a7bedd72e06f508088c933485bfbfa222c82aab7fd0,337.1486134943182,511.78487789610074,IV1;IV2;year_1;Region_1;PMC_T
M1,11,1,50,6,中卫,ce6ca82c326e584d8d688a7bedd72e06f508088c933485bfbfa222c82aab7fd0,31.05198382826678,313.690865249728,IV1;IV2;year_1;Region_1;PMC_T
M1,11,1,50,10,义乌,ce6ca82c326e584d8d688a7bedd72e06f508088c933485bfbfa222c82aab7fd0,7288.761349396308,414.33570095551073,IV1;IV2;year_1;Region_1;PMC_T
M1,11,1,50,23,定安,ce6ca82c326e584d8d688a7bedd72e06f508088c933485bfbfa222c82aab7fd0,273.4003661931819,295.252575469963,IV1;IV2;year_1;Region_1;PMC_T
M1,11,1,50,24,屯昌,ce6ca82c326e584d8d688a7bedd72e06f508088c933485bfbfa222c82aab7fd0,273.4003661931819,295.2570023481661,IV1;IV2;year_1;Region_1;PMC_T
M1,11,1,50,25,广州,ce6ca82c326e584d8d688a7bedd72e06f508088c933485bfbfa222c82aab7fd0,164.1983198863636,358.9071847406732,IV1;IV2;year_1;Region_1;PMC_T
M1,11,1,50,27,文昌,ce6ca82c326e584d8d688a7bedd72e06f508088c933485bfbfa222c82aab7fd0,273.4003661931818,301.8583858355501,IV1;IV2;year_1;Region_1;PMC_T
M1,11,1,50,28,昌江,ce6ca82c326e584d8d688a7bedd72e06f508088c933485bfbfa222c82aab7fd0,268.7138254261364,220.2049086002971,IV1;IV2;year_1;Region_1;PMC_T
M1,11,1,50,31,深圳,ce6ca82c326e584d8d688a7bedd72e06f508088c933485bfbfa222c82aab7fd0,159.7083409090909,459.08297039686965,IV1;IV2;year_1;Region_1;PMC_T
M1,11,1,50,35,琼中,ce6ca82c326e584d8d688a7bedd72e06f508088c933485bfbfa222c82aab7fd0,1106.44734375,292.3076490855292,IV1;IV2;year_1;Region_1;PMC_T
M1,11,2,51,0,万宁,ce6ca82c326e584d8d688a7bedd72e06f508088c933485bfbfa222c82aab7fd0,148.9921240384616,548.3682976992726,IV1;IV2;year_1;Region_1;PMC_T
M1,11,2,51,1,上海,ce6ca82c326e584d8d688a7bedd72e06f508088c933485bfbfa222c82aab7fd0,2302.973933396464,431.774193029697,IV1;IV2;year_1;Region_1;PMC_T
M1,11,2,51,8,临高,ce6ca82c326e584d8d688a7bedd72e06f508088c933485bfbfa222c82aab7fd0,83.80276845703128,421.39808113237603,IV1;IV2;year_1;Region_1;PMC_T
M1,11,2,51,11,乐东,ce6ca82c326e584d8d688a7bedd72e06f508088c933485bfbfa222c82aab7fd0,51.57938057753164,390.52172185337275,IV1;IV2;year_1;Region_1;PMC_T
M1,11,2,51,13,九江,ce6ca82c326e584d8d688a7bedd72e06f508088c933485bfbfa222c82aab7fd0,0.0,344.4106250663249,IV1;IV2;year_1;Region_1;PMC_T
M1,11,2,51,20,北京,ce6ca82c326e584d8d688a7bedd72e06f508088c933485bfbfa222c82aab7fd0,291.2148675426136,478.5500903817886,IV1;IV2;year_1;Region_1;PMC_T
M1,11,2,51,26,惠州,ce6ca82c326e584d8d688a7bedd72e06f508088c933485bfbfa222c82aab7fd0,253.6378448863636,329.0398029583107,IV1;IV2;year_1;Region_1;PMC_T
M1,11,2,51,39,陵水,ce6ca82c326e584d8d688a7bedd72e06f508088c933485bfbfa222c82aab7fd0,337.1486134943182,487.40809587062716,IV1;IV2;year_1;Region_1;PMC_T
M1,11,3,52,9,丽水,ce6ca82c326e584d8d688a7bedd72e06f508088c933485bfbfa222c82aab7fd0,33.76567926136365,322.07372365753804,IV1;IV2;year_1;Region_1;PMC_T
M1,11,3,52,15,佛山,ce6ca82c326e584d8d688a7bedd72e06f508088c933485bfbfa222c82aab7fd0,28.38274488636364,330.8743509317523,IV1;IV2;year_1;Region_1;PMC_T
M1,11,3,52,16,信阳,ce6ca82c326e584d8d688a7bedd72e06f508088c933485bfbfa222c82aab7fd0,244.6035494318183,313.91440159790983,IV1;IV2;year_1;Region_1;PMC_T
M1,11,3,52,17,儋州,ce6ca82c326e584d8d688a7bedd72e06f508088c933485bfbfa222c82aab7fd0,539.7352537592891,285.7632561690201,IV1;IV2;year_1;Region_1;PMC_T
M1,11,3,52,18,六安,ce6ca82c326e584d8d688a7bedd72e06f508088c933485bfbfa222c82aab7fd0,8.639045028409095,321.5235243624537,IV1;IV2;year_1;Region_1;PMC_T
M1,11,3,52,29,汕头,ce6ca82c326e584d8d688a7bedd72e06f508088c933485bfbfa222c82aab7fd0,516.6316193181818,292.2391206607003,IV1;IV2;year_1;Region_1;PMC_T
M1,11,3,52,30,海口,ce6ca82c326e584d8d688a7bedd72e06f508088c933485bfbfa222c82aab7fd0,339.134276349432,466.6041462951093,IV1;IV2;year_1;Region_1;PMC_T
M1,11,3,52,33,澄迈,ce6ca82c326e584d8d688a7bedd72e06f508088c933485bfbfa222c82aab7fd0,647.861484375,276.92958009657116,IV1;IV2;year_1;Region_1;PMC_T
M1,11,4,53,2,上饶,ce6ca82c326e584d8d688a7bedd72e06f508088c933485bfbfa222c82aab7fd0,114.81355125,325.9511398392151,IV1;IV2;year_1;Region_1;PMC_T
M1,11,4,53,3,东方,ce6ca82c326e584d8d688a7bedd72e06f508088c933485bfbfa222c82aab7fd0,266.2529209872159,296.59758536103385,IV1;IV2;year_1;Region_1;PMC_T
M1,11,4,53,12,乐山,ce6ca82c326e584d8d688a7bedd72e06f508088c933485bfbfa222c82aab7fd0,45.02250000000001,329.5285121770019,IV1;IV2;year_1;Region_1;PMC_T
M1,11,4,53,19,兰州,ce6ca82c326e584d8d688a7bedd72e06f508088c933485bfbfa222c82aab7fd0,32.85616429924242,304.59707919755743,IV1;IV2;year_1;Region_1;PMC_T
M1,11,4,53,22,合肥,ce6ca82c326e584d8d688a7bedd72e06f508088c933485bfbfa222c82aab7fd0,13.19625,391.4018009342142,IV1;IV2;year_1;Region_1;PMC_T
M1,11,4,53,34,珠海,ce6ca82c326e584d8d688a7bedd72e06f508088c933485bfbfa222c82aab7fd0,1511.786079545455,545.0903458932909,IV1;IV2;year_1;Region_1;PMC_T
M1,11,4,53,37,白沙,ce6ca82c326e584d8d688a7bedd72e06f508088c933485bfbfa222c82aab7fd0,192.9951366477273,341.19557289458623,IV1;IV2;year_1;Region_1;PMC_T
M1,11,4,53,38,肇庆,ce6ca82c326e584d8d688a7bedd72e06f508088c933485bfbfa222c82aab7fd0,23.03745340909091,332.5193152430828,IV1;IV2;year_1;Region_1;PMC_T
M1,11,5,54,4,东莞,ce6ca82c326e584d8d688a7bedd72e06f508088c933485bfbfa222c82aab7fd0,307.5424744318183,642.9742717334386,IV1;IV2;year_1;Region_1;PMC_T
M1,11,5,54,5,东营,ce6ca82c326e584d8d688a7bedd72e06f508088c933485bfbfa222c82aab7fd0,425.3271014204544,219.0152808837383,IV1;IV2;year_1;Region_1;PMC_T
M1,11,5,54,7,中山,ce6ca82c326e584d8d688a7bedd72e06f508088c933485bfbfa222c82aab7fd0,89.11043759098708,157.73489429838784,IV1;IV2;year_1;Region_1;PMC_T
M1,11,5,54,14,五指山,ce6ca82c326e584d8d688a7bedd72e06f508088c933485bfbfa222c82aab7fd0,273.4003661931818,281.54177475979276,IV1;IV2;year_1;Region_1;PMC_T
M1,11,5,54,21,北海,ce6ca82c326e584d8d688a7bedd72e06f508088c933485bfbfa222c82aab7fd0,318.3245085227273,203.55440424616842,IV1;IV2;year_1;Region_1;PMC_T
M1,11,5,54,32,清远,ce6ca82c326e584d8d688a7bedd72e06f508088c933485bfbfa222c82aab7fd0,375.720028409091,185.61736994449166,IV1;IV2;year_1;Region_1;PMC_T
M1,11,5,54,36,琼海,ce6ca82c326e584d8d688a7bedd72e06f508088c933485bfbfa222c82aab7fd0,1716.717565054688,251.75239113869182,IV1;IV2;year_1;Region_1;PMC_T
M1,11,5,54,40,韶关,ce6ca82c326e584d8d688a7bedd72e06f508088c933485bfbfa222c82aab7fd0,547.9050852272727,158.61176361337732,IV1;IV2;year_1;Region_1;PMC_T
M1,12,1,55,7,中山,ce6ca82c326e584d8d688a7bedd72e06f508088c933485bfbfa222c82aab7fd0,89.11043759098708,161.87689396937958,IV1;IV2;year_1;Region_1;PMC_T
M1,12,1,55,8,临高,ce6ca82c326e584d8d688a7bedd72e06f508088c933485bfbfa222c82aab7fd0,83.80276845703128,344.3251366169908,IV1;IV2;year_1;Region_1;PMC_T
M1,12,1,55,10,义乌,ce6ca82c326e584d8d688a7bedd72e06f508088c933485bfbfa222c82aab7fd0,7288.761349396308,367.58720862568197,IV1;IV2;year_1;Region_1;PMC_T
M1,12,1,55,12,乐山,ce6ca82c326e584d8d688a7bedd72e06f508088c933485bfbfa222c82aab7fd0,45.02250000000001,219.60287100641884,IV1;IV2;year_1;Region_1;PMC_T
M1,12,1,55,17,儋州,ce6ca82c326e584d8d688a7bedd72e06f508088c933485bfbfa222c82aab7fd0,539.7352537592891,335.25888231860233,IV1;IV2;year_1;Region_1;PMC_T
M1,12,1,55,23,定安,ce6ca82c326e584d8d688a7bedd72e06f508088c933485bfbfa222c82aab7fd0,273.4003661931819,314.233353030051,IV1;IV2;year_1;Region_1;PMC_T
M1,12,1,55,26,惠州,ce6ca82c326e584d8d688a7bedd72e06f508088c933485bfbfa222c82aab7fd0,253.6378448863636,262.41566260943176,IV1;IV2;year_1;Region_1;PMC_T
M1,12,1,55,33,澄迈,ce6ca82c326e584d8d688a7bedd72e06f508088c933485bfbfa222c82aab7fd0,647.861484375,308.87787869764946,IV1;IV2;year_1;Region_1;PMC_T
M1,12,1,55,37,白沙,ce6ca82c326e584d8d688a7bedd72e06f508088c933485bfbfa222c82aab7fd0,192.9951366477273,331.1382489478283,IV1;IV2;year_1;Region_1;PMC_T
M1,12,2,56,1,上海,ce6ca82c326e584d8d688a7bedd72e06f508088c933485bfbfa222c82aab7fd0,2302.973933396464,427.42320508455964,IV1;IV2;year_1;Region_1;PMC_T
M1,12,2,56,5,东营,ce6ca82c326e584d8d688a7bedd72e06f508088c933485bfbfa222c82aab7fd0,425.3271014204544,226.8694711254749,IV1;IV2;year_1;Region_1;PMC_T
M1,12,2,56,9,丽水,ce6ca82c326e584d8d688a7bedd72e06f508088c933485bfbfa222c82aab7fd0,33.76567926136365,252.23767406561723,IV1;IV2;year_1;Region_1;PMC_T
M1,12,2,56,18,六安,ce6ca82c326e584d8d688a7bedd72e06f508088c933485bfbfa222c82aab7fd0,8.639045028409095,290.0595853555167,IV1;IV2;year_1;Region_1;PMC_T
M1,12,2,56,24,屯昌,ce6ca82c326e584d8d688a7bedd72e06f508088c933485bfbfa222c82aab7fd0,273.4003661931819,271.6635370393312,IV1;IV2;year_1;Region_1;PMC_T
M1,12,2,56,30,海口,ce6ca82c326e584d8d688a7bedd72e06f508088c933485bfbfa222c82aab7fd0,339.134276349432,415.10831805355997,IV1;IV2;year_1;Region_1;PMC_T
M1,12,2,56,32,清远,ce6ca82c326e584d8d688a7bedd72e06f508088c933485bfbfa222c82aab7fd0,375.720028409091,206.89248296258995,IV1;IV2;year_1;Region_1;PMC_T
M1,12,2,56,35,琼中,ce6ca82c326e584d8d688a7bedd72e06f508088c933485bfbfa222c82aab7fd0,1106.44734375,253.3546179828899,IV1;IV2;year_1;Region_1;PMC_T
M1,12,3,57,0,万宁,ce6ca82c326e584d8d688a7bedd72e06f508088c933485bfbfa222c82aab7fd0,148.9921240384616,373.8386590114836,IV1;IV2;year_1;Region_1;PMC_T
M1,12,3,57,3,东方,ce6ca82c326e584d8d688a7bedd72e06f508088c933485bfbfa222c82aab7fd0,266.2529209872159,280.3699414187151,IV1;IV2;year_1;Region_1;PMC_T
M1,12,3,57,6,中卫,ce6ca82c326e584d8d688a7bedd72e06f508088c933485bfbfa222c82aab7fd0,31.05198382826678,292.17308775881924,IV1;IV2;year_1;Region_1;PMC_T
M1,12,3,57,20,北京,ce6ca82c326e584d8d688a7bedd72e06f508088c933485bfbfa222c82aab7fd0,291.2148675426136,455.87185887405064,IV1;IV2;year_1;Region_1;PMC_T
M1,12,3,57,22,合肥,ce6ca82c326e584d8d688a7bedd72e06f508088c933485bfbfa222c82aab7fd0,13.19625,307.272186217012,IV1;IV2;year_1;Region_1;PMC_T
M1,12,3,57,29,汕头,ce6ca82c326e584d8d688a7bedd72e06f508088c933485bfbfa222c82aab7fd0,516.6316193181818,271.8183148045487,IV1;IV2;year_1;Region_1;PMC_T
M1,12,3,57,34,珠海,ce6ca82c326e584d8d688a7bedd72e06f508088c933485bfbfa222c82aab7fd0,1511.786079545455,580.7274101423327,IV1;IV2;year_1;Region_1;PMC_T
M1,12,3,57,36,琼海,ce6ca82c326e584d8d688a7bedd72e06f508088c933485bfbfa222c82aab7fd0,1716.717565054688,288.6007649028469,IV1;IV2;year_1;Region_1;PMC_T
M1,12,4,58,13,九江,ce6ca82c326e584d8d688a7bedd72e06f508088c933485bfbfa222c82aab7fd0,0.0,383.71478974508904,IV1;IV2;year_1;Region_1;PMC_T
M1,12,4,58,14,五指山,ce6ca82c326e584d8d688a7bedd72e06f508088c933485bfbfa222c82aab7fd0,273.4003661931818,361.62329642190826,IV1;IV2;year_1;Region_1;PMC_T
M1,12,4,58,16,信阳,ce6ca82c326e584d8d688a7bedd72e06f508088c933485bfbfa222c82aab7fd0,244.6035494318183,357.5293772038816,IV1;IV2;year_1;Region_1;PMC_T
M1,12,4,58,19,兰州,ce6ca82c326e584d8d688a7bedd72e06f508088c933485bfbfa222c82aab7fd0,32.85616429924242,289.3149589856569,IV1;IV2;year_1;Region_1;PMC_T
M1,12,4,58,27,文昌,ce6ca82c326e584d8d688a7bedd72e06f508088c933485bfbfa222c82aab7fd0,273.4003661931818,396.27020898034164,IV1;IV2;year_1;Region_1;PMC_T
M1,12,4,58,31,深圳,ce6ca82c326e584d8d688a7bedd72e06f508088c933485bfbfa222c82aab7fd0,159.7083409090909,797.8577461211406,IV1;IV2;year_1;Region_1;PMC_T
M1,12,4,58,38,肇庆,ce6ca82c326e584d8d688a7bedd72e06f508088c933485bfbfa222c82aab7fd0,23.03745340909091,212.6885889823306,IV1;IV2;year_1;Region_1;PMC_T
M1,12,4,58,40,韶关,ce6ca82c326e584d8d688a7bedd72e06f508088c933485bfbfa222c82aab7fd0,547.9050852272727,212.86931010643244,IV1;IV2;year_1;Region_1;PMC_T
M1,12,5,59,2,上饶,ce6ca82c326e584d8d688a7bedd72e06f508088c933485bfbfa222c82aab7fd0,114.81355125,276.11189968522166,IV1;IV2;year_1;Region_1;PMC_T
M1,12,5,59,4,东莞,ce6ca82c326e584d8d688a7bedd72e06f508088c933485bfbfa222c82aab7fd0,307.5424744318183,775.579893457954,IV1;IV2;year_1;Region_1;PMC_T
M1,12,5,59,11,乐东,ce6ca82c326e584d8d688a7bedd72e06f508088c933485bfbfa222c82aab7fd0,51.57938057753164,359.65825358244336,IV1;IV2;year_1;Region_1;PMC_T
M1,12,5,59,15,佛山,ce6ca82c326e584d8d688a7bedd72e06f508088c933485bfbfa222c82aab7fd0,28.38274488636364,376.0617732435768,IV1;IV2;year_1;Region_1;PMC_T
M1,12,5,59,21,北海,ce6ca82c326e584d8d688a7bedd72e06f508088c933485bfbfa222c82aab7fd0,318.3245085227273,313.357198248367,IV1;IV2;year_1;Region_1;PMC_T
M1,12,5,59,25,广州,ce6ca82c326e584d8d688a7bedd72e06f508088c933485bfbfa222c82aab7fd0,164.1983198863636,760.5542707677022,IV1;IV2;year_1;Region_1;PMC_T
M1,12,5,59,28,昌江,ce6ca82c326e584d8d688a7bedd72e06f508088c933485bfbfa222c82aab7fd0,268.7138254261364,296.417646029377,IV1;IV2;year_1;Region_1;PMC_T
M1,12,5,59,39,陵水,ce6ca82c326e584d8d688a7bedd72e06f508088c933485bfbfa222c82aab7fd0,337.1486134943182,547.9036073118674,IV1;IV2;year_1;Region_1;PMC_T
M1,13,1,60,5,东营,ce6ca82c326e584d8d688a7bedd72e06f508088c933485bfbfa222c82aab7fd0,425.3271014204544,296.45864989472807,IV1;IV2;year_1;Region_1;PMC_T
M1,13,1,60,6,中卫,ce6ca82c326e584d8d688a7bedd72e06f508088c933485bfbfa222c82aab7fd0,31.05198382826678,319.970114755421,IV1;IV2;year_1;Region_1;PMC_T
M1,13,1,60,8,临高,ce6ca82c326e584d8d688a7bedd72e06f508088c933485bfbfa222c82aab7fd0,83.80276845703128,418.78263582477655,IV1;IV2;year_1;Region_1;PMC_T
M1,13,1,60,16,信阳,ce6ca82c326e584d8d688a7bedd72e06f508088c933485bfbfa222c82aab7fd0,244.6035494318183,377.29812773842104,IV1;IV2;year_1;Region_1;PMC_T
M1,13,1,60,22,合肥,ce6ca82c326e584d8d688a7bedd72e06f508088c933485bfbfa222c82aab7fd0,13.19625,349.1435094237685,IV1;IV2;year_1;Region_1;PMC_T
M1,13,1,60,24,屯昌,ce6ca82c326e584d8d688a7bedd72e06f508088c933485bfbfa222c82aab7fd0,273.4003661931819,316.59834779563556,IV1;IV2;year_1;Region_1;PMC_T
M1,13,1,60,28,昌江,ce6ca82c326e584d8d688a7bedd72e06f508088c933485bfbfa222c82aab7fd0,268.7138254261364,256.59894379628065,IV1;IV2;year_1;Region_1;PMC_T
M1,13,1,60,36,琼海,ce6ca82c326e584d8d688a7bedd72e06f508088c933485bfbfa222c82aab7fd0,1716.717565054688,284.3457235688288,IV1;IV2;year_1;Region_1;PMC_T
M1,13,1,60,39,陵水,ce6ca82c326e584d8d688a7bedd72e06f508088c933485bfbfa222c82aab7fd0,337.1486134943182,386.63347819151136,IV1;IV2;year_1;Region_1;PMC_T
M1,13,2,61,9,丽水,ce6ca82c326e584d8d688a7bedd72e06f508088c933485bfbfa222c82aab7fd0,33.76567926136365,337.5265181229936,IV1;IV2;year_1;Region_1;PMC_T
M1,13,2,61,12,乐山,ce6ca82c326e584d8d688a7bedd72e06f508088c933485bfbfa222c82aab7fd0,45.02250000000001,206.3417305598515,IV1;IV2;year_1;Region_1;PMC_T
M1,13,2,61,13,九江,ce6ca82c326e584d8d688a7bedd72e06f508088c933485bfbfa222c82aab7fd0,0.0,351.35015035928257,IV1;IV2;year_1;Region_1;PMC_T
M1,13,2,61,14,五指山,ce6ca82c326e584d8d688a7bedd72e06f508088c933485bfbfa222c82aab7fd0,273.4003661931818,352.4349921446685,IV1;IV2;year_1;Region_1;PMC_T
M1,13,2,61,20,北京,ce6ca82c326e584d8d688a7bedd72e06f508088c933485bfbfa222c82aab7fd0,291.2148675426136,622.1381809326892,IV1;IV2;year_1;Region_1;PMC_T
M1,13,2,61,21,北海,ce6ca82c326e584d8d688a7bedd72e06f508088c933485bfbfa222c82aab7fd0,318.3245085227273,266.6612021638521,IV1;IV2;year_1;Region_1;PMC_T
M1,13,2,61,30,海口,ce6ca82c326e584d8d688a7bedd72e06f508088c933485bfbfa222c82aab7fd0,339.134276349432,446.9371198485016,IV1;IV2;year_1;Region_1;PMC_T
M1,13,2,61,35,琼中,ce6ca82c326e584d8d688a7bedd72e06f508088c933485bfbfa222c82aab7fd0,1106.44734375,285.97526573371266,IV1;IV2;year_1;Region_1;PMC_T
M1,13,3,62,7,中山,ce6ca82c326e584d8d688a7bedd72e06f508088c933485bfbfa222c82aab7fd0,89.11043759098708,163.2849183157875,IV1;IV2;year_1;Region_1;PMC_T
M1,13,3,62,10,义乌,ce6ca82c326e584d8d688a7bedd72e06f508088c933485bfbfa222c82aab7fd0,7288.761349396308,268.49613863079225,IV1;IV2;year_1;Region_1;PMC_T
M1,13,3,62,18,六安,ce6ca82c326e584d8d688a7bedd72e06f508088c933485bfbfa222c82aab7fd0,8.639045028409095,246.9683491381117,IV1;IV2;year_1;Region_1;PMC_T
M1,13,3,62,25,广州,ce6ca82c326e584d8d688a7bedd72e06f508088c933485bfbfa222c82aab7fd0,164.1983198863636,221.9415723715002,IV1;IV2;year_1;Region_1;PMC_T
M1,13,3,62,29,汕头,ce6ca82c326e584d8d688a7bedd72e06f508088c933485bfbfa222c82aab7fd0,516.6316193181818,233.37239446213226,IV1;IV2;year_1;Region_1;PMC_T
M1,13,3,62,33,澄迈,ce6ca82c326e584d8d688a7bedd72e06f508088c933485bfbfa222c82aab7fd0,647.861484375,254.10599006618827,IV1;IV2;year_1;Region_1;PMC_T
M1,13,3,62,34,珠海,ce6ca82c326e584d8d688a7bedd72e06f508088c933485bfbfa222c82aab7fd0,1511.786079545455,289.9202495979319,IV1;IV2;year_1;Region_1;PMC_T
M1,13,3,62,40,韶关,ce6ca82c326e584d8d688a7bedd72e06f508088c933485bfbfa222c82aab7fd0,547.9050852272727,157.0452154499023,IV1;IV2;year_1;Region_1;PMC_T
M1,13,4,63,0,万宁,ce6ca82c326e584d8d688a7bedd72e06f508088c933485bfbfa222c82aab7fd0,148.9921240384616,465.1586638756967,IV1;IV2;year_1;Region_1;PMC_T
M1,13,4,63,2,上饶,ce6ca82c326e584d8d688a7bedd72e06f508088c933485bfbfa222c82aab7fd0,114.81355125,213.16980545942818,IV1;IV2;year_1;Region_1;PMC_T
M1,13,4,63,11,乐东,ce6ca82c326e584d8d688a7bedd72e06f508088c933485bfbfa222c82aab7fd0,51.57938057753164,368.7970094203864,IV1;IV2;year_1;Region_1;PMC_T
M1,13,4,63,17,儋州,ce6ca82c326e584d8d688a7bedd72e06f508088c933485bfbfa222c82aab7fd0,539.7352537592891,376.650718891966,IV1;IV2;year_1;Region_1;PMC_T
M1,13,4,63,19,兰州,ce6ca82c326e584d8d688a7bedd72e06f508088c933485bfbfa222c82aab7fd0,32.85616429924242,264.9721745534994,IV1;IV2;year_1;Region_1;PMC_T
M1,13,4,63,26,惠州,ce6ca82c326e584d8d688a7bedd72e06f508088c933485bfbfa222c82aab7fd0,253.6378448863636,356.0340801067565,IV1;IV2;year_1;Region_1;PMC_T
M1,13,4,63,32,清远,ce6ca82c326e584d8d688a7bedd72e06f508088c933485bfbfa222c82aab7fd0,375.720028409091,242.47470013258385,IV1;IV2;year_1;Region_1;PMC_T
M1,13,4,63,37,白沙,ce6ca82c326e584d8d688a7bedd72e06f508088c933485bfbfa222c82aab7fd0,192.9951366477273,351.31457547333207,IV1;IV2;year_1;Region_1;PMC_T
M1,13,5,64,1,上海,ce6ca82c326e584d8d688a7bedd72e06f508088c933485bfbfa222c82aab7fd0,2302.973933396464,476.5546699710016,IV1;IV2;year_1;Region_1;PMC_T
M1,13,5,64,3,东方,ce6ca82c326e584d8d688a7bedd72e06f508088c933485bfbfa222c82aab7fd0,266.2529209872159,299.40277091356074,IV1;IV2;year_1;Region_1;PMC_T
M1,13,5,64,4,东莞,ce6ca82c326e584d8d688a7bedd72e06f508088c933485bfbfa222c82aab7fd0,307.5424744318183,516.8308582707958,IV1;IV2;year_1;Region_1;PMC_T
M1,13,5,64,15,佛山,ce6ca82c326e584d8d688a7bedd72e06f508088c933485bfbfa222c82aab7fd0,28.38274488636364,324.7718756693408,IV1;IV2;year_1;Region_1;PMC_T
M1,13,5,64,23,定安,ce6ca82c326e584d8d688a7bedd72e06f508088c933485bfbfa222c82aab7fd0,273.4003661931819,282.2973472346874,IV1;IV2;year_1;Region_1;PMC_T
M1,13,5,64,27,文昌,ce6ca82c326e584d8d688a7bedd72e06f508088c933485bfbfa222c82aab7fd0,273.4003661931818,355.85104663592983,IV1;IV2;year_1;Region_1;PMC_T
M1,13,5,64,31,深圳,ce6ca82c326e584d8d688a7bedd72e06f508088c933485bfbfa222c82aab7fd0,159.7083409090909,568.2960163491604,IV1;IV2;year_1;Region_1;PMC_T
M1,13,5,64,38,肇庆,ce6ca82c326e584d8d688a7bedd72e06f508088c933485bfbfa222c82aab7fd0,23.03745340909091,201.77354948387077,IV1;IV2;year_1;Region_1;PMC_T
M1,14,1,65,1,上海,ce6ca82c326e584d8d688a7bedd72e06f508088c933485bfbfa222c82aab7fd0,2302.973933396464,432.5270463647068,IV1;IV2;year_1;Region_1;PMC_T
M1,14,1,65,5,东营,ce6ca82c326e584d8d688a7bedd72e06f508088c933485bfbfa222c82aab7fd0,425.3271014204544,229.97312645313605,IV1;IV2;year_1;Region_1;PMC_T
M1,14,1,65,7,中山,ce6ca82c326e584d8d688a7bedd72e06f508088c933485bfbfa222c82aab7fd0,89.11043759098708,218.71753607731776,IV1;IV2;year_1;Region_1;PMC_T
M1,14,1,65,14,五指山,ce6ca82c326e584d8d688a7bedd72e06f508088c933485bfbfa222c82aab7fd0,273.4003661931818,313.3600918166532,IV1;IV2;year_1;Region_1;PMC_T
M1,14,1,65,18,六安,ce6ca82c326e584d8d688a7bedd72e06f508088c933485bfbfa222c82aab7fd0,8.639045028409095,294.9354629871967,IV1;IV2;year_1;Region_1;PMC_T
M1,14,1,65,21,北海,ce6ca82c326e584d8d688a7bedd72e06f508088c933485bfbfa222c82aab7fd0,318.3245085227273,269.03323077956907,IV1;IV2;year_1;Region_1;PMC_T
M1,14,1,65,31,深圳,ce6ca82c326e584d8d688a7bedd72e06f508088c933485bfbfa222c82aab7fd0,159.7083409090909,556.3494761190753,IV1;IV2;year_1;Region_1;PMC_T
M1,14,1,65,32,清远,ce6ca82c326e584d8d688a7bedd72e06f508088c933485bfbfa222c82aab7fd0,375.720028409091,222.62186399031,IV1;IV2;year_1;Region_1;PMC_T
M1,14,1,65,35,琼中,ce6ca82c326e584d8d688a7bedd72e06f508088c933485bfbfa222c82aab7fd0,1106.44734375,250.90429369446676,IV1;IV2;year_1;Region_1;PMC_T
M1,14,2,66,0,万宁,ce6ca82c326e584d8d688a7bedd72e06f508088c933485bfbfa222c82aab7fd0,148.9921240384616,503.3491273660614,IV1;IV2;year_1;Region_1;PMC_T
M1,14,2,66,11,乐东,ce6ca82c326e584d8d688a7bedd72e06f508088c933485bfbfa222c82aab7fd0,51.57938057753164,381.70604053736935,IV1;IV2;year_1;Region_1;PMC_T
M1,14,2,66,12,乐山,ce6ca82c326e584d8d688a7bedd72e06f508088c933485bfbfa222c82aab7fd0,45.02250000000001,269.522937636688,IV1;IV2;year_1;Region_1;PMC_T
M1,14,2,66,13,九江,ce6ca82c326e584d8d688a7bedd72e06f508088c933485bfbfa222c82aab7fd0,0.0,380.0610028960411,IV1;IV2;year_1;Region_1;PMC_T
M1,14,2,66,19,兰州,ce6ca82c326e584d8d688a7bedd72e06f508088c933485bfbfa222c82aab7fd0,32.85616429924242,318.5060975310982,IV1;IV2;year_1;Region_1;PMC_T
M1,14,2,66,22,合肥,ce6ca82c326e584d8d688a7bedd72e06f508088c933485bfbfa222c82aab7fd0,13.19625,387.11353888203365,IV1;IV2;year_1;Region_1;PMC_T
M1,14,2,66,26,惠州,ce6ca82c326e584d8d688a7bedd72e06f508088c933485bfbfa222c82aab7fd0,253.6378448863636,401.6392757569762,IV1;IV2;year_1;Region_1;PMC_T
M1,14,2,66,27,文昌,ce6ca82c326e584d8d688a7bedd72e06f508088c933485bfbfa222c82aab7fd0,273.4003661931818,428.567794416988,IV1;IV2;year_1;Region_1;PMC_T
M1,14,3,67,2,上饶,ce6ca82c326e584d8d688a7bedd72e06f508088c933485bfbfa222c82aab7fd0,114.81355125,240.41329635419544,IV1;IV2;year_1;Region_1;PMC_T
M1,14,3,67,15,佛山,ce6ca82c326e584d8d688a7bedd72e06f508088c933485bfbfa222c82aab7fd0,28.38274488636364,289.5671556128461,IV1;IV2;year_1;Region_1;PMC_T
M1,14,3,67,16,信阳,ce6ca82c326e584d8d688a7bedd72e06f508088c933485bfbfa222c82aab7fd0,244.6035494318183,331.0549517743324,IV1;IV2;year_1;Region_1;PMC_T
M1,14,3,67,17,儋州,ce6ca82c326e584d8d688a7bedd72e06f508088c933485bfbfa222c82aab7fd0,539.7352537592891,290.6448451613904,IV1;IV2;year_1;Region_1;PMC_T
M1,14,3,67,29,汕头,ce6ca82c326e584d8d688a7bedd72e06f508088c933485bfbfa222c82aab7fd0,516.6316193181818,277.1834081672374,IV1;IV2;year_1;Region_1;PMC_T
M1,14,3,67,30,海口,ce6ca82c326e584d8d688a7bedd72e06f508088c933485bfbfa222c82aab7fd0,339.134276349432,416.7023449470898,IV1;IV2;year_1;Region_1;PMC_T
M1,14,3,67,37,白沙,ce6ca82c326e584d8d688a7bedd72e06f508088c933485bfbfa222c82aab7fd0,192.9951366477273,307.0543966858449,IV1;IV2;year_1;Region_1;PMC_T
M1,14,3,67,39,陵水,ce6ca82c326e584d8d688a7bedd72e06f508088c933485bfbfa222c82aab7fd0,337.1486134943182,443.18911117547793,IV1;IV2;year_1;Region_1;PMC_T
M1,14,4,68,4,东莞,ce6ca82c326e584d8d688a7bedd72e06f508088c933485bfbfa222c82aab7fd0,307.5424744318183,583.5484227138355,IV1;IV2;year_1;Region_1;PMC_T
M1,14,4,68,8,临高,ce6ca82c326e584d8d688a7bedd72e06f508088c933485bfbfa222c82aab7fd0,83.80276845703128,322.72113038179214,IV1;IV2;year_1;Region_1;PMC_T
M1,14,4,68,20,北京,ce6ca82c326e584d8d688a7bedd72e06f508088c933485bfbfa222c82aab7fd0,291.2148675426136,538.1363909907964,IV1;IV2;year_1;Region_1;PMC_T
M1,14,4,68,23,定安,ce6ca82c326e584d8d688a7bedd72e06f508088c933485bfbfa222c82aab7fd0,273.4003661931819,270.27166816413114,IV1;IV2;year_1;Region_1;PMC_T
M1,14,4,68,34,珠海,ce6ca82c326e584d8d688a7bedd72e06f508088c933485bfbfa222c82aab7fd0,1511.786079545455,660.233921294949,IV1;IV2;year_1;Region_1;PMC_T
M1,14,4,68,36,琼海,ce6ca82c326e584d8d688a7bedd72e06f508088c933485bfbfa222c82aab7fd0,1716.717565054688,283.40547417905395,IV1;IV2;year_1;Region_1;PMC_T
M1,14,4,68,38,肇庆,ce6ca82c326e584d8d688a7bedd72e06f508088c933485bfbfa222c82aab7fd0,23.03745340909091,173.01960963848012,IV1;IV2;year_1;Region_1;PMC_T
M1,14,4,68,40,韶关,ce6ca82c326e584d8d688a7bedd72e06f508088c933485bfbfa222c82aab7fd0,547.9050852272727,215.26700330658406,IV1;IV2;year_1;Region_1;PMC_T
M1,14,5,69,3,东方,ce6ca82c326e584d8d688a7bedd72e06f508088c933485bfbfa222c82aab7fd0,266.2529209872159,319.26933354093603,IV1;IV2;year_1;Region_1;PMC_T
M1,14,5,69,6,中卫,ce6ca82c326e584d8d688a7bedd72e06f508088c933485bfbfa222c82aab7fd0,31.05198382826678,321.78422229661794,IV1;IV2;year_1;Region_1;PMC_T
M1,14,5,69,9,丽水,ce6ca82c326e584d8d688a7bedd72e06f508088c933485bfbfa222c82aab7fd0,33.76567926136365,302.19462280079625,IV1;IV2;year_1;Region_1;PMC_T
M1,14,5,69,10,义乌,ce6ca82c326e584d8d688a7bedd72e06f508088c933485bfbfa222c82aab7fd0,7288.761349396308,373.75230168534733,IV1;IV2;year_1;Region_1;PMC_T
M1,14,5,69,24,屯昌,ce6ca82c326e584d8d688a7bedd72e06f508088c933485bfbfa222c82aab7fd0,273.4003661931819,320.63675250336735,IV1;IV2;year_1;Region_1;PMC_T
M1,14,5,69,25,广州,ce6ca82c326e584d8d688a7bedd72e06f508088c933485bfbfa222c82aab7fd0,164.1983198863636,358.38917336975675,IV1;IV2;year_1;Region_1;PMC_T
M1,14,5,69,28,昌江,ce6ca82c326e584d8d688a7bedd72e06f508088c933485bfbfa222c82aab7fd0,268.7138254261364,208.45133741244524,IV1;IV2;year_1;Region_1;PMC_T
M1,14,5,69,33,澄迈,ce6ca82c326e584d8d688a7bedd72e06f508088c933485bfbfa222c82aab7fd0,647.861484375,318.97265647692785,IV1;IV2;year_1;Region_1;PMC_T
M1,15,1,70,0,万宁,ce6ca82c326e584d8d688a7bedd72e06f508088c933485bfbfa222c82aab7fd0,148.9921240384616,315.98487269290774,IV1;IV2;year_1;Region_1;PMC_T
M1,15,1,70,1,上海,ce6ca82c326e584d8d688a7bedd72e06f508088c933485bfbfa222c82aab7fd0,2302.973933396464,181.3299088618913,IV1;IV2;year_1;Region_1;PMC_T
M1,15,1,70,5,东营,ce6ca82c326e584d8d688a7bedd72e06f508088c933485bfbfa222c82aab7fd0,425.3271014204544,249.6091424080819,IV1;IV2;year_1;Region_1;PMC_T
M1,15,1,70,7,中山,ce6ca82c326e584d8d688a7bedd72e06f508088c933485bfbfa222c82aab7fd0,89.11043759098708,155.91426008353426,IV1;IV2;year_1;Region_1;PMC_T
M1,15,1,70,10,义乌,ce6ca82c326e584d8d688a7bedd72e06f508088c933485bfbfa222c82aab7fd0,7288.761349396308,225.2515102968964,IV1;IV2;year_1;Region_1;PMC_T
M1,15,1,70,16,信阳,ce6ca82c326e584d8d688a7bedd72e06f508088c933485bfbfa222c82aab7fd0,244.6035494318183,269.2828643658513,IV1;IV2;year_1;Region_1;PMC_T
M1,15,1,70,21,北海,ce6ca82c326e584d8d688a7bedd72e06f508088c933485bfbfa222c82aab7fd0,318.3245085227273,196.1303010353307,IV1;IV2;year_1;Region_1;PMC_T
M1,15,1,70,24,屯昌,ce6ca82c326e584d8d688a7bedd72e06f508088c933485bfbfa222c82aab7fd0,273.4003661931819,275.19253295395487,IV1;IV2;year_1;Region_1;PMC_T
M1,15,1,70,34,珠海,ce6ca82c326e584d8d688a7bedd72e06f508088c933485bfbfa222c82aab7fd0,1511.786079545455,284.0550985001108,IV1;IV2;year_1;Region_1;PMC_T
M1,15,2,71,9,丽水,ce6ca82c326e584d8d688a7bedd72e06f508088c933485bfbfa222c82aab7fd0,33.76567926136365,387.42363683222516,IV1;IV2;year_1;Region_1;PMC_T
M1,15,2,71,17,儋州,ce6ca82c326e584d8d688a7bedd72e06f508088c933485bfbfa222c82aab7fd0,539.7352537592891,298.4520056579346,IV1;IV2;year_1;Region_1;PMC_T
M1,15,2,71,22,合肥,ce6ca82c326e584d8d688a7bedd72e06f508088c933485bfbfa222c82aab7fd0,13.19625,456.7497060822335,IV1;IV2;year_1;Region_1;PMC_T
M1,15,2,71,23,定安,ce6ca82c326e584d8d688a7bedd72e06f508088c933485bfbfa222c82aab7fd0,273.4003661931819,338.2989119061871,IV1;IV2;year_1;Region_1;PMC_T
M1,15,2,71,26,惠州,ce6ca82c326e584d8d688a7bedd72e06f508088c933485bfbfa222c82aab7fd0,253.6378448863636,352.5650758489689,IV1;IV2;year_1;Region_1;PMC_T
M1,15,2,71,28,昌江,ce6ca82c326e584d8d688a7bedd72e06f508088c933485bfbfa222c82aab7fd0,268.7138254261364,218.35520478619907,IV1;IV2;year_1;Region_1;PMC_T
M1,15,2,71,31,深圳,ce6ca82c326e584d8d688a7bedd72e06f508088c933485bfbfa222c82aab7fd0,159.7083409090909,775.1736060754355,IV1;IV2;year_1;Region_1;PMC_T
M1,15,2,71,40,韶关,ce6ca82c326e584d8d688a7bedd72e06f508088c933485bfbfa222c82aab7fd0,547.9050852272727,231.8505003670685,IV1;IV2;year_1;Region_1;PMC_T
M1,15,3,72,2,上饶,ce6ca82c326e584d8d688a7bedd72e06f508088c933485bfbfa222c82aab7fd0,114.81355125,252.21808838890865,IV1;IV2;year_1;Region_1;PMC_T
M1,15,3,72,3,东方,ce6ca82c326e584d8d688a7bedd72e06f508088c933485bfbfa222c82aab7fd0,266.2529209872159,287.36738883594757,IV1;IV2;year_1;Region_1;PMC_T
M1,15,3,72,4,东莞,ce6ca82c326e584d8d688a7bedd72e06f508088c933485bfbfa222c82aab7fd0,307.5424744318183,738.3359577225035,IV1;IV2;year_1;Region_1;PMC_T
M1,15,3,72,20,北京,ce6ca82c326e584d8d688a7bedd72e06f508088c933485bfbfa222c82aab7fd0,291.2148675426136,681.2673647032046,IV1;IV2;year_1;Region_1;PMC_T
M1,15,3,72,29,汕头,ce6ca82c326e584d8d688a7bedd72e06f508088c933485bfbfa222c82aab7fd0,516.6316193181818,253.98666767971542,IV1;IV2;year_1;Region_1;PMC_T
M1,15,3,72,32,清远,ce6ca82c326e584d8d688a7bedd72e06f508088c933485bfbfa222c82aab7fd0,375.720028409091,192.22318469999666,IV1;IV2;year_1;Region_1;PMC_T
M1,15,3,72,33,澄迈,ce6ca82c326e584d8d688a7bedd72e06f508088c933485bfbfa222c82aab7fd0,647.861484375,264.8109779005366,IV1;IV2;year_1;Region_1;PMC_T
M1,15,3,72,38,肇庆,ce6ca82c326e584d8d688a7bedd72e06f508088c933485bfbfa222c82aab7fd0,23.03745340909091,220.13581982813307,IV1;IV2;year_1;Region_1;PMC_T
M1,15,4,73,13,九江,ce6ca82c326e584d8d688a7bedd72e06f508088c933485bfbfa222c82aab7fd0,0.0,390.887405884509,IV1;IV2;year_1;Region_1;PMC_T
M1,15,4,73,14,五指山,ce6ca82c326e584d8d688a7bedd72e06f508088c933485bfbfa222c82aab7fd0,273.4003661931818,283.8939494666219,IV1;IV2;year_1;Region_1;PMC_T
M1,15,4,73,15,佛山,ce6ca82c326e584d8d688a7bedd72e06f508088c933485bfbfa222c82aab7fd0,28.38274488636364,322.47492571329633,IV1;IV2;year_1;Region_1;PMC_T
M1,15,4,73,19,兰州,ce6ca82c326e584d8d688a7bedd72e06f508088c933485bfbfa222c82aab7fd0,32.85616429924242,302.00110786674077,IV1;IV2;year_1;Region_1;PMC_T
M1,15,4,73,25,广州,ce6ca82c326e584d8d688a7bedd72e06f508088c933485bfbfa222c82aab7fd0,164.1983198863636,641.9120653317748,IV1;IV2;year_1;Region_1;PMC_T
M1,15,4,73,27,文昌,ce6ca82c326e584d8d688a7bedd72e06f508088c933485bfbfa222c82aab7fd0,273.4003661931818,365.0199410266748,IV1;IV2;year_1;Region_1;PMC_T
M1,15,4,73,30,海口,ce6ca82c326e584d8d688a7bedd72e06f508088c933485bfbfa222c82aab7fd0,339.134276349432,373.2153226989143,IV1;IV2;year_1;Region_1;PMC_T
M1,15,4,73,36,琼海,ce6ca82c326e584d8d688a7bedd72e06f508088c933485bfbfa222c82aab7fd0,1716.717565054688,283.76144358465854,IV1;IV2;year_1;Region_1;PMC_T
M1,15,5,74,6,中卫,ce6ca82c326e584d8d688a7bedd72e06f508088c933485bfbfa222c82aab7fd0,31.05198382826678,347.58015763869906,IV1;IV2;year_1;Region_1;PMC_T
M1,15,5,74,8,临高,ce6ca82c326e584d8d688a7bedd72e06f508088c933485bfbfa222c82aab7fd0,83.80276845703128,401.3369363127951,IV1;IV2;year_1;Region_1;PMC_T
M1,15,5,74,11,乐东,ce6ca82c326e584d8d688a7bedd72e06f508088c933485bfbfa222c82aab7fd0,51.57938057753164,358.05326126634367,IV1;IV2;year_1;Region_1;PMC_T
M1,15,5,74,12,乐山,ce6ca82c326e584d8d688a7bedd72e06f508088c933485bfbfa222c82aab7fd0,45.02250000000001,282.13120545881577,IV1;IV2;year_1;Region_1;PMC_T
M1,15,5,74,18,六安,ce6ca82c326e584d8d688a7bedd72e06f508088c933485bfbfa222c82aab7fd0,8.639045028409095,363.6439370952765,IV1;IV2;year_1;Region_1;PMC_T
M1,15,5,74,35,琼中,ce6ca82c326e584d8d688a7bedd72e06f508088c933485bfbfa222c82aab7fd0,1106.44734375,340.74721095566616,IV1;IV2;year_1;Region_1;PMC_T
M1,15,5,74,37,白沙,ce6ca82c326e584d8d688a7bedd72e06f508088c933485bfbfa222c82aab7fd0,192.9951366477273,407.0668471300647,IV1;IV2;year_1;Region_1;PMC_T
M1,15,5,74,39,陵水,ce6ca82c326e584d8d688a7bedd72e06f508088c933485bfbfa222c82aab7fd0,337.1486134943182,447.697826873601,IV1;IV2;year_1;Region_1;PMC_T
M1,16,1,75,13,九江,ce6ca82c326e584d8d688a7bedd72e06f508088c933485bfbfa222c82aab7fd0,0.0,334.7332439689634,IV1;IV2;year_1;Region_1;PMC_T
M1,16,1,75,22,合肥,ce6ca82c326e584d8d688a7bedd72e06f508088c933485bfbfa222c82aab7fd0,13.19625,402.28256777374014,IV1;IV2;year_1;Region_1;PMC_T
M1,16,1,75,25,广州,ce6ca82c326e584d8d688a7bedd72e06f508088c933485bfbfa222c82aab7fd0,164.1983198863636,574.98636354296,IV1;IV2;year_1;Region_1;PMC_T
M1,16,1,75,27,文昌,ce6ca82c326e584d8d688a7bedd72e06f508088c933485bfbfa222c82aab7fd0,273.4003661931818,310.9501410165612,IV1;IV2;year_1;Region_1;PMC_T
M1,16,1,75,29,汕头,ce6ca82c326e584d8d688a7bedd72e06f508088c933485bfbfa222c82aab7fd0,516.6316193181818,326.03317917728646,IV1;IV2;year_1;Region_1;PMC_T
M1,16,1,75,31,深圳,ce6ca82c326e584d8d688a7bedd72e06f508088c933485bfbfa222c82aab7fd0,159.7083409090909,659.1110021772542,IV1;IV2;year_1;Region_1;PMC_T
M1,16,1,75,32,清远,ce6ca82c326e584d8d688a7bedd72e06f508088c933485bfbfa222c82aab7fd0,375.720028409091,220.90926171068472,IV1;IV2;year_1;Region_1;PMC_T
M1,16,1,75,34,珠海,ce6ca82c326e584d8d688a7bedd72e06f508088c933485bfbfa222c82aab7fd0,1511.786079545455,652.2808978144168,IV1;IV2;year_1;Region_1;PMC_T
M1,16,1,75,36,琼海,ce6ca82c326e584d8d688a7bedd72e06f508088c933485bfbfa222c82aab7fd0,1716.717565054688,286.53870942613133,IV1;IV2;year_1;Region_1;PMC_T
M1,16,2,76,2,上饶,ce6ca82c326e584d8d688a7bedd72e06f508088c933485bfbfa222c82aab7fd0,114.81355125,210.654479261124,IV1;IV2;year_1;Region_1;PMC_T
M1,16,2,76,9,丽水,ce6ca82c326e584d8d688a7bedd72e06f508088c933485bfbfa222c82aab7fd0,33.76567926136365,322.36307123273997,IV1;IV2;year_1;Region_1;PMC_T
M1,16,2,76,10,义乌,ce6ca82c326e584d8d688a7bedd72e06f508088c933485bfbfa222c82aab7fd0,7288.761349396308,359.74751993348565,IV1;IV2;year_1;Region_1;PMC_T
M1,16,2,76,11,乐东,ce6ca82c326e584d8d688a7bedd72e06f508088c933485bfbfa222c82aab7fd0,51.57938057753164,392.4036532763119,IV1;IV2;year_1;Region_1;PMC_T
M1,16,2,76,14,五指山,ce6ca82c326e584d8d688a7bedd72e06f508088c933485bfbfa222c82aab7fd0,273.4003661931818,418.36816812322996,IV1;IV2;year_1;Region_1;PMC_T
M1,16,2,76,17,儋州,ce6ca82c326e584d8d688a7bedd72e06f508088c933485bfbfa222c82aab7fd0,539.7352537592891,385.237176856487,IV1;IV2;year_1;Region_1;PMC_T
M1,16,2,76,20,北京,ce6ca82c326e584d8d688a7bedd72e06f508088c933485bfbfa222c82aab7fd0,291.2148675426136,290.0546251467321,IV1;IV2;year_1;Region_1;PMC_T
M1,16,2,76,24,屯昌,ce6ca82c326e584d8d688a7bedd72e06f508088c933485bfbfa222c82aab7fd0,273.4003661931819,379.6953354685337,IV1;IV2;year_1;Region_1;PMC_T
M1,16,3,77,3,东方,ce6ca82c326e584d8d688a7bedd72e06f508088c933485bfbfa222c82aab7fd0,266.2529209872159,305.20321062987205,IV1;IV2;year_1;Region_1;PMC_T
M1,16,3,77,19,兰州,ce6ca82c326e584d8d688a7bedd72e06f508088c933485bfbfa222c82aab7fd0,32.85616429924242,262.62392733098454,IV1;IV2;year_1;Region_1;PMC_T
M1,16,3,77,21,北海,ce6ca82c326e584d8d688a7bedd72e06f508088c933485bfbfa222c82aab7fd0,318.3245085227273,231.19493234330992,IV1;IV2;year_1;Region_1;PMC_T
M1,16,3,77,23,定安,ce6ca82c326e584d8d688a7bedd72e06f508088c933485bfbfa222c82aab7fd0,273.4003661931819,308.1872021377883,IV1;IV2;year_1;Region_1;PMC_T
M1,16,3,77,30,海口,ce6ca82c326e584d8d688a7bedd72e06f508088c933485bfbfa222c82aab7fd0,339.134276349432,339.0968482108029,IV1;IV2;year_1;Region_1;PMC_T
M1,16,3,77,35,琼中,ce6ca82c326e584d8d688a7bedd72e06f508088c933485bfbfa222c82aab7fd0,1106.44734375,278.64491504552495,IV1;IV2;year_1;Region_1;PMC_T
M1,16,3,77,38,肇庆,ce6ca82c326e584d8d688a7bedd72e06f508088c933485bfbfa222c82aab7fd0,23.03745340909091,156.30232128860735,IV1;IV2;year_1;Region_1;PMC_T
M1,16,3,77,40,韶关,ce6ca82c326e584d8d688a7bedd72e06f508088c933485bfbfa222c82aab7fd0,547.9050852272727,185.46649882689553,IV1;IV2;year_1;Region_1;PMC_T
M1,16,4,78,0,万宁,ce6ca82c326e584d8d688a7bedd72e06f508088c933485bfbfa222c82aab7fd0,148.9921240384616,480.1998886888497,IV1;IV2;year_1;Region_1;PMC_T
M1,16,4,78,5,东营,ce6ca82c326e584d8d688a7bedd72e06f508088c933485bfbfa222c82aab7fd0,425.3271014204544,271.93394764511567,IV1;IV2;year_1;Region_1;PMC_T
M1,16,4,78,7,中山,ce6ca82c326e584d8d688a7bedd72e06f508088c933485bfbfa222c82aab7fd0,89.11043759098708,289.2565364685885,IV1;IV2;year_1;Region_1;PMC_T
M1,16,4,78,15,佛山,ce6ca82c326e584d8d688a7bedd72e06f508088c933485bfbfa222c82aab7fd0,28.38274488636364,359.26480980330456,IV1;IV2;year_1;Region_1;PMC_T
M1,16,4,78,18,六安,ce6ca82c326e584d8d688a7bedd72e06f508088c933485bfbfa222c82aab7fd0,8.639045028409095,311.73147264585367,IV1;IV2;year_1;Region_1;PMC_T
M1,16,4,78,28,昌江,ce6ca82c326e584d8d688a7bedd72e06f508088c933485bfbfa222c82aab7fd0,268.7138254261364,247.81199108012004,IV1;IV2;year_1;Region_1;PMC_T
M1,16,4,78,33,澄迈,ce6ca82c326e584d8d688a7bedd72e06f508088c933485bfbfa222c82aab7fd0,647.861484375,296.86320168878206,IV1;IV2;year_1;Region_1;PMC_T
M1,16,4,78,39,陵水,ce6ca82c326e584d8d688a7bedd72e06f508088c933485bfbfa222c82aab7fd0,337.1486134943182,473.11168994738995,IV1;IV2;year_1;Region_1;PMC_T
M1,16,5,79,1,上海,ce6ca82c326e584d8d688a7bedd72e06f508088c933485bfbfa222c82aab7fd0,2302.973933396464,381.4602706709022,IV1;IV2;year_1;Region_1;PMC_T
M1,16,5,79,4,东莞,ce6ca82c326e584d8d688a7bedd72e06f508088c933485bfbfa222c82aab7fd0,307.5424744318183,475.1860180511583,IV1;IV2;year_1;Region_1;PMC_T
M1,16,5,79,6,中卫,ce6ca82c326e584d8d688a7bedd72e06f508088c933485bfbfa222c82aab7fd0,31.05198382826678,398.8838128496526,IV1;IV2;year_1;Region_1;PMC_T
M1,16,5,79,8,临高,ce6ca82c326e584d8d688a7bedd72e06f508088c933485bfbfa222c82aab7fd0,83.80276845703128,406.43010208569956,IV1;IV2;year_1;Region_1;PMC_T
M1,16,5,79,12,乐山,ce6ca82c326e584d8d688a7bedd72e06f508088c933485bfbfa222c82aab7fd0,45.02250000000001,300.0351539122845,IV1;IV2;year_1;Region_1;PMC_T
M1,16,5,79,16,信阳,ce6ca82c326e584d8d688a7bedd72e06f508088c933485bfbfa222c82aab7fd0,244.6035494318183,387.0462854789877,IV1;IV2;year_1;Region_1;PMC_T
M1,16,5,79,26,惠州,ce6ca82c326e584d8d688a7bedd72e06f508088c933485bfbfa222c82aab7fd0,253.6378448863636,275.24254861350323,IV1;IV2;year_1;Region_1;PMC_T
M1,16,5,79,37,白沙,ce6ca82c326e584d8d688a7bedd72e06f508088c933485bfbfa222c82aab7fd0,192.9951366477273,369.20551553725346,IV1;IV2;year_1;Region_1;PMC_T
M1,17,1,80,6,中卫,ce6ca82c326e584d8d688a7bedd72e06f508088c933485bfbfa222c82aab7fd0,31.05198382826678,272.7046200759743,IV1;IV2;year_1;Region_1;PMC_T
M1,17,1,80,9,丽水,ce6ca82c326e584d8d688a7bedd72e06f508088c933485bfbfa222c82aab7fd0,33.76567926136365,306.16772486814995,IV1;IV2;year_1;Region_1;PMC_T
M1,17,1,80,18,六安,ce6ca82c326e584d8d688a7bedd72e06f508088c933485bfbfa222c82aab7fd0,8.639045028409095,316.92716088735835,IV1;IV2;year_1;Region_1;PMC_T
M1,17,1,80,22,合肥,ce6ca82c326e584d8d688a7bedd72e06f508088c933485bfbfa222c82aab7fd0,13.19625,369.3875455387612,IV1;IV2;year_1;Region_1;PMC_T
M1,17,1,80,28,昌江,ce6ca82c326e584d8d688a7bedd72e06f508088c933485bfbfa222c82aab7fd0,268.7138254261364,276.9350400091687,IV1;IV2;year_1;Region_1;PMC_T
M1,17,1,80,29,汕头,ce6ca82c326e584d8d688a7bedd72e06f508088c933485bfbfa222c82aab7fd0,516.6316193181818,278.80724453891736,IV1;IV2;year_1;Region_1;PMC_T
M1,17,1,80,33,澄迈,ce6ca82c326e584d8d688a7bedd72e06f508088c933485bfbfa222c82aab7fd0,647.861484375,275.2226757337364,IV1;IV2;year_1;Region_1;PMC_T
M1,17,1,80,34,珠海,ce6ca82c326e584d8d688a7bedd72e06f508088c933485bfbfa222c82aab7fd0,1511.786079545455,569.6217422899028,IV1;IV2;year_1;Region_1;PMC_T
M1,17,1,80,39,陵水,ce6ca82c326e584d8d688a7bedd72e06f508088c933485bfbfa222c82aab7fd0,337.1486134943182,416.3692346044751,IV1;IV2;year_1;Region_1;PMC_T
M1,17,2,81,1,上海,ce6ca82c326e584d8d688a7bedd72e06f508088c933485bfbfa222c82aab7fd0,2302.973933396464,362.9956546526737,IV1;IV2;year_1;Region_1;PMC_T
M1,17,2,81,8,临高,ce6ca82c326e584d8d688a7bedd72e06f508088c933485bfbfa222c82aab7fd0,83.80276845703128,338.19923156423215,IV1;IV2;year_1;Region_1;PMC_T
M1,17,2,81,13,九江,ce6ca82c326e584d8d688a7bedd72e06f508088c933485bfbfa222c82aab7fd0,0.0,378.6245890035591,IV1;IV2;year_1;Region_1;PMC_T
M1,17,2,81,16,信阳,ce6ca82c326e584d8d688a7bedd72e06f508088c933485bfbfa222c82aab7fd0,244.6035494318183,316.0379452856331,IV1;IV2;year_1;Region_1;PMC_T
M1,17,2,81,17,儋州,ce6ca82c326e584d8d688a7bedd72e06f508088c933485bfbfa222c82aab7fd0,539.7352537592891,327.74898812824495,IV1;IV2;year_1;Region_1;PMC_T
M1,17,2,81,19,兰州,ce6ca82c326e584d8d688a7bedd72e06f508088c933485bfbfa222c82aab7fd0,32.85616429924242,228.95395368265002,IV1;IV2;year_1;Region_1;PMC_T
M1,17,2,81,36,琼海,ce6ca82c326e584d8d688a7bedd72e06f508088c933485bfbfa222c82aab7fd0,1716.717565054688,258.18249970105177,IV1;IV2;year_1;Region_1;PMC_T
M1,17,2,81,37,白沙,ce6ca82c326e584d8d688a7bedd72e06f508088c933485bfbfa222c82aab7fd0,192.9951366477273,299.2000405599165,IV1;IV2;year_1;Region_1;PMC_T
M1,17,3,82,3,东方,ce6ca82c326e584d8d688a7bedd72e06f508088c933485bfbfa222c82aab7fd0,266.2529209872159,309.16740416044195,IV1;IV2;year_1;Region_1;PMC_T
M1,17,3,82,4,东莞,ce6ca82c326e584d8d688a7bedd72e06f508088c933485bfbfa222c82aab7fd0,307.5424744318183,410.4464300500239,IV1;IV2;year_1;Region_1;PMC_T
M1,17,3,82,10,义乌,ce6ca82c326e584d8d688a7bedd72e06f508088c933485bfbfa222c82aab7fd0,7288.761349396308,385.14909376047507,IV1;IV2;year_1;Region_1;PMC_T
M1,17,3,82,14,五指山,ce6ca82c326e584d8d688a7bedd72e06f508088c933485bfbfa222c82aab7fd0,273.4003661931818,349.46410658050064,IV1;IV2;year_1;Region_1;PMC_T
M1,17,3,82,15,佛山,ce6ca82c326e584d8d688a7bedd72e06f508088c933485bfbfa222c82aab7fd0,28.38274488636364,291.3222935953869,IV1;IV2;year_1;Region_1;PMC_T
M1,17,3,82,21,北海,ce6ca82c326e584d8d688a7bedd72e06f508088c933485bfbfa222c82aab7fd0,318.3245085227273,225.83009416816324,IV1;IV2;year_1;Region_1;PMC_T
M1,17,3,82,23,定安,ce6ca82c326e584d8d688a7bedd72e06f508088c933485bfbfa222c82aab7fd0,273.4003661931819,277.576678032263,IV1;IV2;year_1;Region_1;PMC_T
M1,17,3,82,30,海口,ce6ca82c326e584d8d688a7bedd72e06f508088c933485bfbfa222c82aab7fd0,339.134276349432,343.29723570847233,IV1;IV2;year_1;Region_1;PMC_T
M1,17,4,83,5,东营,ce6ca82c326e584d8d688a7bedd72e06f508088c933485bfbfa222c82aab7fd0,425.3271014204544,205.7028318625442,IV1;IV2;year_1;Region_1;PMC_T
M1,17,4,83,11,乐东,ce6ca82c326e584d8d688a7bedd72e06f508088c933485bfbfa222c82aab7fd0,51.57938057753164,321.5415198352722,IV1;IV2;year_1;Region_1;PMC_T
M1,17,4,83,20,北京,ce6ca82c326e584d8d688a7bedd72e06f508088c933485bfbfa222c82aab7fd0,291.2148675426136,740.2187103951557,IV1;IV2;year_1;Region_1;PMC_T
M1,17,4,83,25,广州,ce6ca82c326e584d8d688a7bedd72e06f508088c933485bfbfa222c82aab7fd0,164.1983198863636,771.4550530980852,IV1;IV2;year_1;Region_1;PMC_T
M1,17,4,83,26,惠州,ce6ca82c326e584d8d688a7bedd72e06f508088c933485bfbfa222c82aab7fd0,253.6378448863636,310.29500767951777,IV1;IV2;year_1;Region_1;PMC_T
M1,17,4,83,31,深圳,ce6ca82c326e584d8d688a7bedd72e06f508088c933485bfbfa222c82aab7fd0,159.7083409090909,950.6624892125673,IV1;IV2;year_1;Region_1;PMC_T
M1,17,4,83,32,清远,ce6ca82c326e584d8d688a7bedd72e06f508088c933485bfbfa222c82aab7fd0,375.720028409091,194.35574553376054,IV1;IV2;year_1;Region_1;PMC_T
M1,17,4,83,35,琼中,ce6ca82c326e584d8d688a7bedd72e06f508088c933485bfbfa222c82aab7fd0,1106.44734375,242.67849102934855,IV1;IV2;year_1;Region_1;PMC_T
M1,17,5,84,0,万宁,ce6ca82c326e584d8d688a7bedd72e06f508088c933485bfbfa222c82aab7fd0,148.9921240384616,472.68919054074075,IV1;IV2;year_1;Region_1;PMC_T
M1,17,5,84,2,上饶,ce6ca82c326e584d8d688a7bedd72e06f508088c933485bfbfa222c82aab7fd0,114.81355125,232.98702501654,IV1;IV2;year_1;Region_1;PMC_T
M1,17,5,84,7,中山,ce6ca82c326e584d8d688a7bedd72e06f508088c933485bfbfa222c82aab7fd0,89.11043759098708,266.20496004658276,IV1;IV2;year_1;Region_1;PMC_T
M1,17,5,84,12,乐山,ce6ca82c326e584d8d688a7bedd72e06f508088c933485bfbfa222c82aab7fd0,45.02250000000001,273.50317223208543,IV1;IV2;year_1;Region_1;PMC_T
M1,17,5,84,24,屯昌,ce6ca82c326e584d8d688a7bedd72e06f508088c933485bfbfa222c82aab7fd0,273.4003661931819,330.37077444052875,IV1;IV2;year_1;Region_1;PMC_T
M1,17,5,84,27,文昌,ce6ca82c326e584d8d688a7bedd72e06f508088c933485bfbfa222c82aab7fd0,273.4003661931818,390.0712524308373,IV1;IV2;year_1;Region_1;PMC_T
M1,17,5,84,38,肇庆,ce6ca82c326e584d8d688a7bedd72e06f508088c933485bfbfa222c82aab7fd0,23.03745340909091,219.06893977339797,IV1;IV2;year_1;Region_1;PMC_T
M1,17,5,84,40,韶关,ce6ca82c326e584d8d688a7bedd72e06f508088c933485bfbfa222c82aab7fd0,547.9050852272727,249.99532720476506,IV1;IV2;year_1;Region_1;PMC_T
M1,18,1,85,6,中卫,ce6ca82c326e584d8d688a7bedd72e06f508088c933485bfbfa222c82aab7fd0,31.05198382826678,343.05059945973437,IV1;IV2;year_1;Region_1;PMC_T
M1,18,1,85,9,丽水,ce6ca82c326e584d8d688a7bedd72e06f508088c933485bfbfa222c82aab7fd0,33.76567926136365,255.0580949379347,IV1;IV2;year_1;Region_1;PMC_T
M1,18,1,85,10,义乌,ce6ca82c326e584d8d688a7bedd72e06f508088c933485bfbfa222c82aab7fd0,7288.761349396308,357.11585270650943,IV1;IV2;year_1;Region_1;PMC_T
M1,18,1,85,20,北京,ce6ca82c326e584d8d688a7bedd72e06f508088c933485bfbfa222c82aab7fd0,291.2148675426136,316.61741742326853,IV1;IV2;year_1;Region_1;PMC_T
M1,18,1,85,24,屯昌,ce6ca82c326e584d8d688a7bedd72e06f508088c933485bfbfa222c82aab7fd0,273.4003661931819,281.08787534684524,IV1;IV2;year_1;Region_1;PMC_T
M1,18,1,85,28,昌江,ce6ca82c326e584d8d688a7bedd72e06f508088c933485bfbfa222c82aab7fd0,268.7138254261364,214.7961193853478,IV1;IV2;year_1;Region_1;PMC_T
M1,18,1,85,31,深圳,ce6ca82c326e584d8d688a7bedd72e06f508088c933485bfbfa222c82aab7fd0,159.7083409090909,406.2196831838602,IV1;IV2;year_1;Region_1;PMC_T
M1,18,1,85,36,琼海,ce6ca82c326e584d8d688a7bedd72e06f508088c933485bfbfa222c82aab7fd0,1716.717565054688,278.69772445301146,IV1;IV2;year_1;Region_1;PMC_T
M1,18,1,85,38,肇庆,ce6ca82c326e584d8d688a7bedd72e06f508088c933485bfbfa222c82aab7fd0,23.03745340909091,188.59564935313006,IV1;IV2;year_1;Region_1;PMC_T
M1,18,2,86,1,上海,ce6ca82c326e584d8d688a7bedd72e06f508088c933485bfbfa222c82aab7fd0,2302.973933396464,352.96186537619303,IV1;IV2;year_1;Region_1;PMC_T
M1,18,2,86,2,上饶,ce6ca82c326e584d8d688a7bedd72e06f508088c933485bfbfa222c82aab7fd0,114.81355125,292.7941583162755,IV1;IV2;year_1;Region_1;PMC_T
M1,18,2,86,5,东营,ce6ca82c326e584d8d688a7bedd72e06f508088c933485bfbfa222c82aab7fd0,425.3271014204544,290.0913947988635,IV1;IV2;year_1;Region_1;PMC_T
M1,18,2,86,13,九江,ce6ca82c326e584d8d688a7bedd72e06f508088c933485bfbfa222c82aab7fd0,0.0,382.21247511638984,IV1;IV2;year_1;Region_1;PMC_T
M1,18,2,86,14,五指山,ce6ca82c326e584d8d688a7bedd72e06f508088c933485bfbfa222c82aab7fd0,273.4003661931818,341.71033455357076,IV1;IV2;year_1;Region_1;PMC_T
M1,18,2,86,18,六安,ce6ca82c326e584d8d688a7bedd72e06f508088c933485bfbfa222c82aab7fd0,8.639045028409095,390.08720011635,IV1;IV2;year_1;Region_1;PMC_T
M1,18,2,86,22,合肥,ce6ca82c326e584d8d688a7bedd72e06f508088c933485bfbfa222c82aab7fd0,13.19625,393.3044839757377,IV1;IV2;year_1;Region_1;PMC_T
M1,18,2,86,26,惠州,ce6ca82c326e584d8d688a7bedd72e06f508088c933485bfbfa222c82aab7fd0,253.6378448863636,354.7458675673874,IV1;IV2;year_1;Region_1;PMC_T
M1,18,3,87,0,万宁,ce6ca82c326e584d8d688a7bedd72e06f508088c933485bfbfa222c82aab7fd0,148.9921240384616,547.1499437787762,IV1;IV2;year_1;Region_1;PMC_T
M1,18,3,87,3,东方,ce6ca82c326e584d8d688a7bedd72e06f508088c933485bfbfa222c82aab7fd0,266.2529209872159,393.8533018644564,IV1;IV2;year_1;Region_1;PMC_T
M1,18,3,87,12,乐山,ce6ca82c326e584d8d688a7bedd72e06f508088c933485bfbfa222c82aab7fd0,45.02250000000001,252.52867335890033,IV1;IV2;year_1;Region_1;PMC_T
M1,18,3,87,16,信阳,ce6ca82c326e584d8d688a7bedd72e06f508088c933485bfbfa222c82aab7fd0,244.6035494318183,383.9436760189064,IV1;IV2;year_1;Region_1;PMC_T
M1,18,3,87,19,兰州,ce6ca82c326e584d8d688a7bedd72e06f508088c933485bfbfa222c82aab7fd0,32.85616429924242,294.0327825470145,IV1;IV2;year_1;Region_1;PMC_T
M1,18,3,87,21,北海,ce6ca82c326e584d8d688a7bedd72e06f508088c933485bfbfa222c82aab7fd0,318.3245085227273,290.38418790989266,IV1;IV2;year_1;Region_1;PMC_T
M1,18,3,87,30,海口,ce6ca82c326e584d8d688a7bedd72e06f508088c933485bfbfa222c82aab7fd0,339.134276349432,436.6296578826999,IV1;IV2;year_1;Region_1;PMC_T
M1,18,3,87,40,韶关,ce6ca82c326e584d8d688a7bedd72e06f508088c933485bfbfa222c82aab7fd0,547.9050852272727,184.61133849088378,IV1;IV2;year_1;Region_1;PMC_T
M1,18,4,88,4,东莞,ce6ca82c326e584d8d688a7bedd72e06f508088c933485bfbfa222c82aab7fd0,307.5424744318183,580.37961463459,IV1;IV2;year_1;Region_1;PMC_T
M1,18,4,88,8,临高,ce6ca82c326e584d8d688a7bedd72e06f508088c933485bfbfa222c82aab7fd0,83.80276845703128,294.09570618712985,IV1;IV2;year_1;Region_1;PMC_T
M1,18,4,88,17,儋州,ce6ca82c326e584d8d688a7bedd72e06f508088c933485bfbfa222c82aab7fd0,539.7352537592891,289.4875227081414,IV1;IV2;year_1;Region_1;PMC_T
M1,18,4,88,25,广州,ce6ca82c326e584d8d688a7bedd72e06f508088c933485bfbfa222c82aab7fd0,164.1983198863636,586.4191166629914,IV1;IV2;year_1;Region_1;PMC_T
M1,18,4,88,29,汕头,ce6ca82c326e584d8d688a7bedd72e06f508088c933485bfbfa222c82aab7fd0,516.6316193181818,232.4144378729659,IV1;IV2;year_1;Region_1;PMC_T
M1,18,4,88,32,清远,ce6ca82c326e584d8d688a7bedd72e06f508088c933485bfbfa222c82aab7fd0,375.720028409091,197.22048003133696,IV1;IV2;year_1;Region_1;PMC_T
M1,18,4,88,33,澄迈,ce6ca82c326e584d8d688a7bedd72e06f508088c933485bfbfa222c82aab7fd0,647.861484375,268.64452786346203,IV1;IV2;year_1;Region_1;PMC_T
M1,18,4,88,34,珠海,ce6ca82c326e584d8d688a7bedd72e06f508088c933485bfbfa222c82aab7fd0,1511.786079545455,674.7677467988768,IV1;IV2;year_1;Region_1;PMC_T
M1,18,5,89,7,中山,ce6ca82c326e584d8d688a7bedd72e06f508088c933485bfbfa222c82aab7fd0,89.11043759098708,275.1827693772864,IV1;IV2;year_1;Region_1;PMC_T
M1,18,5,89,11,乐东,ce6ca82c326e584d8d688a7bedd72e06f508088c933485bfbfa222c82aab7fd0,51.57938057753164,320.6458200933716,IV1;IV2;year_1;Region_1;PMC_T
M1,18,5,89,15,佛山,ce6ca82c326e584d8d688a7bedd72e06f508088c933485bfbfa222c82aab7fd0,28.38274488636364,332.3250348102126,IV1;IV2;year_1;Region_1;PMC_T
M1,18,5,89,23,定安,ce6ca82c326e584d8d688a7bedd72e06f508088c933485bfbfa222c82aab7fd0,273.4003661931819,332.91415885547343,IV1;IV2;year_1;Region_1;PMC_T
M1,18,5,89,27,文昌,ce6ca82c326e584d8d688a7bedd72e06f508088c933485bfbfa222c82aab7fd0,273.4003661931818,310.58091177846444,IV1;IV2;year_1;Region_1;PMC_T
M1,18,5,89,35,琼中,ce6ca82c326e584d8d688a7bedd72e06f508088c933485bfbfa222c82aab7fd0,1106.44734375,286.9618083750499,IV1;IV2;year_1;Region_1;PMC_T
M1,18,5,89,37,白沙,ce6ca82c326e584d8d688a7bedd72e06f508088c933485bfbfa222c82aab7fd0,192.9951366477273,332.2777997848873,IV1;IV2;year_1;Region_1;PMC_T
M1,18,5,89,39,陵水,ce6ca82c326e584d8d688a7bedd72e06f508088c933485bfbfa222c82aab7fd0,337.1486134943182,442.75995861002457,IV1;IV2;year_1;Region_1;PMC_T
M1,19,1,90,3,东方,ce6ca82c326e584d8d688a7bedd72e06f508088c933485bfbfa222c82aab7fd0,266.2529209872159,250.0146636340401,IV1;IV2;year_1;Region_1;PMC_T
M1,19,1,90,7,中山,ce6ca82c326e584d8d688a7bedd72e06f508088c933485bfbfa222c82aab7fd0,89.11043759098708,249.40558913569998,IV1;IV2;year_1;Region_1;PMC_T
M1,19,1,90,13,九江,ce6ca82c326e584d8d688a7bedd72e06f508088c933485bfbfa222c82aab7fd0,0.0,356.73834547751244,IV1;IV2;year_1;Region_1;PMC_T
M1,19,1,90,19,兰州,ce6ca82c326e584d8d688a7bedd72e06f508088c933485bfbfa222c82aab7fd0,32.85616429924242,266.85553802156124,IV1;IV2;year_1;Region_1;PMC_T
M1,19,1,90,23,定安,ce6ca82c326e584d8d688a7bedd72e06f508088c933485bfbfa222c82aab7fd0,273.4003661931819,276.23880629126774,IV1;IV2;year_1;Region_1;PMC_T
M1,19,1,90,30,海口,ce6ca82c326e584d8d688a7bedd72e06f508088c933485bfbfa222c82aab7fd0,339.134276349432,288.0637621885636,IV1;IV2;year_1;Region_1;PMC_T
M1,19,1,90,34,珠海,ce6ca82c326e584d8d688a7bedd72e06f508088c933485bfbfa222c82aab7fd0,1511.786079545455,581.2632853284205,IV1;IV2;year_1;Region_1;PMC_T
M1,19,1,90,36,琼海,ce6ca82c326e584d8d688a7bedd72e06f508088c933485bfbfa222c82aab7fd0,1716.717565054688,266.56612490374107,IV1;IV2;year_1;Region_1;PMC_T
M1,19,1,90,40,韶关,ce6ca82c326e584d8d688a7bedd72e06f508088c933485bfbfa222c82aab7fd0,547.9050852272727,175.87867320488408,IV1;IV2;year_1;Region_1;PMC_T
M1,19,2,91,6,中卫,ce6ca82c326e584d8d688a7bedd72e06f508088c933485bfbfa222c82aab7fd0,31.05198382826678,307.5501684152594,IV1;IV2;year_1;Region_1;PMC_T
M1,19,2,91,9,丽水,ce6ca82c326e584d8d688a7bedd72e06f508088c933485bfbfa222c82aab7fd0,33.76567926136365,433.12180813106386,IV1;IV2;year_1;Region_1;PMC_T
M1,19,2,91,11,乐东,ce6ca82c326e584d8d688a7bedd72e06f508088c933485bfbfa222c82aab7fd0,51.57938057753164,403.878565828135,IV1;IV2;year_1;Region_1;PMC_T
M1,19,2,91,14,五指山,ce6ca82c326e584d8d688a7bedd72e06f508088c933485bfbfa222c82aab7fd0,273.4003661931818,434.48884246857904,IV1;IV2;year_1;Region_1;PMC_T
M1,19,2,91,22,合肥,ce6ca82c326e584d8d688a7bedd72e06f508088c933485bfbfa222c82aab7fd0,13.19625,436.99608032488106,IV1;IV2;year_1;Region_1;PMC_T
M1,19,2,91,28,昌江,ce6ca82c326e584d8d688a7bedd72e06f508088c933485bfbfa222c82aab7fd0,268.7138254261364,250.2597679652641,IV1;IV2;year_1;Region_1;PMC_T
M1,19,2,91,33,澄迈,ce6ca82c326e584d8d688a7bedd72e06f508088c933485bfbfa222c82aab7fd0,647.861484375,325.76206147807056,IV1;IV2;year_1;Region_1;PMC_T
M1,19,2,91,38,肇庆,ce6ca82c326e584d8d688a7bedd72e06f508088c933485bfbfa222c82aab7fd0,23.03745340909091,259.21215282641606,IV1;IV2;year_1;Region_1;PMC_T
M1,19,3,92,2,上饶,ce6ca82c326e584d8d688a7bedd72e06f508088c933485bfbfa222c82aab7fd0,114.81355125,249.9465472098435,IV1;IV2;year_1;Region_1;PMC_T
M1,19,3,92,4,东莞,ce6ca82c326e584d8d688a7bedd72e06f508088c933485bfbfa222c82aab7fd0,307.5424744318183,653.0567043915969,IV1;IV2;year_1;Region_1;PMC_T
M1,19,3,92,5,东营,ce6ca82c326e584d8d688a7bedd72e06f508088c933485bfbfa222c82aab7fd0,425.3271014204544,231.4479529723595,IV1;IV2;year_1;Region_1;PMC_T
M1,19,3,92,15,佛山,ce6ca82c326e584d8d688a7bedd72e06f508088c933485bfbfa222c82aab7fd0,28.38274488636364,338.057045561846,IV1;IV2;year_1;Region_1;PMC_T
M1,19,3,92,18,六安,ce6ca82c326e584d8d688a7bedd72e06f508088c933485bfbfa222c82aab7fd0,8.639045028409095,323.3487560019403,IV1;IV2;year_1;Region_1;PMC_T
M1,19,3,92,27,文昌,ce6ca82c326e584d8d688a7bedd72e06f508088c933485bfbfa222c82aab7fd0,273.4003661931818,248.32364601849233,IV1;IV2;year_1;Region_1;PMC_T
M1,19,3,92,29,汕头,ce6ca82c326e584d8d688a7bedd72e06f508088c933485bfbfa222c82aab7fd0,516.6316193181818,258.0234278265286,IV1;IV2;year_1;Region_1;PMC_T
M1,19,3,92,35,琼中,ce6ca82c326e584d8d688a7bedd72e06f508088c933485bfbfa222c82aab7fd0,1106.44734375,237.3609215793397,IV1;IV2;year_1;Region_1;PMC_T
M1,19,4,93,1,上海,ce6ca82c326e584d8d688a7bedd72e06f508088c933485bfbfa222c82aab7fd0,2302.973933396464,379.7620220049735,IV1;IV2;year_1;Region_1;PMC_T
M1,19,4,93,8,临高,ce6ca82c326e584d8d688a7bedd72e06f508088c933485bfbfa222c82aab7fd0,83.80276845703128,397.3188697279362,IV1;IV2;year_1;Region_1;PMC_T
M1,19,4,93,12,乐山,ce6ca82c326e584d8d688a7bedd72e06f508088c933485bfbfa222c82aab7fd0,45.02250000000001,278.7015937772748,IV1;IV2;year_1;Region_1;PMC_T
M1,19,4,93,16,信阳,ce6ca82c326e584d8d688a7bedd72e06f508088c933485bfbfa222c82aab7fd0,244.6035494318183,366.95487147562494,IV1;IV2;year_1;Region_1;PMC_T
M1,19,4,93,21,北海,ce6ca82c326e584d8d688a7bedd72e06f508088c933485bfbfa222c82aab7fd0,318.3245085227273,340.20187626056526,IV1;IV2;year_1;Region_1;PMC_T
M1,19,4,93,26,惠州,ce6ca82c326e584d8d688a7bedd72e06f508088c933485bfbfa222c82aab7fd0,253.6378448863636,305.08362882808547,IV1;IV2;year_1;Region_1;PMC_T
M1,19,4,93,37,白沙,ce6ca82c326e584d8d688a7bedd72e06f508088c933485bfbfa222c82aab7fd0,192.9951366477273,354.7249886855903,IV1;IV2;year_1;Region_1;PMC_T
M1,19,4,93,39,陵水,ce6ca82c326e584d8d688a7bedd72e06f508088c933485bfbfa222c82aab7fd0,337.1486134943182,436.3945447655074,IV1;IV2;year_1;Region_1;PMC_T
M1,19,5,94,0,万宁,ce6ca82c326e584d8d688a7bedd72e06f508088c933485bfbfa222c82aab7fd0,148.9921240384616,484.0996213813173,IV1;IV2;year_1;Region_1;PMC_T
M1,19,5,94,10,义乌,ce6ca82c326e584d8d688a7bedd72e06f508088c933485bfbfa222c82aab7fd0,7288.761349396308,443.88028447661213,IV1;IV2;year_1;Region_1;PMC_T
M1,19,5,94,17,儋州,ce6ca82c326e584d8d688a7bedd72e06f508088c933485bfbfa222c82aab7fd0,539.7352537592891,333.79838889854057,IV1;IV2;year_1;Region_1;PMC_T
M1,19,5,94,20,北京,ce6ca82c326e584d8d688a7bedd72e06f508088c933485bfbfa222c82aab7fd0,291.2148675426136,366.1462146666921,IV1;IV2;year_1;Region_1;PMC_T
M1,19,5,94,24,屯昌,ce6ca82c326e584d8d688a7bedd72e06f508088c933485bfbfa222c82aab7fd0,273.4003661931819,302.7326723985446,IV1;IV2;year_1;Region_1;PMC_T
M1,19,5,94,25,广州,ce6ca82c326e584d8d688a7bedd72e06f508088c933485bfbfa222c82aab7fd0,164.1983198863636,394.57727430623413,IV1;IV2;year_1;Region_1;PMC_T
M1,19,5,94,31,深圳,ce6ca82c326e584d8d688a7bedd72e06f508088c933485bfbfa222c82aab7fd0,159.7083409090909,479.7649801342138,IV1;IV2;year_1;Region_1;PMC_T
M1,19,5,94,32,清远,ce6ca82c326e584d8d688a7bedd72e06f508088c933485bfbfa222c82aab7fd0,375.720028409091,194.30893120720745,IV1;IV2;year_1;Region_1;PMC_T
M1,20,1,95,5,东营,ce6ca82c326e584d8d688a7bedd72e06f508088c933485bfbfa222c82aab7fd0,425.3271014204544,278.245999152168,IV1;IV2;year_1;Region_1;PMC_T
M1,20,1,95,8,临高,ce6ca82c326e584d8d688a7bedd72e06f508088c933485bfbfa222c82aab7fd0,83.80276845703128,395.7937900395796,IV1;IV2;year_1;Region_1;PMC_T
M1,20,1,95,9,丽水,ce6ca82c326e584d8d688a7bedd72e06f508088c933485bfbfa222c82aab7fd0,33.76567926136365,354.6798851059912,IV1;IV2;year_1;Region_1;PMC_T
M1,20,1,95,19,兰州,ce6ca82c326e584d8d688a7bedd72e06f508088c933485bfbfa222c82aab7fd0,32.85616429924242,296.9787727566672,IV1;IV2;year_1;Region_1;PMC_T
M1,20,1,95,22,合肥,ce6ca82c326e584d8d688a7bedd72e06f508088c933485bfbfa222c82aab7fd0,13.19625,369.1813627536119,IV1;IV2;year_1;Region_1;PMC_T
M1,20,1,95,23,定安,ce6ca82c326e584d8d688a7bedd72e06f508088c933485bfbfa222c82aab7fd0,273.4003661931819,310.0367847524425,IV1;IV2;year_1;Region_1;PMC_T
M1,20,1,95,36,琼海,ce6ca82c326e584d8d688a7bedd72e06f508088c933485bfbfa222c82aab7fd0,1716.717565054688,331.6402102213564,IV1;IV2;year_1;Region_1;PMC_T
M1,20,1,95,39,陵水,ce6ca82c326e584d8d688a7bedd72e06f508088c933485bfbfa222c82aab7fd0,337.1486134943182,387.8678035010665,IV1;IV2;year_1;Region_1;PMC_T
M1,20,1,95,40,韶关,ce6ca82c326e584d8d688a7bedd72e06f508088c933485bfbfa222c82aab7fd0,547.9050852272727,216.60296403308294,IV1;IV2;year_1;Region_1;PMC_T
M1,20,2,96,6,中卫,ce6ca82c326e584d8d688a7bedd72e06f508088c933485bfbfa222c82aab7fd0,31.05198382826678,310.60519540372366,IV1;IV2;year_1;Region_1;PMC_T
M1,20,2,96,10,义乌,ce6ca82c326e584d8d688a7bedd72e06f508088c933485bfbfa222c82aab7fd0,7288.761349396308,283.05869455916786,IV1;IV2;year_1;Region_1;PMC_T
M1,20,2,96,13,九江,ce6ca82c326e584d8d688a7bedd72e06f508088c933485bfbfa222c82aab7fd0,0.0,295.5523734776578,IV1;IV2;year_1;Region_1;PMC_T
M1,20,2,96,18,六安,ce6ca82c326e584d8d688a7bedd72e06f508088c933485bfbfa222c82aab7fd0,8.639045028409095,319.1985436027706,IV1;IV2;year_1;Region_1;PMC_T
M1,20,2,96,20,北京,ce6ca82c326e584d8d688a7bedd72e06f508088c933485bfbfa222c82aab7fd0,291.2148675426136,262.223944780246,IV1;IV2;year_1;Region_1;PMC_T
M1,20,2,96,34,珠海,ce6ca82c326e584d8d688a7bedd72e06f508088c933485bfbfa222c82aab7fd0,1511.786079545455,313.0512944818868,IV1;IV2;year_1;Region_1;PMC_T
M1,20,2,96,35,琼中,ce6ca82c326e584d8d688a7bedd72e06f508088c933485bfbfa222c82aab7fd0,1106.44734375,317.7026056671119,IV1;IV2;year_1;Region_1;PMC_T
M1,20,2,96,37,白沙,ce6ca82c326e584d8d688a7bedd72e06f508088c933485bfbfa222c82aab7fd0,192.9951366477273,338.3108716947289,IV1;IV2;year_1;Region_1;PMC_T
M1,20,3,97,4,东莞,ce6ca82c326e584d8d688a7bedd72e06f508088c933485bfbfa222c82aab7fd0,307.5424744318183,665.9519076553534,IV1;IV2;year_1;Region_1;PMC_T
M1,20,3,97,11,乐东,ce6ca82c326e584d8d688a7bedd72e06f508088c933485bfbfa222c82aab7fd0,51.57938057753164,431.3032927152648,IV1;IV2;year_1;Region_1;PMC_T
M1,20,3,97,14,五指山,ce6ca82c326e584d8d688a7bedd72e06f508088c933485bfbfa222c82aab7fd0,273.4003661931818,438.2315714414186,IV1;IV2;year_1;Region_1;PMC_T
M1,20,3,97,15,佛山,ce6ca82c326e584d8d688a7bedd72e06f508088c933485bfbfa222c82aab7fd0,28.38274488636364,295.42056152990625,IV1;IV2;year_1;Region_1;PMC_T
M1,20,3,97,16,信阳,ce6ca82c326e584d8d688a7bedd72e06f508088c933485bfbfa222c82aab7fd0,244.6035494318183,425.36697673363096,IV1;IV2;year_1;Region_1;PMC_T
M1,20,3,97,24,屯昌,ce6ca82c326e584d8d688a7bedd72e06f508088c933485bfbfa222c82aab7fd0,273.4003661931819,420.3103056116772,IV1;IV2;year_1;Region_1;PMC_T
M1,20,3,97,28,昌江,ce6ca82c326e584d8d688a7bedd72e06f508088c933485bfbfa222c82aab7fd0,268.7138254261364,265.09178191382125,IV1;IV2;year_1;Region_1;PMC_T
M1,20,3,97,38,肇庆,ce6ca82c326e584d8d688a7bedd72e06f508088c933485bfbfa222c82aab7fd0,23.03745340909091,199.99455397792173,IV1;IV2;year_1;Region_1;PMC_T
M1,20,4,98,1,上海,ce6ca82c326e584d8d688a7bedd72e06f508088c933485bfbfa222c82aab7fd0,2302.973933396464,440.28782166481415,IV1;IV2;year_1;Region_1;PMC_T
M1,20,4,98,2,上饶,ce6ca82c326e584d8d688a7bedd72e06f508088c933485bfbfa222c82aab7fd0,114.81355125,197.72226800207602,IV1;IV2;year_1;Region_1;PMC_T
M1,20,4,98,17,儋州,ce6ca82c326e584d8d688a7bedd72e06f508088c933485bfbfa222c82aab7fd0,539.7352537592891,280.3586972667809,IV1;IV2;year_1;Region_1;PMC_T
M1,20,4,98,21,北海,ce6ca82c326e584d8d688a7bedd72e06f508088c933485bfbfa222c82aab7fd0,318.3245085227273,276.2160542648426,IV1;IV2;year_1;Region_1;PMC_T
M1,20,4,98,25,广州,ce6ca82c326e584d8d688a7bedd72e06f508088c933485bfbfa222c82aab7fd0,164.1983198863636,396.42757237804227,IV1;IV2;year_1;Region_1;PMC_T
M1,20,4,98,26,惠州,ce6ca82c326e584d8d688a7bedd72e06f508088c933485bfbfa222c82aab7fd0,253.6378448863636,282.3243799808156,IV1;IV2;year_1;Region_1;PMC_T
M1,20,4,98,29,汕头,ce6ca82c326e584d8d688a7bedd72e06f508088c933485bfbfa222c82aab7fd0,516.6316193181818,274.8519308174127,IV1;IV2;year_1;Region_1;PMC_T
M1,20,4,98,32,清远,ce6ca82c326e584d8d688a7bedd72e06f508088c933485bfbfa222c82aab7fd0,375.720028409091,214.372295416587,IV1;IV2;year_1;Region_1;PMC_T
M1,20,5,99,0,万宁,ce6ca82c326e584d8d688a7bedd72e06f508088c933485bfbfa222c82aab7fd0,148.9921240384616,529.273602340276,IV1;IV2;year_1;Region_1;PMC_T
M1,20,5,99,3,东方,ce6ca82c326e584d8d688a7bedd72e06f508088c933485bfbfa222c82aab7fd0,266.2529209872159,346.90927190218514,IV1;IV2;year_1;Region_1;PMC_T
M1,20,5,99,7,中山,ce6ca82c326e584d8d688a7bedd72e06f508088c933485bfbfa222c82aab7fd0,89.11043759098708,254.62629649024117,IV1;IV2;year_1;Region_1;PMC_T
M1,20,5,99,12,乐山,ce6ca82c326e584d8d688a7bedd72e06f508088c933485bfbfa222c82aab7fd0,45.02250000000001,231.5803196542395,IV1;IV2;year_1;Region_1;PMC_T
M1,20,5,99,27,文昌,ce6ca82c326e584d8d688a7bedd72e06f508088c933485bfbfa222c82aab7fd0,273.4003661931818,354.4255184792223,IV1;IV2;year_1;Region_1;PMC_T
M1,20,5,99,30,海口,ce6ca82c326e584d8d688a7bedd72e06f508088c933485bfbfa222c82aab7fd0,339.134276349432,487.04562411200146,IV1;IV2;year_1;Region_1;PMC_T
M1,20,5,99,31,深圳,ce6ca82c326e584d8d688a7bedd72e06f508088c933485bfbfa222c82aab7fd0,159.7083409090909,807.1487611630942,IV1;IV2;year_1;Region_1;PMC_T
M1,20,5,99,33,澄迈,ce6ca82c326e584d8d688a7bedd72e06f508088c933485bfbfa222c82aab7fd0,647.861484375,313.9766155926366,IV1;IV2;year_1;Region_1;PMC_T
M2,1,1,0,4,东莞,ce6ca82c326e584d8d688a7bedd72e06f508088c933485bfbfa222c82aab7fd0,307.5424744318183,727.7473041006174,IV1;IV2;year_1;Region_1;PMC_I
M2,1,1,0,8,临高,ce6ca82c326e584d8d688a7bedd72e06f508088c933485bfbfa222c82aab7fd0,83.80276845703128,385.70565304364953,IV1;IV2;year_1;Region_1;PMC_I
M2,1,1,0,13,九江,ce6ca82c326e584d8d688a7bedd72e06f508088c933485bfbfa222c82aab7fd0,0.0,300.14460523304814,IV1;IV2;year_1;Region_1;PMC_I
M2,1,1,0,19,兰州,ce6ca82c326e584d8d688a7bedd72e06f508088c933485bfbfa222c82aab7fd0,32.85616429924242,271.4219238416463,IV1;IV2;year_1;Region_1;PMC_I
M2,1,1,0,24,屯昌,ce6ca82c326e584d8d688a7bedd72e06f508088c933485bfbfa222c82aab7fd0,273.4003661931819,373.00530684375826,IV1;IV2;year_1;Region_1;PMC_I
M2,1,1,0,25,广州,ce6ca82c326e584d8d688a7bedd72e06f508088c933485bfbfa222c82aab7fd0,164.1983198863636,682.8965619457309,IV1;IV2;year_1;Region_1;PMC_I
M2,1,1,0,29,汕头,ce6ca82c326e584d8d688a7bedd72e06f508088c933485bfbfa222c82aab7fd0,516.6316193181818,328.36829390078935,IV1;IV2;year_1;Region_1;PMC_I
M2,1,1,0,39,陵水,ce6ca82c326e584d8d688a7bedd72e06f508088c933485bfbfa222c82aab7fd0,337.1486134943182,504.30790802719713,IV1;IV2;year_1;Region_1;PMC_I
M2,1,1,0,40,韶关,ce6ca82c326e584d8d688a7bedd72e06f508088c933485bfbfa222c82aab7fd0,547.9050852272727,200.6503692640529,IV1;IV2;year_1;Region_1;PMC_I
M2,1,2,1,6,中卫,ce6ca82c326e584d8d688a7bedd72e06f508088c933485bfbfa222c82aab7fd0,31.05198382826678,313.6646343380484,IV1;IV2;year_1;Region_1;PMC_I
M2,1,2,1,9,丽水,ce6ca82c326e584d8d688a7bedd72e06f508088c933485bfbfa222c82aab7fd0,33.76567926136365,325.0340380098369,IV1;IV2;year_1;Region_1;PMC_I
M2,1,2,1,12,乐山,ce6ca82c326e584d8d688a7bedd72e06f508088c933485bfbfa222c82aab7fd0,45.02250000000001,259.4253337613383,IV1;IV2;year_1;Region_1;PMC_I
M2,1,2,1,15,佛山,ce6ca82c326e584d8d688a7bedd72e06f508088c933485bfbfa222c82aab7fd0,28.38274488636364,308.75599918738317,IV1;IV2;year_1;Region_1;PMC_I
M2,1,2,1,16,信阳,ce6ca82c326e584d8d688a7bedd72e06f508088c933485bfbfa222c82aab7fd0,244.6035494318183,328.7187599183518,IV1;IV2;year_1;Region_1;PMC_I
M2,1,2,1,17,儋州,ce6ca82c326e584d8d688a7bedd72e06f508088c933485bfbfa222c82aab7fd0,539.7352537592891,338.37489477909116,IV1;IV2;year_1;Region_1;PMC_I
M2,1,2,1,26,惠州,ce6ca82c326e584d8d688a7bedd72e06f508088c933485bfbfa222c82aab7fd0,253.6378448863636,326.20812998681555,IV1;IV2;year_1;Region_1;PMC_I
M2,1,2,1,32,清远,ce6ca82c326e584d8d688a7bedd72e06f508088c933485bfbfa222c82aab7fd0,375.720028409091,269.7062324959349,IV1;IV2;year_1;Region_1;PMC_I
M2,1,3,2,0,万宁,ce6ca82c326e584d8d688a7bedd72e06f508088c933485bfbfa222c82aab7fd0,148.9921240384616,352.5288674601169,IV1;IV2;year_1;Region_1;PMC_I
M2,1,3,2,1,上海,ce6ca82c326e584d8d688a7bedd72e06f508088c933485bfbfa222c82aab7fd0,2302.973933396464,288.0379380740336,IV1;IV2;year_1;Region_1;PMC_I
M2,1,3,2,5,东营,ce6ca82c326e584d8d688a7bedd72e06f508088c933485bfbfa222c82aab7fd0,425.3271014204544,219.32937113585203,IV1;IV2;year_1;Region_1;PMC_I
M2,1,3,2,11,乐东,ce6ca82c326e584d8d688a7bedd72e06f508088c933485bfbfa222c82aab7fd0,51.57938057753164,330.68776107766115,IV1;IV2;year_1;Region_1;PMC_I
M2,1,3,2,27,文昌,ce6ca82c326e584d8d688a7bedd72e06f508088c933485bfbfa222c82aab7fd0,273.4003661931818,288.00259076327825,IV1;IV2;year_1;Region_1;PMC_I
M2,1,3,2,30,海口,ce6ca82c326e584d8d688a7bedd72e06f508088c933485bfbfa222c82aab7fd0,339.134276349432,354.4039917439867,IV1;IV2;year_1;Region_1;PMC_I
M2,1,3,2,34,珠海,ce6ca82c326e584d8d688a7bedd72e06f508088c933485bfbfa222c82aab7fd0,1511.786079545455,398.3971361234048,IV1;IV2;year_1;Region_1;PMC_I
M2,1,3,2,35,琼中,ce6ca82c326e584d8d688a7bedd72e06f508088c933485bfbfa222c82aab7fd0,1106.44734375,261.4029398810149,IV1;IV2;year_1;Region_1;PMC_I
M2,1,4,3,2,上饶,ce6ca82c326e584d8d688a7bedd72e06f508088c933485bfbfa222c82aab7fd0,114.81355125,170.66250250321352,IV1;IV2;year_1;Region_1;PMC_I
M2,1,4,3,3,东方,ce6ca82c326e584d8d688a7bedd72e06f508088c933485bfbfa222c82aab7fd0,266.2529209872159,298.4260187143136,IV1;IV2;year_1;Region_1;PMC_I
M2,1,4,3,21,北海,ce6ca82c326e584d8d688a7bedd72e06f508088c933485bfbfa222c82aab7fd0,318.3245085227273,295.961621048754,IV1;IV2;year_1;Region_1;PMC_I
M2,1,4,3,23,定安,ce6ca82c326e584d8d688a7bedd72e06f508088c933485bfbfa222c82aab7fd0,273.4003661931819,306.44927010244953,IV1;IV2;year_1;Region_1;PMC_I
M2,1,4,3,31,深圳,ce6ca82c326e584d8d688a7bedd72e06f508088c933485bfbfa222c82aab7fd0,159.7083409090909,801.6606479222215,IV1;IV2;year_1;Region_1;PMC_I
M2,1,4,3,33,澄迈,ce6ca82c326e584d8d688a7bedd72e06f508088c933485bfbfa222c82aab7fd0,647.861484375,271.6109780169104,IV1;IV2;year_1;Region_1;PMC_I
M2,1,4,3,36,琼海,ce6ca82c326e584d8d688a7bedd72e06f508088c933485bfbfa222c82aab7fd0,1716.717565054688,296.2681939576997,IV1;IV2;year_1;Region_1;PMC_I
M2,1,4,3,37,白沙,ce6ca82c326e584d8d688a7bedd72e06f508088c933485bfbfa222c82aab7fd0,192.9951366477273,315.7341219407006,IV1;IV2;year_1;Region_1;PMC_I
M2,1,5,4,7,中山,ce6ca82c326e584d8d688a7bedd72e06f508088c933485bfbfa222c82aab7fd0,89.11043759098708,227.54182868232655,IV1;IV2;year_1;Region_1;PMC_I
M2,1,5,4,10,义乌,ce6ca82c326e584d8d688a7bedd72e06f508088c933485bfbfa222c82aab7fd0,7288.761349396308,419.2928705148531,IV1;IV2;year_1;Region_1;PMC_I
M2,1,5,4,14,五指山,ce6ca82c326e584d8d688a7bedd72e06f508088c933485bfbfa222c82aab7fd0,273.4003661931818,340.74155098167546,IV1;IV2;year_1;Region_1;PMC_I
M2,1,5,4,18,六安,ce6ca82c326e584d8d688a7bedd72e06f508088c933485bfbfa222c82aab7fd0,8.639045028409095,302.55925201716184,IV1;IV2;year_1;Region_1;PMC_I
M2,1,5,4,20,北京,ce6ca82c326e584d8d688a7bedd72e06f508088c933485bfbfa222c82aab7fd0,291.2148675426136,333.17887434985124,IV1;IV2;year_1;Region_1;PMC_I
M2,1,5,4,22,合肥,ce6ca82c326e584d8d688a7bedd72e06f508088c933485bfbfa222c82aab7fd0,13.19625,314.1949221746018,IV1;IV2;year_1;Region_1;PMC_I
M2,1,5,4,28,昌江,ce6ca82c326e584d8d688a7bedd72e06f508088c933485bfbfa222c82aab7fd0,268.7138254261364,270.4790536506927,IV1;IV2;year_1;Region_1;PMC_I
M2,1,5,4,38,肇庆,ce6ca82c326e584d8d688a7bedd72e06f508088c933485bfbfa222c82aab7fd0,23.03745340909091,271.7614796517177,IV1;IV2;year_1;Region_1;PMC_I
M2,2,1,5,0,万宁,ce6ca82c326e584d8d688a7bedd72e06f508088c933485bfbfa222c82aab7fd0,148.9921240384616,373.92232251315954,IV1;IV2;year_1;Region_1;PMC_I
M2,2,1,5,4,东莞,ce6ca82c326e584d8d688a7bedd72e06f508088c933485bfbfa222c82aab7fd0,307.5424744318183,285.167753728193,IV1;IV2;year_1;Region_1;PMC_I
M2,2,1,5,10,义乌,ce6ca82c326e584d8d688a7bedd72e06f508088c933485bfbfa222c82aab7fd0,7288.761349396308,277.44349995622855,IV1;IV2;year_1;Region_1;PMC_I
M2,2,1,5,12,乐山,ce6ca82c326e584d8d688a7bedd72e06f508088c933485bfbfa222c82aab7fd0,45.02250000000001,274.65606696839524,IV1;IV2;year_1;Region_1;PMC_I
M2,2,1,5,18,六安,ce6ca82c326e584d8d688a7bedd72e06f508088c933485bfbfa222c82aab7fd0,8.639045028409095,310.64543024564057,IV1;IV2;year_1;Region_1;PMC_I
M2,2,1,5,23,定安,ce6ca82c326e584d8d688a7bedd72e06f508088c933485bfbfa222c82aab7fd0,273.4003661931819,334.97145206145535,IV1;IV2;year_1;Region_1;PMC_I
M2,2,1,5,26,惠州,ce6ca82c326e584d8d688a7bedd72e06f508088c933485bfbfa222c82aab7fd0,253.6378448863636,249.28764915946994,IV1;IV2;year_1;Region_1;PMC_I
M2,2,1,5,28,昌江,ce6ca82c326e584d8d688a7bedd72e06f508088c933485bfbfa222c82aab7fd0,268.7138254261364,282.5002613559873,IV1;IV2;year_1;Region_1;PMC_I
M2,2,1,5,34,珠海,ce6ca82c326e584d8d688a7bedd72e06f508088c933485bfbfa222c82aab7fd0,1511.786079545455,328.5916496199137,IV1;IV2;year_1;Region_1;PMC_I
M2,2,2,6,5,东营,ce6ca82c326e584d8d688a7bedd72e06f508088c933485bfbfa222c82aab7fd0,425.3271014204544,208.72346191342675,IV1;IV2;year_1;Region_1;PMC_I
M2,2,2,6,9,丽水,ce6ca82c326e584d8d688a7bedd72e06f508088c933485bfbfa222c82aab7fd0,33.76567926136365,376.9560798603377,IV1;IV2;year_1;Region_1;PMC_I
M2,2,2,6,15,佛山,ce6ca82c326e584d8d688a7bedd72e06f508088c933485bfbfa222c82aab7fd0,28.38274488636364,301.1590949866779,IV1;IV2;year_1;Region_1;PMC_I
M2,2,2,6,21,北海,ce6ca82c326e584d8d688a7bedd72e06f508088c933485bfbfa222c82aab7fd0,318.3245085227273,281.23908997246673,IV1;IV2;year_1;Region_1;PMC_I
M2,2,2,6,22,合肥,ce6ca82c326e584d8d688a7bedd72e06f508088c933485bfbfa222c82aab7fd0,13.19625,506.8556053650819,IV1;IV2;year_1;Region_1;PMC_I
M2,2,2,6,31,深圳,ce6ca82c326e584d8d688a7bedd72e06f508088c933485bfbfa222c82aab7fd0,159.7083409090909,786.674183016662,IV1;IV2;year_1;Region_1;PMC_I
M2,2,2,6,32,清远,ce6ca82c326e584d8d688a7bedd72e06f508088c933485bfbfa222c82aab7fd0,375.720028409091,193.96928490767775,IV1;IV2;year_1;Region_1;PMC_I
M2,2,2,6,36,琼海,ce6ca82c326e584d8d688a7bedd72e06f508088c933485bfbfa222c82aab7fd0,1716.717565054688,316.46775259258953,IV1;IV2;year_1;Region_1;PMC_I
M2,2,3,7,2,上饶,ce6ca82c326e584d8d688a7bedd72e06f508088c933485bfbfa222c82aab7fd0,114.81355125,150.73867546526898,IV1;IV2;year_1;Region_1;PMC_I
M2,2,3,7,16,信阳,ce6ca82c326e584d8d688a7bedd72e06f508088c933485bfbfa222c82aab7fd0,244.6035494318183,274.4184667629654,IV1;IV2;year_1;Region_1;PMC_I
M2,2,3,7,20,北京,ce6ca82c326e584d8d688a7bedd72e06f508088c933485bfbfa222c82aab7fd0,291.2148675426136,526.6097733941677,IV1;IV2;year_1;Region_1;PMC_I
M2,2,3,7,29,汕头,ce6ca82c326e584d8d688a7bedd72e06f508088c933485bfbfa222c82aab7fd0,516.6316193181818,220.88452599923292,IV1;IV2;year_1;Region_1;PMC_I
M2,2,3,7,33,澄迈,ce6ca82c326e584d8d688a7bedd72e06f508088c933485bfbfa222c82aab7fd0,647.861484375,239.11185299482898,IV1;IV2;year_1;Region_1;PMC_I
M2,2,3,7,35,琼中,ce6ca82c326e584d8d688a7bedd72e06f508088c933485bfbfa222c82aab7fd0,1106.44734375,226.28786028307945,IV1;IV2;year_1;Region_1;PMC_I
M2,2,3,7,37,白沙,ce6ca82c326e584d8d688a7bedd72e06f508088c933485bfbfa222c82aab7fd0,192.9951366477273,295.16241929673873,IV1;IV2;year_1;Region_1;PMC_I
M2,2,3,7,39,陵水,ce6ca82c326e584d8d688a7bedd72e06f508088c933485bfbfa222c82aab7fd0,337.1486134943182,416.6910576056691,IV1;IV2;year_1;Region_1;PMC_I
M2,2,4,8,1,上海,ce6ca82c326e584d8d688a7bedd72e06f508088c933485bfbfa222c82aab7fd0,2302.973933396464,405.69486067615776,IV1;IV2;year_1;Region_1;PMC_I
M2,2,4,8,6,中卫,ce6ca82c326e584d8d688a7bedd72e06f508088c933485bfbfa222c82aab7fd0,31.05198382826678,376.66079756090016,IV1;IV2;year_1;Region_1;PMC_I
M2,2,4,8,7,中山,ce6ca82c326e584d8d688a7bedd72e06f508088c933485bfbfa222c82aab7fd0,89.11043759098708,248.9332734479106,IV1;IV2;year_1;Region_1;PMC_I
M2,2,4,8,11,乐东,ce6ca82c326e584d8d688a7bedd72e06f508088c933485bfbfa222c82aab7fd0,51.57938057753164,413.4333320913789,IV1;IV2;year_1;Region_1;PMC_I
M2,2,4,8,14,五指山,ce6ca82c326e584d8d688a7bedd72e06f508088c933485bfbfa222c82aab7fd0,273.4003661931818,428.5482878081294,IV1;IV2;year_1;Region_1;PMC_I
M2,2,4,8,19,兰州,ce6ca82c326e584d8d688a7bedd72e06f508088c933485bfbfa222c82aab7fd0,32.85616429924242,296.9196473077786,IV1;IV2;year_1;Region_1;PMC_I
M2,2,4,8,27,文昌,ce6ca82c326e584d8d688a7bedd72e06f508088c933485bfbfa222c82aab7fd0,273.4003661931818,425.5791770873969,IV1;IV2;year_1;Region_1;PMC_I
M2,2,4,8,30,海口,ce6ca82c326e584d8d688a7bedd72e06f508088c933485bfbfa222c82aab7fd0,339.134276349432,343.8158657037447,IV1;IV2;year_1;Region_1;PMC_I
M2,2,5,9,3,东方,ce6ca82c326e584d8d688a7bedd72e06f508088c933485bfbfa222c82aab7fd0,266.2529209872159,374.9142864055421,IV1;IV2;year_1;Region_1;PMC_I
M2,2,5,9,8,临高,ce6ca82c326e584d8d688a7bedd72e06f508088c933485bfbfa222c82aab7fd0,83.80276845703128,394.28052766751006,IV1;IV2;year_1;Region_1;PMC_I
M2,2,5,9,13,九江,ce6ca82c326e584d8d688a7bedd72e06f508088c933485bfbfa222c82aab7fd0,0.0,310.1341935686183,IV1;IV2;year_1;Region_1;PMC_I
M2,2,5,9,17,儋州,ce6ca82c326e584d8d688a7bedd72e06f508088c933485bfbfa222c82aab7fd0,539.7352537592891,380.9849770566184,IV1;IV2;year_1;Region_1;PMC_I
M2,2,5,9,24,屯昌,ce6ca82c326e584d8d688a7bedd72e06f508088c933485bfbfa222c82aab7fd0,273.4003661931819,366.3505078618267,IV1;IV2;year_1;Region_1;PMC_I
M2,2,5,9,25,广州,ce6ca82c326e584d8d688a7bedd72e06f508088c933485bfbfa222c82aab7fd0,164.1983198863636,668.7409000302704,IV1;IV2;year_1;Region_1;PMC_I
M2,2,5,9,38,肇庆,ce6ca82c326e584d8d688a7bedd72e06f508088c933485bfbfa222c82aab7fd0,23.03745340909091,233.54700370356733,IV1;IV2;year_1;Region_1;PMC_I
M2,2,5,9,40,韶关,ce6ca82c326e584d8d688a7bedd72e06f508088c933485bfbfa222c82aab7fd0,547.9050852272727,248.29488668879054,IV1;IV2;year_1;Region_1;PMC_I
M2,3,1,10,1,上海,ce6ca82c326e584d8d688a7bedd72e06f508088c933485bfbfa222c82aab7fd0,2302.973933396464,489.03296890982824,IV1;IV2;year_1;Region_1;PMC_I
M2,3,1,10,3,东方,ce6ca82c326e584d8d688a7bedd72e06f508088c933485bfbfa222c82aab7fd0,266.2529209872159,333.3085271227315,IV1;IV2;year_1;Region_1;PMC_I
M2,3,1,10,5,东营,ce6ca82c326e584d8d688a7bedd72e06f508088c933485bfbfa222c82aab7fd0,425.3271014204544,262.66095327048686,IV1;IV2;year_1;Region_1;PMC_I
M2,3,1,10,13,九江,ce6ca82c326e584d8d688a7bedd72e06f508088c933485bfbfa222c82aab7fd0,0.0,296.0081256388419,IV1;IV2;year_1;Region_1;PMC_I
M2,3,1,10,21,北海,ce6ca82c326e584d8d688a7bedd72e06f508088c933485bfbfa222c82aab7fd0,318.3245085227273,297.36738292096084,IV1;IV2;year_1;Region_1;PMC_I
M2,3,1,10,22,合肥,ce6ca82c326e584d8d688a7bedd72e06f508088c933485bfbfa222c82aab7fd0,13.19625,363.38143990530625,IV1;IV2;year_1;Region_1;PMC_I
M2,3,1,10,31,深圳,ce6ca82c326e584d8d688a7bedd72e06f508088c933485bfbfa222c82aab7fd0,159.7083409090909,585.3766005106598,IV1;IV2;year_1;Region_1;PMC_I
M2,3,1,10,38,肇庆,ce6ca82c326e584d8d688a7bedd72e06f508088c933485bfbfa222c82aab7fd0,23.03745340909091,199.125847759268,IV1;IV2;year_1;Region_1;PMC_I
M2,3,1,10,40,韶关,ce6ca82c326e584d8d688a7bedd72e06f508088c933485bfbfa222c82aab7fd0,547.9050852272727,225.82087801143967,IV1;IV2;year_1;Region_1;PMC_I
M2,3,2,11,4,东莞,ce6ca82c326e584d8d688a7bedd72e06f508088c933485bfbfa222c82aab7fd0,307.5424744318183,710.4096306131992,IV1;IV2;year_1;Region_1;PMC_I
M2,3,2,11,9,丽水,ce6ca82c326e584d8d688a7bedd72e06f508088c933485bfbfa222c82aab7fd0,33.76567926136365,328.1619180029736,IV1;IV2;year_1;Region_1;PMC_I
M2,3,2,11,12,乐山,ce6ca82c326e584d8d688a7bedd72e06f508088c933485bfbfa222c82aab7fd0,45.02250000000001,251.84265882807918,IV1;IV2;year_1;Region_1;PMC_I
M2,3,2,11,26,惠州,ce6ca82c326e584d8d688a7bedd72e06f508088c933485bfbfa222c82aab7fd0,253.6378448863636,309.480631951197,IV1;IV2;year_1;Region_1;PMC_I
M2,3,2,11,29,汕头,ce6ca82c326e584d8d688a7bedd72e06f508088c933485bfbfa222c82aab7fd0,516.6316193181818,303.0543020517257,IV1;IV2;year_1;Region_1;PMC_I
M2,3,2,11,30,海口,ce6ca82c326e584d8d688a7bedd72e06f508088c933485bfbfa222c82aab7fd0,339.134276349432,517.7212335691354,IV1;IV2;year_1;Region_1;PMC_I
M2,3,2,11,33,澄迈,ce6ca82c326e584d8d688a7bedd72e06f508088c933485bfbfa222c82aab7fd0,647.861484375,269.5457677307261,IV1;IV2;year_1;Region_1;PMC_I
M2,3,2,11,39,陵水,ce6ca82c326e584d8d688a7bedd72e06f508088c933485bfbfa222c82aab7fd0,337.1486134943182,503.90257965068383,IV1;IV2;year_1;Region_1;PMC_I
M2,3,3,12,2,上饶,ce6ca82c326e584d8d688a7bedd72e06f508088c933485bfbfa222c82aab7fd0,114.81355125,201.29093765602906,IV1;IV2;year_1;Region_1;PMC_I
M2,3,3,12,10,义乌,ce6ca82c326e584d8d688a7bedd72e06f508088c933485bfbfa222c82aab7fd0,7288.761349396308,238.85858289887562,IV1;IV2;year_1;Region_1;PMC_I
M2,3,3,12,16,信阳,ce6ca82c326e584d8d688a7bedd72e06f508088c933485bfbfa222c82aab7fd0,244.6035494318183,293.6666685279013,IV1;IV2;year_1;Region_1;PMC_I
M2,3,3,12,18,六安,ce6ca82c326e584d8d688a7bedd72e06f508088c933485bfbfa222c82aab7fd0,8.639045028409095,295.84873303848605,IV1;IV2;year_1;Region_1;PMC_I
M2,3,3,12,19,兰州,ce6ca82c326e584d8d688a7bedd72e06f508088c933485bfbfa222c82aab7fd0,32.85616429924242,218.8213137155766,IV1;IV2;year_1;Region_1;PMC_I
M2,3,3,12,27,文昌,ce6ca82c326e584d8d688a7bedd72e06f508088c933485bfbfa222c82aab7fd0,273.4003661931818,309.0730041088376,IV1;IV2;year_1;Region_1;PMC_I
M2,3,3,12,34,珠海,ce6ca82c326e584d8d688a7bedd72e06f508088c933485bfbfa222c82aab7fd0,1511.786079545455,285.09390496359424,IV1;IV2;year_1;Region_1;PMC_I
M2,3,3,12,36,琼海,ce6ca82c326e584d8d688a7bedd72e06f508088c933485bfbfa222c82aab7fd0,1716.717565054688,256.6283400330461,IV1;IV2;year_1;Region_1;PMC_I
M2,3,4,13,0,万宁,ce6ca82c326e584d8d688a7bedd72e06f508088c933485bfbfa222c82aab7fd0,148.9921240384616,436.7127628435026,IV1;IV2;year_1;Region_1;PMC_I
M2,3,4,13,6,中卫,ce6ca82c326e584d8d688a7bedd72e06f508088c933485bfbfa222c82aab7fd0,31.05198382826678,318.18591805026034,IV1;IV2;year_1;Region_1;PMC_I
M2,3,4,13,7,中山,ce6ca82c326e584d8d688a7bedd72e06f508088c933485bfbfa222c82aab7fd0,89.11043759098708,206.88791912190214,IV1;IV2;year_1;Region_1;PMC_I
M2,3,4,13,8,临高,ce6ca82c326e584d8d688a7bedd72e06f508088c933485bfbfa222c82aab7fd0,83.80276845703128,399.0081242213022,IV1;IV2;year_1;Region_1;PMC_I
M2,3,4,13,11,乐东,ce6ca82c326e584d8d688a7bedd72e06f508088c933485bfbfa222c82aab7fd0,51.57938057753164,396.0046456366966,IV1;IV2;year_1;Region_1;PMC_I
M2,3,4,13,32,清远,ce6ca82c326e584d8d688a7bedd72e06f508088c933485bfbfa222c82aab7fd0,375.720028409091,244.86259527229797,IV1;IV2;year_1;Region_1;PMC_I
M2,3,4,13,35,琼中,ce6ca82c326e584d8d688a7bedd72e06f508088c933485bfbfa222c82aab7fd0,1106.44734375,333.95791732681073,IV1;IV2;year_1;Region_1;PMC_I
M2,3,4,13,37,白沙,ce6ca82c326e584d8d688a7bedd72e06f508088c933485bfbfa222c82aab7fd0,192.9951366477273,388.5972339803575,IV1;IV2;year_1;Region_1;PMC_I
M2,3,5,14,14,五指山,ce6ca82c326e584d8d688a7bedd72e06f508088c933485bfbfa222c82aab7fd0,273.4003661931818,378.8002971258806,IV1;IV2;year_1;Region_1;PMC_I
M2,3,5,14,15,佛山,ce6ca82c326e584d8d688a7bedd72e06f508088c933485bfbfa222c82aab7fd0,28.38274488636364,319.84902412021427,IV1;IV2;year_1;Region_1;PMC_I
M2,3,5,14,17,儋州,ce6ca82c326e584d8d688a7bedd72e06f508088c933485bfbfa222c82aab7fd0,539.7352537592891,349.565470464809,IV1;IV2;year_1;Region_1;PMC_I
M2,3,5,14,20,北京,ce6ca82c326e584d8d688a7bedd72e06f508088c933485bfbfa222c82aab7fd0,291.2148675426136,700.6507625782056,IV1;IV2;year_1;Region_1;PMC_I
M2,3,5,14,23,定安,ce6ca82c326e584d8d688a7bedd72e06f508088c933485bfbfa222c82aab7fd0,273.4003661931819,344.1265766303843,IV1;IV2;year_1;Region_1;PMC_I
M2,3,5,14,24,屯昌,ce6ca82c326e584d8d688a7bedd72e06f508088c933485bfbfa222c82aab7fd0,273.4003661931819,342.13174271226626,IV1;IV2;year_1;Region_1;PMC_I
M2,3,5,14,25,广州,ce6ca82c326e584d8d688a7bedd72e06f508088c933485bfbfa222c82aab7fd0,164.1983198863636,766.2948968128821,IV1;IV2;year_1;Region_1;PMC_I
M2,3,5,14,28,昌江,ce6ca82c326e584d8d688a7bedd72e06f508088c933485bfbfa222c82aab7fd0,268.7138254261364,240.90761912198641,IV1;IV2;year_1;Region_1;PMC_I
M2,4,1,15,1,上海,ce6ca82c326e584d8d688a7bedd72e06f508088c933485bfbfa222c82aab7fd0,2302.973933396464,381.57834729652416,IV1;IV2;year_1;Region_1;PMC_I
M2,4,1,15,5,东营,ce6ca82c326e584d8d688a7bedd72e06f508088c933485bfbfa222c82aab7fd0,425.3271014204544,223.43697954944741,IV1;IV2;year_1;Region_1;PMC_I
M2,4,1,15,7,中山,ce6ca82c326e584d8d688a7bedd72e06f508088c933485bfbfa222c82aab7fd0,89.11043759098708,185.06448562922495,IV1;IV2;year_1;Region_1;PMC_I
M2,4,1,15,11,乐东,ce6ca82c326e584d8d688a7bedd72e06f508088c933485bfbfa222c82aab7fd0,51.57938057753164,365.05968780058464,IV1;IV2;year_1;Region_1;PMC_I
M2,4,1,15,17,儋州,ce6ca82c326e584d8d688a7bedd72e06f508088c933485bfbfa222c82aab7fd0,539.7352537592891,335.86782573957663,IV1;IV2;year_1;Region_1;PMC_I
M2,4,1,15,23,定安,ce6ca82c326e584d8d688a7bedd72e06f508088c933485bfbfa222c82aab7fd0,273.4003661931819,290.05753172905906,IV1;IV2;year_1;Region_1;PMC_I
M2,4,1,15,27,文昌,ce6ca82c326e584d8d688a7bedd72e06f508088c933485bfbfa222c82aab7fd0,273.4003661931818,319.99566325076165,IV1;IV2;year_1;Region_1;PMC_I
M2,4,1,15,29,汕头,ce6ca82c326e584d8d688a7bedd72e06f508088c933485bfbfa222c82aab7fd0,516.6316193181818,229.02483613717527,IV1;IV2;year_1;Region_1;PMC_I
M2,4,1,15,38,肇庆,ce6ca82c326e584d8d688a7bedd72e06f508088c933485bfbfa222c82aab7fd0,23.03745340909091,188.85277239338456,IV1;IV2;year_1;Region_1;PMC_I
M2,4,2,16,10,义乌,ce6ca82c326e584d8d688a7bedd72e06f508088c933485bfbfa222c82aab7fd0,7288.761349396308,435.7321693162216,IV1;IV2;year_1;Region_1;PMC_I
M2,4,2,16,15,佛山,ce6ca82c326e584d8d688a7bedd72e06f508088c933485bfbfa222c82aab7fd0,28.38274488636364,279.89636630912474,IV1;IV2;year_1;Region_1;PMC_I
M2,4,2,16,19,兰州,ce6ca82c326e584d8d688a7bedd72e06f508088c933485bfbfa222c82aab7fd0,32.85616429924242,256.4675306923698,IV1;IV2;year_1;Region_1;PMC_I
M2,4,2,16,20,北京,ce6ca82c326e584d8d688a7bedd72e06f508088c933485bfbfa222c82aab7fd0,291.2148675426136,389.3755123807072,IV1;IV2;year_1;Region_1;PMC_I
M2,4,2,16,21,北海,ce6ca82c326e584d8d688a7bedd72e06f508088c933485bfbfa222c82aab7fd0,318.3245085227273,256.7275733592378,IV1;IV2;year_1;Region_1;PMC_I
M2,4,2,16,24,屯昌,ce6ca82c326e584d8d688a7bedd72e06f508088c933485bfbfa222c82aab7fd0,273.4003661931819,311.4846306567434,IV1;IV2;year_1;Region_1;PMC_I
M2,4,2,16,31,深圳,ce6ca82c326e584d8d688a7bedd72e06f508088c933485bfbfa222c82aab7fd0,159.7083409090909,508.2701482929208,IV1;IV2;year_1;Region_1;PMC_I
M2,4,2,16,35,琼中,ce6ca82c326e584d8d688a7bedd72e06f508088c933485bfbfa222c82aab7fd0,1106.44734375,257.31412947661846,IV1;IV2;year_1;Region_1;PMC_I
M2,4,3,17,3,东方,ce6ca82c326e584d8d688a7bedd72e06f508088c933485bfbfa222c82aab7fd0,266.2529209872159,361.16004020405103,IV1;IV2;year_1;Region_1;PMC_I
M2,4,3,17,9,丽水,ce6ca82c326e584d8d688a7bedd72e06f508088c933485bfbfa222c82aab7fd0,33.76567926136365,310.868501377617,IV1;IV2;year_1;Region_1;PMC_I
M2,4,3,17,12,乐山,ce6ca82c326e584d8d688a7bedd72e06f508088c933485bfbfa222c82aab7fd0,45.02250000000001,274.85817963674924,IV1;IV2;year_1;Region_1;PMC_I
M2,4,3,17,16,信阳,ce6ca82c326e584d8d688a7bedd72e06f508088c933485bfbfa222c82aab7fd0,244.6035494318183,348.0142490957298,IV1;IV2;year_1;Region_1;PMC_I
M2,4,3,17,18,六安,ce6ca82c326e584d8d688a7bedd72e06f508088c933485bfbfa222c82aab7fd0,8.639045028409095,328.43867931876827,IV1;IV2;year_1;Region_1;PMC_I
M2,4,3,17,28,昌江,ce6ca82c326e584d8d688a7bedd72e06f508088c933485bfbfa222c82aab7fd0,268.7138254261364,290.28536471057197,IV1;IV2;year_1;Region_1;PMC_I
M2,4,3,17,32,清远,ce6ca82c326e584d8d688a7bedd72e06f508088c933485bfbfa222c82aab7fd0,375.720028409091,248.35002490653395,IV1;IV2;year_1;Region_1;PMC_I
M2,4,3,17,33,澄迈,ce6ca82c326e584d8d688a7bedd72e06f508088c933485bfbfa222c82aab7fd0,647.861484375,339.3307145415223,IV1;IV2;year_1;Region_1;PMC_I
M2,4,4,18,6,中卫,ce6ca82c326e584d8d688a7bedd72e06f508088c933485bfbfa222c82aab7fd0,31.05198382826678,337.7413500350938,IV1;IV2;year_1;Region_1;PMC_I
M2,4,4,18,8,临高,ce6ca82c326e584d8d688a7bedd72e06f508088c933485bfbfa222c82aab7fd0,83.80276845703128,411.58477827824646,IV1;IV2;year_1;Region_1;PMC_I
M2,4,4,18,14,五指山,ce6ca82c326e584d8d688a7bedd72e06f508088c933485bfbfa222c82aab7fd0,273.4003661931818,446.9648865025212,IV1;IV2;year_1;Region_1;PMC_I
M2,4,4,18,22,合肥,ce6ca82c326e584d8d688a7bedd72e06f508088c933485bfbfa222c82aab7fd0,13.19625,492.3588135773184,IV1;IV2;year_1;Region_1;PMC_I
M2,4,4,18,25,广州,ce6ca82c326e584d8d688a7bedd72e06f508088c933485bfbfa222c82aab7fd0,164.1983198863636,723.2916185012914,IV1;IV2;year_1;Region_1;PMC_I
M2,4,4,18,26,惠州,ce6ca82c326e584d8d688a7bedd72e06f508088c933485bfbfa222c82aab7fd0,253.6378448863636,289.8160598482537,IV1;IV2;year_1;Region_1;PMC_I
M2,4,4,18,30,海口,ce6ca82c326e584d8d688a7bedd72e06f508088c933485bfbfa222c82aab7fd0,339.134276349432,531.7885296670399,IV1;IV2;year_1;Region_1;PMC_I
M2,4,4,18,37,白沙,ce6ca82c326e584d8d688a7bedd72e06f508088c933485bfbfa222c82aab7fd0,192.9951366477273,414.03357665208955,IV1;IV2;year_1;Region_1;PMC_I
M2,4,5,19,0,万宁,ce6ca82c326e584d8d688a7bedd72e06f508088c933485bfbfa222c82aab7fd0,148.9921240384616,328.6305373487201,IV1;IV2;year_1;Region_1;PMC_I
M2,4,5,19,2,上饶,ce6ca82c326e584d8d688a7bedd72e06f508088c933485bfbfa222c82aab7fd0,114.81355125,162.1851149088756,IV1;IV2;year_1;Region_1;PMC_I
M2,4,5,19,4,东莞,ce6ca82c326e584d8d688a7bedd72e06f508088c933485bfbfa222c82aab7fd0,307.5424744318183,495.32526029046545,IV1;IV2;year_1;Region_1;PMC_I
M2,4,5,19,13,九江,ce6ca82c326e584d8d688a7bedd72e06f508088c933485bfbfa222c82aab7fd0,0.0,301.40605113022605,IV1;IV2;year_1;Region_1;PMC_I
M2,4,5,19,34,珠海,ce6ca82c326e584d8d688a7bedd72e06f508088c933485bfbfa222c82aab7fd0,1511.786079545455,540.7467819869502,IV1;IV2;year_1;Region_1;PMC_I
M2,4,5,19,36,琼海,ce6ca82c326e584d8d688a7bedd72e06f508088c933485bfbfa222c82aab7fd0,1716.717565054688,267.8753161234062,IV1;IV2;year_1;Region_1;PMC_I
M2,4,5,19,39,陵水,ce6ca82c326e584d8d688a7bedd72e06f508088c933485bfbfa222c82aab7fd0,337.1486134943182,375.41755820342877,IV1;IV2;year_1;Region_1;PMC_I
M2,4,5,19,40,韶关,ce6ca82c326e584d8d688a7bedd72e06f508088c933485bfbfa222c82aab7fd0,547.9050852272727,177.41883692891864,IV1;IV2;year_1;Region_1;PMC_I
M2,5,1,20,1,上海,ce6ca82c326e584d8d688a7bedd72e06f508088c933485bfbfa222c82aab7fd0,2302.973933396464,229.19844382555158,IV1;IV2;year_1;Region_1;PMC_I
M2,5,1,20,13,九江,ce6ca82c326e584d8d688a7bedd72e06f508088c933485bfbfa222c82aab7fd0,0.0,305.9189543213874,IV1;IV2;year_1;Region_1;PMC_I
M2,5,1,20,16,信阳,ce6ca82c326e584d8d688a7bedd72e06f508088c933485bfbfa222c82aab7fd0,244.6035494318183,282.366968031468,IV1;IV2;year_1;Region_1;PMC_I
M2,5,1,20,17,儋州,ce6ca82c326e584d8d688a7bedd72e06f508088c933485bfbfa222c82aab7fd0,539.7352537592891,300.68789061824157,IV1;IV2;year_1;Region_1;PMC_I
M2,5,1,20,18,六安,ce6ca82c326e584d8d688a7bedd72e06f508088c933485bfbfa222c82aab7fd0,8.639045028409095,344.0590644146295,IV1;IV2;year_1;Region_1;PMC_I
M2,5,1,20,23,定安,ce6ca82c326e584d8d688a7bedd72e06f508088c933485bfbfa222c82aab7fd0,273.4003661931819,275.1647310493707,IV1;IV2;year_1;Region_1;PMC_I
M2,5,1,20,28,昌江,ce6ca82c326e584d8d688a7bedd72e06f508088c933485bfbfa222c82aab7fd0,268.7138254261364,296.0768297487918,IV1;IV2;year_1;Region_1;PMC_I
M2,5,1,20,34,珠海,ce6ca82c326e584d8d688a7bedd72e06f508088c933485bfbfa222c82aab7fd0,1511.786079545455,346.4652879238148,IV1;IV2;year_1;Region_1;PMC_I
M2,5,1,20,36,琼海,ce6ca82c326e584d8d688a7bedd72e06f508088c933485bfbfa222c82aab7fd0,1716.717565054688,237.30720704324398,IV1;IV2;year_1;Region_1;PMC_I
M2,5,2,21,3,东方,ce6ca82c326e584d8d688a7bedd72e06f508088c933485bfbfa222c82aab7fd0,266.2529209872159,376.1528428467642,IV1;IV2;year_1;Region_1;PMC_I
M2,5,2,21,11,乐东,ce6ca82c326e584d8d688a7bedd72e06f508088c933485bfbfa222c82aab7fd0,51.57938057753164,387.2919011853758,IV1;IV2;year_1;Region_1;PMC_I
M2,5,2,21,14,五指山,ce6ca82c326e584d8d688a7bedd72e06f508088c933485bfbfa222c82aab7fd0,273.4003661931818,407.73492499041384,IV1;IV2;year_1;Region_1;PMC_I
M2,5,2,21,15,佛山,ce6ca82c326e584d8d688a7bedd72e06f508088c933485bfbfa222c82aab7fd0,28.38274488636364,351.91207932892905,IV1;IV2;year_1;Region_1;PMC_I
M2,5,2,21,20,北京,ce6ca82c326e584d8d688a7bedd72e06f508088c933485bfbfa222c82aab7fd0,291.2148675426136,572.9800238051973,IV1;IV2;year_1;Region_1;PMC_I
M2,5,2,21,21,北海,ce6ca82c326e584d8d688a7bedd72e06f508088c933485bfbfa222c82aab7fd0,318.3245085227273,300.0886040879618,IV1;IV2;year_1;Region_1;PMC_I
M2,5,2,21,22,合肥,ce6ca82c326e584d8d688a7bedd72e06f508088c933485bfbfa222c82aab7fd0,13.19625,469.87387099860916,IV1;IV2;year_1;Region_1;PMC_I
M2,5,2,21,35,琼中,ce6ca82c326e584d8d688a7bedd72e06f508088c933485bfbfa222c82aab7fd0,1106.44734375,267.0433395407159,IV1;IV2;year_1;Region_1;PMC_I
M2,5,3,22,2,上饶,ce6ca82c326e584d8d688a7bedd72e06f508088c933485bfbfa222c82aab7fd0,114.81355125,172.79583550149326,IV1;IV2;year_1;Region_1;PMC_I
M2,5,3,22,4,东莞,ce6ca82c326e584d8d688a7bedd72e06f508088c933485bfbfa222c82aab7fd0,307.5424744318183,842.4598263190742,IV1;IV2;year_1;Region_1;PMC_I
M2,5,3,22,6,中卫,ce6ca82c326e584d8d688a7bedd72e06f508088c933485bfbfa222c82aab7fd0,31.05198382826678,298.43198253411373,IV1;IV2;year_1;Region_1;PMC_I
M2,5,3,22,7,中山,ce6ca82c326e584d8d688a7bedd72e06f508088c933485bfbfa222c82aab7fd0,89.11043759098708,275.1760666577344,IV1;IV2;year_1;Region_1;PMC_I
M2,5,3,22,9,丽水,ce6ca82c326e584d8d688a7bedd72e06f508088c933485bfbfa222c82aab7fd0,33.76567926136365,389.3279390283878,IV1;IV2;year_1;Region_1;PMC_I
M2,5,3,22,25,广州,ce6ca82c326e584d8d688a7bedd72e06f508088c933485bfbfa222c82aab7fd0,164.1983198863636,823.9835741322499,IV1;IV2;year_1;Region_1;PMC_I
M2,5,3,22,31,深圳,ce6ca82c326e584d8d688a7bedd72e06f508088c933485bfbfa222c82aab7fd0,159.7083409090909,978.8546590483492,IV1;IV2;year_1;Region_1;PMC_I
M2,5,3,22,40,韶关,ce6ca82c326e584d8d688a7bedd72e06f508088c933485bfbfa222c82aab7fd0,547.9050852272727,220.7527375235641,IV1;IV2;year_1;Region_1;PMC_I
M2,5,4,23,0,万宁,ce6ca82c326e584d8d688a7bedd72e06f508088c933485bfbfa222c82aab7fd0,148.9921240384616,450.6015155869774,IV1;IV2;year_1;Region_1;PMC_I
M2,5,4,23,8,临高,ce6ca82c326e584d8d688a7bedd72e06f508088c933485bfbfa222c82aab7fd0,83.80276845703128,371.2339199925029,IV1;IV2;year_1;Region_1;PMC_I
M2,5,4,23,12,乐山,ce6ca82c326e584d8d688a7bedd72e06f508088c933485bfbfa222c82aab7fd0,45.02250000000001,264.32205861588744,IV1;IV2;year_1;Region_1;PMC_I
M2,5,4,23,26,惠州,ce6ca82c326e584d8d688a7bedd72e06f508088c933485bfbfa222c82aab7fd0,253.6378448863636,263.3828602930201,IV1;IV2;year_1;Region_1;PMC_I
M2,5,4,23,30,海口,ce6ca82c326e584d8d688a7bedd72e06f508088c933485bfbfa222c82aab7fd0,339.134276349432,482.095455044439,IV1;IV2;year_1;Region_1;PMC_I
M2,5,4,23,32,清远,ce6ca82c326e584d8d688a7bedd72e06f508088c933485bfbfa222c82aab7fd0,375.720028409091,249.53496998736154,IV1;IV2;year_1;Region_1;PMC_I
M2,5,4,23,33,澄迈,ce6ca82c326e584d8d688a7bedd72e06f508088c933485bfbfa222c82aab7fd0,647.861484375,335.8257062125841,IV1;IV2;year_1;Region_1;PMC_I
M2,5,4,23,37,白沙,ce6ca82c326e584d8d688a7bedd72e06f508088c933485bfbfa222c82aab7fd0,192.9951366477273,350.3891630374126,IV1;IV2;year_1;Region_1;PMC_I
M2,5,5,24,5,东营,ce6ca82c326e584d8d688a7bedd72e06f508088c933485bfbfa222c82aab7fd0,425.3271014204544,285.66945560199633,IV1;IV2;year_1;Region_1;PMC_I
M2,5,5,24,10,义乌,ce6ca82c326e584d8d688a7bedd72e06f508088c933485bfbfa222c82aab7fd0,7288.761349396308,351.0065050070518,IV1;IV2;year_1;Region_1;PMC_I
M2,5,5,24,19,兰州,ce6ca82c326e584d8d688a7bedd72e06f508088c933485bfbfa222c82aab7fd0,32.85616429924242,261.36552744895084,IV1;IV2;year_1;Region_1;PMC_I
M2,5,5,24,24,屯昌,ce6ca82c326e584d8d688a7bedd72e06f508088c933485bfbfa222c82aab7fd0,273.4003661931819,333.9842908992789,IV1;IV2;year_1;Region_1;PMC_I
M2,5,5,24,27,文昌,ce6ca82c326e584d8d688a7bedd72e06f508088c933485bfbfa222c82aab7fd0,273.4003661931818,346.8251161970466,IV1;IV2;year_1;Region_1;PMC_I
M2,5,5,24,29,汕头,ce6ca82c326e584d8d688a7bedd72e06f508088c933485bfbfa222c82aab7fd0,516.6316193181818,281.0297165403,IV1;IV2;year_1;Region_1;PMC_I
M2,5,5,24,38,肇庆,ce6ca82c326e584d8d688a7bedd72e06f508088c933485bfbfa222c82aab7fd0,23.03745340909091,211.078296679538,IV1;IV2;year_1;Region_1;PMC_I
M2,5,5,24,39,陵水,ce6ca82c326e584d8d688a7bedd72e06f508088c933485bfbfa222c82aab7fd0,337.1486134943182,352.39356397429634,IV1;IV2;year_1;Region_1;PMC_I
M2,6,1,25,6,中卫,ce6ca82c326e584d8d688a7bedd72e06f508088c933485bfbfa222c82aab7fd0,31.05198382826678,324.43768513101276,IV1;IV2;year_1;Region_1;PMC_I
M2,6,1,25,7,中山,ce6ca82c326e584d8d688a7bedd72e06f508088c933485bfbfa222c82aab7fd0,89.11043759098708,284.42247484720525,IV1;IV2;year_1;Region_1;PMC_I
M2,6,1,25,9,丽水,ce6ca82c326e584d8d688a7bedd72e06f508088c933485bfbfa222c82aab7fd0,33.76567926136365,326.20358861736065,IV1;IV2;year_1;Region_1;PMC_I
M2,6,1,25,12,乐山,ce6ca82c326e584d8d688a7bedd72e06f508088c933485bfbfa222c82aab7fd0,45.02250000000001,264.2424715141854,IV1;IV2;year_1;Region_1;PMC_I
M2,6,1,25,13,九江,ce6ca82c326e584d8d688a7bedd72e06f508088c933485bfbfa222c82aab7fd0,0.0,352.9664089251077,IV1;IV2;year_1;Region_1;PMC_I
M2,6,1,25,17,儋州,ce6ca82c326e584d8d688a7bedd72e06f508088c933485bfbfa222c82aab7fd0,539.7352537592891,326.2983697100173,IV1;IV2;year_1;Region_1;PMC_I
M2,6,1,25,23,定安,ce6ca82c326e584d8d688a7bedd72e06f508088c933485bfbfa222c82aab7fd0,273.4003661931819,356.8714415797381,IV1;IV2;year_1;Region_1;PMC_I
M2,6,1,25,29,汕头,ce6ca82c326e584d8d688a7bedd72e06f508088c933485bfbfa222c82aab7fd0,516.6316193181818,361.5634636612211,IV1;IV2;year_1;Region_1;PMC_I
M2,6,1,25,39,陵水,ce6ca82c326e584d8d688a7bedd72e06f508088c933485bfbfa222c82aab7fd0,337.1486134943182,448.39383675842134,IV1;IV2;year_1;Region_1;PMC_I
M2,6,2,26,8,临高,ce6ca82c326e584d8d688a7bedd72e06f508088c933485bfbfa222c82aab7fd0,83.80276845703128,369.6374363138424,IV1;IV2;year_1;Region_1;PMC_I
M2,6,2,26,14,五指山,ce6ca82c326e584d8d688a7bedd72e06f508088c933485bfbfa222c82aab7fd0,273.4003661931818,390.24241291677515,IV1;IV2;year_1;Region_1;PMC_I
M2,6,2,26,15,佛山,ce6ca82c326e584d8d688a7bedd72e06f508088c933485bfbfa222c82aab7fd0,28.38274488636364,292.85339402238446,IV1;IV2;year_1;Region_1;PMC_I
M2,6,2,26,19,兰州,ce6ca82c326e584d8d688a7bedd72e06f508088c933485bfbfa222c82aab7fd0,32.85616429924242,278.34994997126813,IV1;IV2;year_1;Region_1;PMC_I
M2,6,2,26,21,北海,ce6ca82c326e584d8d688a7bedd72e06f508088c933485bfbfa222c82aab7fd0,318.3245085227273,285.1619305126086,IV1;IV2;year_1;Region_1;PMC_I
M2,6,2,26,26,惠州,ce6ca82c326e584d8d688a7bedd72e06f508088c933485bfbfa222c82aab7fd0,253.6378448863636,314.4637266276666,IV1;IV2;year_1;Region_1;PMC_I
M2,6,2,26,30,海口,ce6ca82c326e584d8d688a7bedd72e06f508088c933485bfbfa222c82aab7fd0,339.134276349432,381.5884697186085,IV1;IV2;year_1;Region_1;PMC_I
M2,6,2,26,34,珠海,ce6ca82c326e584d8d688a7bedd72e06f508088c933485bfbfa222c82aab7fd0,1511.786079545455,556.7260765923486,IV1;IV2;year_1;Region_1;PMC_I
M2,6,3,27,3,东方,ce6ca82c326e584d8d688a7bedd72e06f508088c933485bfbfa222c82aab7fd0,266.2529209872159,291.3999284601515,IV1;IV2;year_1;Region_1;PMC_I
M2,6,3,27,4,东莞,ce6ca82c326e584d8d688a7bedd72e06f508088c933485bfbfa222c82aab7fd0,307.5424744318183,363.9499104382851,IV1;IV2;year_1;Region_1;PMC_I
M2,6,3,27,5,东营,ce6ca82c326e584d8d688a7bedd72e06f508088c933485bfbfa222c82aab7fd0,425.3271014204544,232.4186779980454,IV1;IV2;year_1;Region_1;PMC_I
M2,6,3,27,10,义乌,ce6ca82c326e584d8d688a7bedd72e06f508088c933485bfbfa222c82aab7fd0,7288.761349396308,369.72688026138906,IV1;IV2;year_1;Region_1;PMC_I
M2,6,3,27,24,屯昌,ce6ca82c326e584d8d688a7bedd72e06f508088c933485bfbfa222c82aab7fd0,273.4003661931819,327.9663107404764,IV1;IV2;year_1;Region_1;PMC_I
M2,6,3,27,28,昌江,ce6ca82c326e584d8d688a7bedd72e06f508088c933485bfbfa222c82aab7fd0,268.7138254261364,195.3931050927076,IV1;IV2;year_1;Region_1;PMC_I
M2,6,3,27,33,澄迈,ce6ca82c326e584d8d688a7bedd72e06f508088c933485bfbfa222c82aab7fd0,647.861484375,270.5192318940364,IV1;IV2;year_1;Region_1;PMC_I
M2,6,3,27,37,白沙,ce6ca82c326e584d8d688a7bedd72e06f508088c933485bfbfa222c82aab7fd0,192.9951366477273,321.1938875691408,IV1;IV2;year_1;Region_1;PMC_I
M2,6,4,28,0,万宁,ce6ca82c326e584d8d688a7bedd72e06f508088c933485bfbfa222c82aab7fd0,148.9921240384616,466.45950822224177,IV1;IV2;year_1;Region_1;PMC_I
M2,6,4,28,11,乐东,ce6ca82c326e584d8d688a7bedd72e06f508088c933485bfbfa222c82aab7fd0,51.57938057753164,355.52684125339874,IV1;IV2;year_1;Region_1;PMC_I
M2,6,4,28,18,六安,ce6ca82c326e584d8d688a7bedd72e06f508088c933485bfbfa222c82aab7fd0,8.639045028409095,345.4371399418349,IV1;IV2;year_1;Region_1;PMC_I
M2,6,4,28,20,北京,ce6ca82c326e584d8d688a7bedd72e06f508088c933485bfbfa222c82aab7fd0,291.2148675426136,771.0024818388802,IV1;IV2;year_1;Region_1;PMC_I
M2,6,4,28,25,广州,ce6ca82c326e584d8d688a7bedd72e06f508088c933485bfbfa222c82aab7fd0,164.1983198863636,849.8725078430493,IV1;IV2;year_1;Region_1;PMC_I
M2,6,4,28,31,深圳,ce6ca82c326e584d8d688a7bedd72e06f508088c933485bfbfa222c82aab7fd0,159.7083409090909,999.998412597114,IV1;IV2;year_1;Region_1;PMC_I
M2,6,4,28,32,清远,ce6ca82c326e584d8d688a7bedd72e06f508088c933485bfbfa222c82aab7fd0,375.720028409091,257.41411078402103,IV1;IV2;year_1;Region_1;PMC_I
M2,6,4,28,35,琼中,ce6ca82c326e584d8d688a7bedd72e06f508088c933485bfbfa222c82aab7fd0,1106.44734375,278.51036623727134,IV1;IV2;year_1;Region_1;PMC_I
M2,6,5,29,1,上海,ce6ca82c326e584d8d688a7bedd72e06f508088c933485bfbfa222c82aab7fd0,2302.973933396464,382.5483959392626,IV1;IV2;year_1;Region_1;PMC_I
M2,6,5,29,2,上饶,ce6ca82c326e584d8d688a7bedd72e06f508088c933485bfbfa222c82aab7fd0,114.81355125,214.08890474713718,IV1;IV2;year_1;Region_1;PMC_I
M2,6,5,29,16,信阳,ce6ca82c326e584d8d688a7bedd72e06f508088c933485bfbfa222c82aab7fd0,244.6035494318183,329.54685229730086,IV1;IV2;year_1;Region_1;PMC_I
M2,6,5,29,22,合肥,ce6ca82c326e584d8d688a7bedd72e06f508088c933485bfbfa222c82aab7fd0,13.19625,297.0041422456507,IV1;IV2;year_1;Region_1;PMC_I
M2,6,5,29,27,文昌,ce6ca82c326e584d8d688a7bedd72e06f508088c933485bfbfa222c82aab7fd0,273.4003661931818,353.15885600290096,IV1;IV2;year_1;Region_1;PMC_I
M2,6,5,29,36,琼海,ce6ca82c326e584d8d688a7bedd72e06f508088c933485bfbfa222c82aab7fd0,1716.717565054688,263.5796622884893,IV1;IV2;year_1;Region_1;PMC_I
M2,6,5,29,38,肇庆,ce6ca82c326e584d8d688a7bedd72e06f508088c933485bfbfa222c82aab7fd0,23.03745340909091,216.2021126763458,IV1;IV2;year_1;Region_1;PMC_I
M2,6,5,29,40,韶关,ce6ca82c326e584d8d688a7bedd72e06f508088c933485bfbfa222c82aab7fd0,547.9050852272727,225.4246134411553,IV1;IV2;year_1;Region_1;PMC_I
M2,7,1,30,3,东方,ce6ca82c326e584d8d688a7bedd72e06f508088c933485bfbfa222c82aab7fd0,266.2529209872159,296.4322203573047,IV1;IV2;year_1;Region_1;PMC_I
M2,7,1,30,5,东营,ce6ca82c326e584d8d688a7bedd72e06f508088c933485bfbfa222c82aab7fd0,425.3271014204544,243.0682766414823,IV1;IV2;year_1;Region_1;PMC_I
M2,7,1,30,7,中山,ce6ca82c326e584d8d688a7bedd72e06f508088c933485bfbfa222c82aab7fd0,89.11043759098708,232.62193345361447,IV1;IV2;year_1;Region_1;PMC_I
M2,7,1,30,13,九江,ce6ca82c326e584d8d688a7bedd72e06f508088c933485bfbfa222c82aab7fd0,0.0,341.6734753077877,IV1;IV2;year_1;Region_1;PMC_I
M2,7,1,30,20,北京,ce6ca82c326e584d8d688a7bedd72e06f508088c933485bfbfa222c82aab7fd0,291.2148675426136,566.5675342124285,IV1;IV2;year_1;Region_1;PMC_I
M2,7,1,30,28,昌江,ce6ca82c326e584d8d688a7bedd72e06f508088c933485bfbfa222c82aab7fd0,268.7138254261364,215.78610539154272,IV1;IV2;year_1;Region_1;PMC_I
M2,7,1,30,29,汕头,ce6ca82c326e584d8d688a7bedd72e06f508088c933485bfbfa222c82aab7fd0,516.6316193181818,324.59495193301206,IV1;IV2;year_1;Region_1;PMC_I
M2,7,1,30,36,琼海,ce6ca82c326e584d8d688a7bedd72e06f508088c933485bfbfa222c82aab7fd0,1716.717565054688,260.73511997925993,IV1;IV2;year_1;Region_1;PMC_I
M2,7,1,30,40,韶关,ce6ca82c326e584d8d688a7bedd72e06f508088c933485bfbfa222c82aab7fd0,547.9050852272727,180.46061395660843,IV1;IV2;year_1;Region_1;PMC_I
M2,7,2,31,4,东莞,ce6ca82c326e584d8d688a7bedd72e06f508088c933485bfbfa222c82aab7fd0,307.5424744318183,703.0931480285328,IV1;IV2;year_1;Region_1;PMC_I
M2,7,2,31,8,临高,ce6ca82c326e584d8d688a7bedd72e06f508088c933485bfbfa222c82aab7fd0,83.80276845703128,350.0880646809087,IV1;IV2;year_1;Region_1;PMC_I
M2,7,2,31,12,乐山,ce6ca82c326e584d8d688a7bedd72e06f508088c933485bfbfa222c82aab7fd0,45.02250000000001,283.1847236032122,IV1;IV2;year_1;Region_1;PMC_I
M2,7,2,31,14,五指山,ce6ca82c326e584d8d688a7bedd72e06f508088c933485bfbfa222c82aab7fd0,273.4003661931818,389.3684738724221,IV1;IV2;year_1;Region_1;PMC_I
M2,7,2,31,21,北海,ce6ca82c326e584d8d688a7bedd72e06f508088c933485bfbfa222c82aab7fd0,318.3245085227273,333.40910466434383,IV1;IV2;year_1;Region_1;PMC_I
M2,7,2,31,25,广州,ce6ca82c326e584d8d688a7bedd72e06f508088c933485bfbfa222c82aab7fd0,164.1983198863636,716.0255423352327,IV1;IV2;year_1;Region_1;PMC_I
M2,7,2,31,26,惠州,ce6ca82c326e584d8d688a7bedd72e06f508088c933485bfbfa222c82aab7fd0,253.6378448863636,291.5083256060187,IV1;IV2;year_1;Region_1;PMC_I
M2,7,2,31,33,澄迈,ce6ca82c326e584d8d688a7bedd72e06f508088c933485bfbfa222c82aab7fd0,647.861484375,316.485888377793,IV1;IV2;year_1;Region_1;PMC_I
M2,7,3,32,1,上海,ce6ca82c326e584d8d688a7bedd72e06f508088c933485bfbfa222c82aab7fd0,2302.973933396464,298.3333495252132,IV1;IV2;year_1;Region_1;PMC_I
M2,7,3,32,11,乐东,ce6ca82c326e584d8d688a7bedd72e06f508088c933485bfbfa222c82aab7fd0,51.57938057753164,385.5314292661223,IV1;IV2;year_1;Region_1;PMC_I
M2,7,3,32,15,佛山,ce6ca82c326e584d8d688a7bedd72e06f508088c933485bfbfa222c82aab7fd0,28.38274488636364,233.16694757604142,IV1;IV2;year_1;Region_1;PMC_I
M2,7,3,32,16,信阳,ce6ca82c326e584d8d688a7bedd72e06f508088c933485bfbfa222c82aab7fd0,244.6035494318183,333.33906156904345,IV1;IV2;year_1;Region_1;PMC_I
M2,7,3,32,23,定安,ce6ca82c326e584d8d688a7bedd72e06f508088c933485bfbfa222c82aab7fd0,273.4003661931819,315.20578044130497,IV1;IV2;year_1;Region_1;PMC_I
M2,7,3,32,30,海口,ce6ca82c326e584d8d688a7bedd72e06f508088c933485bfbfa222c82aab7fd0,339.134276349432,363.4898637063488,IV1;IV2;year_1;Region_1;PMC_I
M2,7,3,32,34,珠海,ce6ca82c326e584d8d688a7bedd72e06f508088c933485bfbfa222c82aab7fd0,1511.786079545455,376.4185118637565,IV1;IV2;year_1;Region_1;PMC_I
M2,7,3,32,39,陵水,ce6ca82c326e584d8d688a7bedd72e06f508088c933485bfbfa222c82aab7fd0,337.1486134943182,399.2942081235736,IV1;IV2;year_1;Region_1;PMC_I
M2,7,4,33,2,上饶,ce6ca82c326e584d8d688a7bedd72e06f508088c933485bfbfa222c82aab7fd0,114.81355125,247.11510827353646,IV1;IV2;year_1;Region_1;PMC_I
M2,7,4,33,9,丽水,ce6ca82c326e584d8d688a7bedd72e06f508088c933485bfbfa222c82aab7fd0,33.76567926136365,439.0449625494017,IV1;IV2;year_1;Region_1;PMC_I
M2,7,4,33,22,合肥,ce6ca82c326e584d8d688a7bedd72e06f508088c933485bfbfa222c82aab7fd0,13.19625,478.64751888998694,IV1;IV2;year_1;Region_1;PMC_I
M2,7,4,33,24,屯昌,ce6ca82c326e584d8d688a7bedd72e06f508088c933485bfbfa222c82aab7fd0,273.4003661931819,354.09610970249383,IV1;IV2;year_1;Region_1;PMC_I
M2,7,4,33,27,文昌,ce6ca82c326e584d8d688a7bedd72e06f508088c933485bfbfa222c82aab7fd0,273.4003661931818,271.35850930733676,IV1;IV2;year_1;Region_1;PMC_I
M2,7,4,33,35,琼中,ce6ca82c326e584d8d688a7bedd72e06f508088c933485bfbfa222c82aab7fd0,1106.44734375,260.92229063471217,IV1;IV2;year_1;Region_1;PMC_I
M2,7,4,33,37,白沙,ce6ca82c326e584d8d688a7bedd72e06f508088c933485bfbfa222c82aab7fd0,192.9951366477273,411.6911493662839,IV1;IV2;year_1;Region_1;PMC_I
M2,7,4,33,38,肇庆,ce6ca82c326e584d8d688a7bedd72e06f508088c933485bfbfa222c82aab7fd0,23.03745340909091,301.8162536877023,IV1;IV2;year_1;Region_1;PMC_I
M2,7,5,34,0,万宁,ce6ca82c326e584d8d688a7bedd72e06f508088c933485bfbfa222c82aab7fd0,148.9921240384616,472.6072504563589,IV1;IV2;year_1;Region_1;PMC_I
M2,7,5,34,6,中卫,ce6ca82c326e584d8d688a7bedd72e06f508088c933485bfbfa222c82aab7fd0,31.05198382826678,349.1635586958927,IV1;IV2;year_1;Region_1;PMC_I
M2,7,5,34,10,义乌,ce6ca82c326e584d8d688a7bedd72e06f508088c933485bfbfa222c82aab7fd0,7288.761349396308,395.62010393617044,IV1;IV2;year_1;Region_1;PMC_I
M2,7,5,34,17,儋州,ce6ca82c326e584d8d688a7bedd72e06f508088c933485bfbfa222c82aab7fd0,539.7352537592891,348.08944293830604,IV1;IV2;year_1;Region_1;PMC_I
M2,7,5,34,18,六安,ce6ca82c326e584d8d688a7bedd72e06f508088c933485bfbfa222c82aab7fd0,8.639045028409095,301.4704001365519,IV1;IV2;year_1;Region_1;PMC_I
M2,7,5,34,19,兰州,ce6ca82c326e584d8d688a7bedd72e06f508088c933485bfbfa222c82aab7fd0,32.85616429924242,246.76129733868515,IV1;IV2;year_1;Region_1;PMC_I
M2,7,5,34,31,深圳,ce6ca82c326e584d8d688a7bedd72e06f508088c933485bfbfa222c82aab7fd0,159.7083409090909,460.5422234003711,IV1;IV2;year_1;Region_1;PMC_I
M2,7,5,34,32,清远,ce6ca82c326e584d8d688a7bedd72e06f508088c933485bfbfa222c82aab7fd0,375.720028409091,282.1685368708723,IV1;IV2;year_1;Region_1;PMC_I
M2,8,1,35,4,东莞,ce6ca82c326e584d8d688a7bedd72e06f508088c933485bfbfa222c82aab7fd0,307.5424744318183,628.348210796243,IV1;IV2;year_1;Region_1;PMC_I
M2,8,1,35,9,丽水,ce6ca82c326e584d8d688a7bedd72e06f508088c933485bfbfa222c82aab7fd0,33.76567926136365,312.88761179432964,IV1;IV2;year_1;Region_1;PMC_I
M2,8,1,35,12,乐山,ce6ca82c326e584d8d688a7bedd72e06f508088c933485bfbfa222c82aab7fd0,45.02250000000001,241.89214292064423,IV1;IV2;year_1;Region_1;PMC_I
M2,8,1,35,16,信阳,ce6ca82c326e584d8d688a7bedd72e06f508088c933485bfbfa222c82aab7fd0,244.6035494318183,329.4674965167839,IV1;IV2;year_1;Region_1;PMC_I
M2,8,1,35,27,文昌,ce6ca82c326e584d8d688a7bedd72e06f508088c933485bfbfa222c82aab7fd0,273.4003661931818,317.74341776330783,IV1;IV2;year_1;Region_1;PMC_I
M2,8,1,35,29,汕头,ce6ca82c326e584d8d688a7bedd72e06f508088c933485bfbfa222c82aab7fd0,516.6316193181818,290.10196003273313,IV1;IV2;year_1;Region_1;PMC_I
M2,8,1,35,33,澄迈,ce6ca82c326e584d8d688a7bedd72e06f508088c933485bfbfa222c82aab7fd0,647.861484375,289.30435311461684,IV1;IV2;year_1;Region_1;PMC_I
M2,8,1,35,38,肇庆,ce6ca82c326e584d8d688a7bedd72e06f508088c933485bfbfa222c82aab7fd0,23.03745340909091,219.1074221298163,IV1;IV2;year_1;Region_1;PMC_I
M2,8,1,35,40,韶关,ce6ca82c326e584d8d688a7bedd72e06f508088c933485bfbfa222c82aab7fd0,547.9050852272727,232.64425550641508,IV1;IV2;year_1;Region_1;PMC_I
M2,8,2,36,5,东营,ce6ca82c326e584d8d688a7bedd72e06f508088c933485bfbfa222c82aab7fd0,425.3271014204544,315.836167946841,IV1;IV2;year_1;Region_1;PMC_I
M2,8,2,36,6,中卫,ce6ca82c326e584d8d688a7bedd72e06f508088c933485bfbfa222c82aab7fd0,31.05198382826678,324.11129174114996,IV1;IV2;year_1;Region_1;PMC_I
M2,8,2,36,10,义乌,ce6ca82c326e584d8d688a7bedd72e06f508088c933485bfbfa222c82aab7fd0,7288.761349396308,369.5289132523763,IV1;IV2;year_1;Region_1;PMC_I
M2,8,2,36,11,乐东,ce6ca82c326e584d8d688a7bedd72e06f508088c933485bfbfa222c82aab7fd0,51.57938057753164,402.8519782485195,IV1;IV2;year_1;Region_1;PMC_I
M2,8,2,36,14,五指山,ce6ca82c326e584d8d688a7bedd72e06f508088c933485bfbfa222c82aab7fd0,273.4003661931818,423.2461753274041,IV1;IV2;year_1;Region_1;PMC_I
M2,8,2,36,18,六安,ce6ca82c326e584d8d688a7bedd72e06f508088c933485bfbfa222c82aab7fd0,8.639045028409095,295.5661104490844,IV1;IV2;year_1;Region_1;PMC_I
M2,8,2,36,20,北京,ce6ca82c326e584d8d688a7bedd72e06f508088c933485bfbfa222c82aab7fd0,291.2148675426136,301.26634649512107,IV1;IV2;year_1;Region_1;PMC_I
M2,8,2,36,26,惠州,ce6ca82c326e584d8d688a7bedd72e06f508088c933485bfbfa222c82aab7fd0,253.6378448863636,239.53608962355395,IV1;IV2;year_1;Region_1;PMC_I
M2,8,3,37,0,万宁,ce6ca82c326e584d8d688a7bedd72e06f508088c933485bfbfa222c82aab7fd0,148.9921240384616,554.9691102714669,IV1;IV2;year_1;Region_1;PMC_I
M2,8,3,37,3,东方,ce6ca82c326e584d8d688a7bedd72e06f508088c933485bfbfa222c82aab7fd0,266.2529209872159,418.2387188897611,IV1;IV2;year_1;Region_1;PMC_I
M2,8,3,37,7,中山,ce6ca82c326e584d8d688a7bedd72e06f508088c933485bfbfa222c82aab7fd0,89.11043759098708,279.6081097229586,IV1;IV2;year_1;Region_1;PMC_I
M2,8,3,37,8,临高,ce6ca82c326e584d8d688a7bedd72e06f508088c933485bfbfa222c82aab7fd0,83.80276845703128,436.13527951799625,IV1;IV2;year_1;Region_1;PMC_I
M2,8,3,37,22,合肥,ce6ca82c326e584d8d688a7bedd72e06f508088c933485bfbfa222c82aab7fd0,13.19625,525.3148541126476,IV1;IV2;year_1;Region_1;PMC_I
M2,8,3,37,23,定安,ce6ca82c326e584d8d688a7bedd72e06f508088c933485bfbfa222c82aab7fd0,273.4003661931819,347.6002843778785,IV1;IV2;year_1;Region_1;PMC_I
M2,8,3,37,25,广州,ce6ca82c326e584d8d688a7bedd72e06f508088c933485bfbfa222c82aab7fd0,164.1983198863636,686.4135553195944,IV1;IV2;year_1;Region_1;PMC_I
M2,8,3,37,30,海口,ce6ca82c326e584d8d688a7bedd72e06f508088c933485bfbfa222c82aab7fd0,339.134276349432,522.7196252413444,IV1;IV2;year_1;Region_1;PMC_I
M2,8,4,38,1,上海,ce6ca82c326e584d8d688a7bedd72e06f508088c933485bfbfa222c82aab7fd0,2302.973933396464,487.52557039658075,IV1;IV2;year_1;Region_1;PMC_I
M2,8,4,38,2,上饶,ce6ca82c326e584d8d688a7bedd72e06f508088c933485bfbfa222c82aab7fd0,114.81355125,183.92829538118153,IV1;IV2;year_1;Region_1;PMC_I
M2,8,4,38,13,九江,ce6ca82c326e584d8d688a7bedd72e06f508088c933485bfbfa222c82aab7fd0,0.0,327.8882167083889,IV1;IV2;year_1;Region_1;PMC_I
M2,8,4,38,15,佛山,ce6ca82c326e584d8d688a7bedd72e06f508088c933485bfbfa222c82aab7fd0,28.38274488636364,319.43623564761043,IV1;IV2;year_1;Region_1;PMC_I
M2,8,4,38,17,儋州,ce6ca82c326e584d8d688a7bedd72e06f508088c933485bfbfa222c82aab7fd0,539.7352537592891,301.6542004586085,IV1;IV2;year_1;Region_1;PMC_I
M2,8,4,38,21,北海,ce6ca82c326e584d8d688a7bedd72e06f508088c933485bfbfa222c82aab7fd0,318.3245085227273,268.5739533340146,IV1;IV2;year_1;Region_1;PMC_I
M2,8,4,38,31,深圳,ce6ca82c326e584d8d688a7bedd72e06f508088c933485bfbfa222c82aab7fd0,159.7083409090909,632.4254557948333,IV1;IV2;year_1;Region_1;PMC_I
M2,8,4,38,32,清远,ce6ca82c326e584d8d688a7bedd72e06f508088c933485bfbfa222c82aab7fd0,375.720028409091,290.67693981951095,IV1;IV2;year_1;Region_1;PMC_I
M2,8,5,39,19,兰州,ce6ca82c326e584d8d688a7bedd72e06f508088c933485bfbfa222c82aab7fd0,32.85616429924242,199.4660015164796,IV1;IV2;year_1;Region_1;PMC_I
M2,8,5,39,24,屯昌,ce6ca82c326e584d8d688a7bedd72e06f508088c933485bfbfa222c82aab7fd0,273.4003661931819,276.78442926448236,IV1;IV2;year_1;Region_1;PMC_I
M2,8,5,39,28,昌江,ce6ca82c326e584d8d688a7bedd72e06f508088c933485bfbfa222c82aab7fd0,268.7138254261364,223.34538504875894,IV1;IV2;year_1;Region_1;PMC_I
M2,8,5,39,34,珠海,ce6ca82c326e584d8d688a7bedd72e06f508088c933485bfbfa222c82aab7fd0,1511.786079545455,477.2278634742963,IV1;IV2;year_1;Region_1;PMC_I
M2,8,5,39,35,琼中,ce6ca82c326e584d8d688a7bedd72e06f508088c933485bfbfa222c82aab7fd0,1106.44734375,255.80713915783522,IV1;IV2;year_1;Region_1;PMC_I
M2,8,5,39,36,琼海,ce6ca82c326e584d8d688a7bedd72e06f508088c933485bfbfa222c82aab7fd0,1716.717565054688,295.8566481935209,IV1;IV2;year_1;Region_1;PMC_I
M2,8,5,39,37,白沙,ce6ca82c326e584d8d688a7bedd72e06f508088c933485bfbfa222c82aab7fd0,192.9951366477273,304.87006365942165,IV1;IV2;year_1;Region_1;PMC_I
M2,8,5,39,39,陵水,ce6ca82c326e584d8d688a7bedd72e06f508088c933485bfbfa222c82aab7fd0,337.1486134943182,356.55426083694977,IV1;IV2;year_1;Region_1;PMC_I
M2,9,1,40,1,上海,ce6ca82c326e584d8d688a7bedd72e06f508088c933485bfbfa222c82aab7fd0,2302.973933396464,192.92009148467562,IV1;IV2;year_1;Region_1;PMC_I
M2,9,1,40,6,中卫,ce6ca82c326e584d8d688a7bedd72e06f508088c933485bfbfa222c82aab7fd0,31.05198382826678,343.289555200712,IV1;IV2;year_1;Region_1;PMC_I
M2,9,1,40,7,中山,ce6ca82c326e584d8d688a7bedd72e06f508088c933485bfbfa222c82aab7fd0,89.11043759098708,156.61217586135902,IV1;IV2;year_1;Region_1;PMC_I
M2,9,1,40,9,丽水,ce6ca82c326e584d8d688a7bedd72e06f508088c933485bfbfa222c82aab7fd0,33.76567926136365,186.74925234585245,IV1;IV2;year_1;Region_1;PMC_I
M2,9,1,40,10,义乌,ce6ca82c326e584d8d688a7bedd72e06f508088c933485bfbfa222c82aab7fd0,7288.761349396308,207.26242982202703,IV1;IV2;year_1;Region_1;PMC_I
M2,9,1,40,12,乐山,ce6ca82c326e584d8d688a7bedd72e06f508088c933485bfbfa222c82aab7fd0,45.02250000000001,233.48786569084635,IV1;IV2;year_1;Region_1;PMC_I
M2,9,1,40,21,北海,ce6ca82c326e584d8d688a7bedd72e06f508088c933485bfbfa222c82aab7fd0,318.3245085227273,240.07186155993344,IV1;IV2;year_1;Region_1;PMC_I
M2,9,1,40,30,海口,ce6ca82c326e584d8d688a7bedd72e06f508088c933485bfbfa222c82aab7fd0,339.134276349432,214.68490728977173,IV1;IV2;year_1;Region_1;PMC_I
M2,9,1,40,36,琼海,ce6ca82c326e584d8d688a7bedd72e06f508088c933485bfbfa222c82aab7fd0,1716.717565054688,258.02090004481147,IV1;IV2;year_1;Region_1;PMC_I
M2,9,2,41,0,万宁,ce6ca82c326e584d8d688a7bedd72e06f508088c933485bfbfa222c82aab7fd0,148.9921240384616,510.4865587561925,IV1;IV2;year_1;Region_1;PMC_I
M2,9,2,41,14,五指山,ce6ca82c326e584d8d688a7bedd72e06f508088c933485bfbfa222c82aab7fd0,273.4003661931818,458.92092642612977,IV1;IV2;year_1;Region_1;PMC_I
M2,9,2,41,17,儋州,ce6ca82c326e584d8d688a7bedd72e06f508088c933485bfbfa222c82aab7fd0,539.7352537592891,422.21443906826823,IV1;IV2;year_1;Region_1;PMC_I
M2,9,2,41,19,兰州,ce6ca82c326e584d8d688a7bedd72e06f508088c933485bfbfa222c82aab7fd0,32.85616429924242,297.93267584095855,IV1;IV2;year_1;Region_1;PMC_I
M2,9,2,41,22,合肥,ce6ca82c326e584d8d688a7bedd72e06f508088c933485bfbfa222c82aab7fd0,13.19625,476.2731778124609,IV1;IV2;year_1;Region_1;PMC_I
M2,9,2,41,23,定安,ce6ca82c326e584d8d688a7bedd72e06f508088c933485bfbfa222c82aab7fd0,273.4003661931819,376.54779078817916,IV1;IV2;year_1;Region_1;PMC_I
M2,9,2,41,24,屯昌,ce6ca82c326e584d8d688a7bedd72e06f508088c933485bfbfa222c82aab7fd0,273.4003661931819,393.1642302039667,IV1;IV2;year_1;Region_1;PMC_I
M2,9,2,41,31,深圳,ce6ca82c326e584d8d688a7bedd72e06f508088c933485bfbfa222c82aab7fd0,159.7083409090909,809.8524565889378,IV1;IV2;year_1;Region_1;PMC_I
M2,9,3,42,5,东营,ce6ca82c326e584d8d688a7bedd72e06f508088c933485bfbfa222c82aab7fd0,425.3271014204544,288.81993967621787,IV1;IV2;year_1;Region_1;PMC_I
M2,9,3,42,8,临高,ce6ca82c326e584d8d688a7bedd72e06f508088c933485bfbfa222c82aab7fd0,83.80276845703128,417.1247622785462,IV1;IV2;year_1;Region_1;PMC_I
M2,9,3,42,11,乐东,ce6ca82c326e584d8d688a7bedd72e06f508088c933485bfbfa222c82aab7fd0,51.57938057753164,405.5527814406922,IV1;IV2;year_1;Region_1;PMC_I
M2,9,3,42,13,九江,ce6ca82c326e584d8d688a7bedd72e06f508088c933485bfbfa222c82aab7fd0,0.0,287.2510424427062,IV1;IV2;year_1;Region_1;PMC_I
M2,9,3,42,25,广州,ce6ca82c326e584d8d688a7bedd72e06f508088c933485bfbfa222c82aab7fd0,164.1983198863636,679.0219368377828,IV1;IV2;year_1;Region_1;PMC_I
M2,9,3,42,37,白沙,ce6ca82c326e584d8d688a7bedd72e06f508088c933485bfbfa222c82aab7fd0,192.9951366477273,388.51162982890924,IV1;IV2;year_1;Region_1;PMC_I
M2,9,3,42,38,肇庆,ce6ca82c326e584d8d688a7bedd72e06f508088c933485bfbfa222c82aab7fd0,23.03745340909091,281.17510230881913,IV1;IV2;year_1;Region_1;PMC_I
M2,9,3,42,39,陵水,ce6ca82c326e584d8d688a7bedd72e06f508088c933485bfbfa222c82aab7fd0,337.1486134943182,481.3425833666117,IV1;IV2;year_1;Region_1;PMC_I
M2,9,4,43,2,上饶,ce6ca82c326e584d8d688a7bedd72e06f508088c933485bfbfa222c82aab7fd0,114.81355125,238.38121828669816,IV1;IV2;year_1;Region_1;PMC_I
M2,9,4,43,3,东方,ce6ca82c326e584d8d688a7bedd72e06f508088c933485bfbfa222c82aab7fd0,266.2529209872159,328.67238831480444,IV1;IV2;year_1;Region_1;PMC_I
M2,9,4,43,4,东莞,ce6ca82c326e584d8d688a7bedd72e06f508088c933485bfbfa222c82aab7fd0,307.5424744318183,550.5099297908155,IV1;IV2;year_1;Region_1;PMC_I
M2,9,4,43,15,佛山,ce6ca82c326e584d8d688a7bedd72e06f508088c933485bfbfa222c82aab7fd0,28.38274488636364,297.4120020958851,IV1;IV2;year_1;Region_1;PMC_I
M2,9,4,43,16,信阳,ce6ca82c326e584d8d688a7bedd72e06f508088c933485bfbfa222c82aab7fd0,244.6035494318183,319.52217109143123,IV1;IV2;year_1;Region_1;PMC_I
M2,9,4,43,18,六安,ce6ca82c326e584d8d688a7bedd72e06f508088c933485bfbfa222c82aab7fd0,8.639045028409095,347.91167059896384,IV1;IV2;year_1;Region_1;PMC_I
M2,9,4,43,28,昌江,ce6ca82c326e584d8d688a7bedd72e06f508088c933485bfbfa222c82aab7fd0,268.7138254261364,300.7057654081305,IV1;IV2;year_1;Region_1;PMC_I
M2,9,4,43,34,珠海,ce6ca82c326e584d8d688a7bedd72e06f508088c933485bfbfa222c82aab7fd0,1511.786079545455,598.4226238913561,IV1;IV2;year_1;Region_1;PMC_I
M2,9,5,44,20,北京,ce6ca82c326e584d8d688a7bedd72e06f508088c933485bfbfa222c82aab7fd0,291.2148675426136,539.14068178245,IV1;IV2;year_1;Region_1;PMC_I
M2,9,5,44,26,惠州,ce6ca82c326e584d8d688a7bedd72e06f508088c933485bfbfa222c82aab7fd0,253.6378448863636,204.0477843110915,IV1;IV2;year_1;Region_1;PMC_I
M2,9,5,44,27,文昌,ce6ca82c326e584d8d688a7bedd72e06f508088c933485bfbfa222c82aab7fd0,273.4003661931818,195.47999559544166,IV1;IV2;year_1;Region_1;PMC_I
M2,9,5,44,29,汕头,ce6ca82c326e584d8d688a7bedd72e06f508088c933485bfbfa222c82aab7fd0,516.6316193181818,201.06317669227997,IV1;IV2;year_1;Region_1;PMC_I
M2,9,5,44,32,清远,ce6ca82c326e584d8d688a7bedd72e06f508088c933485bfbfa222c82aab7fd0,375.720028409091,157.09686738788344,IV1;IV2;year_1;Region_1;PMC_I
M2,9,5,44,33,澄迈,ce6ca82c326e584d8d688a7bedd72e06f508088c933485bfbfa222c82aab7fd0,647.861484375,226.1887855326053,IV1;IV2;year_1;Region_1;PMC_I
M2,9,5,44,35,琼中,ce6ca82c326e584d8d688a7bedd72e06f508088c933485bfbfa222c82aab7fd0,1106.44734375,190.32491297107217,IV1;IV2;year_1;Region_1;PMC_I
M2,9,5,44,40,韶关,ce6ca82c326e584d8d688a7bedd72e06f508088c933485bfbfa222c82aab7fd0,547.9050852272727,224.68322402104184,IV1;IV2;year_1;Region_1;PMC_I
M2,10,1,45,4,东莞,ce6ca82c326e584d8d688a7bedd72e06f508088c933485bfbfa222c82aab7fd0,307.5424744318183,643.5731984007896,IV1;IV2;year_1;Region_1;PMC_I
M2,10,1,45,5,东营,ce6ca82c326e584d8d688a7bedd72e06f508088c933485bfbfa222c82aab7fd0,425.3271014204544,205.90509893741526,IV1;IV2;year_1;Region_1;PMC_I
M2,10,1,45,13,九江,ce6ca82c326e584d8d688a7bedd72e06f508088c933485bfbfa222c82aab7fd0,0.0,248.0544285571697,IV1;IV2;year_1;Region_1;PMC_I
M2,10,1,45,14,五指山,ce6ca82c326e584d8d688a7bedd72e06f508088c933485bfbfa222c82aab7fd0,273.4003661931818,332.2806349677995,IV1;IV2;year_1;Region_1;PMC_I
M2,10,1,45,24,屯昌,ce6ca82c326e584d8d688a7bedd72e06f508088c933485bfbfa222c82aab7fd0,273.4003661931819,303.188649974094,IV1;IV2;year_1;Region_1;PMC_I
M2,10,1,45,27,文昌,ce6ca82c326e584d8d688a7bedd72e06f508088c933485bfbfa222c82aab7fd0,273.4003661931818,219.03770839637156,IV1;IV2;year_1;Region_1;PMC_I
M2,10,1,45,30,海口,ce6ca82c326e584d8d688a7bedd72e06f508088c933485bfbfa222c82aab7fd0,339.134276349432,493.69542667214625,IV1;IV2;year_1;Region_1;PMC_I
M2,10,1,45,33,澄迈,ce6ca82c326e584d8d688a7bedd72e06f508088c933485bfbfa222c82aab7fd0,647.861484375,239.150147604851,IV1;IV2;year_1;Region_1;PMC_I
M2,10,1,45,35,琼中,ce6ca82c326e584d8d688a7bedd72e06f508088c933485bfbfa222c82aab7fd0,1106.44734375,212.61158391678003,IV1;IV2;year_1;Region_1;PMC_I
M2,10,2,46,11,乐东,ce6ca82c326e584d8d688a7bedd72e06f508088c933485bfbfa222c82aab7fd0,51.57938057753164,374.01761032016384,IV1;IV2;year_1;Region_1;PMC_I
M2,10,2,46,18,六安,ce6ca82c326e584d8d688a7bedd72e06f508088c933485bfbfa222c82aab7fd0,8.639045028409095,334.00649355875703,IV1;IV2;year_1;Region_1;PMC_I
M2,10,2,46,19,兰州,ce6ca82c326e584d8d688a7bedd72e06f508088c933485bfbfa222c82aab7fd0,32.85616429924242,233.13791525865238,IV1;IV2;year_1;Region_1;PMC_I
M2,10,2,46,20,北京,ce6ca82c326e584d8d688a7bedd72e06f508088c933485bfbfa222c82aab7fd0,291.2148675426136,617.9985954816013,IV1;IV2;year_1;Region_1;PMC_I
M2,10,2,46,28,昌江,ce6ca82c326e584d8d688a7bedd72e06f508088c933485bfbfa222c82aab7fd0,268.7138254261364,272.3338018542294,IV1;IV2;year_1;Region_1;PMC_I
M2,10,2,46,29,汕头,ce6ca82c326e584d8d688a7bedd72e06f508088c933485bfbfa222c82aab7fd0,516.6316193181818,293.97960091264946,IV1;IV2;year_1;Region_1;PMC_I
M2,10,2,46,32,清远,ce6ca82c326e584d8d688a7bedd72e06f508088c933485bfbfa222c82aab7fd0,375.720028409091,233.44703802047476,IV1;IV2;year_1;Region_1;PMC_I
M2,10,2,46,37,白沙,ce6ca82c326e584d8d688a7bedd72e06f508088c933485bfbfa222c82aab7fd0,192.9951366477273,379.23990354138044,IV1;IV2;year_1;Region_1;PMC_I
M2,10,3,47,3,东方,ce6ca82c326e584d8d688a7bedd72e06f508088c933485bfbfa222c82aab7fd0,266.2529209872159,353.55698135097396,IV1;IV2;year_1;Region_1;PMC_I
M2,10,3,47,6,中卫,ce6ca82c326e584d8d688a7bedd72e06f508088c933485bfbfa222c82aab7fd0,31.05198382826678,333.2009267399465,IV1;IV2;year_1;Region_1;PMC_I
M2,10,3,47,9,丽水,ce6ca82c326e584d8d688a7bedd72e06f508088c933485bfbfa222c82aab7fd0,33.76567926136365,338.4166161713893,IV1;IV2;year_1;Region_1;PMC_I
M2,10,3,47,12,乐山,ce6ca82c326e584d8d688a7bedd72e06f508088c933485bfbfa222c82aab7fd0,45.02250000000001,306.30759261091737,IV1;IV2;year_1;Region_1;PMC_I
M2,10,3,47,15,佛山,ce6ca82c326e584d8d688a7bedd72e06f508088c933485bfbfa222c82aab7fd0,28.38274488636364,316.4918572353424,IV1;IV2;year_1;Region_1;PMC_I
M2,10,3,47,17,儋州,ce6ca82c326e584d8d688a7bedd72e06f508088c933485bfbfa222c82aab7fd0,539.7352537592891,330.86070091816737,IV1;IV2;year_1;Region_1;PMC_I
M2,10,3,47,38,肇庆,ce6ca82c326e584d8d688a7bedd72e06f508088c933485bfbfa222c82aab7fd0,23.03745340909091,273.8107213818586,IV1;IV2;year_1;Region_1;PMC_I
M2,10,3,47,40,韶关,ce6ca82c326e584d8d688a7bedd72e06f508088c933485bfbfa222c82aab7fd0,547.9050852272727,268.4069566196557,IV1;IV2;year_1;Region_1;PMC_I
M2,10,4,48,0,万宁,ce6ca82c326e584d8d688a7bedd72e06f508088c933485bfbfa222c82aab7fd0,148.9921240384616,327.6541659081239,IV1;IV2;year_1;Region_1;PMC_I
M2,10,4,48,7,中山,ce6ca82c326e584d8d688a7bedd72e06f508088c933485bfbfa222c82aab7fd0,89.11043759098708,160.43587176669078,IV1;IV2;year_1;Region_1;PMC_I
M2,10,4,48,8,临高,ce6ca82c326e584d8d688a7bedd72e06f508088c933485bfbfa222c82aab7fd0,83.80276845703128,356.67395741892295,IV1;IV2;year_1;Region_1;PMC_I
M2,10,4,48,10,义乌,ce6ca82c326e584d8d688a7bedd72e06f508088c933485bfbfa222c82aab7fd0,7288.761349396308,254.18147674255417,IV1;IV2;year_1;Region_1;PMC_I
M2,10,4,48,16,信阳,ce6ca82c326e584d8d688a7bedd72e06f508088c933485bfbfa222c82aab7fd0,244.6035494318183,296.27421311089074,IV1;IV2;year_1;Region_1;PMC_I
M2,10,4,48,25,广州,ce6ca82c326e584d8d688a7bedd72e06f508088c933485bfbfa222c82aab7fd0,164.1983198863636,201.75654800261086,IV1;IV2;year_1;Region_1;PMC_I
M2,10,4,48,34,珠海,ce6ca82c326e584d8d688a7bedd72e06f508088c933485bfbfa222c82aab7fd0,1511.786079545455,321.27974380670395,IV1;IV2;year_1;Region_1;PMC_I
M2,10,4,48,36,琼海,ce6ca82c326e584d8d688a7bedd72e06f508088c933485bfbfa222c82aab7fd0,1716.717565054688,271.39056456987635,IV1;IV2;year_1;Region_1;PMC_I
M2,10,5,49,1,上海,ce6ca82c326e584d8d688a7bedd72e06f508088c933485bfbfa222c82aab7fd0,2302.973933396464,546.5826176207803,IV1;IV2;year_1;Region_1;PMC_I
M2,10,5,49,2,上饶,ce6ca82c326e584d8d688a7bedd72e06f508088c933485bfbfa222c82aab7fd0,114.81355125,193.0341333411335,IV1;IV2;year_1;Region_1;PMC_I
M2,10,5,49,21,北海,ce6ca82c326e584d8d688a7bedd72e06f508088c933485bfbfa222c82aab7fd0,318.3245085227273,312.0537367520249,IV1;IV2;year_1;Region_1;PMC_I
M2,10,5,49,22,合肥,ce6ca82c326e584d8d688a7bedd72e06f508088c933485bfbfa222c82aab7fd0,13.19625,389.58376858951374,IV1;IV2;year_1;Region_1;PMC_I
M2,10,5,49,23,定安,ce6ca82c326e584d8d688a7bedd72e06f508088c933485bfbfa222c82aab7fd0,273.4003661931819,302.69002219754213,IV1;IV2;year_1;Region_1;PMC_I
M2,10,5,49,26,惠州,ce6ca82c326e584d8d688a7bedd72e06f508088c933485bfbfa222c82aab7fd0,253.6378448863636,281.003411165162,IV1;IV2;year_1;Region_1;PMC_I
M2,10,5,49,31,深圳,ce6ca82c326e584d8d688a7bedd72e06f508088c933485bfbfa222c82aab7fd0,159.7083409090909,658.5438085720256,IV1;IV2;year_1;Region_1;PMC_I
M2,10,5,49,39,陵水,ce6ca82c326e584d8d688a7bedd72e06f508088c933485bfbfa222c82aab7fd0,337.1486134943182,520.2081197616933,IV1;IV2;year_1;Region_1;PMC_I
M2,11,1,50,6,中卫,ce6ca82c326e584d8d688a7bedd72e06f508088c933485bfbfa222c82aab7fd0,31.05198382826678,298.3549166269734,IV1;IV2;year_1;Region_1;PMC_I
M2,11,1,50,10,义乌,ce6ca82c326e584d8d688a7bedd72e06f508088c933485bfbfa222c82aab7fd0,7288.761349396308,401.4107369863877,IV1;IV2;year_1;Region_1;PMC_I
M2,11,1,50,23,定安,ce6ca82c326e584d8d688a7bedd72e06f508088c933485bfbfa222c82aab7fd0,273.4003661931819,345.1780226827268,IV1;IV2;year_1;Region_1;PMC_I
M2,11,1,50,24,屯昌,ce6ca82c326e584d8d688a7bedd72e06f508088c933485bfbfa222c82aab7fd0,273.4003661931819,334.4834366347535,IV1;IV2;year_1;Region_1;PMC_I
M2,11,1,50,25,广州,ce6ca82c326e584d8d688a7bedd72e06f508088c933485bfbfa222c82aab7fd0,164.1983198863636,394.7777792599467,IV1;IV2;year_1;Region_1;PMC_I
M2,11,1,50,27,文昌,ce6ca82c326e584d8d688a7bedd72e06f508088c933485bfbfa222c82aab7fd0,273.4003661931818,291.14744898947384,IV1;IV2;year_1;Region_1;PMC_I
M2,11,1,50,28,昌江,ce6ca82c326e584d8d688a7bedd72e06f508088c933485bfbfa222c82aab7fd0,268.7138254261364,207.38891858332417,IV1;IV2;year_1;Region_1;PMC_I
M2,11,1,50,31,深圳,ce6ca82c326e584d8d688a7bedd72e06f508088c933485bfbfa222c82aab7fd0,159.7083409090909,502.27557531341176,IV1;IV2;year_1;Region_1;PMC_I
M2,11,1,50,35,琼中,ce6ca82c326e584d8d688a7bedd72e06f508088c933485bfbfa222c82aab7fd0,1106.44734375,277.95506020036487,IV1;IV2;year_1;Region_1;PMC_I
M2,11,2,51,0,万宁,ce6ca82c326e584d8d688a7bedd72e06f508088c933485bfbfa222c82aab7fd0,148.9921240384616,527.2986156703398,IV1;IV2;year_1;Region_1;PMC_I
M2,11,2,51,1,上海,ce6ca82c326e584d8d688a7bedd72e06f508088c933485bfbfa222c82aab7fd0,2302.973933396464,427.9253484581998,IV1;IV2;year_1;Region_1;PMC_I
M2,11,2,51,8,临高,ce6ca82c326e584d8d688a7bedd72e06f508088c933485bfbfa222c82aab7fd0,83.80276845703128,438.10531038369555,IV1;IV2;year_1;Region_1;PMC_I
M2,11,2,51,11,乐东,ce6ca82c326e584d8d688a7bedd72e06f508088c933485bfbfa222c82aab7fd0,51.57938057753164,394.8816103200825,IV1;IV2;year_1;Region_1;PMC_I
M2,11,2,51,13,九江,ce6ca82c326e584d8d688a7bedd72e06f508088c933485bfbfa222c82aab7fd0,0.0,304.88379869393293,IV1;IV2;year_1;Region_1;PMC_I
M2,11,2,51,20,北京,ce6ca82c326e584d8d688a7bedd72e06f508088c933485bfbfa222c82aab7fd0,291.2148675426136,483.4467458332205,IV1;IV2;year_1;Region_1;PMC_I
M2,11,2,51,26,惠州,ce6ca82c326e584d8d688a7bedd72e06f508088c933485bfbfa222c82aab7fd0,253.6378448863636,298.44910742962634,IV1;IV2;year_1;Region_1;PMC_I
M2,11,2,51,39,陵水,ce6ca82c326e584d8d688a7bedd72e06f508088c933485bfbfa222c82aab7fd0,337.1486134943182,483.46931087834184,IV1;IV2;year_1;Region_1;PMC_I
M2,11,3,52,9,丽水,ce6ca82c326e584d8d688a7bedd72e06f508088c933485bfbfa222c82aab7fd0,33.76567926136365,326.62388966304616,IV1;IV2;year_1;Region_1;PMC_I
M2,11,3,52,15,佛山,ce6ca82c326e584d8d688a7bedd72e06f508088c933485bfbfa222c82aab7fd0,28.38274488636364,315.9326875088412,IV1;IV2;year_1;Region_1;PMC_I
M2,11,3,52,16,信阳,ce6ca82c326e584d8d688a7bedd72e06f508088c933485bfbfa222c82aab7fd0,244.6035494318183,297.7169316107447,IV1;IV2;year_1;Region_1;PMC_I
M2,11,3,52,17,儋州,ce6ca82c326e584d8d688a7bedd72e06f508088c933485bfbfa222c82aab7fd0,539.7352537592891,297.2237169254598,IV1;IV2;year_1;Region_1;PMC_I
M2,11,3,52,18,六安,ce6ca82c326e584d8d688a7bedd72e06f508088c933485bfbfa222c82aab7fd0,8.639045028409095,324.6598864914086,IV1;IV2;year_1;Region_1;PMC_I
M2,11,3,52,29,汕头,ce6ca82c326e584d8d688a7bedd72e06f508088c933485bfbfa222c82aab7fd0,516.6316193181818,268.6199745151597,IV1;IV2;year_1;Region_1;PMC_I
M2,11,3,52,30,海口,ce6ca82c326e584d8d688a7bedd72e06f508088c933485bfbfa222c82aab7fd0,339.134276349432,482.7178691762629,IV1;IV2;year_1;Region_1;PMC_I
M2,11,3,52,33,澄迈,ce6ca82c326e584d8d688a7bedd72e06f508088c933485bfbfa222c82aab7fd0,647.861484375,302.3230196889604,IV1;IV2;year_1;Region_1;PMC_I
M2,11,4,53,2,上饶,ce6ca82c326e584d8d688a7bedd72e06f508088c933485bfbfa222c82aab7fd0,114.81355125,322.33289901765954,IV1;IV2;year_1;Region_1;PMC_I
M2,11,4,53,3,东方,ce6ca82c326e584d8d688a7bedd72e06f508088c933485bfbfa222c82aab7fd0,266.2529209872159,341.77704987760734,IV1;IV2;year_1;Region_1;PMC_I
M2,11,4,53,12,乐山,ce6ca82c326e584d8d688a7bedd72e06f508088c933485bfbfa222c82aab7fd0,45.02250000000001,342.3845042021661,IV1;IV2;year_1;Region_1;PMC_I
M2,11,4,53,19,兰州,ce6ca82c326e584d8d688a7bedd72e06f508088c933485bfbfa222c82aab7fd0,32.85616429924242,297.639481785572,IV1;IV2;year_1;Region_1;PMC_I
M2,11,4,53,22,合肥,ce6ca82c326e584d8d688a7bedd72e06f508088c933485bfbfa222c82aab7fd0,13.19625,431.57241059664034,IV1;IV2;year_1;Region_1;PMC_I
M2,11,4,53,34,珠海,ce6ca82c326e584d8d688a7bedd72e06f508088c933485bfbfa222c82aab7fd0,1511.786079545455,542.786342797041,IV1;IV2;year_1;Region_1;PMC_I
M2,11,4,53,37,白沙,ce6ca82c326e584d8d688a7bedd72e06f508088c933485bfbfa222c82aab7fd0,192.9951366477273,354.5771024191472,IV1;IV2;year_1;Region_1;PMC_I
M2,11,4,53,38,肇庆,ce6ca82c326e584d8d688a7bedd72e06f508088c933485bfbfa222c82aab7fd0,23.03745340909091,331.641838958221,IV1;IV2;year_1;Region_1;PMC_I
M2,11,5,54,4,东莞,ce6ca82c326e584d8d688a7bedd72e06f508088c933485bfbfa222c82aab7fd0,307.5424744318183,631.573055504128,IV1;IV2;year_1;Region_1;PMC_I
M2,11,5,54,5,东营,ce6ca82c326e584d8d688a7bedd72e06f508088c933485bfbfa222c82aab7fd0,425.3271014204544,210.0787486538363,IV1;IV2;year_1;Region_1;PMC_I
M2,11,5,54,7,中山,ce6ca82c326e584d8d688a7bedd72e06f508088c933485bfbfa222c82aab7fd0,89.11043759098708,151.10143441969365,IV1;IV2;year_1;Region_1;PMC_I
M2,11,5,54,14,五指山,ce6ca82c326e584d8d688a7bedd72e06f508088c933485bfbfa222c82aab7fd0,273.4003661931818,286.4911015897944,IV1;IV2;year_1;Region_1;PMC_I
M2,11,5,54,21,北海,ce6ca82c326e584d8d688a7bedd72e06f508088c933485bfbfa222c82aab7fd0,318.3245085227273,209.435739022934,IV1;IV2;year_1;Region_1;PMC_I
M2,11,5,54,32,清远,ce6ca82c326e584d8d688a7bedd72e06f508088c933485bfbfa222c82aab7fd0,375.720028409091,177.69238141375368,IV1;IV2;year_1;Region_1;PMC_I
M2,11,5,54,36,琼海,ce6ca82c326e584d8d688a7bedd72e06f508088c933485bfbfa222c82aab7fd0,1716.717565054688,256.3343813770612,IV1;IV2;year_1;Region_1;PMC_I
M2,11,5,54,40,韶关,ce6ca82c326e584d8d688a7bedd72e06f508088c933485bfbfa222c82aab7fd0,547.9050852272727,180.4382861669487,IV1;IV2;year_1;Region_1;PMC_I
M2,12,1,55,7,中山,ce6ca82c326e584d8d688a7bedd72e06f508088c933485bfbfa222c82aab7fd0,89.11043759098708,145.33555282549207,IV1;IV2;year_1;Region_1;PMC_I
M2,12,1,55,8,临高,ce6ca82c326e584d8d688a7bedd72e06f508088c933485bfbfa222c82aab7fd0,83.80276845703128,337.15147504631517,IV1;IV2;year_1;Region_1;PMC_I
M2,12,1,55,10,义乌,ce6ca82c326e584d8d688a7bedd72e06f508088c933485bfbfa222c82aab7fd0,7288.761349396308,359.33282129113303,IV1;IV2;year_1;Region_1;PMC_I
M2,12,1,55,12,乐山,ce6ca82c326e584d8d688a7bedd72e06f508088c933485bfbfa222c82aab7fd0,45.02250000000001,230.08356030471856,IV1;IV2;year_1;Region_1;PMC_I
M2,12,1,55,17,儋州,ce6ca82c326e584d8d688a7bedd72e06f508088c933485bfbfa222c82aab7fd0,539.7352537592891,346.708453141659,IV1;IV2;year_1;Region_1;PMC_I
M2,12,1,55,23,定安,ce6ca82c326e584d8d688a7bedd72e06f508088c933485bfbfa222c82aab7fd0,273.4003661931819,326.33456366549154,IV1;IV2;year_1;Region_1;PMC_I
M2,12,1,55,26,惠州,ce6ca82c326e584d8d688a7bedd72e06f508088c933485bfbfa222c82aab7fd0,253.6378448863636,251.61534244639304,IV1;IV2;year_1;Region_1;PMC_I
M2,12,1,55,33,澄迈,ce6ca82c326e584d8d688a7bedd72e06f508088c933485bfbfa222c82aab7fd0,647.861484375,321.9302826464904,IV1;IV2;year_1;Region_1;PMC_I
M2,12,1,55,37,白沙,ce6ca82c326e584d8d688a7bedd72e06f508088c933485bfbfa222c82aab7fd0,192.9951366477273,335.69243617173777,IV1;IV2;year_1;Region_1;PMC_I
M2,12,2,56,1,上海,ce6ca82c326e584d8d688a7bedd72e06f508088c933485bfbfa222c82aab7fd0,2302.973933396464,459.9605163494299,IV1;IV2;year_1;Region_1;PMC_I
M2,12,2,56,5,东营,ce6ca82c326e584d8d688a7bedd72e06f508088c933485bfbfa222c82aab7fd0,425.3271014204544,219.0467372594147,IV1;IV2;year_1;Region_1;PMC_I
M2,12,2,56,9,丽水,ce6ca82c326e584d8d688a7bedd72e06f508088c933485bfbfa222c82aab7fd0,33.76567926136365,272.0258581592415,IV1;IV2;year_1;Region_1;PMC_I
M2,12,2,56,18,六安,ce6ca82c326e584d8d688a7bedd72e06f508088c933485bfbfa222c82aab7fd0,8.639045028409095,300.9446201175228,IV1;IV2;year_1;Region_1;PMC_I
M2,12,2,56,24,屯昌,ce6ca82c326e584d8d688a7bedd72e06f508088c933485bfbfa222c82aab7fd0,273.4003661931819,292.3566421591685,IV1;IV2;year_1;Region_1;PMC_I
M2,12,2,56,30,海口,ce6ca82c326e584d8d688a7bedd72e06f508088c933485bfbfa222c82aab7fd0,339.134276349432,443.72180887525536,IV1;IV2;year_1;Region_1;PMC_I
M2,12,2,56,32,清远,ce6ca82c326e584d8d688a7bedd72e06f508088c933485bfbfa222c82aab7fd0,375.720028409091,194.55829754336756,IV1;IV2;year_1;Region_1;PMC_I
M2,12,2,56,35,琼中,ce6ca82c326e584d8d688a7bedd72e06f508088c933485bfbfa222c82aab7fd0,1106.44734375,246.2041321190027,IV1;IV2;year_1;Region_1;PMC_I
M2,12,3,57,0,万宁,ce6ca82c326e584d8d688a7bedd72e06f508088c933485bfbfa222c82aab7fd0,148.9921240384616,347.3032550178959,IV1;IV2;year_1;Region_1;PMC_I
M2,12,3,57,3,东方,ce6ca82c326e584d8d688a7bedd72e06f508088c933485bfbfa222c82aab7fd0,266.2529209872159,302.16630438274626,IV1;IV2;year_1;Region_1;PMC_I
M2,12,3,57,6,中卫,ce6ca82c326e584d8d688a7bedd72e06f508088c933485bfbfa222c82aab7fd0,31.05198382826678,283.2019438948403,IV1;IV2;year_1;Region_1;PMC_I
M2,12,3,57,20,北京,ce6ca82c326e584d8d688a7bedd72e06f508088c933485bfbfa222c82aab7fd0,291.2148675426136,437.44013785245386,IV1;IV2;year_1;Region_1;PMC_I
M2,12,3,57,22,合肥,ce6ca82c326e584d8d688a7bedd72e06f508088c933485bfbfa222c82aab7fd0,13.19625,303.5821005526294,IV1;IV2;year_1;Region_1;PMC_I
M2,12,3,57,29,汕头,ce6ca82c326e584d8d688a7bedd72e06f508088c933485bfbfa222c82aab7fd0,516.6316193181818,262.5325410250385,IV1;IV2;year_1;Region_1;PMC_I
M2,12,3,57,34,珠海,ce6ca82c326e584d8d688a7bedd72e06f508088c933485bfbfa222c82aab7fd0,1511.786079545455,540.6672390381666,IV1;IV2;year_1;Region_1;PMC_I
M2,12,3,57,36,琼海,ce6ca82c326e584d8d688a7bedd72e06f508088c933485bfbfa222c82aab7fd0,1716.717565054688,284.9483223360555,IV1;IV2;year_1;Region_1;PMC_I
M2,12,4,58,13,九江,ce6ca82c326e584d8d688a7bedd72e06f508088c933485bfbfa222c82aab7fd0,0.0,341.4362280598499,IV1;IV2;year_1;Region_1;PMC_I
M2,12,4,58,14,五指山,ce6ca82c326e584d8d688a7bedd72e06f508088c933485bfbfa222c82aab7fd0,273.4003661931818,383.6297216829899,IV1;IV2;year_1;Region_1;PMC_I
M2,12,4,58,16,信阳,ce6ca82c326e584d8d688a7bedd72e06f508088c933485bfbfa222c82aab7fd0,244.6035494318183,333.1974228098866,IV1;IV2;year_1;Region_1;PMC_I
M2,12,4,58,19,兰州,ce6ca82c326e584d8d688a7bedd72e06f508088c933485bfbfa222c82aab7fd0,32.85616429924242,287.3812685120501,IV1;IV2;year_1;Region_1;PMC_I
M2,12,4,58,27,文昌,ce6ca82c326e584d8d688a7bedd72e06f508088c933485bfbfa222c82aab7fd0,273.4003661931818,373.7328080310199,IV1;IV2;year_1;Region_1;PMC_I
M2,12,4,58,31,深圳,ce6ca82c326e584d8d688a7bedd72e06f508088c933485bfbfa222c82aab7fd0,159.7083409090909,816.4026866469044,IV1;IV2;year_1;Region_1;PMC_I
M2,12,4,58,38,肇庆,ce6ca82c326e584d8d688a7bedd72e06f508088c933485bfbfa222c82aab7fd0,23.03745340909091,204.38402547347263,IV1;IV2;year_1;Region_1;PMC_I
M2,12,4,58,40,韶关,ce6ca82c326e584d8d688a7bedd72e06f508088c933485bfbfa222c82aab7fd0,547.9050852272727,234.7696628017708,IV1;IV2;year_1;Region_1;PMC_I
M2,12,5,59,2,上饶,ce6ca82c326e584d8d688a7bedd72e06f508088c933485bfbfa222c82aab7fd0,114.81355125,206.4398344678436,IV1;IV2;year_1;Region_1;PMC_I
M2,12,5,59,4,东莞,ce6ca82c326e584d8d688a7bedd72e06f508088c933485bfbfa222c82aab7fd0,307.5424744318183,738.2739608188433,IV1;IV2;year_1;Region_1;PMC_I
M2,12,5,59,11,乐东,ce6ca82c326e584d8d688a7bedd72e06f508088c933485bfbfa222c82aab7fd0,51.57938057753164,397.94205178581115,IV1;IV2;year_1;Region_1;PMC_I
M2,12,5,59,15,佛山,ce6ca82c326e584d8d688a7bedd72e06f508088c933485bfbfa222c82aab7fd0,28.38274488636364,344.64160601271044,IV1;IV2;year_1;Region_1;PMC_I
M2,12,5,59,21,北海,ce6ca82c326e584d8d688a7bedd72e06f508088c933485bfbfa222c82aab7fd0,318.3245085227273,352.41843268537207,IV1;IV2;year_1;Region_1;PMC_I
M2,12,5,59,25,广州,ce6ca82c326e584d8d688a7bedd72e06f508088c933485bfbfa222c82aab7fd0,164.1983198863636,781.0167326829219,IV1;IV2;year_1;Region_1;PMC_I
M2,12,5,59,28,昌江,ce6ca82c326e584d8d688a7bedd72e06f508088c933485bfbfa222c82aab7fd0,268.7138254261364,260.3049572500316,IV1;IV2;year_1;Region_1;PMC_I
M2,12,5,59,39,陵水,ce6ca82c326e584d8d688a7bedd72e06f508088c933485bfbfa222c82aab7fd0,337.1486134943182,562.8952458881108,IV1;IV2;year_1;Region_1;PMC_I
M2,13,1,60,5,东营,ce6ca82c326e584d8d688a7bedd72e06f508088c933485bfbfa222c82aab7fd0,425.3271014204544,288.88256619413386,IV1;IV2;year_1;Region_1;PMC_I
M2,13,1,60,6,中卫,ce6ca82c326e584d8d688a7bedd72e06f508088c933485bfbfa222c82aab7fd0,31.05198382826678,306.58366214831926,IV1;IV2;year_1;Region_1;PMC_I
M2,13,1,60,8,临高,ce6ca82c326e584d8d688a7bedd72e06f508088c933485bfbfa222c82aab7fd0,83.80276845703128,445.5198664526663,IV1;IV2;year_1;Region_1;PMC_I
M2,13,1,60,16,信阳,ce6ca82c326e584d8d688a7bedd72e06f508088c933485bfbfa222c82aab7fd0,244.6035494318183,384.1376785704117,IV1;IV2;year_1;Region_1;PMC_I
M2,13,1,60,22,合肥,ce6ca82c326e584d8d688a7bedd72e06f508088c933485bfbfa222c82aab7fd0,13.19625,367.20258999049923,IV1;IV2;year_1;Region_1;PMC_I
M2,13,1,60,24,屯昌,ce6ca82c326e584d8d688a7bedd72e06f508088c933485bfbfa222c82aab7fd0,273.4003661931819,325.84546054876944,IV1;IV2;year_1;Region_1;PMC_I
M2,13,1,60,28,昌江,ce6ca82c326e584d8d688a7bedd72e06f508088c933485bfbfa222c82aab7fd0,268.7138254261364,274.7959189176395,IV1;IV2;year_1;Region_1;PMC_I
M2,13,1,60,36,琼海,ce6ca82c326e584d8d688a7bedd72e06f508088c933485bfbfa222c82aab7fd0,1716.717565054688,292.55585431923384,IV1;IV2;year_1;Region_1;PMC_I
M2,13,1,60,39,陵水,ce6ca82c326e584d8d688a7bedd72e06f508088c933485bfbfa222c82aab7fd0,337.1486134943182,411.8030969830305,IV1;IV2;year_1;Region_1;PMC_I
M2,13,2,61,9,丽水,ce6ca82c326e584d8d688a7bedd72e06f508088c933485bfbfa222c82aab7fd0,33.76567926136365,374.13809130362733,IV1;IV2;year_1;Region_1;PMC_I
M2,13,2,61,12,乐山,ce6ca82c326e584d8d688a7bedd72e06f508088c933485bfbfa222c82aab7fd0,45.02250000000001,234.23542558524557,IV1;IV2;year_1;Region_1;PMC_I
M2,13,2,61,13,九江,ce6ca82c326e584d8d688a7bedd72e06f508088c933485bfbfa222c82aab7fd0,0.0,318.09881957370686,IV1;IV2;year_1;Region_1;PMC_I
M2,13,2,61,14,五指山,ce6ca82c326e584d8d688a7bedd72e06f508088c933485bfbfa222c82aab7fd0,273.4003661931818,396.13428381760514,IV1;IV2;year_1;Region_1;PMC_I
M2,13,2,61,20,北京,ce6ca82c326e584d8d688a7bedd72e06f508088c933485bfbfa222c82aab7fd0,291.2148675426136,627.5289504666573,IV1;IV2;year_1;Region_1;PMC_I
M2,13,2,61,21,北海,ce6ca82c326e584d8d688a7bedd72e06f508088c933485bfbfa222c82aab7fd0,318.3245085227273,310.5600832929647,IV1;IV2;year_1;Region_1;PMC_I
M2,13,2,61,30,海口,ce6ca82c326e584d8d688a7bedd72e06f508088c933485bfbfa222c82aab7fd0,339.134276349432,480.2886877439699,IV1;IV2;year_1;Region_1;PMC_I
M2,13,2,61,35,琼中,ce6ca82c326e584d8d688a7bedd72e06f508088c933485bfbfa222c82aab7fd0,1106.44734375,273.19161773561996,IV1;IV2;year_1;Region_1;PMC_I
M2,13,3,62,7,中山,ce6ca82c326e584d8d688a7bedd72e06f508088c933485bfbfa222c82aab7fd0,89.11043759098708,153.80200646729148,IV1;IV2;year_1;Region_1;PMC_I
M2,13,3,62,10,义乌,ce6ca82c326e584d8d688a7bedd72e06f508088c933485bfbfa222c82aab7fd0,7288.761349396308,265.53299577752574,IV1;IV2;year_1;Region_1;PMC_I
M2,13,3,62,18,六安,ce6ca82c326e584d8d688a7bedd72e06f508088c933485bfbfa222c82aab7fd0,8.639045028409095,243.51811661865744,IV1;IV2;year_1;Region_1;PMC_I
M2,13,3,62,25,广州,ce6ca82c326e584d8d688a7bedd72e06f508088c933485bfbfa222c82aab7fd0,164.1983198863636,230.8867502139206,IV1;IV2;year_1;Region_1;PMC_I
M2,13,3,62,29,汕头,ce6ca82c326e584d8d688a7bedd72e06f508088c933485bfbfa222c82aab7fd0,516.6316193181818,226.9037640561079,IV1;IV2;year_1;Region_1;PMC_I
M2,13,3,62,33,澄迈,ce6ca82c326e584d8d688a7bedd72e06f508088c933485bfbfa222c82aab7fd0,647.861484375,256.57984751490835,IV1;IV2;year_1;Region_1;PMC_I
M2,13,3,62,34,珠海,ce6ca82c326e584d8d688a7bedd72e06f508088c933485bfbfa222c82aab7fd0,1511.786079545455,278.9235939231467,IV1;IV2;year_1;Region_1;PMC_I
M2,13,3,62,40,韶关,ce6ca82c326e584d8d688a7bedd72e06f508088c933485bfbfa222c82aab7fd0,547.9050852272727,173.31324018506658,IV1;IV2;year_1;Region_1;PMC_I
M2,13,4,63,0,万宁,ce6ca82c326e584d8d688a7bedd72e06f508088c933485bfbfa222c82aab7fd0,148.9921240384616,432.3064469937228,IV1;IV2;year_1;Region_1;PMC_I
M2,13,4,63,2,上饶,ce6ca82c326e584d8d688a7bedd72e06f508088c933485bfbfa222c82aab7fd0,114.81355125,173.40630349867604,IV1;IV2;year_1;Region_1;PMC_I
M2,13,4,63,11,乐东,ce6ca82c326e584d8d688a7bedd72e06f508088c933485bfbfa222c82aab7fd0,51.57938057753164,396.9838589911733,IV1;IV2;year_1;Region_1;PMC_I
M2,13,4,63,17,儋州,ce6ca82c326e584d8d688a7bedd72e06f508088c933485bfbfa222c82aab7fd0,539.7352537592891,386.9363172380219,IV1;IV2;year_1;Region_1;PMC_I
M2,13,4,63,19,兰州,ce6ca82c326e584d8d688a7bedd72e06f508088c933485bfbfa222c82aab7fd0,32.85616429924242,276.8658032409842,IV1;IV2;year_1;Region_1;PMC_I
M2,13,4,63,26,惠州,ce6ca82c326e584d8d688a7bedd72e06f508088c933485bfbfa222c82aab7fd0,253.6378448863636,345.4431913503259,IV1;IV2;year_1;Region_1;PMC_I
M2,13,4,63,32,清远,ce6ca82c326e584d8d688a7bedd72e06f508088c933485bfbfa222c82aab7fd0,375.720028409091,255.57863942717356,IV1;IV2;year_1;Region_1;PMC_I
M2,13,4,63,37,白沙,ce6ca82c326e584d8d688a7bedd72e06f508088c933485bfbfa222c82aab7fd0,192.9951366477273,366.9896795538273,IV1;IV2;year_1;Region_1;PMC_I
M2,13,5,64,1,上海,ce6ca82c326e584d8d688a7bedd72e06f508088c933485bfbfa222c82aab7fd0,2302.973933396464,491.3374281983119,IV1;IV2;year_1;Region_1;PMC_I
M2,13,5,64,3,东方,ce6ca82c326e584d8d688a7bedd72e06f508088c933485bfbfa222c82aab7fd0,266.2529209872159,306.12345441605356,IV1;IV2;year_1;Region_1;PMC_I
M2,13,5,64,4,东莞,ce6ca82c326e584d8d688a7bedd72e06f508088c933485bfbfa222c82aab7fd0,307.5424744318183,479.98207239777463,IV1;IV2;year_1;Region_1;PMC_I
M2,13,5,64,15,佛山,ce6ca82c326e584d8d688a7bedd72e06f508088c933485bfbfa222c82aab7fd0,28.38274488636364,280.75598750889344,IV1;IV2;year_1;Region_1;PMC_I
M2,13,5,64,23,定安,ce6ca82c326e584d8d688a7bedd72e06f508088c933485bfbfa222c82aab7fd0,273.4003661931819,286.07828892174814,IV1;IV2;year_1;Region_1;PMC_I
M2,13,5,64,27,文昌,ce6ca82c326e584d8d688a7bedd72e06f508088c933485bfbfa222c82aab7fd0,273.4003661931818,342.28955237075064,IV1;IV2;year_1;Region_1;PMC_I
M2,13,5,64,31,深圳,ce6ca82c326e584d8d688a7bedd72e06f508088c933485bfbfa222c82aab7fd0,159.7083409090909,598.8360563722823,IV1;IV2;year_1;Region_1;PMC_I
M2,13,5,64,38,肇庆,ce6ca82c326e584d8d688a7bedd72e06f508088c933485bfbfa222c82aab7fd0,23.03745340909091,189.23090861374786,IV1;IV2;year_1;Region_1;PMC_I
M2,14,1,65,1,上海,ce6ca82c326e584d8d688a7bedd72e06f508088c933485bfbfa222c82aab7fd0,2302.973933396464,450.9131398614318,IV1;IV2;year_1;Region_1;PMC_I
M2,14,1,65,5,东营,ce6ca82c326e584d8d688a7bedd72e06f508088c933485bfbfa222c82aab7fd0,425.3271014204544,218.16049193557984,IV1;IV2;year_1;Region_1;PMC_I
M2,14,1,65,7,中山,ce6ca82c326e584d8d688a7bedd72e06f508088c933485bfbfa222c82aab7fd0,89.11043759098708,212.94111740995953,IV1;IV2;year_1;Region_1;PMC_I
M2,14,1,65,14,五指山,ce6ca82c326e584d8d688a7bedd72e06f508088c933485bfbfa222c82aab7fd0,273.4003661931818,347.4623995698072,IV1;IV2;year_1;Region_1;PMC_I
M2,14,1,65,18,六安,ce6ca82c326e584d8d688a7bedd72e06f508088c933485bfbfa222c82aab7fd0,8.639045028409095,314.0736182636061,IV1;IV2;year_1;Region_1;PMC_I
M2,14,1,65,21,北海,ce6ca82c326e584d8d688a7bedd72e06f508088c933485bfbfa222c82aab7fd0,318.3245085227273,275.9439780249854,IV1;IV2;year_1;Region_1;PMC_I
M2,14,1,65,31,深圳,ce6ca82c326e584d8d688a7bedd72e06f508088c933485bfbfa222c82aab7fd0,159.7083409090909,574.3139747618411,IV1;IV2;year_1;Region_1;PMC_I
M2,14,1,65,32,清远,ce6ca82c326e584d8d688a7bedd72e06f508088c933485bfbfa222c82aab7fd0,375.720028409091,219.24414446044253,IV1;IV2;year_1;Region_1;PMC_I
M2,14,1,65,35,琼中,ce6ca82c326e584d8d688a7bedd72e06f508088c933485bfbfa222c82aab7fd0,1106.44734375,240.10673040975917,IV1;IV2;year_1;Region_1;PMC_I
M2,14,2,66,0,万宁,ce6ca82c326e584d8d688a7bedd72e06f508088c933485bfbfa222c82aab7fd0,148.9921240384616,476.1016669996914,IV1;IV2;year_1;Region_1;PMC_I
M2,14,2,66,11,乐东,ce6ca82c326e584d8d688a7bedd72e06f508088c933485bfbfa222c82aab7fd0,51.57938057753164,409.2042605645538,IV1;IV2;year_1;Region_1;PMC_I
M2,14,2,66,12,乐山,ce6ca82c326e584d8d688a7bedd72e06f508088c933485bfbfa222c82aab7fd0,45.02250000000001,264.01265001493704,IV1;IV2;year_1;Region_1;PMC_I
M2,14,2,66,13,九江,ce6ca82c326e584d8d688a7bedd72e06f508088c933485bfbfa222c82aab7fd0,0.0,342.41386367315266,IV1;IV2;year_1;Region_1;PMC_I
M2,14,2,66,19,兰州,ce6ca82c326e584d8d688a7bedd72e06f508088c933485bfbfa222c82aab7fd0,32.85616429924242,319.44049607778953,IV1;IV2;year_1;Region_1;PMC_I
M2,14,2,66,22,合肥,ce6ca82c326e584d8d688a7bedd72e06f508088c933485bfbfa222c82aab7fd0,13.19625,368.65081196623623,IV1;IV2;year_1;Region_1;PMC_I
M2,14,2,66,26,惠州,ce6ca82c326e584d8d688a7bedd72e06f508088c933485bfbfa222c82aab7fd0,253.6378448863636,369.75799434365933,IV1;IV2;year_1;Region_1;PMC_I
M2,14,2,66,27,文昌,ce6ca82c326e584d8d688a7bedd72e06f508088c933485bfbfa222c82aab7fd0,273.4003661931818,403.95752690247707,IV1;IV2;year_1;Region_1;PMC_I
M2,14,3,67,2,上饶,ce6ca82c326e584d8d688a7bedd72e06f508088c933485bfbfa222c82aab7fd0,114.81355125,195.4089410197952,IV1;IV2;year_1;Region_1;PMC_I
M2,14,3,67,15,佛山,ce6ca82c326e584d8d688a7bedd72e06f508088c933485bfbfa222c82aab7fd0,28.38274488636364,293.4214688513388,IV1;IV2;year_1;Region_1;PMC_I
M2,14,3,67,16,信阳,ce6ca82c326e584d8d688a7bedd72e06f508088c933485bfbfa222c82aab7fd0,244.6035494318183,309.67874415409074,IV1;IV2;year_1;Region_1;PMC_I
M2,14,3,67,17,儋州,ce6ca82c326e584d8d688a7bedd72e06f508088c933485bfbfa222c82aab7fd0,539.7352537592891,318.8873182296207,IV1;IV2;year_1;Region_1;PMC_I
M2,14,3,67,29,汕头,ce6ca82c326e584d8d688a7bedd72e06f508088c933485bfbfa222c82aab7fd0,516.6316193181818,274.08546007910047,IV1;IV2;year_1;Region_1;PMC_I
M2,14,3,67,30,海口,ce6ca82c326e584d8d688a7bedd72e06f508088c933485bfbfa222c82aab7fd0,339.134276349432,447.3405869632772,IV1;IV2;year_1;Region_1;PMC_I
M2,14,3,67,37,白沙,ce6ca82c326e584d8d688a7bedd72e06f508088c933485bfbfa222c82aab7fd0,192.9951366477273,315.8915504565207,IV1;IV2;year_1;Region_1;PMC_I
M2,14,3,67,39,陵水,ce6ca82c326e584d8d688a7bedd72e06f508088c933485bfbfa222c82aab7fd0,337.1486134943182,462.30130185854205,IV1;IV2;year_1;Region_1;PMC_I
M2,14,4,68,4,东莞,ce6ca82c326e584d8d688a7bedd72e06f508088c933485bfbfa222c82aab7fd0,307.5424744318183,556.6827215340152,IV1;IV2;year_1;Region_1;PMC_I
M2,14,4,68,8,临高,ce6ca82c326e584d8d688a7bedd72e06f508088c933485bfbfa222c82aab7fd0,83.80276845703128,343.67833289520746,IV1;IV2;year_1;Region_1;PMC_I
M2,14,4,68,20,北京,ce6ca82c326e584d8d688a7bedd72e06f508088c933485bfbfa222c82aab7fd0,291.2148675426136,503.32299946841965,IV1;IV2;year_1;Region_1;PMC_I
M2,14,4,68,23,定安,ce6ca82c326e584d8d688a7bedd72e06f508088c933485bfbfa222c82aab7fd0,273.4003661931819,281.69045787500744,IV1;IV2;year_1;Region_1;PMC_I
M2,14,4,68,34,珠海,ce6ca82c326e584d8d688a7bedd72e06f508088c933485bfbfa222c82aab7fd0,1511.786079545455,656.0946034113175,IV1;IV2;year_1;Region_1;PMC_I
M2,14,4,68,36,琼海,ce6ca82c326e584d8d688a7bedd72e06f508088c933485bfbfa222c82aab7fd0,1716.717565054688,273.4326180688646,IV1;IV2;year_1;Region_1;PMC_I
M2,14,4,68,38,肇庆,ce6ca82c326e584d8d688a7bedd72e06f508088c933485bfbfa222c82aab7fd0,23.03745340909091,183.5151360703095,IV1;IV2;year_1;Region_1;PMC_I
M2,14,4,68,40,韶关,ce6ca82c326e584d8d688a7bedd72e06f508088c933485bfbfa222c82aab7fd0,547.9050852272727,213.62010959099555,IV1;IV2;year_1;Region_1;PMC_I
M2,14,5,69,3,东方,ce6ca82c326e584d8d688a7bedd72e06f508088c933485bfbfa222c82aab7fd0,266.2529209872159,299.4779492442499,IV1;IV2;year_1;Region_1;PMC_I
M2,14,5,69,6,中卫,ce6ca82c326e584d8d688a7bedd72e06f508088c933485bfbfa222c82aab7fd0,31.05198382826678,307.2535249273303,IV1;IV2;year_1;Region_1;PMC_I
M2,14,5,69,9,丽水,ce6ca82c326e584d8d688a7bedd72e06f508088c933485bfbfa222c82aab7fd0,33.76567926136365,319.0712008501667,IV1;IV2;year_1;Region_1;PMC_I
M2,14,5,69,10,义乌,ce6ca82c326e584d8d688a7bedd72e06f508088c933485bfbfa222c82aab7fd0,7288.761349396308,356.2741933718042,IV1;IV2;year_1;Region_1;PMC_I
M2,14,5,69,24,屯昌,ce6ca82c326e584d8d688a7bedd72e06f508088c933485bfbfa222c82aab7fd0,273.4003661931819,350.7753539417235,IV1;IV2;year_1;Region_1;PMC_I
M2,14,5,69,25,广州,ce6ca82c326e584d8d688a7bedd72e06f508088c933485bfbfa222c82aab7fd0,164.1983198863636,370.5998377610834,IV1;IV2;year_1;Region_1;PMC_I
M2,14,5,69,28,昌江,ce6ca82c326e584d8d688a7bedd72e06f508088c933485bfbfa222c82aab7fd0,268.7138254261364,201.63918044628605,IV1;IV2;year_1;Region_1;PMC_I
M2,14,5,69,33,澄迈,ce6ca82c326e584d8d688a7bedd72e06f508088c933485bfbfa222c82aab7fd0,647.861484375,309.1778559083669,IV1;IV2;year_1;Region_1;PMC_I
M2,15,1,70,0,万宁,ce6ca82c326e584d8d688a7bedd72e06f508088c933485bfbfa222c82aab7fd0,148.9921240384616,319.18580954963556,IV1;IV2;year_1;Region_1;PMC_I
M2,15,1,70,1,上海,ce6ca82c326e584d8d688a7bedd72e06f508088c933485bfbfa222c82aab7fd0,2302.973933396464,196.6692311754741,IV1;IV2;year_1;Region_1;PMC_I
M2,15,1,70,5,东营,ce6ca82c326e584d8d688a7bedd72e06f508088c933485bfbfa222c82aab7fd0,425.3271014204544,234.23096382885632,IV1;IV2;year_1;Region_1;PMC_I
M2,15,1,70,7,中山,ce6ca82c326e584d8d688a7bedd72e06f508088c933485bfbfa222c82aab7fd0,89.11043759098708,150.1387110535238,IV1;IV2;year_1;Region_1;PMC_I
M2,15,1,70,10,义乌,ce6ca82c326e584d8d688a7bedd72e06f508088c933485bfbfa222c82aab7fd0,7288.761349396308,226.81700433470675,IV1;IV2;year_1;Region_1;PMC_I
M2,15,1,70,16,信阳,ce6ca82c326e584d8d688a7bedd72e06f508088c933485bfbfa222c82aab7fd0,244.6035494318183,265.29760265422925,IV1;IV2;year_1;Region_1;PMC_I
M2,15,1,70,21,北海,ce6ca82c326e584d8d688a7bedd72e06f508088c933485bfbfa222c82aab7fd0,318.3245085227273,211.60339586760875,IV1;IV2;year_1;Region_1;PMC_I
M2,15,1,70,24,屯昌,ce6ca82c326e584d8d688a7bedd72e06f508088c933485bfbfa222c82aab7fd0,273.4003661931819,282.77468589256574,IV1;IV2;year_1;Region_1;PMC_I
M2,15,1,70,34,珠海,ce6ca82c326e584d8d688a7bedd72e06f508088c933485bfbfa222c82aab7fd0,1511.786079545455,288.81911084174715,IV1;IV2;year_1;Region_1;PMC_I
M2,15,2,71,9,丽水,ce6ca82c326e584d8d688a7bedd72e06f508088c933485bfbfa222c82aab7fd0,33.76567926136365,397.03971308243507,IV1;IV2;year_1;Region_1;PMC_I
M2,15,2,71,17,儋州,ce6ca82c326e584d8d688a7bedd72e06f508088c933485bfbfa222c82aab7fd0,539.7352537592891,331.49014508792476,IV1;IV2;year_1;Region_1;PMC_I
M2,15,2,71,22,合肥,ce6ca82c326e584d8d688a7bedd72e06f508088c933485bfbfa222c82aab7fd0,13.19625,451.62800566694995,IV1;IV2;year_1;Region_1;PMC_I
M2,15,2,71,23,定安,ce6ca82c326e584d8d688a7bedd72e06f508088c933485bfbfa222c82aab7fd0,273.4003661931819,350.1626342839337,IV1;IV2;year_1;Region_1;PMC_I
M2,15,2,71,26,惠州,ce6ca82c326e584d8d688a7bedd72e06f508088c933485bfbfa222c82aab7fd0,253.6378448863636,303.0500665430015,IV1;IV2;year_1;Region_1;PMC_I
M2,15,2,71,28,昌江,ce6ca82c326e584d8d688a7bedd72e06f508088c933485bfbfa222c82aab7fd0,268.7138254261364,194.26440518584945,IV1;IV2;year_1;Region_1;PMC_I
M2,15,2,71,31,深圳,ce6ca82c326e584d8d688a7bedd72e06f508088c933485bfbfa222c82aab7fd0,159.7083409090909,801.2231233458156,IV1;IV2;year_1;Region_1;PMC_I
M2,15,2,71,40,韶关,ce6ca82c326e584d8d688a7bedd72e06f508088c933485bfbfa222c82aab7fd0,547.9050852272727,237.165839687929,IV1;IV2;year_1;Region_1;PMC_I
M2,15,3,72,2,上饶,ce6ca82c326e584d8d688a7bedd72e06f508088c933485bfbfa222c82aab7fd0,114.81355125,207.19820234694555,IV1;IV2;year_1;Region_1;PMC_I
M2,15,3,72,3,东方,ce6ca82c326e584d8d688a7bedd72e06f508088c933485bfbfa222c82aab7fd0,266.2529209872159,331.01323134102455,IV1;IV2;year_1;Region_1;PMC_I
M2,15,3,72,4,东莞,ce6ca82c326e584d8d688a7bedd72e06f508088c933485bfbfa222c82aab7fd0,307.5424744318183,707.524618971993,IV1;IV2;year_1;Region_1;PMC_I
M2,15,3,72,20,北京,ce6ca82c326e584d8d688a7bedd72e06f508088c933485bfbfa222c82aab7fd0,291.2148675426136,648.1605210179101,IV1;IV2;year_1;Region_1;PMC_I
M2,15,3,72,29,汕头,ce6ca82c326e584d8d688a7bedd72e06f508088c933485bfbfa222c82aab7fd0,516.6316193181818,247.22352429435708,IV1;IV2;year_1;Region_1;PMC_I
M2,15,3,72,32,清远,ce6ca82c326e584d8d688a7bedd72e06f508088c933485bfbfa222c82aab7fd0,375.720028409091,190.3764475453854,IV1;IV2;year_1;Region_1;PMC_I
M2,15,3,72,33,澄迈,ce6ca82c326e584d8d688a7bedd72e06f508088c933485bfbfa222c82aab7fd0,647.861484375,271.6845833853521,IV1;IV2;year_1;Region_1;PMC_I
M2,15,3,72,38,肇庆,ce6ca82c326e584d8d688a7bedd72e06f508088c933485bfbfa222c82aab7fd0,23.03745340909091,242.0886660928548,IV1;IV2;year_1;Region_1;PMC_I
M2,15,4,73,13,九江,ce6ca82c326e584d8d688a7bedd72e06f508088c933485bfbfa222c82aab7fd0,0.0,353.13335658687623,IV1;IV2;year_1;Region_1;PMC_I
M2,15,4,73,14,五指山,ce6ca82c326e584d8d688a7bedd72e06f508088c933485bfbfa222c82aab7fd0,273.4003661931818,296.05912151650836,IV1;IV2;year_1;Region_1;PMC_I
M2,15,4,73,15,佛山,ce6ca82c326e584d8d688a7bedd72e06f508088c933485bfbfa222c82aab7fd0,28.38274488636364,314.2120475070686,IV1;IV2;year_1;Region_1;PMC_I
M2,15,4,73,19,兰州,ce6ca82c326e584d8d688a7bedd72e06f508088c933485bfbfa222c82aab7fd0,32.85616429924242,285.6453643653488,IV1;IV2;year_1;Region_1;PMC_I
M2,15,4,73,25,广州,ce6ca82c326e584d8d688a7bedd72e06f508088c933485bfbfa222c82aab7fd0,164.1983198863636,627.6103073667523,IV1;IV2;year_1;Region_1;PMC_I
M2,15,4,73,27,文昌,ce6ca82c326e584d8d688a7bedd72e06f508088c933485bfbfa222c82aab7fd0,273.4003661931818,331.3300768856172,IV1;IV2;year_1;Region_1;PMC_I
M2,15,4,73,30,海口,ce6ca82c326e584d8d688a7bedd72e06f508088c933485bfbfa222c82aab7fd0,339.134276349432,373.26975621014594,IV1;IV2;year_1;Region_1;PMC_I
M2,15,4,73,36,琼海,ce6ca82c326e584d8d688a7bedd72e06f508088c933485bfbfa222c82aab7fd0,1716.717565054688,287.96205171529385,IV1;IV2;year_1;Region_1;PMC_I
M2,15,5,74,6,中卫,ce6ca82c326e584d8d688a7bedd72e06f508088c933485bfbfa222c82aab7fd0,31.05198382826678,331.0171930776325,IV1;IV2;year_1;Region_1;PMC_I
M2,15,5,74,8,临高,ce6ca82c326e584d8d688a7bedd72e06f508088c933485bfbfa222c82aab7fd0,83.80276845703128,428.6213151260668,IV1;IV2;year_1;Region_1;PMC_I
M2,15,5,74,11,乐东,ce6ca82c326e584d8d688a7bedd72e06f508088c933485bfbfa222c82aab7fd0,51.57938057753164,392.80897067367437,IV1;IV2;year_1;Region_1;PMC_I
M2,15,5,74,12,乐山,ce6ca82c326e584d8d688a7bedd72e06f508088c933485bfbfa222c82aab7fd0,45.02250000000001,285.7548233528612,IV1;IV2;year_1;Region_1;PMC_I
M2,15,5,74,18,六安,ce6ca82c326e584d8d688a7bedd72e06f508088c933485bfbfa222c82aab7fd0,8.639045028409095,411.6675508026759,IV1;IV2;year_1;Region_1;PMC_I
M2,15,5,74,35,琼中,ce6ca82c326e584d8d688a7bedd72e06f508088c933485bfbfa222c82aab7fd0,1106.44734375,335.0707721589683,IV1;IV2;year_1;Region_1;PMC_I
M2,15,5,74,37,白沙,ce6ca82c326e584d8d688a7bedd72e06f508088c933485bfbfa222c82aab7fd0,192.9951366477273,410.3132140531101,IV1;IV2;year_1;Region_1;PMC_I
M2,15,5,74,39,陵水,ce6ca82c326e584d8d688a7bedd72e06f508088c933485bfbfa222c82aab7fd0,337.1486134943182,481.2302750365155,IV1;IV2;year_1;Region_1;PMC_I
M2,16,1,75,13,九江,ce6ca82c326e584d8d688a7bedd72e06f508088c933485bfbfa222c82aab7fd0,0.0,250.41386094087807,IV1;IV2;year_1;Region_1;PMC_I
M2,16,1,75,22,合肥,ce6ca82c326e584d8d688a7bedd72e06f508088c933485bfbfa222c82aab7fd0,13.19625,430.5652633244128,IV1;IV2;year_1;Region_1;PMC_I
M2,16,1,75,25,广州,ce6ca82c326e584d8d688a7bedd72e06f508088c933485bfbfa222c82aab7fd0,164.1983198863636,569.5278782505925,IV1;IV2;year_1;Region_1;PMC_I
M2,16,1,75,27,文昌,ce6ca82c326e584d8d688a7bedd72e06f508088c933485bfbfa222c82aab7fd0,273.4003661931818,282.734915981772,IV1;IV2;year_1;Region_1;PMC_I
M2,16,1,75,29,汕头,ce6ca82c326e584d8d688a7bedd72e06f508088c933485bfbfa222c82aab7fd0,516.6316193181818,260.4959030692429,IV1;IV2;year_1;Region_1;PMC_I
M2,16,1,75,31,深圳,ce6ca82c326e584d8d688a7bedd72e06f508088c933485bfbfa222c82aab7fd0,159.7083409090909,650.230427971017,IV1;IV2;year_1;Region_1;PMC_I
M2,16,1,75,32,清远,ce6ca82c326e584d8d688a7bedd72e06f508088c933485bfbfa222c82aab7fd0,375.720028409091,213.10109529611083,IV1;IV2;year_1;Region_1;PMC_I
M2,16,1,75,34,珠海,ce6ca82c326e584d8d688a7bedd72e06f508088c933485bfbfa222c82aab7fd0,1511.786079545455,594.3473788023493,IV1;IV2;year_1;Region_1;PMC_I
M2,16,1,75,36,琼海,ce6ca82c326e584d8d688a7bedd72e06f508088c933485bfbfa222c82aab7fd0,1716.717565054688,303.77291521230205,IV1;IV2;year_1;Region_1;PMC_I
M2,16,2,76,2,上饶,ce6ca82c326e584d8d688a7bedd72e06f508088c933485bfbfa222c82aab7fd0,114.81355125,189.76490487251698,IV1;IV2;year_1;Region_1;PMC_I
M2,16,2,76,9,丽水,ce6ca82c326e584d8d688a7bedd72e06f508088c933485bfbfa222c82aab7fd0,33.76567926136365,351.6237273966928,IV1;IV2;year_1;Region_1;PMC_I
M2,16,2,76,10,义乌,ce6ca82c326e584d8d688a7bedd72e06f508088c933485bfbfa222c82aab7fd0,7288.761349396308,352.0159497727226,IV1;IV2;year_1;Region_1;PMC_I
M2,16,2,76,11,乐东,ce6ca82c326e584d8d688a7bedd72e06f508088c933485bfbfa222c82aab7fd0,51.57938057753164,425.51130176304633,IV1;IV2;year_1;Region_1;PMC_I
M2,16,2,76,14,五指山,ce6ca82c326e584d8d688a7bedd72e06f508088c933485bfbfa222c82aab7fd0,273.4003661931818,451.12404796765253,IV1;IV2;year_1;Region_1;PMC_I
M2,16,2,76,17,儋州,ce6ca82c326e584d8d688a7bedd72e06f508088c933485bfbfa222c82aab7fd0,539.7352537592891,384.29163348070796,IV1;IV2;year_1;Region_1;PMC_I
M2,16,2,76,20,北京,ce6ca82c326e584d8d688a7bedd72e06f508088c933485bfbfa222c82aab7fd0,291.2148675426136,280.6902521543729,IV1;IV2;year_1;Region_1;PMC_I
M2,16,2,76,24,屯昌,ce6ca82c326e584d8d688a7bedd72e06f508088c933485bfbfa222c82aab7fd0,273.4003661931819,413.12954634130676,IV1;IV2;year_1;Region_1;PMC_I
M2,16,3,77,3,东方,ce6ca82c326e584d8d688a7bedd72e06f508088c933485bfbfa222c82aab7fd0,266.2529209872159,345.43910015418027,IV1;IV2;year_1;Region_1;PMC_I
M2,16,3,77,19,兰州,ce6ca82c326e584d8d688a7bedd72e06f508088c933485bfbfa222c82aab7fd0,32.85616429924242,256.9399604950834,IV1;IV2;year_1;Region_1;PMC_I
M2,16,3,77,21,北海,ce6ca82c326e584d8d688a7bedd72e06f508088c933485bfbfa222c82aab7fd0,318.3245085227273,262.18134804606103,IV1;IV2;year_1;Region_1;PMC_I
M2,16,3,77,23,定安,ce6ca82c326e584d8d688a7bedd72e06f508088c933485bfbfa222c82aab7fd0,273.4003661931819,331.42563395375686,IV1;IV2;year_1;Region_1;PMC_I
M2,16,3,77,30,海口,ce6ca82c326e584d8d688a7bedd72e06f508088c933485bfbfa222c82aab7fd0,339.134276349432,346.8091181041844,IV1;IV2;year_1;Region_1;PMC_I
M2,16,3,77,35,琼中,ce6ca82c326e584d8d688a7bedd72e06f508088c933485bfbfa222c82aab7fd0,1106.44734375,266.69299525667503,IV1;IV2;year_1;Region_1;PMC_I
M2,16,3,77,38,肇庆,ce6ca82c326e584d8d688a7bedd72e06f508088c933485bfbfa222c82aab7fd0,23.03745340909091,171.94437828312363,IV1;IV2;year_1;Region_1;PMC_I
M2,16,3,77,40,韶关,ce6ca82c326e584d8d688a7bedd72e06f508088c933485bfbfa222c82aab7fd0,547.9050852272727,206.33178473213084,IV1;IV2;year_1;Region_1;PMC_I
M2,16,4,78,0,万宁,ce6ca82c326e584d8d688a7bedd72e06f508088c933485bfbfa222c82aab7fd0,148.9921240384616,453.1497024589656,IV1;IV2;year_1;Region_1;PMC_I
M2,16,4,78,5,东营,ce6ca82c326e584d8d688a7bedd72e06f508088c933485bfbfa222c82aab7fd0,425.3271014204544,256.27348836423977,IV1;IV2;year_1;Region_1;PMC_I
M2,16,4,78,7,中山,ce6ca82c326e584d8d688a7bedd72e06f508088c933485bfbfa222c82aab7fd0,89.11043759098708,277.42668199181384,IV1;IV2;year_1;Region_1;PMC_I
M2,16,4,78,15,佛山,ce6ca82c326e584d8d688a7bedd72e06f508088c933485bfbfa222c82aab7fd0,28.38274488636364,350.47408362048424,IV1;IV2;year_1;Region_1;PMC_I
M2,16,4,78,18,六安,ce6ca82c326e584d8d688a7bedd72e06f508088c933485bfbfa222c82aab7fd0,8.639045028409095,317.15570076916123,IV1;IV2;year_1;Region_1;PMC_I
M2,16,4,78,28,昌江,ce6ca82c326e584d8d688a7bedd72e06f508088c933485bfbfa222c82aab7fd0,268.7138254261364,257.30804906385157,IV1;IV2;year_1;Region_1;PMC_I
M2,16,4,78,33,澄迈,ce6ca82c326e584d8d688a7bedd72e06f508088c933485bfbfa222c82aab7fd0,647.861484375,309.2464278017749,IV1;IV2;year_1;Region_1;PMC_I
M2,16,4,78,39,陵水,ce6ca82c326e584d8d688a7bedd72e06f508088c933485bfbfa222c82aab7fd0,337.1486134943182,484.9409780428016,IV1;IV2;year_1;Region_1;PMC_I
M2,16,5,79,1,上海,ce6ca82c326e584d8d688a7bedd72e06f508088c933485bfbfa222c82aab7fd0,2302.973933396464,372.243421319317,IV1;IV2;year_1;Region_1;PMC_I
M2,16,5,79,4,东莞,ce6ca82c326e584d8d688a7bedd72e06f508088c933485bfbfa222c82aab7fd0,307.5424744318183,448.9649993495589,IV1;IV2;year_1;Region_1;PMC_I
M2,16,5,79,6,中卫,ce6ca82c326e584d8d688a7bedd72e06f508088c933485bfbfa222c82aab7fd0,31.05198382826678,380.66464044939255,IV1;IV2;year_1;Region_1;PMC_I
M2,16,5,79,8,临高,ce6ca82c326e584d8d688a7bedd72e06f508088c933485bfbfa222c82aab7fd0,83.80276845703128,434.3231681054026,IV1;IV2;year_1;Region_1;PMC_I
M2,16,5,79,12,乐山,ce6ca82c326e584d8d688a7bedd72e06f508088c933485bfbfa222c82aab7fd0,45.02250000000001,301.1545156634633,IV1;IV2;year_1;Region_1;PMC_I
M2,16,5,79,16,信阳,ce6ca82c326e584d8d688a7bedd72e06f508088c933485bfbfa222c82aab7fd0,244.6035494318183,396.94904970164293,IV1;IV2;year_1;Region_1;PMC_I
M2,16,5,79,26,惠州,ce6ca82c326e584d8d688a7bedd72e06f508088c933485bfbfa222c82aab7fd0,253.6378448863636,268.1817683235216,IV1;IV2;year_1;Region_1;PMC_I
M2,16,5,79,37,白沙,ce6ca82c326e584d8d688a7bedd72e06f508088c933485bfbfa222c82aab7fd0,192.9951366477273,358.3534860841795,IV1;IV2;year_1;Region_1;PMC_I
M2,17,1,80,6,中卫,ce6ca82c326e584d8d688a7bedd72e06f508088c933485bfbfa222c82aab7fd0,31.05198382826678,263.9881163579629,IV1;IV2;year_1;Region_1;PMC_I
M2,17,1,80,9,丽水,ce6ca82c326e584d8d688a7bedd72e06f508088c933485bfbfa222c82aab7fd0,33.76567926136365,328.08699717249783,IV1;IV2;year_1;Region_1;PMC_I
M2,17,1,80,18,六安,ce6ca82c326e584d8d688a7bedd72e06f508088c933485bfbfa222c82aab7fd0,8.639045028409095,307.81053680379097,IV1;IV2;year_1;Region_1;PMC_I
M2,17,1,80,22,合肥,ce6ca82c326e584d8d688a7bedd72e06f508088c933485bfbfa222c82aab7fd0,13.19625,400.79938938884834,IV1;IV2;year_1;Region_1;PMC_I
M2,17,1,80,28,昌江,ce6ca82c326e584d8d688a7bedd72e06f508088c933485bfbfa222c82aab7fd0,268.7138254261364,277.6773926198729,IV1;IV2;year_1;Region_1;PMC_I
M2,17,1,80,29,汕头,ce6ca82c326e584d8d688a7bedd72e06f508088c933485bfbfa222c82aab7fd0,516.6316193181818,269.9640088368718,IV1;IV2;year_1;Region_1;PMC_I
M2,17,1,80,33,澄迈,ce6ca82c326e584d8d688a7bedd72e06f508088c933485bfbfa222c82aab7fd0,647.861484375,282.64533715317117,IV1;IV2;year_1;Region_1;PMC_I
M2,17,1,80,34,珠海,ce6ca82c326e584d8d688a7bedd72e06f508088c933485bfbfa222c82aab7fd0,1511.786079545455,540.1974736298499,IV1;IV2;year_1;Region_1;PMC_I
M2,17,1,80,39,陵水,ce6ca82c326e584d8d688a7bedd72e06f508088c933485bfbfa222c82aab7fd0,337.1486134943182,460.7196905676184,IV1;IV2;year_1;Region_1;PMC_I
M2,17,2,81,1,上海,ce6ca82c326e584d8d688a7bedd72e06f508088c933485bfbfa222c82aab7fd0,2302.973933396464,381.11401209514617,IV1;IV2;year_1;Region_1;PMC_I
M2,17,2,81,8,临高,ce6ca82c326e584d8d688a7bedd72e06f508088c933485bfbfa222c82aab7fd0,83.80276845703128,399.8527859074785,IV1;IV2;year_1;Region_1;PMC_I
M2,17,2,81,13,九江,ce6ca82c326e584d8d688a7bedd72e06f508088c933485bfbfa222c82aab7fd0,0.0,343.9989940173934,IV1;IV2;year_1;Region_1;PMC_I
M2,17,2,81,16,信阳,ce6ca82c326e584d8d688a7bedd72e06f508088c933485bfbfa222c82aab7fd0,244.6035494318183,351.0349110018096,IV1;IV2;year_1;Region_1;PMC_I
M2,17,2,81,17,儋州,ce6ca82c326e584d8d688a7bedd72e06f508088c933485bfbfa222c82aab7fd0,539.7352537592891,365.9990047309017,IV1;IV2;year_1;Region_1;PMC_I
M2,17,2,81,19,兰州,ce6ca82c326e584d8d688a7bedd72e06f508088c933485bfbfa222c82aab7fd0,32.85616429924242,235.35842957767642,IV1;IV2;year_1;Region_1;PMC_I
M2,17,2,81,36,琼海,ce6ca82c326e584d8d688a7bedd72e06f508088c933485bfbfa222c82aab7fd0,1716.717565054688,276.9612333590861,IV1;IV2;year_1;Region_1;PMC_I
M2,17,2,81,37,白沙,ce6ca82c326e584d8d688a7bedd72e06f508088c933485bfbfa222c82aab7fd0,192.9951366477273,312.13926862660304,IV1;IV2;year_1;Region_1;PMC_I
M2,17,3,82,3,东方,ce6ca82c326e584d8d688a7bedd72e06f508088c933485bfbfa222c82aab7fd0,266.2529209872159,307.1457246695932,IV1;IV2;year_1;Region_1;PMC_I
M2,17,3,82,4,东莞,ce6ca82c326e584d8d688a7bedd72e06f508088c933485bfbfa222c82aab7fd0,307.5424744318183,404.4097028089599,IV1;IV2;year_1;Region_1;PMC_I
M2,17,3,82,10,义乌,ce6ca82c326e584d8d688a7bedd72e06f508088c933485bfbfa222c82aab7fd0,7288.761349396308,387.5886497434016,IV1;IV2;year_1;Region_1;PMC_I
M2,17,3,82,14,五指山,ce6ca82c326e584d8d688a7bedd72e06f508088c933485bfbfa222c82aab7fd0,273.4003661931818,372.5080633194995,IV1;IV2;year_1;Region_1;PMC_I
M2,17,3,82,15,佛山,ce6ca82c326e584d8d688a7bedd72e06f508088c933485bfbfa222c82aab7fd0,28.38274488636364,278.51698968385864,IV1;IV2;year_1;Region_1;PMC_I
M2,17,3,82,21,北海,ce6ca82c326e584d8d688a7bedd72e06f508088c933485bfbfa222c82aab7fd0,318.3245085227273,255.98090873694935,IV1;IV2;year_1;Region_1;PMC_I
M2,17,3,82,23,定安,ce6ca82c326e584d8d688a7bedd72e06f508088c933485bfbfa222c82aab7fd0,273.4003661931819,315.0537971473828,IV1;IV2;year_1;Region_1;PMC_I
M2,17,3,82,30,海口,ce6ca82c326e584d8d688a7bedd72e06f508088c933485bfbfa222c82aab7fd0,339.134276349432,370.8327674437644,IV1;IV2;year_1;Region_1;PMC_I
M2,17,4,83,5,东营,ce6ca82c326e584d8d688a7bedd72e06f508088c933485bfbfa222c82aab7fd0,425.3271014204544,199.5690201631999,IV1;IV2;year_1;Region_1;PMC_I
M2,17,4,83,11,乐东,ce6ca82c326e584d8d688a7bedd72e06f508088c933485bfbfa222c82aab7fd0,51.57938057753164,347.5209374505285,IV1;IV2;year_1;Region_1;PMC_I
M2,17,4,83,20,北京,ce6ca82c326e584d8d688a7bedd72e06f508088c933485bfbfa222c82aab7fd0,291.2148675426136,710.8090049546171,IV1;IV2;year_1;Region_1;PMC_I
M2,17,4,83,25,广州,ce6ca82c326e584d8d688a7bedd72e06f508088c933485bfbfa222c82aab7fd0,164.1983198863636,799.5319376704227,IV1;IV2;year_1;Region_1;PMC_I
M2,17,4,83,26,惠州,ce6ca82c326e584d8d688a7bedd72e06f508088c933485bfbfa222c82aab7fd0,253.6378448863636,243.38624791357478,IV1;IV2;year_1;Region_1;PMC_I
M2,17,4,83,31,深圳,ce6ca82c326e584d8d688a7bedd72e06f508088c933485bfbfa222c82aab7fd0,159.7083409090909,962.5523710694715,IV1;IV2;year_1;Region_1;PMC_I
M2,17,4,83,32,清远,ce6ca82c326e584d8d688a7bedd72e06f508088c933485bfbfa222c82aab7fd0,375.720028409091,177.053751803022,IV1;IV2;year_1;Region_1;PMC_I
M2,17,4,83,35,琼中,ce6ca82c326e584d8d688a7bedd72e06f508088c933485bfbfa222c82aab7fd0,1106.44734375,232.0746275725407,IV1;IV2;year_1;Region_1;PMC_I
M2,17,5,84,0,万宁,ce6ca82c326e584d8d688a7bedd72e06f508088c933485bfbfa222c82aab7fd0,148.9921240384616,492.7151314484994,IV1;IV2;year_1;Region_1;PMC_I
M2,17,5,84,2,上饶,ce6ca82c326e584d8d688a7bedd72e06f508088c933485bfbfa222c82aab7fd0,114.81355125,241.0410496779517,IV1;IV2;year_1;Region_1;PMC_I
M2,17,5,84,7,中山,ce6ca82c326e584d8d688a7bedd72e06f508088c933485bfbfa222c82aab7fd0,89.11043759098708,242.97222223339276,IV1;IV2;year_1;Region_1;PMC_I
M2,17,5,84,12,乐山,ce6ca82c326e584d8d688a7bedd72e06f508088c933485bfbfa222c82aab7fd0,45.02250000000001,284.01149288500005,IV1;IV2;year_1;Region_1;PMC_I
M2,17,5,84,24,屯昌,ce6ca82c326e584d8d688a7bedd72e06f508088c933485bfbfa222c82aab7fd0,273.4003661931819,345.85922468988633,IV1;IV2;year_1;Region_1;PMC_I
M2,17,5,84,27,文昌,ce6ca82c326e584d8d688a7bedd72e06f508088c933485bfbfa222c82aab7fd0,273.4003661931818,399.990812119123,IV1;IV2;year_1;Region_1;PMC_I
M2,17,5,84,38,肇庆,ce6ca82c326e584d8d688a7bedd72e06f508088c933485bfbfa222c82aab7fd0,23.03745340909091,246.1255817975583,IV1;IV2;year_1;Region_1;PMC_I
M2,17,5,84,40,韶关,ce6ca82c326e584d8d688a7bedd72e06f508088c933485bfbfa222c82aab7fd0,547.9050852272727,238.5154515517409,IV1;IV2;year_1;Region_1;PMC_I
M2,18,1,85,6,中卫,ce6ca82c326e584d8d688a7bedd72e06f508088c933485bfbfa222c82aab7fd0,31.05198382826678,319.00964155534933,IV1;IV2;year_1;Region_1;PMC_I
M2,18,1,85,9,丽水,ce6ca82c326e584d8d688a7bedd72e06f508088c933485bfbfa222c82aab7fd0,33.76567926136365,274.27368775581994,IV1;IV2;year_1;Region_1;PMC_I
M2,18,1,85,10,义乌,ce6ca82c326e584d8d688a7bedd72e06f508088c933485bfbfa222c82aab7fd0,7288.761349396308,358.8350362774899,IV1;IV2;year_1;Region_1;PMC_I
M2,18,1,85,20,北京,ce6ca82c326e584d8d688a7bedd72e06f508088c933485bfbfa222c82aab7fd0,291.2148675426136,300.212707878166,IV1;IV2;year_1;Region_1;PMC_I
M2,18,1,85,24,屯昌,ce6ca82c326e584d8d688a7bedd72e06f508088c933485bfbfa222c82aab7fd0,273.4003661931819,301.3352290298288,IV1;IV2;year_1;Region_1;PMC_I
M2,18,1,85,28,昌江,ce6ca82c326e584d8d688a7bedd72e06f508088c933485bfbfa222c82aab7fd0,268.7138254261364,211.57677057207803,IV1;IV2;year_1;Region_1;PMC_I
M2,18,1,85,31,深圳,ce6ca82c326e584d8d688a7bedd72e06f508088c933485bfbfa222c82aab7fd0,159.7083409090909,425.71337236764964,IV1;IV2;year_1;Region_1;PMC_I
M2,18,1,85,36,琼海,ce6ca82c326e584d8d688a7bedd72e06f508088c933485bfbfa222c82aab7fd0,1716.717565054688,294.1847507631304,IV1;IV2;year_1;Region_1;PMC_I
M2,18,1,85,38,肇庆,ce6ca82c326e584d8d688a7bedd72e06f508088c933485bfbfa222c82aab7fd0,23.03745340909091,200.2625905895905,IV1;IV2;year_1;Region_1;PMC_I
M2,18,2,86,1,上海,ce6ca82c326e584d8d688a7bedd72e06f508088c933485bfbfa222c82aab7fd0,2302.973933396464,363.6184970368008,IV1;IV2;year_1;Region_1;PMC_I
M2,18,2,86,2,上饶,ce6ca82c326e584d8d688a7bedd72e06f508088c933485bfbfa222c82aab7fd0,114.81355125,224.25490167372027,IV1;IV2;year_1;Region_1;PMC_I
M2,18,2,86,5,东营,ce6ca82c326e584d8d688a7bedd72e06f508088c933485bfbfa222c82aab7fd0,425.3271014204544,294.2834511649078,IV1;IV2;year_1;Region_1;PMC_I
M2,18,2,86,13,九江,ce6ca82c326e584d8d688a7bedd72e06f508088c933485bfbfa222c82aab7fd0,0.0,303.86606455648376,IV1;IV2;year_1;Region_1;PMC_I
M2,18,2,86,14,五指山,ce6ca82c326e584d8d688a7bedd72e06f508088c933485bfbfa222c82aab7fd0,273.4003661931818,337.4864245716707,IV1;IV2;year_1;Region_1;PMC_I
M2,18,2,86,18,六安,ce6ca82c326e584d8d688a7bedd72e06f508088c933485bfbfa222c82aab7fd0,8.639045028409095,360.215598559847,IV1;IV2;year_1;Region_1;PMC_I
M2,18,2,86,22,合肥,ce6ca82c326e584d8d688a7bedd72e06f508088c933485bfbfa222c82aab7fd0,13.19625,336.9497482628931,IV1;IV2;year_1;Region_1;PMC_I
M2,18,2,86,26,惠州,ce6ca82c326e584d8d688a7bedd72e06f508088c933485bfbfa222c82aab7fd0,253.6378448863636,275.401735369102,IV1;IV2;year_1;Region_1;PMC_I
M2,18,3,87,0,万宁,ce6ca82c326e584d8d688a7bedd72e06f508088c933485bfbfa222c82aab7fd0,148.9921240384616,520.1848111185251,IV1;IV2;year_1;Region_1;PMC_I
M2,18,3,87,3,东方,ce6ca82c326e584d8d688a7bedd72e06f508088c933485bfbfa222c82aab7fd0,266.2529209872159,418.6453637675823,IV1;IV2;year_1;Region_1;PMC_I
M2,18,3,87,12,乐山,ce6ca82c326e584d8d688a7bedd72e06f508088c933485bfbfa222c82aab7fd0,45.02250000000001,259.16644013337947,IV1;IV2;year_1;Region_1;PMC_I
M2,18,3,87,16,信阳,ce6ca82c326e584d8d688a7bedd72e06f508088c933485bfbfa222c82aab7fd0,244.6035494318183,363.0277629672309,IV1;IV2;year_1;Region_1;PMC_I
M2,18,3,87,19,兰州,ce6ca82c326e584d8d688a7bedd72e06f508088c933485bfbfa222c82aab7fd0,32.85616429924242,296.5000799771132,IV1;IV2;year_1;Region_1;PMC_I
M2,18,3,87,21,北海,ce6ca82c326e584d8d688a7bedd72e06f508088c933485bfbfa222c82aab7fd0,318.3245085227273,335.73275073839466,IV1;IV2;year_1;Region_1;PMC_I
M2,18,3,87,30,海口,ce6ca82c326e584d8d688a7bedd72e06f508088c933485bfbfa222c82aab7fd0,339.134276349432,463.15444519790935,IV1;IV2;year_1;Region_1;PMC_I
M2,18,3,87,40,韶关,ce6ca82c326e584d8d688a7bedd72e06f508088c933485bfbfa222c82aab7fd0,547.9050852272727,230.2539081840277,IV1;IV2;year_1;Region_1;PMC_I
M2,18,4,88,4,东莞,ce6ca82c326e584d8d688a7bedd72e06f508088c933485bfbfa222c82aab7fd0,307.5424744318183,574.3228552964146,IV1;IV2;year_1;Region_1;PMC_I
M2,18,4,88,8,临高,ce6ca82c326e584d8d688a7bedd72e06f508088c933485bfbfa222c82aab7fd0,83.80276845703128,293.53180336713,IV1;IV2;year_1;Region_1;PMC_I
M2,18,4,88,17,儋州,ce6ca82c326e584d8d688a7bedd72e06f508088c933485bfbfa222c82aab7fd0,539.7352537592891,295.44208035572234,IV1;IV2;year_1;Region_1;PMC_I
M2,18,4,88,25,广州,ce6ca82c326e584d8d688a7bedd72e06f508088c933485bfbfa222c82aab7fd0,164.1983198863636,596.6967483423971,IV1;IV2;year_1;Region_1;PMC_I
M2,18,4,88,29,汕头,ce6ca82c326e584d8d688a7bedd72e06f508088c933485bfbfa222c82aab7fd0,516.6316193181818,206.15602498921916,IV1;IV2;year_1;Region_1;PMC_I
M2,18,4,88,32,清远,ce6ca82c326e584d8d688a7bedd72e06f508088c933485bfbfa222c82aab7fd0,375.720028409091,190.41431322842564,IV1;IV2;year_1;Region_1;PMC_I
M2,18,4,88,33,澄迈,ce6ca82c326e584d8d688a7bedd72e06f508088c933485bfbfa222c82aab7fd0,647.861484375,279.18314725435414,IV1;IV2;year_1;Region_1;PMC_I
M2,18,4,88,34,珠海,ce6ca82c326e584d8d688a7bedd72e06f508088c933485bfbfa222c82aab7fd0,1511.786079545455,662.2317030793747,IV1;IV2;year_1;Region_1;PMC_I
M2,18,5,89,7,中山,ce6ca82c326e584d8d688a7bedd72e06f508088c933485bfbfa222c82aab7fd0,89.11043759098708,266.3564737299689,IV1;IV2;year_1;Region_1;PMC_I
M2,18,5,89,11,乐东,ce6ca82c326e584d8d688a7bedd72e06f508088c933485bfbfa222c82aab7fd0,51.57938057753164,366.0660804353256,IV1;IV2;year_1;Region_1;PMC_I
M2,18,5,89,15,佛山,ce6ca82c326e584d8d688a7bedd72e06f508088c933485bfbfa222c82aab7fd0,28.38274488636364,314.43308850107917,IV1;IV2;year_1;Region_1;PMC_I
M2,18,5,89,23,定安,ce6ca82c326e584d8d688a7bedd72e06f508088c933485bfbfa222c82aab7fd0,273.4003661931819,369.82700535723643,IV1;IV2;year_1;Region_1;PMC_I
M2,18,5,89,27,文昌,ce6ca82c326e584d8d688a7bedd72e06f508088c933485bfbfa222c82aab7fd0,273.4003661931818,290.2570401307016,IV1;IV2;year_1;Region_1;PMC_I
M2,18,5,89,35,琼中,ce6ca82c326e584d8d688a7bedd72e06f508088c933485bfbfa222c82aab7fd0,1106.44734375,267.27754705555475,IV1;IV2;year_1;Region_1;PMC_I
M2,18,5,89,37,白沙,ce6ca82c326e584d8d688a7bedd72e06f508088c933485bfbfa222c82aab7fd0,192.9951366477273,365.8989032577625,IV1;IV2;year_1;Region_1;PMC_I
M2,18,5,89,39,陵水,ce6ca82c326e584d8d688a7bedd72e06f508088c933485bfbfa222c82aab7fd0,337.1486134943182,480.50234125979694,IV1;IV2;year_1;Region_1;PMC_I
M2,19,1,90,3,东方,ce6ca82c326e584d8d688a7bedd72e06f508088c933485bfbfa222c82aab7fd0,266.2529209872159,309.8945278929911,IV1;IV2;year_1;Region_1;PMC_I
M2,19,1,90,7,中山,ce6ca82c326e584d8d688a7bedd72e06f508088c933485bfbfa222c82aab7fd0,89.11043759098708,235.49339844425361,IV1;IV2;year_1;Region_1;PMC_I
M2,19,1,90,13,九江,ce6ca82c326e584d8d688a7bedd72e06f508088c933485bfbfa222c82aab7fd0,0.0,341.1974216515998,IV1;IV2;year_1;Region_1;PMC_I
M2,19,1,90,19,兰州,ce6ca82c326e584d8d688a7bedd72e06f508088c933485bfbfa222c82aab7fd0,32.85616429924242,253.7153616358503,IV1;IV2;year_1;Region_1;PMC_I
M2,19,1,90,23,定安,ce6ca82c326e584d8d688a7bedd72e06f508088c933485bfbfa222c82aab7fd0,273.4003661931819,299.34997039894125,IV1;IV2;year_1;Region_1;PMC_I
M2,19,1,90,30,海口,ce6ca82c326e584d8d688a7bedd72e06f508088c933485bfbfa222c82aab7fd0,339.134276349432,297.6099537803099,IV1;IV2;year_1;Region_1;PMC_I
M2,19,1,90,34,珠海,ce6ca82c326e584d8d688a7bedd72e06f508088c933485bfbfa222c82aab7fd0,1511.786079545455,558.4961798542904,IV1;IV2;year_1;Region_1;PMC_I
M2,19,1,90,36,琼海,ce6ca82c326e584d8d688a7bedd72e06f508088c933485bfbfa222c82aab7fd0,1716.717565054688,280.09396307830826,IV1;IV2;year_1;Region_1;PMC_I
M2,19,1,90,40,韶关,ce6ca82c326e584d8d688a7bedd72e06f508088c933485bfbfa222c82aab7fd0,547.9050852272727,190.0675104186984,IV1;IV2;year_1;Region_1;PMC_I
M2,19,2,91,6,中卫,ce6ca82c326e584d8d688a7bedd72e06f508088c933485bfbfa222c82aab7fd0,31.05198382826678,288.4531944683592,IV1;IV2;year_1;Region_1;PMC_I
M2,19,2,91,9,丽水,ce6ca82c326e584d8d688a7bedd72e06f508088c933485bfbfa222c82aab7fd0,33.76567926136365,455.73258139205024,IV1;IV2;year_1;Region_1;PMC_I
M2,19,2,91,11,乐东,ce6ca82c326e584d8d688a7bedd72e06f508088c933485bfbfa222c82aab7fd0,51.57938057753164,429.14666953364855,IV1;IV2;year_1;Region_1;PMC_I
M2,19,2,91,14,五指山,ce6ca82c326e584d8d688a7bedd72e06f508088c933485bfbfa222c82aab7fd0,273.4003661931818,468.5597515240494,IV1;IV2;year_1;Region_1;PMC_I
M2,19,2,91,22,合肥,ce6ca82c326e584d8d688a7bedd72e06f508088c933485bfbfa222c82aab7fd0,13.19625,461.26202511315154,IV1;IV2;year_1;Region_1;PMC_I
M2,19,2,91,28,昌江,ce6ca82c326e584d8d688a7bedd72e06f508088c933485bfbfa222c82aab7fd0,268.7138254261364,267.84987932235344,IV1;IV2;year_1;Region_1;PMC_I
M2,19,2,91,33,澄迈,ce6ca82c326e584d8d688a7bedd72e06f508088c933485bfbfa222c82aab7fd0,647.861484375,336.287644307284,IV1;IV2;year_1;Region_1;PMC_I
M2,19,2,91,38,肇庆,ce6ca82c326e584d8d688a7bedd72e06f508088c933485bfbfa222c82aab7fd0,23.03745340909091,285.41392319521566,IV1;IV2;year_1;Region_1;PMC_I
M2,19,3,92,2,上饶,ce6ca82c326e584d8d688a7bedd72e06f508088c933485bfbfa222c82aab7fd0,114.81355125,191.00013951621014,IV1;IV2;year_1;Region_1;PMC_I
M2,19,3,92,4,东莞,ce6ca82c326e584d8d688a7bedd72e06f508088c933485bfbfa222c82aab7fd0,307.5424744318183,638.1185621883319,IV1;IV2;year_1;Region_1;PMC_I
M2,19,3,92,5,东营,ce6ca82c326e584d8d688a7bedd72e06f508088c933485bfbfa222c82aab7fd0,425.3271014204544,209.9201706192463,IV1;IV2;year_1;Region_1;PMC_I
M2,19,3,92,15,佛山,ce6ca82c326e584d8d688a7bedd72e06f508088c933485bfbfa222c82aab7fd0,28.38274488636364,324.956768584519,IV1;IV2;year_1;Region_1;PMC_I
M2,19,3,92,18,六安,ce6ca82c326e584d8d688a7bedd72e06f508088c933485bfbfa222c82aab7fd0,8.639045028409095,321.61228096685096,IV1;IV2;year_1;Region_1;PMC_I
M2,19,3,92,27,文昌,ce6ca82c326e584d8d688a7bedd72e06f508088c933485bfbfa222c82aab7fd0,273.4003661931818,238.9196280687844,IV1;IV2;year_1;Region_1;PMC_I
M2,19,3,92,29,汕头,ce6ca82c326e584d8d688a7bedd72e06f508088c933485bfbfa222c82aab7fd0,516.6316193181818,218.73333047438027,IV1;IV2;year_1;Region_1;PMC_I
M2,19,3,92,35,琼中,ce6ca82c326e584d8d688a7bedd72e06f508088c933485bfbfa222c82aab7fd0,1106.44734375,222.96279753795065,IV1;IV2;year_1;Region_1;PMC_I
M2,19,4,93,1,上海,ce6ca82c326e584d8d688a7bedd72e06f508088c933485bfbfa222c82aab7fd0,2302.973933396464,398.9751807281077,IV1;IV2;year_1;Region_1;PMC_I
M2,19,4,93,8,临高,ce6ca82c326e584d8d688a7bedd72e06f508088c933485bfbfa222c82aab7fd0,83.80276845703128,428.29465538346454,IV1;IV2;year_1;Region_1;PMC_I
M2,19,4,93,12,乐山,ce6ca82c326e584d8d688a7bedd72e06f508088c933485bfbfa222c82aab7fd0,45.02250000000001,277.1321098484285,IV1;IV2;year_1;Region_1;PMC_I
M2,19,4,93,16,信阳,ce6ca82c326e584d8d688a7bedd72e06f508088c933485bfbfa222c82aab7fd0,244.6035494318183,375.53881728770966,IV1;IV2;year_1;Region_1;PMC_I
M2,19,4,93,21,北海,ce6ca82c326e584d8d688a7bedd72e06f508088c933485bfbfa222c82aab7fd0,318.3245085227273,319.7040878958253,IV1;IV2;year_1;Region_1;PMC_I
M2,19,4,93,26,惠州,ce6ca82c326e584d8d688a7bedd72e06f508088c933485bfbfa222c82aab7fd0,253.6378448863636,288.73152148909105,IV1;IV2;year_1;Region_1;PMC_I
M2,19,4,93,37,白沙,ce6ca82c326e584d8d688a7bedd72e06f508088c933485bfbfa222c82aab7fd0,192.9951366477273,356.3157290309746,IV1;IV2;year_1;Region_1;PMC_I
M2,19,4,93,39,陵水,ce6ca82c326e584d8d688a7bedd72e06f508088c933485bfbfa222c82aab7fd0,337.1486134943182,477.0972212838216,IV1;IV2;year_1;Region_1;PMC_I
M2,19,5,94,0,万宁,ce6ca82c326e584d8d688a7bedd72e06f508088c933485bfbfa222c82aab7fd0,148.9921240384616,467.7315353234479,IV1;IV2;year_1;Region_1;PMC_I
M2,19,5,94,10,义乌,ce6ca82c326e584d8d688a7bedd72e06f508088c933485bfbfa222c82aab7fd0,7288.761349396308,439.663649078687,IV1;IV2;year_1;Region_1;PMC_I
M2,19,5,94,17,儋州,ce6ca82c326e584d8d688a7bedd72e06f508088c933485bfbfa222c82aab7fd0,539.7352537592891,332.737579870028,IV1;IV2;year_1;Region_1;PMC_I
M2,19,5,94,20,北京,ce6ca82c326e584d8d688a7bedd72e06f508088c933485bfbfa222c82aab7fd0,291.2148675426136,365.72708221703357,IV1;IV2;year_1;Region_1;PMC_I
M2,19,5,94,24,屯昌,ce6ca82c326e584d8d688a7bedd72e06f508088c933485bfbfa222c82aab7fd0,273.4003661931819,325.8739459141589,IV1;IV2;year_1;Region_1;PMC_I
M2,19,5,94,25,广州,ce6ca82c326e584d8d688a7bedd72e06f508088c933485bfbfa222c82aab7fd0,164.1983198863636,419.08810010300925,IV1;IV2;year_1;Region_1;PMC_I
M2,19,5,94,31,深圳,ce6ca82c326e584d8d688a7bedd72e06f508088c933485bfbfa222c82aab7fd0,159.7083409090909,508.3612272728975,IV1;IV2;year_1;Region_1;PMC_I
M2,19,5,94,32,清远,ce6ca82c326e584d8d688a7bedd72e06f508088c933485bfbfa222c82aab7fd0,375.720028409091,195.17041273343085,IV1;IV2;year_1;Region_1;PMC_I
M2,20,1,95,5,东营,ce6ca82c326e584d8d688a7bedd72e06f508088c933485bfbfa222c82aab7fd0,425.3271014204544,269.09273371714283,IV1;IV2;year_1;Region_1;PMC_I
M2,20,1,95,8,临高,ce6ca82c326e584d8d688a7bedd72e06f508088c933485bfbfa222c82aab7fd0,83.80276845703128,415.57678125606327,IV1;IV2;year_1;Region_1;PMC_I
M2,20,1,95,9,丽水,ce6ca82c326e584d8d688a7bedd72e06f508088c933485bfbfa222c82aab7fd0,33.76567926136365,380.81045468231275,IV1;IV2;year_1;Region_1;PMC_I
M2,20,1,95,19,兰州,ce6ca82c326e584d8d688a7bedd72e06f508088c933485bfbfa222c82aab7fd0,32.85616429924242,304.008367983477,IV1;IV2;year_1;Region_1;PMC_I
M2,20,1,95,22,合肥,ce6ca82c326e584d8d688a7bedd72e06f508088c933485bfbfa222c82aab7fd0,13.19625,403.96760521098923,IV1;IV2;year_1;Region_1;PMC_I
M2,20,1,95,23,定安,ce6ca82c326e584d8d688a7bedd72e06f508088c933485bfbfa222c82aab7fd0,273.4003661931819,324.8323712603685,IV1;IV2;year_1;Region_1;PMC_I
M2,20,1,95,36,琼海,ce6ca82c326e584d8d688a7bedd72e06f508088c933485bfbfa222c82aab7fd0,1716.717565054688,344.8847454730801,IV1;IV2;year_1;Region_1;PMC_I
M2,20,1,95,39,陵水,ce6ca82c326e584d8d688a7bedd72e06f508088c933485bfbfa222c82aab7fd0,337.1486134943182,416.96854358606026,IV1;IV2;year_1;Region_1;PMC_I
M2,20,1,95,40,韶关,ce6ca82c326e584d8d688a7bedd72e06f508088c933485bfbfa222c82aab7fd0,547.9050852272727,243.5911579719426,IV1;IV2;year_1;Region_1;PMC_I
M2,20,2,96,6,中卫,ce6ca82c326e584d8d688a7bedd72e06f508088c933485bfbfa222c82aab7fd0,31.05198382826678,307.524279315989,IV1;IV2;year_1;Region_1;PMC_I
M2,20,2,96,10,义乌,ce6ca82c326e584d8d688a7bedd72e06f508088c933485bfbfa222c82aab7fd0,7288.761349396308,273.76880386669893,IV1;IV2;year_1;Region_1;PMC_I
M2,20,2,96,13,九江,ce6ca82c326e584d8d688a7bedd72e06f508088c933485bfbfa222c82aab7fd0,0.0,265.1507208744803,IV1;IV2;year_1;Region_1;PMC_I
M2,20,2,96,18,六安,ce6ca82c326e584d8d688a7bedd72e06f508088c933485bfbfa222c82aab7fd0,8.639045028409095,305.56728593258435,IV1;IV2;year_1;Region_1;PMC_I
M2,20,2,96,20,北京,ce6ca82c326e584d8d688a7bedd72e06f508088c933485bfbfa222c82aab7fd0,291.2148675426136,263.82596173217314,IV1;IV2;year_1;Region_1;PMC_I
M2,20,2,96,34,珠海,ce6ca82c326e584d8d688a7bedd72e06f508088c933485bfbfa222c82aab7fd0,1511.786079545455,302.8574210494408,IV1;IV2;year_1;Region_1;PMC_I
M2,20,2,96,35,琼中,ce6ca82c326e584d8d688a7bedd72e06f508088c933485bfbfa222c82aab7fd0,1106.44734375,298.283911398885,IV1;IV2;year_1;Region_1;PMC_I
M2,20,2,96,37,白沙,ce6ca82c326e584d8d688a7bedd72e06f508088c933485bfbfa222c82aab7fd0,192.9951366477273,362.8583743785029,IV1;IV2;year_1;Region_1;PMC_I
M2,20,3,97,4,东莞,ce6ca82c326e584d8d688a7bedd72e06f508088c933485bfbfa222c82aab7fd0,307.5424744318183,622.8971747746602,IV1;IV2;year_1;Region_1;PMC_I
M2,20,3,97,11,乐东,ce6ca82c326e584d8d688a7bedd72e06f508088c933485bfbfa222c82aab7fd0,51.57938057753164,464.85931827288493,IV1;IV2;year_1;Region_1;PMC_I
M2,20,3,97,14,五指山,ce6ca82c326e584d8d688a7bedd72e06f508088c933485bfbfa222c82aab7fd0,273.4003661931818,471.69774303441267,IV1;IV2;year_1;Region_1;PMC_I
M2,20,3,97,15,佛山,ce6ca82c326e584d8d688a7bedd72e06f508088c933485bfbfa222c82aab7fd0,28.38274488636364,260.6131093130595,IV1;IV2;year_1;Region_1;PMC_I
M2,20,3,97,16,信阳,ce6ca82c326e584d8d688a7bedd72e06f508088c933485bfbfa222c82aab7fd0,244.6035494318183,394.3237894963095,IV1;IV2;year_1;Region_1;PMC_I
M2,20,3,97,24,屯昌,ce6ca82c326e584d8d688a7bedd72e06f508088c933485bfbfa222c82aab7fd0,273.4003661931819,450.9923809796158,IV1;IV2;year_1;Region_1;PMC_I
M2,20,3,97,28,昌江,ce6ca82c326e584d8d688a7bedd72e06f508088c933485bfbfa222c82aab7fd0,268.7138254261364,267.22192973451126,IV1;IV2;year_1;Region_1;PMC_I
M2,20,3,97,38,肇庆,ce6ca82c326e584d8d688a7bedd72e06f508088c933485bfbfa222c82aab7fd0,23.03745340909091,221.2470039600951,IV1;IV2;year_1;Region_1;PMC_I
M2,20,4,98,1,上海,ce6ca82c326e584d8d688a7bedd72e06f508088c933485bfbfa222c82aab7fd0,2302.973933396464,490.5433238995986,IV1;IV2;year_1;Region_1;PMC_I
M2,20,4,98,2,上饶,ce6ca82c326e584d8d688a7bedd72e06f508088c933485bfbfa222c82aab7fd0,114.81355125,161.5410376565267,IV1;IV2;year_1;Region_1;PMC_I
M2,20,4,98,17,儋州,ce6ca82c326e584d8d688a7bedd72e06f508088c933485bfbfa222c82aab7fd0,539.7352537592891,298.3413832561923,IV1;IV2;year_1;Region_1;PMC_I
M2,20,4,98,21,北海,ce6ca82c326e584d8d688a7bedd72e06f508088c933485bfbfa222c82aab7fd0,318.3245085227273,262.05217309744796,IV1;IV2;year_1;Region_1;PMC_I
M2,20,4,98,25,广州,ce6ca82c326e584d8d688a7bedd72e06f508088c933485bfbfa222c82aab7fd0,164.1983198863636,441.6607835037165,IV1;IV2;year_1;Region_1;PMC_I
M2,20,4,98,26,惠州,ce6ca82c326e584d8d688a7bedd72e06f508088c933485bfbfa222c82aab7fd0,253.6378448863636,227.0247402324001,IV1;IV2;year_1;Region_1;PMC_I
M2,20,4,98,29,汕头,ce6ca82c326e584d8d688a7bedd72e06f508088c933485bfbfa222c82aab7fd0,516.6316193181818,241.26044031714915,IV1;IV2;year_1;Region_1;PMC_I
M2,20,4,98,32,清远,ce6ca82c326e584d8d688a7bedd72e06f508088c933485bfbfa222c82aab7fd0,375.720028409091,202.23060613155965,IV1;IV2;year_1;Region_1;PMC_I
M2,20,5,99,0,万宁,ce6ca82c326e584d8d688a7bedd72e06f508088c933485bfbfa222c82aab7fd0,148.9921240384616,503.4072524299609,IV1;IV2;year_1;Region_1;PMC_I
M2,20,5,99,3,东方,ce6ca82c326e584d8d688a7bedd72e06f508088c933485bfbfa222c82aab7fd0,266.2529209872159,358.08142358816735,IV1;IV2;year_1;Region_1;PMC_I
M2,20,5,99,7,中山,ce6ca82c326e584d8d688a7bedd72e06f508088c933485bfbfa222c82aab7fd0,89.11043759098708,243.9815694330182,IV1;IV2;year_1;Region_1;PMC_I
M2,20,5,99,12,乐山,ce6ca82c326e584d8d688a7bedd72e06f508088c933485bfbfa222c82aab7fd0,45.02250000000001,236.4263478398082,IV1;IV2;year_1;Region_1;PMC_I
M2,20,5,99,27,文昌,ce6ca82c326e584d8d688a7bedd72e06f508088c933485bfbfa222c82aab7fd0,273.4003661931818,361.1711055559216,IV1;IV2;year_1;Region_1;PMC_I
M2,20,5,99,30,海口,ce6ca82c326e584d8d688a7bedd72e06f508088c933485bfbfa222c82aab7fd0,339.134276349432,476.8386055816139,IV1;IV2;year_1;Region_1;PMC_I
M2,20,5,99,31,深圳,ce6ca82c326e584d8d688a7bedd72e06f508088c933485bfbfa222c82aab7fd0,159.7083409090909,804.6425030935696,IV1;IV2;year_1;Region_1;PMC_I
M2,20,5,99,33,澄迈,ce6ca82c326e584d8d688a7bedd72e06f508088c933485bfbfa222c82aab7fd0,647.861484375,327.41642451088694,IV1;IV2;year_1;Region_1;PMC_I
M3,1,1,0,4,东莞,ce6ca82c326e584d8d688a7bedd72e06f508088c933485bfbfa222c82aab7fd0,307.5424744318183,686.9160223286043,IV1;IV2;year_1;Region_1;PMC_Frequency
M3,1,1,0,8,临高,ce6ca82c326e584d8d688a7bedd72e06f508088c933485bfbfa222c82aab7fd0,83.80276845703128,351.3851940166941,IV1;IV2;year_1;Region_1;PMC_Frequency
M3,1,1,0,13,九江,ce6ca82c326e584d8d688a7bedd72e06f508088c933485bfbfa222c82aab7fd0,0.0,293.73705679635447,IV1;IV2;year_1;Region_1;PMC_Frequency
M3,1,1,0,19,兰州,ce6ca82c326e584d8d688a7bedd72e06f508088c933485bfbfa222c82aab7fd0,32.85616429924242,257.30567419841606,IV1;IV2;year_1;Region_1;PMC_Frequency
M3,1,1,0,24,屯昌,ce6ca82c326e584d8d688a7bedd72e06f508088c933485bfbfa222c82aab7fd0,273.4003661931819,362.736672340989,IV1;IV2;year_1;Region_1;PMC_Frequency
M3,1,1,0,25,广州,ce6ca82c326e584d8d688a7bedd72e06f508088c933485bfbfa222c82aab7fd0,164.1983198863636,544.7132681612361,IV1;IV2;year_1;Region_1;PMC_Frequency
M3,1,1,0,29,汕头,ce6ca82c326e584d8d688a7bedd72e06f508088c933485bfbfa222c82aab7fd0,516.6316193181818,329.28361600201123,IV1;IV2;year_1;Region_1;PMC_Frequency
M3,1,1,0,39,陵水,ce6ca82c326e584d8d688a7bedd72e06f508088c933485bfbfa222c82aab7fd0,337.1486134943182,451.06091931948015,IV1;IV2;year_1;Region_1;PMC_Frequency
M3,1,1,0,40,韶关,ce6ca82c326e584d8d688a7bedd72e06f508088c933485bfbfa222c82aab7fd0,547.9050852272727,325.39961123810264,IV1;IV2;year_1;Region_1;PMC_Frequency
M3,1,2,1,6,中卫,ce6ca82c326e584d8d688a7bedd72e06f508088c933485bfbfa222c82aab7fd0,31.05198382826678,285.24508456116934,IV1;IV2;year_1;Region_1;PMC_Frequency
M3,1,2,1,9,丽水,ce6ca82c326e584d8d688a7bedd72e06f508088c933485bfbfa222c82aab7fd0,33.76567926136365,516.1067435624265,IV1;IV2;year_1;Region_1;PMC_Frequency
M3,1,2,1,12,乐山,ce6ca82c326e584d8d688a7bedd72e06f508088c933485bfbfa222c82aab7fd0,45.02250000000001,213.6700542315595,IV1;IV2;year_1;Region_1;PMC_Frequency
M3,1,2,1,15,佛山,ce6ca82c326e584d8d688a7bedd72e06f508088c933485bfbfa222c82aab7fd0,28.38274488636364,394.5417258963458,IV1;IV2;year_1;Region_1;PMC_Frequency
M3,1,2,1,16,信阳,ce6ca82c326e584d8d688a7bedd72e06f508088c933485bfbfa222c82aab7fd0,244.6035494318183,491.3852301533793,IV1;IV2;year_1;Region_1;PMC_Frequency
M3,1,2,1,17,儋州,ce6ca82c326e584d8d688a7bedd72e06f508088c933485bfbfa222c82aab7fd0,539.7352537592891,325.5091846503782,IV1;IV2;year_1;Region_1;PMC_Frequency
M3,1,2,1,26,惠州,ce6ca82c326e584d8d688a7bedd72e06f508088c933485bfbfa222c82aab7fd0,253.6378448863636,275.3160377985738,IV1;IV2;year_1;Region_1;PMC_Frequency
M3,1,2,1,32,清远,ce6ca82c326e584d8d688a7bedd72e06f508088c933485bfbfa222c82aab7fd0,375.720028409091,300.95420522076455,IV1;IV2;year_1;Region_1;PMC_Frequency
M3,1,3,2,0,万宁,ce6ca82c326e584d8d688a7bedd72e06f508088c933485bfbfa222c82aab7fd0,148.9921240384616,405.54465508494957,IV1;IV2;year_1;Region_1;PMC_Frequency
M3,1,3,2,1,上海,ce6ca82c326e584d8d688a7bedd72e06f508088c933485bfbfa222c82aab7fd0,2302.973933396464,387.56755381890736,IV1;IV2;year_1;Region_1;PMC_Frequency
M3,1,3,2,5,东营,ce6ca82c326e584d8d688a7bedd72e06f508088c933485bfbfa222c82aab7fd0,425.3271014204544,220.75009795567615,IV1;IV2;year_1;Region_1;PMC_Frequency
M3,1,3,2,11,乐东,ce6ca82c326e584d8d688a7bedd72e06f508088c933485bfbfa222c82aab7fd0,51.57938057753164,443.54547000454835,IV1;IV2;year_1;Region_1;PMC_Frequency
M3,1,3,2,27,文昌,ce6ca82c326e584d8d688a7bedd72e06f508088c933485bfbfa222c82aab7fd0,273.4003661931818,323.72701346260703,IV1;IV2;year_1;Region_1;PMC_Frequency
M3,1,3,2,30,海口,ce6ca82c326e584d8d688a7bedd72e06f508088c933485bfbfa222c82aab7fd0,339.134276349432,477.2011532966631,IV1;IV2;year_1;Region_1;PMC_Frequency
M3,1,3,2,34,珠海,ce6ca82c326e584d8d688a7bedd72e06f508088c933485bfbfa222c82aab7fd0,1511.786079545455,413.2411947223511,IV1;IV2;year_1;Region_1;PMC_Frequency
M3,1,3,2,35,琼中,ce6ca82c326e584d8d688a7bedd72e06f508088c933485bfbfa222c82aab7fd0,1106.44734375,301.5784975736553,IV1;IV2;year_1;Region_1;PMC_Frequency
M3,1,4,3,2,上饶,ce6ca82c326e584d8d688a7bedd72e06f508088c933485bfbfa222c82aab7fd0,114.81355125,274.1085895064908,IV1;IV2;year_1;Region_1;PMC_Frequency
M3,1,4,3,3,东方,ce6ca82c326e584d8d688a7bedd72e06f508088c933485bfbfa222c82aab7fd0,266.2529209872159,292.6833466559091,IV1;IV2;year_1;Region_1;PMC_Frequency
M3,1,4,3,21,北海,ce6ca82c326e584d8d688a7bedd72e06f508088c933485bfbfa222c82aab7fd0,318.3245085227273,260.4794854659108,IV1;IV2;year_1;Region_1;PMC_Frequency
M3,1,4,3,23,定安,ce6ca82c326e584d8d688a7bedd72e06f508088c933485bfbfa222c82aab7fd0,273.4003661931819,302.5685461744926,IV1;IV2;year_1;Region_1;PMC_Frequency
M3,1,4,3,31,深圳,ce6ca82c326e584d8d688a7bedd72e06f508088c933485bfbfa222c82aab7fd0,159.7083409090909,634.1886309864543,IV1;IV2;year_1;Region_1;PMC_Frequency
M3,1,4,3,33,澄迈,ce6ca82c326e584d8d688a7bedd72e06f508088c933485bfbfa222c82aab7fd0,647.861484375,231.77700309263986,IV1;IV2;year_1;Region_1;PMC_Frequency
M3,1,4,3,36,琼海,ce6ca82c326e584d8d688a7bedd72e06f508088c933485bfbfa222c82aab7fd0,1716.717565054688,379.5390902400606,IV1;IV2;year_1;Region_1;PMC_Frequency
M3,1,4,3,37,白沙,ce6ca82c326e584d8d688a7bedd72e06f508088c933485bfbfa222c82aab7fd0,192.9951366477273,224.21946713294318,IV1;IV2;year_1;Region_1;PMC_Frequency
M3,1,5,4,7,中山,ce6ca82c326e584d8d688a7bedd72e06f508088c933485bfbfa222c82aab7fd0,89.11043759098708,219.2342258813416,IV1;IV2;year_1;Region_1;PMC_Frequency
M3,1,5,4,10,义乌,ce6ca82c326e584d8d688a7bedd72e06f508088c933485bfbfa222c82aab7fd0,7288.761349396308,418.41611319503556,IV1;IV2;year_1;Region_1;PMC_Frequency
M3,1,5,4,14,五指山,ce6ca82c326e584d8d688a7bedd72e06f508088c933485bfbfa222c82aab7fd0,273.4003661931818,339.51498430716885,IV1;IV2;year_1;Region_1;PMC_Frequency
M3,1,5,4,18,六安,ce6ca82c326e584d8d688a7bedd72e06f508088c933485bfbfa222c82aab7fd0,8.639045028409095,467.2002176185209,IV1;IV2;year_1;Region_1;PMC_Frequency
M3,1,5,4,20,北京,ce6ca82c326e584d8d688a7bedd72e06f508088c933485bfbfa222c82aab7fd0,291.2148675426136,315.83624570223617,IV1;IV2;year_1;Region_1;PMC_Frequency
M3,1,5,4,22,合肥,ce6ca82c326e584d8d688a7bedd72e06f508088c933485bfbfa222c82aab7fd0,13.19625,228.77065670789742,IV1;IV2;year_1;Region_1;PMC_Frequency
M3,1,5,4,28,昌江,ce6ca82c326e584d8d688a7bedd72e06f508088c933485bfbfa222c82aab7fd0,268.7138254261364,265.6757733610596,IV1;IV2;year_1;Region_1;PMC_Frequency
M3,1,5,4,38,肇庆,ce6ca82c326e584d8d688a7bedd72e06f508088c933485bfbfa222c82aab7fd0,23.03745340909091,249.84419024902775,IV1;IV2;year_1;Region_1;PMC_Frequency
M3,2,1,5,0,万宁,ce6ca82c326e584d8d688a7bedd72e06f508088c933485bfbfa222c82aab7fd0,148.9921240384616,378.96357165489974,IV1;IV2;year_1;Region_1;PMC_Frequency
M3,2,1,5,4,东莞,ce6ca82c326e584d8d688a7bedd72e06f508088c933485bfbfa222c82aab7fd0,307.5424744318183,251.61969979432249,IV1;IV2;year_1;Region_1;PMC_Frequency
M3,2,1,5,10,义乌,ce6ca82c326e584d8d688a7bedd72e06f508088c933485bfbfa222c82aab7fd0,7288.761349396308,299.7204935321761,IV1;IV2;year_1;Region_1;PMC_Frequency
M3,2,1,5,12,乐山,ce6ca82c326e584d8d688a7bedd72e06f508088c933485bfbfa222c82aab7fd0,45.02250000000001,220.78247671931064,IV1;IV2;year_1;Region_1;PMC_Frequency
M3,2,1,5,18,六安,ce6ca82c326e584d8d688a7bedd72e06f508088c933485bfbfa222c82aab7fd0,8.639045028409095,470.781217004769,IV1;IV2;year_1;Region_1;PMC_Frequency
M3,2,1,5,23,定安,ce6ca82c326e584d8d688a7bedd72e06f508088c933485bfbfa222c82aab7fd0,273.4003661931819,335.5773450742701,IV1;IV2;year_1;Region_1;PMC_Frequency
M3,2,1,5,26,惠州,ce6ca82c326e584d8d688a7bedd72e06f508088c933485bfbfa222c82aab7fd0,253.6378448863636,203.51283750653673,IV1;IV2;year_1;Region_1;PMC_Frequency
M3,2,1,5,28,昌江,ce6ca82c326e584d8d688a7bedd72e06f508088c933485bfbfa222c82aab7fd0,268.7138254261364,289.01077514923105,IV1;IV2;year_1;Region_1;PMC_Frequency
M3,2,1,5,34,珠海,ce6ca82c326e584d8d688a7bedd72e06f508088c933485bfbfa222c82aab7fd0,1511.786079545455,314.58951896584733,IV1;IV2;year_1;Region_1;PMC_Frequency
M3,2,2,6,5,东营,ce6ca82c326e584d8d688a7bedd72e06f508088c933485bfbfa222c82aab7fd0,425.3271014204544,201.37133104956655,IV1;IV2;year_1;Region_1;PMC_Frequency
M3,2,2,6,9,丽水,ce6ca82c326e584d8d688a7bedd72e06f508088c933485bfbfa222c82aab7fd0,33.76567926136365,454.8032555102506,IV1;IV2;year_1;Region_1;PMC_Frequency
M3,2,2,6,15,佛山,ce6ca82c326e584d8d688a7bedd72e06f508088c933485bfbfa222c82aab7fd0,28.38274488636364,430.28417276442696,IV1;IV2;year_1;Region_1;PMC_Frequency
M3,2,2,6,21,北海,ce6ca82c326e584d8d688a7bedd72e06f508088c933485bfbfa222c82aab7fd0,318.3245085227273,241.37830222034637,IV1;IV2;year_1;Region_1;PMC_Frequency
M3,2,2,6,22,合肥,ce6ca82c326e584d8d688a7bedd72e06f508088c933485bfbfa222c82aab7fd0,13.19625,294.73199996268124,IV1;IV2;year_1;Region_1;PMC_Frequency
M3,2,2,6,31,深圳,ce6ca82c326e584d8d688a7bedd72e06f508088c933485bfbfa222c82aab7fd0,159.7083409090909,572.5747009357196,IV1;IV2;year_1;Region_1;PMC_Frequency
M3,2,2,6,32,清远,ce6ca82c326e584d8d688a7bedd72e06f508088c933485bfbfa222c82aab7fd0,375.720028409091,280.08918546161124,IV1;IV2;year_1;Region_1;PMC_Frequency
M3,2,2,6,36,琼海,ce6ca82c326e584d8d688a7bedd72e06f508088c933485bfbfa222c82aab7fd0,1716.717565054688,411.08442182493997,IV1;IV2;year_1;Region_1;PMC_Frequency
M3,2,3,7,2,上饶,ce6ca82c326e584d8d688a7bedd72e06f508088c933485bfbfa222c82aab7fd0,114.81355125,343.68378313651806,IV1;IV2;year_1;Region_1;PMC_Frequency
M3,2,3,7,16,信阳,ce6ca82c326e584d8d688a7bedd72e06f508088c933485bfbfa222c82aab7fd0,244.6035494318183,414.27184823573884,IV1;IV2;year_1;Region_1;PMC_Frequency
M3,2,3,7,20,北京,ce6ca82c326e584d8d688a7bedd72e06f508088c933485bfbfa222c82aab7fd0,291.2148675426136,515.9654996364708,IV1;IV2;year_1;Region_1;PMC_Frequency
M3,2,3,7,29,汕头,ce6ca82c326e584d8d688a7bedd72e06f508088c933485bfbfa222c82aab7fd0,516.6316193181818,252.1090826231474,IV1;IV2;year_1;Region_1;PMC_Frequency
M3,2,3,7,33,澄迈,ce6ca82c326e584d8d688a7bedd72e06f508088c933485bfbfa222c82aab7fd0,647.861484375,218.80465047981846,IV1;IV2;year_1;Region_1;PMC_Frequency
M3,2,3,7,35,琼中,ce6ca82c326e584d8d688a7bedd72e06f508088c933485bfbfa222c82aab7fd0,1106.44734375,269.4023653625947,IV1;IV2;year_1;Region_1;PMC_Frequency
M3,2,3,7,37,白沙,ce6ca82c326e584d8d688a7bedd72e06f508088c933485bfbfa222c82aab7fd0,192.9951366477273,210.18128478010644,IV1;IV2;year_1;Region_1;PMC_Frequency
M3,2,3,7,39,陵水,ce6ca82c326e584d8d688a7bedd72e06f508088c933485bfbfa222c82aab7fd0,337.1486134943182,389.90678145353985,IV1;IV2;year_1;Region_1;PMC_Frequency
M3,2,4,8,1,上海,ce6ca82c326e584d8d688a7bedd72e06f508088c933485bfbfa222c82aab7fd0,2302.973933396464,514.631445160047,IV1;IV2;year_1;Region_1;PMC_Frequency
M3,2,4,8,6,中卫,ce6ca82c326e584d8d688a7bedd72e06f508088c933485bfbfa222c82aab7fd0,31.05198382826678,343.77890549757603,IV1;IV2;year_1;Region_1;PMC_Frequency
M3,2,4,8,7,中山,ce6ca82c326e584d8d688a7bedd72e06f508088c933485bfbfa222c82aab7fd0,89.11043759098708,209.22243729231846,IV1;IV2;year_1;Region_1;PMC_Frequency
M3,2,4,8,11,乐东,ce6ca82c326e584d8d688a7bedd72e06f508088c933485bfbfa222c82aab7fd0,51.57938057753164,568.7934784343947,IV1;IV2;year_1;Region_1;PMC_Frequency
M3,2,4,8,14,五指山,ce6ca82c326e584d8d688a7bedd72e06f508088c933485bfbfa222c82aab7fd0,273.4003661931818,454.9827320478008,IV1;IV2;year_1;Region_1;PMC_Frequency
M3,2,4,8,19,兰州,ce6ca82c326e584d8d688a7bedd72e06f508088c933485bfbfa222c82aab7fd0,32.85616429924242,267.17065448394186,IV1;IV2;year_1;Region_1;PMC_Frequency
M3,2,4,8,27,文昌,ce6ca82c326e584d8d688a7bedd72e06f508088c933485bfbfa222c82aab7fd0,273.4003661931818,424.8159915671103,IV1;IV2;year_1;Region_1;PMC_Frequency
M3,2,4,8,30,海口,ce6ca82c326e584d8d688a7bedd72e06f508088c933485bfbfa222c82aab7fd0,339.134276349432,509.30498889698583,IV1;IV2;year_1;Region_1;PMC_Frequency
M3,2,5,9,3,东方,ce6ca82c326e584d8d688a7bedd72e06f508088c933485bfbfa222c82aab7fd0,266.2529209872159,342.90794180514996,IV1;IV2;year_1;Region_1;PMC_Frequency
M3,2,5,9,8,临高,ce6ca82c326e584d8d688a7bedd72e06f508088c933485bfbfa222c82aab7fd0,83.80276845703128,352.4162636886443,IV1;IV2;year_1;Region_1;PMC_Frequency
M3,2,5,9,13,九江,ce6ca82c326e584d8d688a7bedd72e06f508088c933485bfbfa222c82aab7fd0,0.0,296.0396787590934,IV1;IV2;year_1;Region_1;PMC_Frequency
M3,2,5,9,17,儋州,ce6ca82c326e584d8d688a7bedd72e06f508088c933485bfbfa222c82aab7fd0,539.7352537592891,354.086577496437,IV1;IV2;year_1;Region_1;PMC_Frequency
M3,2,5,9,24,屯昌,ce6ca82c326e584d8d688a7bedd72e06f508088c933485bfbfa222c82aab7fd0,273.4003661931819,381.1091924756652,IV1;IV2;year_1;Region_1;PMC_Frequency
M3,2,5,9,25,广州,ce6ca82c326e584d8d688a7bedd72e06f508088c933485bfbfa222c82aab7fd0,164.1983198863636,559.5645496604359,IV1;IV2;year_1;Region_1;PMC_Frequency
M3,2,5,9,38,肇庆,ce6ca82c326e584d8d688a7bedd72e06f508088c933485bfbfa222c82aab7fd0,23.03745340909091,213.11893779213477,IV1;IV2;year_1;Region_1;PMC_Frequency
M3,2,5,9,40,韶关,ce6ca82c326e584d8d688a7bedd72e06f508088c933485bfbfa222c82aab7fd0,547.9050852272727,357.9416946507989,IV1;IV2;year_1;Region_1;PMC_Frequency
M3,3,1,10,1,上海,ce6ca82c326e584d8d688a7bedd72e06f508088c933485bfbfa222c82aab7fd0,2302.973933396464,521.7653405728902,IV1;IV2;year_1;Region_1;PMC_Frequency
M3,3,1,10,3,东方,ce6ca82c326e584d8d688a7bedd72e06f508088c933485bfbfa222c82aab7fd0,266.2529209872159,308.56101783046216,IV1;IV2;year_1;Region_1;PMC_Frequency
M3,3,1,10,5,东营,ce6ca82c326e584d8d688a7bedd72e06f508088c933485bfbfa222c82aab7fd0,425.3271014204544,259.67246395689347,IV1;IV2;year_1;Region_1;PMC_Frequency
M3,3,1,10,13,九江,ce6ca82c326e584d8d688a7bedd72e06f508088c933485bfbfa222c82aab7fd0,0.0,271.5604191771919,IV1;IV2;year_1;Region_1;PMC_Frequency
M3,3,1,10,21,北海,ce6ca82c326e584d8d688a7bedd72e06f508088c933485bfbfa222c82aab7fd0,318.3245085227273,272.0793185715631,IV1;IV2;year_1;Region_1;PMC_Frequency
M3,3,1,10,22,合肥,ce6ca82c326e584d8d688a7bedd72e06f508088c933485bfbfa222c82aab7fd0,13.19625,242.8904326399369,IV1;IV2;year_1;Region_1;PMC_Frequency
M3,3,1,10,31,深圳,ce6ca82c326e584d8d688a7bedd72e06f508088c933485bfbfa222c82aab7fd0,159.7083409090909,468.21196528607237,IV1;IV2;year_1;Region_1;PMC_Frequency
M3,3,1,10,38,肇庆,ce6ca82c326e584d8d688a7bedd72e06f508088c933485bfbfa222c82aab7fd0,23.03745340909091,203.07868259366475,IV1;IV2;year_1;Region_1;PMC_Frequency
M3,3,1,10,40,韶关,ce6ca82c326e584d8d688a7bedd72e06f508088c933485bfbfa222c82aab7fd0,547.9050852272727,254.9380427172631,IV1;IV2;year_1;Region_1;PMC_Frequency
M3,3,2,11,4,东莞,ce6ca82c326e584d8d688a7bedd72e06f508088c933485bfbfa222c82aab7fd0,307.5424744318183,650.4011900496115,IV1;IV2;year_1;Region_1;PMC_Frequency
M3,3,2,11,9,丽水,ce6ca82c326e584d8d688a7bedd72e06f508088c933485bfbfa222c82aab7fd0,33.76567926136365,472.052376845251,IV1;IV2;year_1;Region_1;PMC_Frequency
M3,3,2,11,12,乐山,ce6ca82c326e584d8d688a7bedd72e06f508088c933485bfbfa222c82aab7fd0,45.02250000000001,206.29846009515526,IV1;IV2;year_1;Region_1;PMC_Frequency
M3,3,2,11,26,惠州,ce6ca82c326e584d8d688a7bedd72e06f508088c933485bfbfa222c82aab7fd0,253.6378448863636,248.56145629781412,IV1;IV2;year_1;Region_1;PMC_Frequency
M3,3,2,11,29,汕头,ce6ca82c326e584d8d688a7bedd72e06f508088c933485bfbfa222c82aab7fd0,516.6316193181818,271.52866112368474,IV1;IV2;year_1;Region_1;PMC_Frequency
M3,3,2,11,30,海口,ce6ca82c326e584d8d688a7bedd72e06f508088c933485bfbfa222c82aab7fd0,339.134276349432,652.5957397144736,IV1;IV2;year_1;Region_1;PMC_Frequency
M3,3,2,11,33,澄迈,ce6ca82c326e584d8d688a7bedd72e06f508088c933485bfbfa222c82aab7fd0,647.861484375,226.7369562186231,IV1;IV2;year_1;Region_1;PMC_Frequency
M3,3,2,11,39,陵水,ce6ca82c326e584d8d688a7bedd72e06f508088c933485bfbfa222c82aab7fd0,337.1486134943182,489.07132159774994,IV1;IV2;year_1;Region_1;PMC_Frequency
M3,3,3,12,2,上饶,ce6ca82c326e584d8d688a7bedd72e06f508088c933485bfbfa222c82aab7fd0,114.81355125,250.0307799072607,IV1;IV2;year_1;Region_1;PMC_Frequency
M3,3,3,12,10,义乌,ce6ca82c326e584d8d688a7bedd72e06f508088c933485bfbfa222c82aab7fd0,7288.761349396308,273.3641500731994,IV1;IV2;year_1;Region_1;PMC_Frequency
M3,3,3,12,16,信阳,ce6ca82c326e584d8d688a7bedd72e06f508088c933485bfbfa222c82aab7fd0,244.6035494318183,329.65240836839456,IV1;IV2;year_1;Region_1;PMC_Frequency
M3,3,3,12,18,六安,ce6ca82c326e584d8d688a7bedd72e06f508088c933485bfbfa222c82aab7fd0,8.639045028409095,346.48374030847646,IV1;IV2;year_1;Region_1;PMC_Frequency
M3,3,3,12,19,兰州,ce6ca82c326e584d8d688a7bedd72e06f508088c933485bfbfa222c82aab7fd0,32.85616429924242,183.03779626668978,IV1;IV2;year_1;Region_1;PMC_Frequency
M3,3,3,12,27,文昌,ce6ca82c326e584d8d688a7bedd72e06f508088c933485bfbfa222c82aab7fd0,273.4003661931818,323.7547234170613,IV1;IV2;year_1;Region_1;PMC_Frequency
M3,3,3,12,34,珠海,ce6ca82c326e584d8d688a7bedd72e06f508088c933485bfbfa222c82aab7fd0,1511.786079545455,300.2062960831073,IV1;IV2;year_1;Region_1;PMC_Frequency
M3,3,3,12,36,琼海,ce6ca82c326e584d8d688a7bedd72e06f508088c933485bfbfa222c82aab7fd0,1716.717565054688,308.96375300821154,IV1;IV2;year_1;Region_1;PMC_Frequency
M3,3,4,13,0,万宁,ce6ca82c326e584d8d688a7bedd72e06f508088c933485bfbfa222c82aab7fd0,148.9921240384616,460.9725293688121,IV1;IV2;year_1;Region_1;PMC_Frequency
M3,3,4,13,6,中卫,ce6ca82c326e584d8d688a7bedd72e06f508088c933485bfbfa222c82aab7fd0,31.05198382826678,317.3022292551419,IV1;IV2;year_1;Region_1;PMC_Frequency
M3,3,4,13,7,中山,ce6ca82c326e584d8d688a7bedd72e06f508088c933485bfbfa222c82aab7fd0,89.11043759098708,191.3712259878902,IV1;IV2;year_1;Region_1;PMC_Frequency
M3,3,4,13,8,临高,ce6ca82c326e584d8d688a7bedd72e06f508088c933485bfbfa222c82aab7fd0,83.80276845703128,346.36926797910024,IV1;IV2;year_1;Region_1;PMC_Frequency
M3,3,4,13,11,乐东,ce6ca82c326e584d8d688a7bedd72e06f508088c933485bfbfa222c82aab7fd0,51.57938057753164,557.7039263949569,IV1;IV2;year_1;Region_1;PMC_Frequency
M3,3,4,13,32,清远,ce6ca82c326e584d8d688a7bedd72e06f508088c933485bfbfa222c82aab7fd0,375.720028409091,294.5266741807866,IV1;IV2;year_1;Region_1;PMC_Frequency
M3,3,4,13,35,琼中,ce6ca82c326e584d8d688a7bedd72e06f508088c933485bfbfa222c82aab7fd0,1106.44734375,358.86394651363145,IV1;IV2;year_1;Region_1;PMC_Frequency
M3,3,4,13,37,白沙,ce6ca82c326e584d8d688a7bedd72e06f508088c933485bfbfa222c82aab7fd0,192.9951366477273,300.1699670295455,IV1;IV2;year_1;Region_1;PMC_Frequency
M3,3,5,14,14,五指山,ce6ca82c326e584d8d688a7bedd72e06f508088c933485bfbfa222c82aab7fd0,273.4003661931818,423.85070965411575,IV1;IV2;year_1;Region_1;PMC_Frequency
M3,3,5,14,15,佛山,ce6ca82c326e584d8d688a7bedd72e06f508088c933485bfbfa222c82aab7fd0,28.38274488636364,426.37256106497085,IV1;IV2;year_1;Region_1;PMC_Frequency
M3,3,5,14,17,儋州,ce6ca82c326e584d8d688a7bedd72e06f508088c933485bfbfa222c82aab7fd0,539.7352537592891,318.6308054000364,IV1;IV2;year_1;Region_1;PMC_Frequency
M3,3,5,14,20,北京,ce6ca82c326e584d8d688a7bedd72e06f508088c933485bfbfa222c82aab7fd0,291.2148675426136,636.720804287612,IV1;IV2;year_1;Region_1;PMC_Frequency
M3,3,5,14,23,定安,ce6ca82c326e584d8d688a7bedd72e06f508088c933485bfbfa222c82aab7fd0,273.4003661931819,353.4520770524268,IV1;IV2;year_1;Region_1;PMC_Frequency
M3,3,5,14,24,屯昌,ce6ca82c326e584d8d688a7bedd72e06f508088c933485bfbfa222c82aab7fd0,273.4003661931819,378.4838133329453,IV1;IV2;year_1;Region_1;PMC_Frequency
M3,3,5,14,25,广州,ce6ca82c326e584d8d688a7bedd72e06f508088c933485bfbfa222c82aab7fd0,164.1983198863636,613.9362303459301,IV1;IV2;year_1;Region_1;PMC_Frequency
M3,3,5,14,28,昌江,ce6ca82c326e584d8d688a7bedd72e06f508088c933485bfbfa222c82aab7fd0,268.7138254261364,262.8187860597014,IV1;IV2;year_1;Region_1;PMC_Frequency
M3,4,1,15,1,上海,ce6ca82c326e584d8d688a7bedd72e06f508088c933485bfbfa222c82aab7fd0,2302.973933396464,503.35677933779107,IV1;IV2;year_1;Region_1;PMC_Frequency
M3,4,1,15,5,东营,ce6ca82c326e584d8d688a7bedd72e06f508088c933485bfbfa222c82aab7fd0,425.3271014204544,212.59580902825422,IV1;IV2;year_1;Region_1;PMC_Frequency
M3,4,1,15,7,中山,ce6ca82c326e584d8d688a7bedd72e06f508088c933485bfbfa222c82aab7fd0,89.11043759098708,172.08860751515837,IV1;IV2;year_1;Region_1;PMC_Frequency
M3,4,1,15,11,乐东,ce6ca82c326e584d8d688a7bedd72e06f508088c933485bfbfa222c82aab7fd0,51.57938057753164,467.44493039733385,IV1;IV2;year_1;Region_1;PMC_Frequency
M3,4,1,15,17,儋州,ce6ca82c326e584d8d688a7bedd72e06f508088c933485bfbfa222c82aab7fd0,539.7352537592891,326.31666311773034,IV1;IV2;year_1;Region_1;PMC_Frequency
M3,4,1,15,23,定安,ce6ca82c326e584d8d688a7bedd72e06f508088c933485bfbfa222c82aab7fd0,273.4003661931819,311.3551682449128,IV1;IV2;year_1;Region_1;PMC_Frequency
M3,4,1,15,27,文昌,ce6ca82c326e584d8d688a7bedd72e06f508088c933485bfbfa222c82aab7fd0,273.4003661931818,343.7215524971203,IV1;IV2;year_1;Region_1;PMC_Frequency
M3,4,1,15,29,汕头,ce6ca82c326e584d8d688a7bedd72e06f508088c933485bfbfa222c82aab7fd0,516.6316193181818,279.85793123767075,IV1;IV2;year_1;Region_1;PMC_Frequency
M3,4,1,15,38,肇庆,ce6ca82c326e584d8d688a7bedd72e06f508088c933485bfbfa222c82aab7fd0,23.03745340909091,205.36128931716146,IV1;IV2;year_1;Region_1;PMC_Frequency
M3,4,2,16,10,义乌,ce6ca82c326e584d8d688a7bedd72e06f508088c933485bfbfa222c82aab7fd0,7288.761349396308,443.4233948180381,IV1;IV2;year_1;Region_1;PMC_Frequency
M3,4,2,16,15,佛山,ce6ca82c326e584d8d688a7bedd72e06f508088c933485bfbfa222c82aab7fd0,28.38274488636364,326.5795228446869,IV1;IV2;year_1;Region_1;PMC_Frequency
M3,4,2,16,19,兰州,ce6ca82c326e584d8d688a7bedd72e06f508088c933485bfbfa222c82aab7fd0,32.85616429924242,223.93569509826995,IV1;IV2;year_1;Region_1;PMC_Frequency
M3,4,2,16,20,北京,ce6ca82c326e584d8d688a7bedd72e06f508088c933485bfbfa222c82aab7fd0,291.2148675426136,357.6820384719934,IV1;IV2;year_1;Region_1;PMC_Frequency
M3,4,2,16,21,北海,ce6ca82c326e584d8d688a7bedd72e06f508088c933485bfbfa222c82aab7fd0,318.3245085227273,219.8558717901422,IV1;IV2;year_1;Region_1;PMC_Frequency
M3,4,2,16,24,屯昌,ce6ca82c326e584d8d688a7bedd72e06f508088c933485bfbfa222c82aab7fd0,273.4003661931819,279.04477060202555,IV1;IV2;year_1;Region_1;PMC_Frequency
M3,4,2,16,31,深圳,ce6ca82c326e584d8d688a7bedd72e06f508088c933485bfbfa222c82aab7fd0,159.7083409090909,379.53123971688615,IV1;IV2;year_1;Region_1;PMC_Frequency
M3,4,2,16,35,琼中,ce6ca82c326e584d8d688a7bedd72e06f508088c933485bfbfa222c82aab7fd0,1106.44734375,288.7902439188163,IV1;IV2;year_1;Region_1;PMC_Frequency
M3,4,3,17,3,东方,ce6ca82c326e584d8d688a7bedd72e06f508088c933485bfbfa222c82aab7fd0,266.2529209872159,357.76182560316994,IV1;IV2;year_1;Region_1;PMC_Frequency
M3,4,3,17,9,丽水,ce6ca82c326e584d8d688a7bedd72e06f508088c933485bfbfa222c82aab7fd0,33.76567926136365,534.193360211828,IV1;IV2;year_1;Region_1;PMC_Frequency
M3,4,3,17,12,乐山,ce6ca82c326e584d8d688a7bedd72e06f508088c933485bfbfa222c82aab7fd0,45.02250000000001,221.18391295140125,IV1;IV2;year_1;Region_1;PMC_Frequency
M3,4,3,17,16,信阳,ce6ca82c326e584d8d688a7bedd72e06f508088c933485bfbfa222c82aab7fd0,244.6035494318183,605.6845791696269,IV1;IV2;year_1;Region_1;PMC_Frequency
M3,4,3,17,18,六安,ce6ca82c326e584d8d688a7bedd72e06f508088c933485bfbfa222c82aab7fd0,8.639045028409095,676.4953502334155,IV1;IV2;year_1;Region_1;PMC_Frequency
M3,4,3,17,28,昌江,ce6ca82c326e584d8d688a7bedd72e06f508088c933485bfbfa222c82aab7fd0,268.7138254261364,292.7816315741864,IV1;IV2;year_1;Region_1;PMC_Frequency
M3,4,3,17,32,清远,ce6ca82c326e584d8d688a7bedd72e06f508088c933485bfbfa222c82aab7fd0,375.720028409091,335.7790738368949,IV1;IV2;year_1;Region_1;PMC_Frequency
M3,4,3,17,33,澄迈,ce6ca82c326e584d8d688a7bedd72e06f508088c933485bfbfa222c82aab7fd0,647.861484375,260.2417494954688,IV1;IV2;year_1;Region_1;PMC_Frequency
M3,4,4,18,6,中卫,ce6ca82c326e584d8d688a7bedd72e06f508088c933485bfbfa222c82aab7fd0,31.05198382826678,347.69914336776753,IV1;IV2;year_1;Region_1;PMC_Frequency
M3,4,4,18,8,临高,ce6ca82c326e584d8d688a7bedd72e06f508088c933485bfbfa222c82aab7fd0,83.80276845703128,378.29205600447114,IV1;IV2;year_1;Region_1;PMC_Frequency
M3,4,4,18,14,五指山,ce6ca82c326e584d8d688a7bedd72e06f508088c933485bfbfa222c82aab7fd0,273.4003661931818,381.531126049984,IV1;IV2;year_1;Region_1;PMC_Frequency
M3,4,4,18,22,合肥,ce6ca82c326e584d8d688a7bedd72e06f508088c933485bfbfa222c82aab7fd0,13.19625,299.0797224449752,IV1;IV2;year_1;Region_1;PMC_Frequency
M3,4,4,18,25,广州,ce6ca82c326e584d8d688a7bedd72e06f508088c933485bfbfa222c82aab7fd0,164.1983198863636,523.6420018472194,IV1;IV2;year_1;Region_1;PMC_Frequency
M3,4,4,18,26,惠州,ce6ca82c326e584d8d688a7bedd72e06f508088c933485bfbfa222c82aab7fd0,253.6378448863636,268.3537071803781,IV1;IV2;year_1;Region_1;PMC_Frequency
M3,4,4,18,30,海口,ce6ca82c326e584d8d688a7bedd72e06f508088c933485bfbfa222c82aab7fd0,339.134276349432,508.80774891927297,IV1;IV2;year_1;Region_1;PMC_Frequency
M3,4,4,18,37,白沙,ce6ca82c326e584d8d688a7bedd72e06f508088c933485bfbfa222c82aab7fd0,192.9951366477273,330.6600730226876,IV1;IV2;year_1;Region_1;PMC_Frequency
M3,4,5,19,0,万宁,ce6ca82c326e584d8d688a7bedd72e06f508088c933485bfbfa222c82aab7fd0,148.9921240384616,391.10973972206375,IV1;IV2;year_1;Region_1;PMC_Frequency
M3,4,5,19,2,上饶,ce6ca82c326e584d8d688a7bedd72e06f508088c933485bfbfa222c82aab7fd0,114.81355125,276.2373074937677,IV1;IV2;year_1;Region_1;PMC_Frequency
M3,4,5,19,4,东莞,ce6ca82c326e584d8d688a7bedd72e06f508088c933485bfbfa222c82aab7fd0,307.5424744318183,428.2056121866519,IV1;IV2;year_1;Region_1;PMC_Frequency
M3,4,5,19,13,九江,ce6ca82c326e584d8d688a7bedd72e06f508088c933485bfbfa222c82aab7fd0,0.0,270.649958522684,IV1;IV2;year_1;Region_1;PMC_Frequency
M3,4,5,19,34,珠海,ce6ca82c326e584d8d688a7bedd72e06f508088c933485bfbfa222c82aab7fd0,1511.786079545455,512.2239271727249,IV1;IV2;year_1;Region_1;PMC_Frequency
M3,4,5,19,36,琼海,ce6ca82c326e584d8d688a7bedd72e06f508088c933485bfbfa222c82aab7fd0,1716.717565054688,383.6902907044234,IV1;IV2;year_1;Region_1;PMC_Frequency
M3,4,5,19,39,陵水,ce6ca82c326e584d8d688a7bedd72e06f508088c933485bfbfa222c82aab7fd0,337.1486134943182,373.98401268344384,IV1;IV2;year_1;Region_1;PMC_Frequency
M3,4,5,19,40,韶关,ce6ca82c326e584d8d688a7bedd72e06f508088c933485bfbfa222c82aab7fd0,547.9050852272727,286.0980000548133,IV1;IV2;year_1;Region_1;PMC_Frequency
M3,5,1,20,1,上海,ce6ca82c326e584d8d688a7bedd72e06f508088c933485bfbfa222c82aab7fd0,2302.973933396464,298.97769179502336,IV1;IV2;year_1;Region_1;PMC_Frequency
M3,5,1,20,13,九江,ce6ca82c326e584d8d688a7bedd72e06f508088c933485bfbfa222c82aab7fd0,0.0,288.7079206296464,IV1;IV2;year_1;Region_1;PMC_Frequency
M3,5,1,20,16,信阳,ce6ca82c326e584d8d688a7bedd72e06f508088c933485bfbfa222c82aab7fd0,244.6035494318183,365.0073513960309,IV1;IV2;year_1;Region_1;PMC_Frequency
M3,5,1,20,17,儋州,ce6ca82c326e584d8d688a7bedd72e06f508088c933485bfbfa222c82aab7fd0,539.7352537592891,319.60522706934694,IV1;IV2;year_1;Region_1;PMC_Frequency
M3,5,1,20,18,六安,ce6ca82c326e584d8d688a7bedd72e06f508088c933485bfbfa222c82aab7fd0,8.639045028409095,438.73013170655315,IV1;IV2;year_1;Region_1;PMC_Frequency
M3,5,1,20,23,定安,ce6ca82c326e584d8d688a7bedd72e06f508088c933485bfbfa222c82aab7fd0,273.4003661931819,318.5448555364842,IV1;IV2;year_1;Region_1;PMC_Frequency
M3,5,1,20,28,昌江,ce6ca82c326e584d8d688a7bedd72e06f508088c933485bfbfa222c82aab7fd0,268.7138254261364,315.35536255432055,IV1;IV2;year_1;Region_1;PMC_Frequency
M3,5,1,20,34,珠海,ce6ca82c326e584d8d688a7bedd72e06f508088c933485bfbfa222c82aab7fd0,1511.786079545455,358.4352136452644,IV1;IV2;year_1;Region_1;PMC_Frequency
M3,5,1,20,36,琼海,ce6ca82c326e584d8d688a7bedd72e06f508088c933485bfbfa222c82aab7fd0,1716.717565054688,343.0556140487965,IV1;IV2;year_1;Region_1;PMC_Frequency
M3,5,2,21,3,东方,ce6ca82c326e584d8d688a7bedd72e06f508088c933485bfbfa222c82aab7fd0,266.2529209872159,338.1521668778241,IV1;IV2;year_1;Region_1;PMC_Frequency
M3,5,2,21,11,乐东,ce6ca82c326e584d8d688a7bedd72e06f508088c933485bfbfa222c82aab7fd0,51.57938057753164,513.226974614982,IV1;IV2;year_1;Region_1;PMC_Frequency
M3,5,2,21,14,五指山,ce6ca82c326e584d8d688a7bedd72e06f508088c933485bfbfa222c82aab7fd0,273.4003661931818,407.6528416449244,IV1;IV2;year_1;Region_1;PMC_Frequency
M3,5,2,21,15,佛山,ce6ca82c326e584d8d688a7bedd72e06f508088c933485bfbfa222c82aab7fd0,28.38274488636364,452.6554137825911,IV1;IV2;year_1;Region_1;PMC_Frequency
M3,5,2,21,20,北京,ce6ca82c326e584d8d688a7bedd72e06f508088c933485bfbfa222c82aab7fd0,291.2148675426136,542.2453101910645,IV1;IV2;year_1;Region_1;PMC_Frequency
M3,5,2,21,21,北海,ce6ca82c326e584d8d688a7bedd72e06f508088c933485bfbfa222c82aab7fd0,318.3245085227273,252.331604516399,IV1;IV2;year_1;Region_1;PMC_Frequency
M3,5,2,21,22,合肥,ce6ca82c326e584d8d688a7bedd72e06f508088c933485bfbfa222c82aab7fd0,13.19625,316.2616641313979,IV1;IV2;year_1;Region_1;PMC_Frequency
M3,5,2,21,35,琼中,ce6ca82c326e584d8d688a7bedd72e06f508088c933485bfbfa222c82aab7fd0,1106.44734375,349.84311091384785,IV1;IV2;year_1;Region_1;PMC_Frequency
M3,5,3,22,2,上饶,ce6ca82c326e584d8d688a7bedd72e06f508088c933485bfbfa222c82aab7fd0,114.81355125,353.41085913932596,IV1;IV2;year_1;Region_1;PMC_Frequency
M3,5,3,22,4,东莞,ce6ca82c326e584d8d688a7bedd72e06f508088c933485bfbfa222c82aab7fd0,307.5424744318183,796.2164937583901,IV1;IV2;year_1;Region_1;PMC_Frequency
M3,5,3,22,6,中卫,ce6ca82c326e584d8d688a7bedd72e06f508088c933485bfbfa222c82aab7fd0,31.05198382826678,272.9700677038611,IV1;IV2;year_1;Region_1;PMC_Frequency
M3,5,3,22,7,中山,ce6ca82c326e584d8d688a7bedd72e06f508088c933485bfbfa222c82aab7fd0,89.11043759098708,257.1434950693907,IV1;IV2;year_1;Region_1;PMC_Frequency
M3,5,3,22,9,丽水,ce6ca82c326e584d8d688a7bedd72e06f508088c933485bfbfa222c82aab7fd0,33.76567926136365,521.9040211190717,IV1;IV2;year_1;Region_1;PMC_Frequency
M3,5,3,22,25,广州,ce6ca82c326e584d8d688a7bedd72e06f508088c933485bfbfa222c82aab7fd0,164.1983198863636,646.473592713912,IV1;IV2;year_1;Region_1;PMC_Frequency
M3,5,3,22,31,深圳,ce6ca82c326e584d8d688a7bedd72e06f508088c933485bfbfa222c82aab7fd0,159.7083409090909,758.6561039836602,IV1;IV2;year_1;Region_1;PMC_Frequency
M3,5,3,22,40,韶关,ce6ca82c326e584d8d688a7bedd72e06f508088c933485bfbfa222c82aab7fd0,547.9050852272727,392.2522363366222,IV1;IV2;year_1;Region_1;PMC_Frequency
M3,5,4,23,0,万宁,ce6ca82c326e584d8d688a7bedd72e06f508088c933485bfbfa222c82aab7fd0,148.9921240384616,490.80224137500835,IV1;IV2;year_1;Region_1;PMC_Frequency
M3,5,4,23,8,临高,ce6ca82c326e584d8d688a7bedd72e06f508088c933485bfbfa222c82aab7fd0,83.80276845703128,327.3537075283433,IV1;IV2;year_1;Region_1;PMC_Frequency
M3,5,4,23,12,乐山,ce6ca82c326e584d8d688a7bedd72e06f508088c933485bfbfa222c82aab7fd0,45.02250000000001,220.90690730311556,IV1;IV2;year_1;Region_1;PMC_Frequency
M3,5,4,23,26,惠州,ce6ca82c326e584d8d688a7bedd72e06f508088c933485bfbfa222c82aab7fd0,253.6378448863636,248.56808786404233,IV1;IV2;year_1;Region_1;PMC_Frequency
M3,5,4,23,30,海口,ce6ca82c326e584d8d688a7bedd72e06f508088c933485bfbfa222c82aab7fd0,339.134276349432,558.9465154529203,IV1;IV2;year_1;Region_1;PMC_Frequency
M3,5,4,23,32,清远,ce6ca82c326e584d8d688a7bedd72e06f508088c933485bfbfa222c82aab7fd0,375.720028409091,301.32387175905774,IV1;IV2;year_1;Region_1;PMC_Frequency
M3,5,4,23,33,澄迈,ce6ca82c326e584d8d688a7bedd72e06f508088c933485bfbfa222c82aab7fd0,647.861484375,308.02989865232274,IV1;IV2;year_1;Region_1;PMC_Frequency
M3,5,4,23,37,白沙,ce6ca82c326e584d8d688a7bedd72e06f508088c933485bfbfa222c82aab7fd0,192.9951366477273,273.71237511481735,IV1;IV2;year_1;Region_1;PMC_Frequency
M3,5,5,24,5,东营,ce6ca82c326e584d8d688a7bedd72e06f508088c933485bfbfa222c82aab7fd0,425.3271014204544,268.3170994931352,IV1;IV2;year_1;Region_1;PMC_Frequency
M3,5,5,24,10,义乌,ce6ca82c326e584d8d688a7bedd72e06f508088c933485bfbfa222c82aab7fd0,7288.761349396308,363.0339343634161,IV1;IV2;year_1;Region_1;PMC_Frequency
M3,5,5,24,19,兰州,ce6ca82c326e584d8d688a7bedd72e06f508088c933485bfbfa222c82aab7fd0,32.85616429924242,235.62187530536673,IV1;IV2;year_1;Region_1;PMC_Frequency
M3,5,5,24,24,屯昌,ce6ca82c326e584d8d688a7bedd72e06f508088c933485bfbfa222c82aab7fd0,273.4003661931819,328.5532562919429,IV1;IV2;year_1;Region_1;PMC_Frequency
M3,5,5,24,27,文昌,ce6ca82c326e584d8d688a7bedd72e06f508088c933485bfbfa222c82aab7fd0,273.4003661931818,363.8979956022336,IV1;IV2;year_1;Region_1;PMC_Frequency
M3,5,5,24,29,汕头,ce6ca82c326e584d8d688a7bedd72e06f508088c933485bfbfa222c82aab7fd0,516.6316193181818,319.6509995577962,IV1;IV2;year_1;Region_1;PMC_Frequency
M3,5,5,24,38,肇庆,ce6ca82c326e584d8d688a7bedd72e06f508088c933485bfbfa222c82aab7fd0,23.03745340909091,224.64338116637745,IV1;IV2;year_1;Region_1;PMC_Frequency
M3,5,5,24,39,陵水,ce6ca82c326e584d8d688a7bedd72e06f508088c933485bfbfa222c82aab7fd0,337.1486134943182,345.03779529705866,IV1;IV2;year_1;Region_1;PMC_Frequency
M3,6,1,25,6,中卫,ce6ca82c326e584d8d688a7bedd72e06f508088c933485bfbfa222c82aab7fd0,31.05198382826678,295.4947234841998,IV1;IV2;year_1;Region_1;PMC_Frequency
M3,6,1,25,7,中山,ce6ca82c326e584d8d688a7bedd72e06f508088c933485bfbfa222c82aab7fd0,89.11043759098708,237.60595039786662,IV1;IV2;year_1;Region_1;PMC_Frequency
M3,6,1,25,9,丽水,ce6ca82c326e584d8d688a7bedd72e06f508088c933485bfbfa222c82aab7fd0,33.76567926136365,445.4222352735848,IV1;IV2;year_1;Region_1;PMC_Frequency
M3,6,1,25,12,乐山,ce6ca82c326e584d8d688a7bedd72e06f508088c933485bfbfa222c82aab7fd0,45.02250000000001,238.65204811364003,IV1;IV2;year_1;Region_1;PMC_Frequency
M3,6,1,25,13,九江,ce6ca82c326e584d8d688a7bedd72e06f508088c933485bfbfa222c82aab7fd0,0.0,314.6812892331678,IV1;IV2;year_1;Region_1;PMC_Frequency
M3,6,1,25,17,儋州,ce6ca82c326e584d8d688a7bedd72e06f508088c933485bfbfa222c82aab7fd0,539.7352537592891,295.3735408439629,IV1;IV2;year_1;Region_1;PMC_Frequency
M3,6,1,25,23,定安,ce6ca82c326e584d8d688a7bedd72e06f508088c933485bfbfa222c82aab7fd0,273.4003661931819,350.17150769650505,IV1;IV2;year_1;Region_1;PMC_Frequency
M3,6,1,25,29,汕头,ce6ca82c326e584d8d688a7bedd72e06f508088c933485bfbfa222c82aab7fd0,516.6316193181818,334.05898024886926,IV1;IV2;year_1;Region_1;PMC_Frequency
M3,6,1,25,39,陵水,ce6ca82c326e584d8d688a7bedd72e06f508088c933485bfbfa222c82aab7fd0,337.1486134943182,409.6136108003215,IV1;IV2;year_1;Region_1;PMC_Frequency
M3,6,2,26,8,临高,ce6ca82c326e584d8d688a7bedd72e06f508088c933485bfbfa222c82aab7fd0,83.80276845703128,332.5897427094139,IV1;IV2;year_1;Region_1;PMC_Frequency
M3,6,2,26,14,五指山,ce6ca82c326e584d8d688a7bedd72e06f508088c933485bfbfa222c82aab7fd0,273.4003661931818,376.9881807369179,IV1;IV2;year_1;Region_1;PMC_Frequency
M3,6,2,26,15,佛山,ce6ca82c326e584d8d688a7bedd72e06f508088c933485bfbfa222c82aab7fd0,28.38274488636364,355.9137709097593,IV1;IV2;year_1;Region_1;PMC_Frequency
M3,6,2,26,19,兰州,ce6ca82c326e584d8d688a7bedd72e06f508088c933485bfbfa222c82aab7fd0,32.85616429924242,245.29090064537735,IV1;IV2;year_1;Region_1;PMC_Frequency
M3,6,2,26,21,北海,ce6ca82c326e584d8d688a7bedd72e06f508088c933485bfbfa222c82aab7fd0,318.3245085227273,244.04985855538533,IV1;IV2;year_1;Region_1;PMC_Frequency
M3,6,2,26,26,惠州,ce6ca82c326e584d8d688a7bedd72e06f508088c933485bfbfa222c82aab7fd0,253.6378448863636,259.0244433540823,IV1;IV2;year_1;Region_1;PMC_Frequency
M3,6,2,26,30,海口,ce6ca82c326e584d8d688a7bedd72e06f508088c933485bfbfa222c82aab7fd0,339.134276349432,483.8379053443146,IV1;IV2;year_1;Region_1;PMC_Frequency
M3,6,2,26,34,珠海,ce6ca82c326e584d8d688a7bedd72e06f508088c933485bfbfa222c82aab7fd0,1511.786079545455,541.2898366694945,IV1;IV2;year_1;Region_1;PMC_Frequency
M3,6,3,27,3,东方,ce6ca82c326e584d8d688a7bedd72e06f508088c933485bfbfa222c82aab7fd0,266.2529209872159,304.84243560406185,IV1;IV2;year_1;Region_1;PMC_Frequency
M3,6,3,27,4,东莞,ce6ca82c326e584d8d688a7bedd72e06f508088c933485bfbfa222c82aab7fd0,307.5424744318183,341.4930584618031,IV1;IV2;year_1;Region_1;PMC_Frequency
M3,6,3,27,5,东营,ce6ca82c326e584d8d688a7bedd72e06f508088c933485bfbfa222c82aab7fd0,425.3271014204544,219.78874646265078,IV1;IV2;year_1;Region_1;PMC_Frequency
M3,6,3,27,10,义乌,ce6ca82c326e584d8d688a7bedd72e06f508088c933485bfbfa222c82aab7fd0,7288.761349396308,391.53342500212,IV1;IV2;year_1;Region_1;PMC_Frequency
M3,6,3,27,24,屯昌,ce6ca82c326e584d8d688a7bedd72e06f508088c933485bfbfa222c82aab7fd0,273.4003661931819,290.9354126143007,IV1;IV2;year_1;Region_1;PMC_Frequency
M3,6,3,27,28,昌江,ce6ca82c326e584d8d688a7bedd72e06f508088c933485bfbfa222c82aab7fd0,268.7138254261364,230.70473079187062,IV1;IV2;year_1;Region_1;PMC_Frequency
M3,6,3,27,33,澄迈,ce6ca82c326e584d8d688a7bedd72e06f508088c933485bfbfa222c82aab7fd0,647.861484375,238.7375476647742,IV1;IV2;year_1;Region_1;PMC_Frequency
M3,6,3,27,37,白沙,ce6ca82c326e584d8d688a7bedd72e06f508088c933485bfbfa222c82aab7fd0,192.9951366477273,211.12924126016208,IV1;IV2;year_1;Region_1;PMC_Frequency
M3,6,4,28,0,万宁,ce6ca82c326e584d8d688a7bedd72e06f508088c933485bfbfa222c82aab7fd0,148.9921240384616,540.554003036278,IV1;IV2;year_1;Region_1;PMC_Frequency
M3,6,4,28,11,乐东,ce6ca82c326e584d8d688a7bedd72e06f508088c933485bfbfa222c82aab7fd0,51.57938057753164,593.3815068689674,IV1;IV2;year_1;Region_1;PMC_Frequency
M3,6,4,28,18,六安,ce6ca82c326e584d8d688a7bedd72e06f508088c933485bfbfa222c82aab7fd0,8.639045028409095,629.7208089013191,IV1;IV2;year_1;Region_1;PMC_Frequency
M3,6,4,28,20,北京,ce6ca82c326e584d8d688a7bedd72e06f508088c933485bfbfa222c82aab7fd0,291.2148675426136,741.4248754043114,IV1;IV2;year_1;Region_1;PMC_Frequency
M3,6,4,28,25,广州,ce6ca82c326e584d8d688a7bedd72e06f508088c933485bfbfa222c82aab7fd0,164.1983198863636,624.4214910048119,IV1;IV2;year_1;Region_1;PMC_Frequency
M3,6,4,28,31,深圳,ce6ca82c326e584d8d688a7bedd72e06f508088c933485bfbfa222c82aab7fd0,159.7083409090909,764.8619340202165,IV1;IV2;year_1;Region_1;PMC_Frequency
M3,6,4,28,32,清远,ce6ca82c326e584d8d688a7bedd72e06f508088c933485bfbfa222c82aab7fd0,375.720028409091,334.6734346229162,IV1;IV2;year_1;Region_1;PMC_Frequency
M3,6,4,28,35,琼中,ce6ca82c326e584d8d688a7bedd72e06f508088c933485bfbfa222c82aab7fd0,1106.44734375,338.90910842271296,IV1;IV2;year_1;Region_1;PMC_Frequency
M3,6,5,29,1,上海,ce6ca82c326e584d8d688a7bedd72e06f508088c933485bfbfa222c82aab7fd0,2302.973933396464,426.33711853665295,IV1;IV2;year_1;Region_1;PMC_Frequency
M3,6,5,29,2,上饶,ce6ca82c326e584d8d688a7bedd72e06f508088c933485bfbfa222c82aab7fd0,114.81355125,230.3092154581087,IV1;IV2;year_1;Region_1;PMC_Frequency
M3,6,5,29,16,信阳,ce6ca82c326e584d8d688a7bedd72e06f508088c933485bfbfa222c82aab7fd0,244.6035494318183,330.63408062281883,IV1;IV2;year_1;Region_1;PMC_Frequency
M3,6,5,29,22,合肥,ce6ca82c326e584d8d688a7bedd72e06f508088c933485bfbfa222c82aab7fd0,13.19625,228.6111344480243,IV1;IV2;year_1;Region_1;PMC_Frequency
M3,6,5,29,27,文昌,ce6ca82c326e584d8d688a7bedd72e06f508088c933485bfbfa222c82aab7fd0,273.4003661931818,358.4378998597551,IV1;IV2;year_1;Region_1;PMC_Frequency
M3,6,5,29,36,琼海,ce6ca82c326e584d8d688a7bedd72e06f508088c933485bfbfa222c82aab7fd0,1716.717565054688,294.4457760384627,IV1;IV2;year_1;Region_1;PMC_Frequency
M3,6,5,29,38,肇庆,ce6ca82c326e584d8d688a7bedd72e06f508088c933485bfbfa222c82aab7fd0,23.03745340909091,222.3688635046994,IV1;IV2;year_1;Region_1;PMC_Frequency
M3,6,5,29,40,韶关,ce6ca82c326e584d8d688a7bedd72e06f508088c933485bfbfa222c82aab7fd0,547.9050852272727,223.16499048968817,IV1;IV2;year_1;Region_1;PMC_Frequency
M3,7,1,30,3,东方,ce6ca82c326e584d8d688a7bedd72e06f508088c933485bfbfa222c82aab7fd0,266.2529209872159,300.6263262171071,IV1;IV2;year_1;Region_1;PMC_Frequency
M3,7,1,30,5,东营,ce6ca82c326e584d8d688a7bedd72e06f508088c933485bfbfa222c82aab7fd0,425.3271014204544,223.0175795666735,IV1;IV2;year_1;Region_1;PMC_Frequency
M3,7,1,30,7,中山,ce6ca82c326e584d8d688a7bedd72e06f508088c933485bfbfa222c82aab7fd0,89.11043759098708,207.67799289193547,IV1;IV2;year_1;Region_1;PMC_Frequency
M3,7,1,30,13,九江,ce6ca82c326e584d8d688a7bedd72e06f508088c933485bfbfa222c82aab7fd0,0.0,294.7389050322391,IV1;IV2;year_1;Region_1;PMC_Frequency
M3,7,1,30,20,北京,ce6ca82c326e584d8d688a7bedd72e06f508088c933485bfbfa222c82aab7fd0,291.2148675426136,512.4196759890992,IV1;IV2;year_1;Region_1;PMC_Frequency
M3,7,1,30,28,昌江,ce6ca82c326e584d8d688a7bedd72e06f508088c933485bfbfa222c82aab7fd0,268.7138254261364,246.1460228192116,IV1;IV2;year_1;Region_1;PMC_Frequency
M3,7,1,30,29,汕头,ce6ca82c326e584d8d688a7bedd72e06f508088c933485bfbfa222c82aab7fd0,516.6316193181818,328.83074035895504,IV1;IV2;year_1;Region_1;PMC_Frequency
M3,7,1,30,36,琼海,ce6ca82c326e584d8d688a7bedd72e06f508088c933485bfbfa222c82aab7fd0,1716.717565054688,336.4513694610059,IV1;IV2;year_1;Region_1;PMC_Frequency
M3,7,1,30,40,韶关,ce6ca82c326e584d8d688a7bedd72e06f508088c933485bfbfa222c82aab7fd0,547.9050852272727,234.02181260705393,IV1;IV2;year_1;Region_1;PMC_Frequency
M3,7,2,31,4,东莞,ce6ca82c326e584d8d688a7bedd72e06f508088c933485bfbfa222c82aab7fd0,307.5424744318183,651.1963926514204,IV1;IV2;year_1;Region_1;PMC_Frequency
M3,7,2,31,8,临高,ce6ca82c326e584d8d688a7bedd72e06f508088c933485bfbfa222c82aab7fd0,83.80276845703128,315.9473464223483,IV1;IV2;year_1;Region_1;PMC_Frequency
M3,7,2,31,12,乐山,ce6ca82c326e584d8d688a7bedd72e06f508088c933485bfbfa222c82aab7fd0,45.02250000000001,214.23186138019014,IV1;IV2;year_1;Region_1;PMC_Frequency
M3,7,2,31,14,五指山,ce6ca82c326e584d8d688a7bedd72e06f508088c933485bfbfa222c82aab7fd0,273.4003661931818,368.1694360732613,IV1;IV2;year_1;Region_1;PMC_Frequency
M3,7,2,31,21,北海,ce6ca82c326e584d8d688a7bedd72e06f508088c933485bfbfa222c82aab7fd0,318.3245085227273,259.6249059789094,IV1;IV2;year_1;Region_1;PMC_Frequency
M3,7,2,31,25,广州,ce6ca82c326e584d8d688a7bedd72e06f508088c933485bfbfa222c82aab7fd0,164.1983198863636,558.7608861023496,IV1;IV2;year_1;Region_1;PMC_Frequency
M3,7,2,31,26,惠州,ce6ca82c326e584d8d688a7bedd72e06f508088c933485bfbfa222c82aab7fd0,253.6378448863636,232.192483798473,IV1;IV2;year_1;Region_1;PMC_Frequency
M3,7,2,31,33,澄迈,ce6ca82c326e584d8d688a7bedd72e06f508088c933485bfbfa222c82aab7fd0,647.861484375,296.78308430267765,IV1;IV2;year_1;Region_1;PMC_Frequency
M3,7,3,32,1,上海,ce6ca82c326e584d8d688a7bedd72e06f508088c933485bfbfa222c82aab7fd0,2302.973933396464,435.3875897594121,IV1;IV2;year_1;Region_1;PMC_Frequency
M3,7,3,32,11,乐东,ce6ca82c326e584d8d688a7bedd72e06f508088c933485bfbfa222c82aab7fd0,51.57938057753164,558.4659281170906,IV1;IV2;year_1;Region_1;PMC_Frequency
M3,7,3,32,15,佛山,ce6ca82c326e584d8d688a7bedd72e06f508088c933485bfbfa222c82aab7fd0,28.38274488636364,293.43134553119216,IV1;IV2;year_1;Region_1;PMC_Frequency
M3,7,3,32,16,信阳,ce6ca82c326e584d8d688a7bedd72e06f508088c933485bfbfa222c82aab7fd0,244.6035494318183,515.5746673284339,IV1;IV2;year_1;Region_1;PMC_Frequency
M3,7,3,32,23,定安,ce6ca82c326e584d8d688a7bedd72e06f508088c933485bfbfa222c82aab7fd0,273.4003661931819,354.07839339169817,IV1;IV2;year_1;Region_1;PMC_Frequency
M3,7,3,32,30,海口,ce6ca82c326e584d8d688a7bedd72e06f508088c933485bfbfa222c82aab7fd0,339.134276349432,537.4418846981706,IV1;IV2;year_1;Region_1;PMC_Frequency
M3,7,3,32,34,珠海,ce6ca82c326e584d8d688a7bedd72e06f508088c933485bfbfa222c82aab7fd0,1511.786079545455,403.7931884685536,IV1;IV2;year_1;Region_1;PMC_Frequency
M3,7,3,32,39,陵水,ce6ca82c326e584d8d688a7bedd72e06f508088c933485bfbfa222c82aab7fd0,337.1486134943182,399.9154656547968,IV1;IV2;year_1;Region_1;PMC_Frequency
M3,7,4,33,2,上饶,ce6ca82c326e584d8d688a7bedd72e06f508088c933485bfbfa222c82aab7fd0,114.81355125,471.2681363104744,IV1;IV2;year_1;Region_1;PMC_Frequency
M3,7,4,33,9,丽水,ce6ca82c326e584d8d688a7bedd72e06f508088c933485bfbfa222c82aab7fd0,33.76567926136365,569.9541744385632,IV1;IV2;year_1;Region_1;PMC_Frequency
M3,7,4,33,22,合肥,ce6ca82c326e584d8d688a7bedd72e06f508088c933485bfbfa222c82aab7fd0,13.19625,300.0024892632683,IV1;IV2;year_1;Region_1;PMC_Frequency
M3,7,4,33,24,屯昌,ce6ca82c326e584d8d688a7bedd72e06f508088c933485bfbfa222c82aab7fd0,273.4003661931819,335.9726913227386,IV1;IV2;year_1;Region_1;PMC_Frequency
M3,7,4,33,27,文昌,ce6ca82c326e584d8d688a7bedd72e06f508088c933485bfbfa222c82aab7fd0,273.4003661931818,317.45769714113374,IV1;IV2;year_1;Region_1;PMC_Frequency
M3,7,4,33,35,琼中,ce6ca82c326e584d8d688a7bedd72e06f508088c933485bfbfa222c82aab7fd0,1106.44734375,310.7514709021725,IV1;IV2;year_1;Region_1;PMC_Frequency
M3,7,4,33,37,白沙,ce6ca82c326e584d8d688a7bedd72e06f508088c933485bfbfa222c82aab7fd0,192.9951366477273,275.4121582223929,IV1;IV2;year_1;Region_1;PMC_Frequency
M3,7,4,33,38,肇庆,ce6ca82c326e584d8d688a7bedd72e06f508088c933485bfbfa222c82aab7fd0,23.03745340909091,303.1792044679597,IV1;IV2;year_1;Region_1;PMC_Frequency
M3,7,5,34,0,万宁,ce6ca82c326e584d8d688a7bedd72e06f508088c933485bfbfa222c82aab7fd0,148.9921240384616,472.69533532757595,IV1;IV2;year_1;Region_1;PMC_Frequency
M3,7,5,34,6,中卫,ce6ca82c326e584d8d688a7bedd72e06f508088c933485bfbfa222c82aab7fd0,31.05198382826678,317.99034415702283,IV1;IV2;year_1;Region_1;PMC_Frequency
M3,7,5,34,10,义乌,ce6ca82c326e584d8d688a7bedd72e06f508088c933485bfbfa222c82aab7fd0,7288.761349396308,408.2837035691562,IV1;IV2;year_1;Region_1;PMC_Frequency
M3,7,5,34,17,儋州,ce6ca82c326e584d8d688a7bedd72e06f508088c933485bfbfa222c82aab7fd0,539.7352537592891,357.5329907413767,IV1;IV2;year_1;Region_1;PMC_Frequency
M3,7,5,34,18,六安,ce6ca82c326e584d8d688a7bedd72e06f508088c933485bfbfa222c82aab7fd0,8.639045028409095,476.356979124081,IV1;IV2;year_1;Region_1;PMC_Frequency
M3,7,5,34,19,兰州,ce6ca82c326e584d8d688a7bedd72e06f508088c933485bfbfa222c82aab7fd0,32.85616429924242,213.88901125007365,IV1;IV2;year_1;Region_1;PMC_Frequency
M3,7,5,34,31,深圳,ce6ca82c326e584d8d688a7bedd72e06f508088c933485bfbfa222c82aab7fd0,159.7083409090909,380.9850085325883,IV1;IV2;year_1;Region_1;PMC_Frequency
M3,7,5,34,32,清远,ce6ca82c326e584d8d688a7bedd72e06f508088c933485bfbfa222c82aab7fd0,375.720028409091,305.2221895207643,IV1;IV2;year_1;Region_1;PMC_Frequency
M3,8,1,35,4,东莞,ce6ca82c326e584d8d688a7bedd72e06f508088c933485bfbfa222c82aab7fd0,307.5424744318183,588.4377990680844,IV1;IV2;year_1;Region_1;PMC_Frequency
M3,8,1,35,9,丽水,ce6ca82c326e584d8d688a7bedd72e06f508088c933485bfbfa222c82aab7fd0,33.76567926136365,508.9253372666482,IV1;IV2;year_1;Region_1;PMC_Frequency
M3,8,1,35,12,乐山,ce6ca82c326e584d8d688a7bedd72e06f508088c933485bfbfa222c82aab7fd0,45.02250000000001,218.26316732222105,IV1;IV2;year_1;Region_1;PMC_Frequency
M3,8,1,35,16,信阳,ce6ca82c326e584d8d688a7bedd72e06f508088c933485bfbfa222c82aab7fd0,244.6035494318183,540.9064750621425,IV1;IV2;year_1;Region_1;PMC_Frequency
M3,8,1,35,27,文昌,ce6ca82c326e584d8d688a7bedd72e06f508088c933485bfbfa222c82aab7fd0,273.4003661931818,336.47811465370336,IV1;IV2;year_1;Region_1;PMC_Frequency
M3,8,1,35,29,汕头,ce6ca82c326e584d8d688a7bedd72e06f508088c933485bfbfa222c82aab7fd0,516.6316193181818,305.7661401827674,IV1;IV2;year_1;Region_1;PMC_Frequency
M3,8,1,35,33,澄迈,ce6ca82c326e584d8d688a7bedd72e06f508088c933485bfbfa222c82aab7fd0,647.861484375,255.79593259450107,IV1;IV2;year_1;Region_1;PMC_Frequency
M3,8,1,35,38,肇庆,ce6ca82c326e584d8d688a7bedd72e06f508088c933485bfbfa222c82aab7fd0,23.03745340909091,220.72031799888936,IV1;IV2;year_1;Region_1;PMC_Frequency
M3,8,1,35,40,韶关,ce6ca82c326e584d8d688a7bedd72e06f508088c933485bfbfa222c82aab7fd0,547.9050852272727,452.4709385555095,IV1;IV2;year_1;Region_1;PMC_Frequency
M3,8,2,36,5,东营,ce6ca82c326e584d8d688a7bedd72e06f508088c933485bfbfa222c82aab7fd0,425.3271014204544,268.63753398305215,IV1;IV2;year_1;Region_1;PMC_Frequency
M3,8,2,36,6,中卫,ce6ca82c326e584d8d688a7bedd72e06f508088c933485bfbfa222c82aab7fd0,31.05198382826678,277.9287453166791,IV1;IV2;year_1;Region_1;PMC_Frequency
M3,8,2,36,10,义乌,ce6ca82c326e584d8d688a7bedd72e06f508088c933485bfbfa222c82aab7fd0,7288.761349396308,413.74791013614976,IV1;IV2;year_1;Region_1;PMC_Frequency
M3,8,2,36,11,乐东,ce6ca82c326e584d8d688a7bedd72e06f508088c933485bfbfa222c82aab7fd0,51.57938057753164,545.9826674320154,IV1;IV2;year_1;Region_1;PMC_Frequency
M3,8,2,36,14,五指山,ce6ca82c326e584d8d688a7bedd72e06f508088c933485bfbfa222c82aab7fd0,273.4003661931818,406.7274337779501,IV1;IV2;year_1;Region_1;PMC_Frequency
M3,8,2,36,18,六安,ce6ca82c326e584d8d688a7bedd72e06f508088c933485bfbfa222c82aab7fd0,8.639045028409095,473.0359964533678,IV1;IV2;year_1;Region_1;PMC_Frequency
M3,8,2,36,20,北京,ce6ca82c326e584d8d688a7bedd72e06f508088c933485bfbfa222c82aab7fd0,291.2148675426136,269.271032537722,IV1;IV2;year_1;Region_1;PMC_Frequency
M3,8,2,36,26,惠州,ce6ca82c326e584d8d688a7bedd72e06f508088c933485bfbfa222c82aab7fd0,253.6378448863636,198.47639026777912,IV1;IV2;year_1;Region_1;PMC_Frequency
M3,8,3,37,0,万宁,ce6ca82c326e584d8d688a7bedd72e06f508088c933485bfbfa222c82aab7fd0,148.9921240384616,594.5668849998435,IV1;IV2;year_1;Region_1;PMC_Frequency
M3,8,3,37,3,东方,ce6ca82c326e584d8d688a7bedd72e06f508088c933485bfbfa222c82aab7fd0,266.2529209872159,386.04724339443834,IV1;IV2;year_1;Region_1;PMC_Frequency
M3,8,3,37,7,中山,ce6ca82c326e584d8d688a7bedd72e06f508088c933485bfbfa222c82aab7fd0,89.11043759098708,273.70994178820496,IV1;IV2;year_1;Region_1;PMC_Frequency
M3,8,3,37,8,临高,ce6ca82c326e584d8d688a7bedd72e06f508088c933485bfbfa222c82aab7fd0,83.80276845703128,378.5726570189208,IV1;IV2;year_1;Region_1;PMC_Frequency
M3,8,3,37,22,合肥,ce6ca82c326e584d8d688a7bedd72e06f508088c933485bfbfa222c82aab7fd0,13.19625,343.72387153341043,IV1;IV2;year_1;Region_1;PMC_Frequency
M3,8,3,37,23,定安,ce6ca82c326e584d8d688a7bedd72e06f508088c933485bfbfa222c82aab7fd0,273.4003661931819,344.5062857231019,IV1;IV2;year_1;Region_1;PMC_Frequency
M3,8,3,37,25,广州,ce6ca82c326e584d8d688a7bedd72e06f508088c933485bfbfa222c82aab7fd0,164.1983198863636,544.5654153798317,IV1;IV2;year_1;Region_1;PMC_Frequency
M3,8,3,37,30,海口,ce6ca82c326e584d8d688a7bedd72e06f508088c933485bfbfa222c82aab7fd0,339.134276349432,592.9407708988584,IV1;IV2;year_1;Region_1;PMC_Frequency
M3,8,4,38,1,上海,ce6ca82c326e584d8d688a7bedd72e06f508088c933485bfbfa222c82aab7fd0,2302.973933396464,578.9706375756908,IV1;IV2;year_1;Region_1;PMC_Frequency
M3,8,4,38,2,上饶,ce6ca82c326e584d8d688a7bedd72e06f508088c933485bfbfa222c82aab7fd0,114.81355125,278.8678616203917,IV1;IV2;year_1;Region_1;PMC_Frequency
M3,8,4,38,13,九江,ce6ca82c326e584d8d688a7bedd72e06f508088c933485bfbfa222c82aab7fd0,0.0,296.3399727261638,IV1;IV2;year_1;Region_1;PMC_Frequency
M3,8,4,38,15,佛山,ce6ca82c326e584d8d688a7bedd72e06f508088c933485bfbfa222c82aab7fd0,28.38274488636364,373.79776063765854,IV1;IV2;year_1;Region_1;PMC_Frequency
M3,8,4,38,17,儋州,ce6ca82c326e584d8d688a7bedd72e06f508088c933485bfbfa222c82aab7fd0,539.7352537592891,307.9040965103016,IV1;IV2;year_1;Region_1;PMC_Frequency
M3,8,4,38,21,北海,ce6ca82c326e584d8d688a7bedd72e06f508088c933485bfbfa222c82aab7fd0,318.3245085227273,252.75767832569358,IV1;IV2;year_1;Region_1;PMC_Frequency
M3,8,4,38,31,深圳,ce6ca82c326e584d8d688a7bedd72e06f508088c933485bfbfa222c82aab7fd0,159.7083409090909,516.4931321793978,IV1;IV2;year_1;Region_1;PMC_Frequency
M3,8,4,38,32,清远,ce6ca82c326e584d8d688a7bedd72e06f508088c933485bfbfa222c82aab7fd0,375.720028409091,330.81963209777416,IV1;IV2;year_1;Region_1;PMC_Frequency
M3,8,5,39,19,兰州,ce6ca82c326e584d8d688a7bedd72e06f508088c933485bfbfa222c82aab7fd0,32.85616429924242,178.41420777950304,IV1;IV2;year_1;Region_1;PMC_Frequency
M3,8,5,39,24,屯昌,ce6ca82c326e584d8d688a7bedd72e06f508088c933485bfbfa222c82aab7fd0,273.4003661931819,283.8592655266181,IV1;IV2;year_1;Region_1;PMC_Frequency
M3,8,5,39,28,昌江,ce6ca82c326e584d8d688a7bedd72e06f508088c933485bfbfa222c82aab7fd0,268.7138254261364,254.11517648401664,IV1;IV2;year_1;Region_1;PMC_Frequency
M3,8,5,39,34,珠海,ce6ca82c326e584d8d688a7bedd72e06f508088c933485bfbfa222c82aab7fd0,1511.786079545455,501.35140513631075,IV1;IV2;year_1;Region_1;PMC_Frequency
M3,8,5,39,35,琼中,ce6ca82c326e584d8d688a7bedd72e06f508088c933485bfbfa222c82aab7fd0,1106.44734375,290.70949134961455,IV1;IV2;year_1;Region_1;PMC_Frequency
M3,8,5,39,36,琼海,ce6ca82c326e584d8d688a7bedd72e06f508088c933485bfbfa222c82aab7fd0,1716.717565054688,380.7606171745048,IV1;IV2;year_1;Region_1;PMC_Frequency
M3,8,5,39,37,白沙,ce6ca82c326e584d8d688a7bedd72e06f508088c933485bfbfa222c82aab7fd0,192.9951366477273,248.65273335401542,IV1;IV2;year_1;Region_1;PMC_Frequency
M3,8,5,39,39,陵水,ce6ca82c326e584d8d688a7bedd72e06f508088c933485bfbfa222c82aab7fd0,337.1486134943182,360.0236914906855,IV1;IV2;year_1;Region_1;PMC_Frequency
M3,9,1,40,1,上海,ce6ca82c326e584d8d688a7bedd72e06f508088c933485bfbfa222c82aab7fd0,2302.973933396464,188.79287516372918,IV1;IV2;year_1;Region_1;PMC_Frequency
M3,9,1,40,6,中卫,ce6ca82c326e584d8d688a7bedd72e06f508088c933485bfbfa222c82aab7fd0,31.05198382826678,315.11413791274725,IV1;IV2;year_1;Region_1;PMC_Frequency
M3,9,1,40,7,中山,ce6ca82c326e584d8d688a7bedd72e06f508088c933485bfbfa222c82aab7fd0,89.11043759098708,143.74795711253472,IV1;IV2;year_1;Region_1;PMC_Frequency
M3,9,1,40,9,丽水,ce6ca82c326e584d8d688a7bedd72e06f508088c933485bfbfa222c82aab7fd0,33.76567926136365,188.95007244949068,IV1;IV2;year_1;Region_1;PMC_Frequency
M3,9,1,40,10,义乌,ce6ca82c326e584d8d688a7bedd72e06f508088c933485bfbfa222c82aab7fd0,7288.761349396308,204.287021057583,IV1;IV2;year_1;Region_1;PMC_Frequency
M3,9,1,40,12,乐山,ce6ca82c326e584d8d688a7bedd72e06f508088c933485bfbfa222c82aab7fd0,45.02250000000001,208.37045856337554,IV1;IV2;year_1;Region_1;PMC_Frequency
M3,9,1,40,21,北海,ce6ca82c326e584d8d688a7bedd72e06f508088c933485bfbfa222c82aab7fd0,318.3245085227273,266.5117491693263,IV1;IV2;year_1;Region_1;PMC_Frequency
M3,9,1,40,30,海口,ce6ca82c326e584d8d688a7bedd72e06f508088c933485bfbfa222c82aab7fd0,339.134276349432,223.33225388676294,IV1;IV2;year_1;Region_1;PMC_Frequency
M3,9,1,40,36,琼海,ce6ca82c326e584d8d688a7bedd72e06f508088c933485bfbfa222c82aab7fd0,1716.717565054688,257.27161227887,IV1;IV2;year_1;Region_1;PMC_Frequency
M3,9,2,41,0,万宁,ce6ca82c326e584d8d688a7bedd72e06f508088c933485bfbfa222c82aab7fd0,148.9921240384616,616.6767671516459,IV1;IV2;year_1;Region_1;PMC_Frequency
M3,9,2,41,14,五指山,ce6ca82c326e584d8d688a7bedd72e06f508088c933485bfbfa222c82aab7fd0,273.4003661931818,504.0187451873436,IV1;IV2;year_1;Region_1;PMC_Frequency
M3,9,2,41,17,儋州,ce6ca82c326e584d8d688a7bedd72e06f508088c933485bfbfa222c82aab7fd0,539.7352537592891,345.84495494933077,IV1;IV2;year_1;Region_1;PMC_Frequency
M3,9,2,41,19,兰州,ce6ca82c326e584d8d688a7bedd72e06f508088c933485bfbfa222c82aab7fd0,32.85616429924242,255.3420353153258,IV1;IV2;year_1;Region_1;PMC_Frequency
M3,9,2,41,22,合肥,ce6ca82c326e584d8d688a7bedd72e06f508088c933485bfbfa222c82aab7fd0,13.19625,328.6962548535063,IV1;IV2;year_1;Region_1;PMC_Frequency
M3,9,2,41,23,定安,ce6ca82c326e584d8d688a7bedd72e06f508088c933485bfbfa222c82aab7fd0,273.4003661931819,398.4065765164832,IV1;IV2;year_1;Region_1;PMC_Frequency
M3,9,2,41,24,屯昌,ce6ca82c326e584d8d688a7bedd72e06f508088c933485bfbfa222c82aab7fd0,273.4003661931819,447.04755551924904,IV1;IV2;year_1;Region_1;PMC_Frequency
M3,9,2,41,31,深圳,ce6ca82c326e584d8d688a7bedd72e06f508088c933485bfbfa222c82aab7fd0,159.7083409090909,625.1868106123526,IV1;IV2;year_1;Region_1;PMC_Frequency
M3,9,3,42,5,东营,ce6ca82c326e584d8d688a7bedd72e06f508088c933485bfbfa222c82aab7fd0,425.3271014204544,294.1702116066781,IV1;IV2;year_1;Region_1;PMC_Frequency
M3,9,3,42,8,临高,ce6ca82c326e584d8d688a7bedd72e06f508088c933485bfbfa222c82aab7fd0,83.80276845703128,367.0097470788782,IV1;IV2;year_1;Region_1;PMC_Frequency
M3,9,3,42,11,乐东,ce6ca82c326e584d8d688a7bedd72e06f508088c933485bfbfa222c82aab7fd0,51.57938057753164,547.357500550604,IV1;IV2;year_1;Region_1;PMC_Frequency
M3,9,3,42,13,九江,ce6ca82c326e584d8d688a7bedd72e06f508088c933485bfbfa222c82aab7fd0,0.0,291.338787730292,IV1;IV2;year_1;Region_1;PMC_Frequency
M3,9,3,42,25,广州,ce6ca82c326e584d8d688a7bedd72e06f508088c933485bfbfa222c82aab7fd0,164.1983198863636,571.4165768769384,IV1;IV2;year_1;Region_1;PMC_Frequency
M3,9,3,42,37,白沙,ce6ca82c326e584d8d688a7bedd72e06f508088c933485bfbfa222c82aab7fd0,192.9951366477273,277.95347581961767,IV1;IV2;year_1;Region_1;PMC_Frequency
M3,9,3,42,38,肇庆,ce6ca82c326e584d8d688a7bedd72e06f508088c933485bfbfa222c82aab7fd0,23.03745340909091,261.2931267638948,IV1;IV2;year_1;Region_1;PMC_Frequency
M3,9,3,42,39,陵水,ce6ca82c326e584d8d688a7bedd72e06f508088c933485bfbfa222c82aab7fd0,337.1486134943182,420.6750505177035,IV1;IV2;year_1;Region_1;PMC_Frequency
M3,9,4,43,2,上饶,ce6ca82c326e584d8d688a7bedd72e06f508088c933485bfbfa222c82aab7fd0,114.81355125,505.1709550006059,IV1;IV2;year_1;Region_1;PMC_Frequency
M3,9,4,43,3,东方,ce6ca82c326e584d8d688a7bedd72e06f508088c933485bfbfa222c82aab7fd0,266.2529209872159,316.71309214766603,IV1;IV2;year_1;Region_1;PMC_Frequency
M3,9,4,43,4,东莞,ce6ca82c326e584d8d688a7bedd72e06f508088c933485bfbfa222c82aab7fd0,307.5424744318183,440.12150570846904,IV1;IV2;year_1;Region_1;PMC_Frequency
M3,9,4,43,15,佛山,ce6ca82c326e584d8d688a7bedd72e06f508088c933485bfbfa222c82aab7fd0,28.38274488636364,365.35820190801655,IV1;IV2;year_1;Region_1;PMC_Frequency
M3,9,4,43,16,信阳,ce6ca82c326e584d8d688a7bedd72e06f508088c933485bfbfa222c82aab7fd0,244.6035494318183,563.9840733619848,IV1;IV2;year_1;Region_1;PMC_Frequency
M3,9,4,43,18,六安,ce6ca82c326e584d8d688a7bedd72e06f508088c933485bfbfa222c82aab7fd0,8.639045028409095,703.9953897356401,IV1;IV2;year_1;Region_1;PMC_Frequency
M3,9,4,43,28,昌江,ce6ca82c326e584d8d688a7bedd72e06f508088c933485bfbfa222c82aab7fd0,268.7138254261364,307.50260757128694,IV1;IV2;year_1;Region_1;PMC_Frequency
M3,9,4,43,34,珠海,ce6ca82c326e584d8d688a7bedd72e06f508088c933485bfbfa222c82aab7fd0,1511.786079545455,528.0242187314317,IV1;IV2;year_1;Region_1;PMC_Frequency
M3,9,5,44,20,北京,ce6ca82c326e584d8d688a7bedd72e06f508088c933485bfbfa222c82aab7fd0,291.2148675426136,528.1418545802095,IV1;IV2;year_1;Region_1;PMC_Frequency
M3,9,5,44,26,惠州,ce6ca82c326e584d8d688a7bedd72e06f508088c933485bfbfa222c82aab7fd0,253.6378448863636,208.53381225970273,IV1;IV2;year_1;Region_1;PMC_Frequency
M3,9,5,44,27,文昌,ce6ca82c326e584d8d688a7bedd72e06f508088c933485bfbfa222c82aab7fd0,273.4003661931818,263.08758178079177,IV1;IV2;year_1;Region_1;PMC_Frequency
M3,9,5,44,29,汕头,ce6ca82c326e584d8d688a7bedd72e06f508088c933485bfbfa222c82aab7fd0,516.6316193181818,239.66802694538475,IV1;IV2;year_1;Region_1;PMC_Frequency
M3,9,5,44,32,清远,ce6ca82c326e584d8d688a7bedd72e06f508088c933485bfbfa222c82aab7fd0,375.720028409091,234.6592453411417,IV1;IV2;year_1;Region_1;PMC_Frequency
M3,9,5,44,33,澄迈,ce6ca82c326e584d8d688a7bedd72e06f508088c933485bfbfa222c82aab7fd0,647.861484375,206.5920324693601,IV1;IV2;year_1;Region_1;PMC_Frequency
M3,9,5,44,35,琼中,ce6ca82c326e584d8d688a7bedd72e06f508088c933485bfbfa222c82aab7fd0,1106.44734375,272.52212996942586,IV1;IV2;year_1;Region_1;PMC_Frequency
M3,9,5,44,40,韶关,ce6ca82c326e584d8d688a7bedd72e06f508088c933485bfbfa222c82aab7fd0,547.9050852272727,334.64987630105156,IV1;IV2;year_1;Region_1;PMC_Frequency
M3,10,1,45,4,东莞,ce6ca82c326e584d8d688a7bedd72e06f508088c933485bfbfa222c82aab7fd0,307.5424744318183,610.0111629311185,IV1;IV2;year_1;Region_1;PMC_Frequency
M3,10,1,45,5,东营,ce6ca82c326e584d8d688a7bedd72e06f508088c933485bfbfa222c82aab7fd0,425.3271014204544,207.3023973358049,IV1;IV2;year_1;Region_1;PMC_Frequency
M3,10,1,45,13,九江,ce6ca82c326e584d8d688a7bedd72e06f508088c933485bfbfa222c82aab7fd0,0.0,244.37362129209566,IV1;IV2;year_1;Region_1;PMC_Frequency
M3,10,1,45,14,五指山,ce6ca82c326e584d8d688a7bedd72e06f508088c933485bfbfa222c82aab7fd0,273.4003661931818,332.0022696831624,IV1;IV2;year_1;Region_1;PMC_Frequency
M3,10,1,45,24,屯昌,ce6ca82c326e584d8d688a7bedd72e06f508088c933485bfbfa222c82aab7fd0,273.4003661931819,291.3118857502616,IV1;IV2;year_1;Region_1;PMC_Frequency
M3,10,1,45,27,文昌,ce6ca82c326e584d8d688a7bedd72e06f508088c933485bfbfa222c82aab7fd0,273.4003661931818,271.5461961506439,IV1;IV2;year_1;Region_1;PMC_Frequency
M3,10,1,45,30,海口,ce6ca82c326e584d8d688a7bedd72e06f508088c933485bfbfa222c82aab7fd0,339.134276349432,611.189950672063,IV1;IV2;year_1;Region_1;PMC_Frequency
M3,10,1,45,33,澄迈,ce6ca82c326e584d8d688a7bedd72e06f508088c933485bfbfa222c82aab7fd0,647.861484375,218.78206551886996,IV1;IV2;year_1;Region_1;PMC_Frequency
M3,10,1,45,35,琼中,ce6ca82c326e584d8d688a7bedd72e06f508088c933485bfbfa222c82aab7fd0,1106.44734375,270.08193887679363,IV1;IV2;year_1;Region_1;PMC_Frequency
M3,10,2,46,11,乐东,ce6ca82c326e584d8d688a7bedd72e06f508088c933485bfbfa222c82aab7fd0,51.57938057753164,616.1960118292319,IV1;IV2;year_1;Region_1;PMC_Frequency
M3,10,2,46,18,六安,ce6ca82c326e584d8d688a7bedd72e06f508088c933485bfbfa222c82aab7fd0,8.639045028409095,599.4429555490216,IV1;IV2;year_1;Region_1;PMC_Frequency
M3,10,2,46,19,兰州,ce6ca82c326e584d8d688a7bedd72e06f508088c933485bfbfa222c82aab7fd0,32.85616429924242,203.3779650185309,IV1;IV2;year_1;Region_1;PMC_Frequency
M3,10,2,46,20,北京,ce6ca82c326e584d8d688a7bedd72e06f508088c933485bfbfa222c82aab7fd0,291.2148675426136,575.6527670870803,IV1;IV2;year_1;Region_1;PMC_Frequency
M3,10,2,46,28,昌江,ce6ca82c326e584d8d688a7bedd72e06f508088c933485bfbfa222c82aab7fd0,268.7138254261364,280.49191853510604,IV1;IV2;year_1;Region_1;PMC_Frequency
M3,10,2,46,29,汕头,ce6ca82c326e584d8d688a7bedd72e06f508088c933485bfbfa222c82aab7fd0,516.6316193181818,298.50541237327167,IV1;IV2;year_1;Region_1;PMC_Frequency
M3,10,2,46,32,清远,ce6ca82c326e584d8d688a7bedd72e06f508088c933485bfbfa222c82aab7fd0,375.720028409091,304.6128977120183,IV1;IV2;year_1;Region_1;PMC_Frequency
M3,10,2,46,37,白沙,ce6ca82c326e584d8d688a7bedd72e06f508088c933485bfbfa222c82aab7fd0,192.9951366477273,261.3709181636689,IV1;IV2;year_1;Region_1;PMC_Frequency
M3,10,3,47,3,东方,ce6ca82c326e584d8d688a7bedd72e06f508088c933485bfbfa222c82aab7fd0,266.2529209872159,351.20595959987145,IV1;IV2;year_1;Region_1;PMC_Frequency
M3,10,3,47,6,中卫,ce6ca82c326e584d8d688a7bedd72e06f508088c933485bfbfa222c82aab7fd0,31.05198382826678,287.78836600469714,IV1;IV2;year_1;Region_1;PMC_Frequency
M3,10,3,47,9,丽水,ce6ca82c326e584d8d688a7bedd72e06f508088c933485bfbfa222c82aab7fd0,33.76567926136365,513.922093291511,IV1;IV2;year_1;Region_1;PMC_Frequency
M3,10,3,47,12,乐山,ce6ca82c326e584d8d688a7bedd72e06f508088c933485bfbfa222c82aab7fd0,45.02250000000001,267.4154831567077,IV1;IV2;year_1;Region_1;PMC_Frequency
M3,10,3,47,15,佛山,ce6ca82c326e584d8d688a7bedd72e06f508088c933485bfbfa222c82aab7fd0,28.38274488636364,397.0869774738545,IV1;IV2;year_1;Region_1;PMC_Frequency
M3,10,3,47,17,儋州,ce6ca82c326e584d8d688a7bedd72e06f508088c933485bfbfa222c82aab7fd0,539.7352537592891,333.7179939009989,IV1;IV2;year_1;Region_1;PMC_Frequency
M3,10,3,47,38,肇庆,ce6ca82c326e584d8d688a7bedd72e06f508088c933485bfbfa222c82aab7fd0,23.03745340909091,281.77995210732956,IV1;IV2;year_1;Region_1;PMC_Frequency
M3,10,3,47,40,韶关,ce6ca82c326e584d8d688a7bedd72e06f508088c933485bfbfa222c82aab7fd0,547.9050852272727,460.71596956095675,IV1;IV2;year_1;Region_1;PMC_Frequency
M3,10,4,48,0,万宁,ce6ca82c326e584d8d688a7bedd72e06f508088c933485bfbfa222c82aab7fd0,148.9921240384616,333.2521180045232,IV1;IV2;year_1;Region_1;PMC_Frequency
M3,10,4,48,7,中山,ce6ca82c326e584d8d688a7bedd72e06f508088c933485bfbfa222c82aab7fd0,89.11043759098708,151.63078394628639,IV1;IV2;year_1;Region_1;PMC_Frequency
M3,10,4,48,8,临高,ce6ca82c326e584d8d688a7bedd72e06f508088c933485bfbfa222c82aab7fd0,83.80276845703128,354.0427586749642,IV1;IV2;year_1;Region_1;PMC_Frequency
M3,10,4,48,10,义乌,ce6ca82c326e584d8d688a7bedd72e06f508088c933485bfbfa222c82aab7fd0,7288.761349396308,242.57472568262745,IV1;IV2;year_1;Region_1;PMC_Frequency
M3,10,4,48,16,信阳,ce6ca82c326e584d8d688a7bedd72e06f508088c933485bfbfa222c82aab7fd0,244.6035494318183,287.05917489137875,IV1;IV2;year_1;Region_1;PMC_Frequency
M3,10,4,48,25,广州,ce6ca82c326e584d8d688a7bedd72e06f508088c933485bfbfa222c82aab7fd0,164.1983198863636,180.48621018820376,IV1;IV2;year_1;Region_1;PMC_Frequency
M3,10,4,48,34,珠海,ce6ca82c326e584d8d688a7bedd72e06f508088c933485bfbfa222c82aab7fd0,1511.786079545455,315.65076294894595,IV1;IV2;year_1;Region_1;PMC_Frequency
M3,10,4,48,36,琼海,ce6ca82c326e584d8d688a7bedd72e06f508088c933485bfbfa222c82aab7fd0,1716.717565054688,297.17864835664943,IV1;IV2;year_1;Region_1;PMC_Frequency
M3,10,5,49,1,上海,ce6ca82c326e584d8d688a7bedd72e06f508088c933485bfbfa222c82aab7fd0,2302.973933396464,560.9243895047263,IV1;IV2;year_1;Region_1;PMC_Frequency
M3,10,5,49,2,上饶,ce6ca82c326e584d8d688a7bedd72e06f508088c933485bfbfa222c82aab7fd0,114.81355125,278.9933250731078,IV1;IV2;year_1;Region_1;PMC_Frequency
M3,10,5,49,21,北海,ce6ca82c326e584d8d688a7bedd72e06f508088c933485bfbfa222c82aab7fd0,318.3245085227273,286.78094979574905,IV1;IV2;year_1;Region_1;PMC_Frequency
M3,10,5,49,22,合肥,ce6ca82c326e584d8d688a7bedd72e06f508088c933485bfbfa222c82aab7fd0,13.19625,256.55718518526777,IV1;IV2;year_1;Region_1;PMC_Frequency
M3,10,5,49,23,定安,ce6ca82c326e584d8d688a7bedd72e06f508088c933485bfbfa222c82aab7fd0,273.4003661931819,312.0898603111976,IV1;IV2;year_1;Region_1;PMC_Frequency
M3,10,5,49,26,惠州,ce6ca82c326e584d8d688a7bedd72e06f508088c933485bfbfa222c82aab7fd0,253.6378448863636,244.3544137954749,IV1;IV2;year_1;Region_1;PMC_Frequency
M3,10,5,49,31,深圳,ce6ca82c326e584d8d688a7bedd72e06f508088c933485bfbfa222c82aab7fd0,159.7083409090909,503.60146361363536,IV1;IV2;year_1;Region_1;PMC_Frequency
M3,10,5,49,39,陵水,ce6ca82c326e584d8d688a7bedd72e06f508088c933485bfbfa222c82aab7fd0,337.1486134943182,481.79037729612554,IV1;IV2;year_1;Region_1;PMC_Frequency
M3,11,1,50,6,中卫,ce6ca82c326e584d8d688a7bedd72e06f508088c933485bfbfa222c82aab7fd0,31.05198382826678,289.25412945548175,IV1;IV2;year_1;Region_1;PMC_Frequency
M3,11,1,50,10,义乌,ce6ca82c326e584d8d688a7bedd72e06f508088c933485bfbfa222c82aab7fd0,7288.761349396308,388.82696115440007,IV1;IV2;year_1;Region_1;PMC_Frequency
M3,11,1,50,23,定安,ce6ca82c326e584d8d688a7bedd72e06f508088c933485bfbfa222c82aab7fd0,273.4003661931819,283.46551783433745,IV1;IV2;year_1;Region_1;PMC_Frequency
M3,11,1,50,24,屯昌,ce6ca82c326e584d8d688a7bedd72e06f508088c933485bfbfa222c82aab7fd0,273.4003661931819,282.436347167814,IV1;IV2;year_1;Region_1;PMC_Frequency
M3,11,1,50,25,广州,ce6ca82c326e584d8d688a7bedd72e06f508088c933485bfbfa222c82aab7fd0,164.1983198863636,274.0035763980592,IV1;IV2;year_1;Region_1;PMC_Frequency
M3,11,1,50,27,文昌,ce6ca82c326e584d8d688a7bedd72e06f508088c933485bfbfa222c82aab7fd0,273.4003661931818,329.5154069835172,IV1;IV2;year_1;Region_1;PMC_Frequency
M3,11,1,50,28,昌江,ce6ca82c326e584d8d688a7bedd72e06f508088c933485bfbfa222c82aab7fd0,268.7138254261364,247.32816689231046,IV1;IV2;year_1;Region_1;PMC_Frequency
M3,11,1,50,31,深圳,ce6ca82c326e584d8d688a7bedd72e06f508088c933485bfbfa222c82aab7fd0,159.7083409090909,370.1465661592196,IV1;IV2;year_1;Region_1;PMC_Frequency
M3,11,1,50,35,琼中,ce6ca82c326e584d8d688a7bedd72e06f508088c933485bfbfa222c82aab7fd0,1106.44734375,307.44236524553247,IV1;IV2;year_1;Region_1;PMC_Frequency
M3,11,2,51,0,万宁,ce6ca82c326e584d8d688a7bedd72e06f508088c933485bfbfa222c82aab7fd0,148.9921240384616,599.7523411256972,IV1;IV2;year_1;Region_1;PMC_Frequency
M3,11,2,51,1,上海,ce6ca82c326e584d8d688a7bedd72e06f508088c933485bfbfa222c82aab7fd0,2302.973933396464,542.3174143840346,IV1;IV2;year_1;Region_1;PMC_Frequency
M3,11,2,51,8,临高,ce6ca82c326e584d8d688a7bedd72e06f508088c933485bfbfa222c82aab7fd0,83.80276845703128,392.1299331892153,IV1;IV2;year_1;Region_1;PMC_Frequency
M3,11,2,51,11,乐东,ce6ca82c326e584d8d688a7bedd72e06f508088c933485bfbfa222c82aab7fd0,51.57938057753164,487.95418830927207,IV1;IV2;year_1;Region_1;PMC_Frequency
M3,11,2,51,13,九江,ce6ca82c326e584d8d688a7bedd72e06f508088c933485bfbfa222c82aab7fd0,0.0,279.5419303558729,IV1;IV2;year_1;Region_1;PMC_Frequency
M3,11,2,51,20,北京,ce6ca82c326e584d8d688a7bedd72e06f508088c933485bfbfa222c82aab7fd0,291.2148675426136,418.83120521925935,IV1;IV2;year_1;Region_1;PMC_Frequency
M3,11,2,51,26,惠州,ce6ca82c326e584d8d688a7bedd72e06f508088c933485bfbfa222c82aab7fd0,253.6378448863636,255.26611406468618,IV1;IV2;year_1;Region_1;PMC_Frequency
M3,11,2,51,39,陵水,ce6ca82c326e584d8d688a7bedd72e06f508088c933485bfbfa222c82aab7fd0,337.1486134943182,518.8779549467204,IV1;IV2;year_1;Region_1;PMC_Frequency
M3,11,3,52,9,丽水,ce6ca82c326e584d8d688a7bedd72e06f508088c933485bfbfa222c82aab7fd0,33.76567926136365,591.6388870064454,IV1;IV2;year_1;Region_1;PMC_Frequency
M3,11,3,52,15,佛山,ce6ca82c326e584d8d688a7bedd72e06f508088c933485bfbfa222c82aab7fd0,28.38274488636364,441.4227657408743,IV1;IV2;year_1;Region_1;PMC_Frequency
M3,11,3,52,16,信阳,ce6ca82c326e584d8d688a7bedd72e06f508088c933485bfbfa222c82aab7fd0,244.6035494318183,597.5765198641682,IV1;IV2;year_1;Region_1;PMC_Frequency
M3,11,3,52,17,儋州,ce6ca82c326e584d8d688a7bedd72e06f508088c933485bfbfa222c82aab7fd0,539.7352537592891,273.59113125604006,IV1;IV2;year_1;Region_1;PMC_Frequency
M3,11,3,52,18,六安,ce6ca82c326e584d8d688a7bedd72e06f508088c933485bfbfa222c82aab7fd0,8.639045028409095,692.6281264172272,IV1;IV2;year_1;Region_1;PMC_Frequency
M3,11,3,52,29,汕头,ce6ca82c326e584d8d688a7bedd72e06f508088c933485bfbfa222c82aab7fd0,516.6316193181818,253.4917917857516,IV1;IV2;year_1;Region_1;PMC_Frequency
M3,11,3,52,30,海口,ce6ca82c326e584d8d688a7bedd72e06f508088c933485bfbfa222c82aab7fd0,339.134276349432,771.5414344329462,IV1;IV2;year_1;Region_1;PMC_Frequency
M3,11,3,52,33,澄迈,ce6ca82c326e584d8d688a7bedd72e06f508088c933485bfbfa222c82aab7fd0,647.861484375,221.93474708307238,IV1;IV2;year_1;Region_1;PMC_Frequency
M3,11,4,53,2,上饶,ce6ca82c326e584d8d688a7bedd72e06f508088c933485bfbfa222c82aab7fd0,114.81355125,435.0083349473811,IV1;IV2;year_1;Region_1;PMC_Frequency
M3,11,4,53,3,东方,ce6ca82c326e584d8d688a7bedd72e06f508088c933485bfbfa222c82aab7fd0,266.2529209872159,295.6066547044258,IV1;IV2;year_1;Region_1;PMC_Frequency
M3,11,4,53,12,乐山,ce6ca82c326e584d8d688a7bedd72e06f508088c933485bfbfa222c82aab7fd0,45.02250000000001,273.7868152167807,IV1;IV2;year_1;Region_1;PMC_Frequency
M3,11,4,53,19,兰州,ce6ca82c326e584d8d688a7bedd72e06f508088c933485bfbfa222c82aab7fd0,32.85616429924242,263.48973851341094,IV1;IV2;year_1;Region_1;PMC_Frequency
M3,11,4,53,22,合肥,ce6ca82c326e584d8d688a7bedd72e06f508088c933485bfbfa222c82aab7fd0,13.19625,290.0240645115056,IV1;IV2;year_1;Region_1;PMC_Frequency
M3,11,4,53,34,珠海,ce6ca82c326e584d8d688a7bedd72e06f508088c933485bfbfa222c82aab7fd0,1511.786079545455,482.73306450922274,IV1;IV2;year_1;Region_1;PMC_Frequency
M3,11,4,53,37,白沙,ce6ca82c326e584d8d688a7bedd72e06f508088c933485bfbfa222c82aab7fd0,192.9951366477273,293.2078254922579,IV1;IV2;year_1;Region_1;PMC_Frequency
M3,11,4,53,38,肇庆,ce6ca82c326e584d8d688a7bedd72e06f508088c933485bfbfa222c82aab7fd0,23.03745340909091,300.17349276549567,IV1;IV2;year_1;Region_1;PMC_Frequency
M3,11,5,54,4,东莞,ce6ca82c326e584d8d688a7bedd72e06f508088c933485bfbfa222c82aab7fd0,307.5424744318183,592.8082334972473,IV1;IV2;year_1;Region_1;PMC_Frequency
M3,11,5,54,5,东营,ce6ca82c326e584d8d688a7bedd72e06f508088c933485bfbfa222c82aab7fd0,425.3271014204544,200.4944976364739,IV1;IV2;year_1;Region_1;PMC_Frequency
M3,11,5,54,7,中山,ce6ca82c326e584d8d688a7bedd72e06f508088c933485bfbfa222c82aab7fd0,89.11043759098708,146.73702802501265,IV1;IV2;year_1;Region_1;PMC_Frequency
M3,11,5,54,14,五指山,ce6ca82c326e584d8d688a7bedd72e06f508088c933485bfbfa222c82aab7fd0,273.4003661931818,332.48299462392816,IV1;IV2;year_1;Region_1;PMC_Frequency
M3,11,5,54,21,北海,ce6ca82c326e584d8d688a7bedd72e06f508088c933485bfbfa222c82aab7fd0,318.3245085227273,205.42033701042246,IV1;IV2;year_1;Region_1;PMC_Frequency
M3,11,5,54,32,清远,ce6ca82c326e584d8d688a7bedd72e06f508088c933485bfbfa222c82aab7fd0,375.720028409091,249.01719965975624,IV1;IV2;year_1;Region_1;PMC_Frequency
M3,11,5,54,36,琼海,ce6ca82c326e584d8d688a7bedd72e06f508088c933485bfbfa222c82aab7fd0,1716.717565054688,350.6116843729589,IV1;IV2;year_1;Region_1;PMC_Frequency
M3,11,5,54,40,韶关,ce6ca82c326e584d8d688a7bedd72e06f508088c933485bfbfa222c82aab7fd0,547.9050852272727,227.06566551025736,IV1;IV2;year_1;Region_1;PMC_Frequency
M3,12,1,55,7,中山,ce6ca82c326e584d8d688a7bedd72e06f508088c933485bfbfa222c82aab7fd0,89.11043759098708,140.5336351105588,IV1;IV2;year_1;Region_1;PMC_Frequency
M3,12,1,55,8,临高,ce6ca82c326e584d8d688a7bedd72e06f508088c933485bfbfa222c82aab7fd0,83.80276845703128,301.45345510039795,IV1;IV2;year_1;Region_1;PMC_Frequency
M3,12,1,55,10,义乌,ce6ca82c326e584d8d688a7bedd72e06f508088c933485bfbfa222c82aab7fd0,7288.761349396308,357.2024655701196,IV1;IV2;year_1;Region_1;PMC_Frequency
M3,12,1,55,12,乐山,ce6ca82c326e584d8d688a7bedd72e06f508088c933485bfbfa222c82aab7fd0,45.02250000000001,205.08762856064456,IV1;IV2;year_1;Region_1;PMC_Frequency
M3,12,1,55,17,儋州,ce6ca82c326e584d8d688a7bedd72e06f508088c933485bfbfa222c82aab7fd0,539.7352537592891,321.1671566417734,IV1;IV2;year_1;Region_1;PMC_Frequency
M3,12,1,55,23,定安,ce6ca82c326e584d8d688a7bedd72e06f508088c933485bfbfa222c82aab7fd0,273.4003661931819,294.1820029470587,IV1;IV2;year_1;Region_1;PMC_Frequency
M3,12,1,55,26,惠州,ce6ca82c326e584d8d688a7bedd72e06f508088c933485bfbfa222c82aab7fd0,253.6378448863636,224.51376322896675,IV1;IV2;year_1;Region_1;PMC_Frequency
M3,12,1,55,33,澄迈,ce6ca82c326e584d8d688a7bedd72e06f508088c933485bfbfa222c82aab7fd0,647.861484375,294.75720914294925,IV1;IV2;year_1;Region_1;PMC_Frequency
M3,12,1,55,37,白沙,ce6ca82c326e584d8d688a7bedd72e06f508088c933485bfbfa222c82aab7fd0,192.9951366477273,268.81182671574345,IV1;IV2;year_1;Region_1;PMC_Frequency
M3,12,2,56,1,上海,ce6ca82c326e584d8d688a7bedd72e06f508088c933485bfbfa222c82aab7fd0,2302.973933396464,611.9032657874217,IV1;IV2;year_1;Region_1;PMC_Frequency
M3,12,2,56,5,东营,ce6ca82c326e584d8d688a7bedd72e06f508088c933485bfbfa222c82aab7fd0,425.3271014204544,227.12494282740516,IV1;IV2;year_1;Region_1;PMC_Frequency
M3,12,2,56,9,丽水,ce6ca82c326e584d8d688a7bedd72e06f508088c933485bfbfa222c82aab7fd0,33.76567926136365,444.7085361665921,IV1;IV2;year_1;Region_1;PMC_Frequency
M3,12,2,56,18,六安,ce6ca82c326e584d8d688a7bedd72e06f508088c933485bfbfa222c82aab7fd0,8.639045028409095,523.1045545987165,IV1;IV2;year_1;Region_1;PMC_Frequency
M3,12,2,56,24,屯昌,ce6ca82c326e584d8d688a7bedd72e06f508088c933485bfbfa222c82aab7fd0,273.4003661931819,322.9347286708749,IV1;IV2;year_1;Region_1;PMC_Frequency
M3,12,2,56,30,海口,ce6ca82c326e584d8d688a7bedd72e06f508088c933485bfbfa222c82aab7fd0,339.134276349432,653.6335800279389,IV1;IV2;year_1;Region_1;PMC_Frequency
M3,12,2,56,32,清远,ce6ca82c326e584d8d688a7bedd72e06f508088c933485bfbfa222c82aab7fd0,375.720028409091,315.395229738816,IV1;IV2;year_1;Region_1;PMC_Frequency
M3,12,2,56,35,琼中,ce6ca82c326e584d8d688a7bedd72e06f508088c933485bfbfa222c82aab7fd0,1106.44734375,323.4204501145812,IV1;IV2;year_1;Region_1;PMC_Frequency
M3,12,3,57,0,万宁,ce6ca82c326e584d8d688a7bedd72e06f508088c933485bfbfa222c82aab7fd0,148.9921240384616,381.9821508394318,IV1;IV2;year_1;Region_1;PMC_Frequency
M3,12,3,57,3,东方,ce6ca82c326e584d8d688a7bedd72e06f508088c933485bfbfa222c82aab7fd0,266.2529209872159,296.8271406782918,IV1;IV2;year_1;Region_1;PMC_Frequency
M3,12,3,57,6,中卫,ce6ca82c326e584d8d688a7bedd72e06f508088c933485bfbfa222c82aab7fd0,31.05198382826678,268.0606235942071,IV1;IV2;year_1;Region_1;PMC_Frequency
M3,12,3,57,20,北京,ce6ca82c326e584d8d688a7bedd72e06f508088c933485bfbfa222c82aab7fd0,291.2148675426136,401.4295639346162,IV1;IV2;year_1;Region_1;PMC_Frequency
M3,12,3,57,22,合肥,ce6ca82c326e584d8d688a7bedd72e06f508088c933485bfbfa222c82aab7fd0,13.19625,192.82433681732542,IV1;IV2;year_1;Region_1;PMC_Frequency
M3,12,3,57,29,汕头,ce6ca82c326e584d8d688a7bedd72e06f508088c933485bfbfa222c82aab7fd0,516.6316193181818,283.59601390326367,IV1;IV2;year_1;Region_1;PMC_Frequency
M3,12,3,57,34,珠海,ce6ca82c326e584d8d688a7bedd72e06f508088c933485bfbfa222c82aab7fd0,1511.786079545455,516.4342840448403,IV1;IV2;year_1;Region_1;PMC_Frequency
M3,12,3,57,36,琼海,ce6ca82c326e584d8d688a7bedd72e06f508088c933485bfbfa222c82aab7fd0,1716.717565054688,345.17710982363354,IV1;IV2;year_1;Region_1;PMC_Frequency
M3,12,4,58,13,九江,ce6ca82c326e584d8d688a7bedd72e06f508088c933485bfbfa222c82aab7fd0,0.0,323.0112252897901,IV1;IV2;year_1;Region_1;PMC_Frequency
M3,12,4,58,14,五指山,ce6ca82c326e584d8d688a7bedd72e06f508088c933485bfbfa222c82aab7fd0,273.4003661931818,388.88248615269225,IV1;IV2;year_1;Region_1;PMC_Frequency
M3,12,4,58,16,信阳,ce6ca82c326e584d8d688a7bedd72e06f508088c933485bfbfa222c82aab7fd0,244.6035494318183,481.2923598853148,IV1;IV2;year_1;Region_1;PMC_Frequency
M3,12,4,58,19,兰州,ce6ca82c326e584d8d688a7bedd72e06f508088c933485bfbfa222c82aab7fd0,32.85616429924242,255.86892568004225,IV1;IV2;year_1;Region_1;PMC_Frequency
M3,12,4,58,27,文昌,ce6ca82c326e584d8d688a7bedd72e06f508088c933485bfbfa222c82aab7fd0,273.4003661931818,376.95453784119155,IV1;IV2;year_1;Region_1;PMC_Frequency
M3,12,4,58,31,深圳,ce6ca82c326e584d8d688a7bedd72e06f508088c933485bfbfa222c82aab7fd0,159.7083409090909,669.7337546303552,IV1;IV2;year_1;Region_1;PMC_Frequency
M3,12,4,58,38,肇庆,ce6ca82c326e584d8d688a7bedd72e06f508088c933485bfbfa222c82aab7fd0,23.03745340909091,207.1274767656668,IV1;IV2;year_1;Region_1;PMC_Frequency
M3,12,4,58,40,韶关,ce6ca82c326e584d8d688a7bedd72e06f508088c933485bfbfa222c82aab7fd0,547.9050852272727,384.8203199585747,IV1;IV2;year_1;Region_1;PMC_Frequency
M3,12,5,59,2,上饶,ce6ca82c326e584d8d688a7bedd72e06f508088c933485bfbfa222c82aab7fd0,114.81355125,413.33455842530776,IV1;IV2;year_1;Region_1;PMC_Frequency
M3,12,5,59,4,东莞,ce6ca82c326e584d8d688a7bedd72e06f508088c933485bfbfa222c82aab7fd0,307.5424744318183,673.0463353589622,IV1;IV2;year_1;Region_1;PMC_Frequency
M3,12,5,59,11,乐东,ce6ca82c326e584d8d688a7bedd72e06f508088c933485bfbfa222c82aab7fd0,51.57938057753164,577.4581880473678,IV1;IV2;year_1;Region_1;PMC_Frequency
M3,12,5,59,15,佛山,ce6ca82c326e584d8d688a7bedd72e06f508088c933485bfbfa222c82aab7fd0,28.38274488636364,488.84807476682613,IV1;IV2;year_1;Region_1;PMC_Frequency
M3,12,5,59,21,北海,ce6ca82c326e584d8d688a7bedd72e06f508088c933485bfbfa222c82aab7fd0,318.3245085227273,294.5085865228757,IV1;IV2;year_1;Region_1;PMC_Frequency
M3,12,5,59,25,广州,ce6ca82c326e584d8d688a7bedd72e06f508088c933485bfbfa222c82aab7fd0,164.1983198863636,600.7807119352238,IV1;IV2;year_1;Region_1;PMC_Frequency
M3,12,5,59,28,昌江,ce6ca82c326e584d8d688a7bedd72e06f508088c933485bfbfa222c82aab7fd0,268.7138254261364,318.9941766849144,IV1;IV2;year_1;Region_1;PMC_Frequency
M3,12,5,59,39,陵水,ce6ca82c326e584d8d688a7bedd72e06f508088c933485bfbfa222c82aab7fd0,337.1486134943182,546.626298803169,IV1;IV2;year_1;Region_1;PMC_Frequency
M3,13,1,60,5,东营,ce6ca82c326e584d8d688a7bedd72e06f508088c933485bfbfa222c82aab7fd0,425.3271014204544,283.4794459948948,IV1;IV2;year_1;Region_1;PMC_Frequency
M3,13,1,60,6,中卫,ce6ca82c326e584d8d688a7bedd72e06f508088c933485bfbfa222c82aab7fd0,31.05198382826678,309.30400327248077,IV1;IV2;year_1;Region_1;PMC_Frequency
M3,13,1,60,8,临高,ce6ca82c326e584d8d688a7bedd72e06f508088c933485bfbfa222c82aab7fd0,83.80276845703128,368.8663691945674,IV1;IV2;year_1;Region_1;PMC_Frequency
M3,13,1,60,16,信阳,ce6ca82c326e584d8d688a7bedd72e06f508088c933485bfbfa222c82aab7fd0,244.6035494318183,397.3985909520914,IV1;IV2;year_1;Region_1;PMC_Frequency
M3,13,1,60,22,合肥,ce6ca82c326e584d8d688a7bedd72e06f508088c933485bfbfa222c82aab7fd0,13.19625,208.34874203482136,IV1;IV2;year_1;Region_1;PMC_Frequency
M3,13,1,60,24,屯昌,ce6ca82c326e584d8d688a7bedd72e06f508088c933485bfbfa222c82aab7fd0,273.4003661931819,357.4550512057095,IV1;IV2;year_1;Region_1;PMC_Frequency
M3,13,1,60,28,昌江,ce6ca82c326e584d8d688a7bedd72e06f508088c933485bfbfa222c82aab7fd0,268.7138254261364,275.12132235021215,IV1;IV2;year_1;Region_1;PMC_Frequency
M3,13,1,60,36,琼海,ce6ca82c326e584d8d688a7bedd72e06f508088c933485bfbfa222c82aab7fd0,1716.717565054688,370.26924151778235,IV1;IV2;year_1;Region_1;PMC_Frequency
M3,13,1,60,39,陵水,ce6ca82c326e584d8d688a7bedd72e06f508088c933485bfbfa222c82aab7fd0,337.1486134943182,386.8071970487292,IV1;IV2;year_1;Region_1;PMC_Frequency
M3,13,2,61,9,丽水,ce6ca82c326e584d8d688a7bedd72e06f508088c933485bfbfa222c82aab7fd0,33.76567926136365,467.2411914254038,IV1;IV2;year_1;Region_1;PMC_Frequency
M3,13,2,61,12,乐山,ce6ca82c326e584d8d688a7bedd72e06f508088c933485bfbfa222c82aab7fd0,45.02250000000001,213.13780228691903,IV1;IV2;year_1;Region_1;PMC_Frequency
M3,13,2,61,13,九江,ce6ca82c326e584d8d688a7bedd72e06f508088c933485bfbfa222c82aab7fd0,0.0,316.3362257555283,IV1;IV2;year_1;Region_1;PMC_Frequency
M3,13,2,61,14,五指山,ce6ca82c326e584d8d688a7bedd72e06f508088c933485bfbfa222c82aab7fd0,273.4003661931818,377.8720942195657,IV1;IV2;year_1;Region_1;PMC_Frequency
M3,13,2,61,20,北京,ce6ca82c326e584d8d688a7bedd72e06f508088c933485bfbfa222c82aab7fd0,291.2148675426136,592.5706771727816,IV1;IV2;year_1;Region_1;PMC_Frequency
M3,13,2,61,21,北海,ce6ca82c326e584d8d688a7bedd72e06f508088c933485bfbfa222c82aab7fd0,318.3245085227273,259.8203837137811,IV1;IV2;year_1;Region_1;PMC_Frequency
M3,13,2,61,30,海口,ce6ca82c326e584d8d688a7bedd72e06f508088c933485bfbfa222c82aab7fd0,339.134276349432,561.5427090164465,IV1;IV2;year_1;Region_1;PMC_Frequency
M3,13,2,61,35,琼中,ce6ca82c326e584d8d688a7bedd72e06f508088c933485bfbfa222c82aab7fd0,1106.44734375,312.1512995813056,IV1;IV2;year_1;Region_1;PMC_Frequency
M3,13,3,62,7,中山,ce6ca82c326e584d8d688a7bedd72e06f508088c933485bfbfa222c82aab7fd0,89.11043759098708,151.98399107515934,IV1;IV2;year_1;Region_1;PMC_Frequency
M3,13,3,62,10,义乌,ce6ca82c326e584d8d688a7bedd72e06f508088c933485bfbfa222c82aab7fd0,7288.761349396308,317.6978904059092,IV1;IV2;year_1;Region_1;PMC_Frequency
M3,13,3,62,18,六安,ce6ca82c326e584d8d688a7bedd72e06f508088c933485bfbfa222c82aab7fd0,8.639045028409095,407.1981162739469,IV1;IV2;year_1;Region_1;PMC_Frequency
M3,13,3,62,25,广州,ce6ca82c326e584d8d688a7bedd72e06f508088c933485bfbfa222c82aab7fd0,164.1983198863636,157.06049552628494,IV1;IV2;year_1;Region_1;PMC_Frequency
M3,13,3,62,29,汕头,ce6ca82c326e584d8d688a7bedd72e06f508088c933485bfbfa222c82aab7fd0,516.6316193181818,227.7259737040974,IV1;IV2;year_1;Region_1;PMC_Frequency
M3,13,3,62,33,澄迈,ce6ca82c326e584d8d688a7bedd72e06f508088c933485bfbfa222c82aab7fd0,647.861484375,229.23275996404305,IV1;IV2;year_1;Region_1;PMC_Frequency
M3,13,3,62,34,珠海,ce6ca82c326e584d8d688a7bedd72e06f508088c933485bfbfa222c82aab7fd0,1511.786079545455,287.09134925942095,IV1;IV2;year_1;Region_1;PMC_Frequency
M3,13,3,62,40,韶关,ce6ca82c326e584d8d688a7bedd72e06f508088c933485bfbfa222c82aab7fd0,547.9050852272727,322.8991787660083,IV1;IV2;year_1;Region_1;PMC_Frequency
M3,13,4,63,0,万宁,ce6ca82c326e584d8d688a7bedd72e06f508088c933485bfbfa222c82aab7fd0,148.9921240384616,464.6803916296766,IV1;IV2;year_1;Region_1;PMC_Frequency
M3,13,4,63,2,上饶,ce6ca82c326e584d8d688a7bedd72e06f508088c933485bfbfa222c82aab7fd0,114.81355125,395.85607861896284,IV1;IV2;year_1;Region_1;PMC_Frequency
M3,13,4,63,11,乐东,ce6ca82c326e584d8d688a7bedd72e06f508088c933485bfbfa222c82aab7fd0,51.57938057753164,610.7509460112328,IV1;IV2;year_1;Region_1;PMC_Frequency
M3,13,4,63,17,儋州,ce6ca82c326e584d8d688a7bedd72e06f508088c933485bfbfa222c82aab7fd0,539.7352537592891,349.64789898647797,IV1;IV2;year_1;Region_1;PMC_Frequency
M3,13,4,63,19,兰州,ce6ca82c326e584d8d688a7bedd72e06f508088c933485bfbfa222c82aab7fd0,32.85616429924242,230.5384961507557,IV1;IV2;year_1;Region_1;PMC_Frequency
M3,13,4,63,26,惠州,ce6ca82c326e584d8d688a7bedd72e06f508088c933485bfbfa222c82aab7fd0,253.6378448863636,294.7273700586228,IV1;IV2;year_1;Region_1;PMC_Frequency
M3,13,4,63,32,清远,ce6ca82c326e584d8d688a7bedd72e06f508088c933485bfbfa222c82aab7fd0,375.720028409091,316.51112816298127,IV1;IV2;year_1;Region_1;PMC_Frequency
M3,13,4,63,37,白沙,ce6ca82c326e584d8d688a7bedd72e06f508088c933485bfbfa222c82aab7fd0,192.9951366477273,259.10350740057737,IV1;IV2;year_1;Region_1;PMC_Frequency
M3,13,5,64,1,上海,ce6ca82c326e584d8d688a7bedd72e06f508088c933485bfbfa222c82aab7fd0,2302.973933396464,551.780626294666,IV1;IV2;year_1;Region_1;PMC_Frequency
M3,13,5,64,3,东方,ce6ca82c326e584d8d688a7bedd72e06f508088c933485bfbfa222c82aab7fd0,266.2529209872159,338.36277540450527,IV1;IV2;year_1;Region_1;PMC_Frequency
M3,13,5,64,4,东莞,ce6ca82c326e584d8d688a7bedd72e06f508088c933485bfbfa222c82aab7fd0,307.5424744318183,443.41112584491435,IV1;IV2;year_1;Region_1;PMC_Frequency
M3,13,5,64,15,佛山,ce6ca82c326e584d8d688a7bedd72e06f508088c933485bfbfa222c82aab7fd0,28.38274488636364,425.08505296664885,IV1;IV2;year_1;Region_1;PMC_Frequency
M3,13,5,64,23,定安,ce6ca82c326e584d8d688a7bedd72e06f508088c933485bfbfa222c82aab7fd0,273.4003661931819,305.8864649200912,IV1;IV2;year_1;Region_1;PMC_Frequency
M3,13,5,64,27,文昌,ce6ca82c326e584d8d688a7bedd72e06f508088c933485bfbfa222c82aab7fd0,273.4003661931818,370.54612838328484,IV1;IV2;year_1;Region_1;PMC_Frequency
M3,13,5,64,31,深圳,ce6ca82c326e584d8d688a7bedd72e06f508088c933485bfbfa222c82aab7fd0,159.7083409090909,452.6398361278231,IV1;IV2;year_1;Region_1;PMC_Frequency
M3,13,5,64,38,肇庆,ce6ca82c326e584d8d688a7bedd72e06f508088c933485bfbfa222c82aab7fd0,23.03745340909091,252.06154827364034,IV1;IV2;year_1;Region_1;PMC_Frequency
M3,14,1,65,1,上海,ce6ca82c326e584d8d688a7bedd72e06f508088c933485bfbfa222c82aab7fd0,2302.973933396464,531.496245431938,IV1;IV2;year_1;Region_1;PMC_Frequency
M3,14,1,65,5,东营,ce6ca82c326e584d8d688a7bedd72e06f508088c933485bfbfa222c82aab7fd0,425.3271014204544,215.72770664176542,IV1;IV2;year_1;Region_1;PMC_Frequency
M3,14,1,65,7,中山,ce6ca82c326e584d8d688a7bedd72e06f508088c933485bfbfa222c82aab7fd0,89.11043759098708,197.653694927226,IV1;IV2;year_1;Region_1;PMC_Frequency
M3,14,1,65,14,五指山,ce6ca82c326e584d8d688a7bedd72e06f508088c933485bfbfa222c82aab7fd0,273.4003661931818,346.1509345151622,IV1;IV2;year_1;Region_1;PMC_Frequency
M3,14,1,65,18,六安,ce6ca82c326e584d8d688a7bedd72e06f508088c933485bfbfa222c82aab7fd0,8.639045028409095,406.27848107110947,IV1;IV2;year_1;Region_1;PMC_Frequency
M3,14,1,65,21,北海,ce6ca82c326e584d8d688a7bedd72e06f508088c933485bfbfa222c82aab7fd0,318.3245085227273,240.44165655458465,IV1;IV2;year_1;Region_1;PMC_Frequency
M3,14,1,65,31,深圳,ce6ca82c326e584d8d688a7bedd72e06f508088c933485bfbfa222c82aab7fd0,159.7083409090909,445.8317657321761,IV1;IV2;year_1;Region_1;PMC_Frequency
M3,14,1,65,32,清远,ce6ca82c326e584d8d688a7bedd72e06f508088c933485bfbfa222c82aab7fd0,375.720028409091,292.86654562967544,IV1;IV2;year_1;Region_1;PMC_Frequency
M3,14,1,65,35,琼中,ce6ca82c326e584d8d688a7bedd72e06f508088c933485bfbfa222c82aab7fd0,1106.44734375,289.266428253721,IV1;IV2;year_1;Region_1;PMC_Frequency
M3,14,2,66,0,万宁,ce6ca82c326e584d8d688a7bedd72e06f508088c933485bfbfa222c82aab7fd0,148.9921240384616,533.6402073653647,IV1;IV2;year_1;Region_1;PMC_Frequency
M3,14,2,66,11,乐东,ce6ca82c326e584d8d688a7bedd72e06f508088c933485bfbfa222c82aab7fd0,51.57938057753164,603.5171245095539,IV1;IV2;year_1;Region_1;PMC_Frequency
M3,14,2,66,12,乐山,ce6ca82c326e584d8d688a7bedd72e06f508088c933485bfbfa222c82aab7fd0,45.02250000000001,238.6523309243068,IV1;IV2;year_1;Region_1;PMC_Frequency
M3,14,2,66,13,九江,ce6ca82c326e584d8d688a7bedd72e06f508088c933485bfbfa222c82aab7fd0,0.0,320.1720199121592,IV1;IV2;year_1;Region_1;PMC_Frequency
M3,14,2,66,19,兰州,ce6ca82c326e584d8d688a7bedd72e06f508088c933485bfbfa222c82aab7fd0,32.85616429924242,259.7605817951464,IV1;IV2;year_1;Region_1;PMC_Frequency
M3,14,2,66,22,合肥,ce6ca82c326e584d8d688a7bedd72e06f508088c933485bfbfa222c82aab7fd0,13.19625,264.05766007059856,IV1;IV2;year_1;Region_1;PMC_Frequency
M3,14,2,66,26,惠州,ce6ca82c326e584d8d688a7bedd72e06f508088c933485bfbfa222c82aab7fd0,253.6378448863636,313.8916802388055,IV1;IV2;year_1;Region_1;PMC_Frequency
M3,14,2,66,27,文昌,ce6ca82c326e584d8d688a7bedd72e06f508088c933485bfbfa222c82aab7fd0,273.4003661931818,399.0969575021902,IV1;IV2;year_1;Region_1;PMC_Frequency
M3,14,3,67,2,上饶,ce6ca82c326e584d8d688a7bedd72e06f508088c933485bfbfa222c82aab7fd0,114.81355125,421.06874575990884,IV1;IV2;year_1;Region_1;PMC_Frequency
M3,14,3,67,15,佛山,ce6ca82c326e584d8d688a7bedd72e06f508088c933485bfbfa222c82aab7fd0,28.38274488636364,369.98851614893215,IV1;IV2;year_1;Region_1;PMC_Frequency
M3,14,3,67,16,信阳,ce6ca82c326e584d8d688a7bedd72e06f508088c933485bfbfa222c82aab7fd0,244.6035494318183,501.32364707027926,IV1;IV2;year_1;Region_1;PMC_Frequency
M3,14,3,67,17,儋州,ce6ca82c326e584d8d688a7bedd72e06f508088c933485bfbfa222c82aab7fd0,539.7352537592891,291.1070515427094,IV1;IV2;year_1;Region_1;PMC_Frequency
M3,14,3,67,29,汕头,ce6ca82c326e584d8d688a7bedd72e06f508088c933485bfbfa222c82aab7fd0,516.6316193181818,268.1488103209419,IV1;IV2;year_1;Region_1;PMC_Frequency
M3,14,3,67,30,海口,ce6ca82c326e584d8d688a7bedd72e06f508088c933485bfbfa222c82aab7fd0,339.134276349432,627.6570379988829,IV1;IV2;year_1;Region_1;PMC_Frequency
M3,14,3,67,37,白沙,ce6ca82c326e584d8d688a7bedd72e06f508088c933485bfbfa222c82aab7fd0,192.9951366477273,237.5013603779164,IV1;IV2;year_1;Region_1;PMC_Frequency
M3,14,3,67,39,陵水,ce6ca82c326e584d8d688a7bedd72e06f508088c933485bfbfa222c82aab7fd0,337.1486134943182,416.45753915143416,IV1;IV2;year_1;Region_1;PMC_Frequency
M3,14,4,68,4,东莞,ce6ca82c326e584d8d688a7bedd72e06f508088c933485bfbfa222c82aab7fd0,307.5424744318183,532.6444351952356,IV1;IV2;year_1;Region_1;PMC_Frequency
M3,14,4,68,8,临高,ce6ca82c326e584d8d688a7bedd72e06f508088c933485bfbfa222c82aab7fd0,83.80276845703128,320.5742453322302,IV1;IV2;year_1;Region_1;PMC_Frequency
M3,14,4,68,20,北京,ce6ca82c326e584d8d688a7bedd72e06f508088c933485bfbfa222c82aab7fd0,291.2148675426136,487.267836730524,IV1;IV2;year_1;Region_1;PMC_Frequency
M3,14,4,68,23,定安,ce6ca82c326e584d8d688a7bedd72e06f508088c933485bfbfa222c82aab7fd0,273.4003661931819,281.42401344414026,IV1;IV2;year_1;Region_1;PMC_Frequency
M3,14,4,68,34,珠海,ce6ca82c326e584d8d688a7bedd72e06f508088c933485bfbfa222c82aab7fd0,1511.786079545455,638.2500686152015,IV1;IV2;year_1;Region_1;PMC_Frequency
M3,14,4,68,36,琼海,ce6ca82c326e584d8d688a7bedd72e06f508088c933485bfbfa222c82aab7fd0,1716.717565054688,329.5158770108873,IV1;IV2;year_1;Region_1;PMC_Frequency
M3,14,4,68,38,肇庆,ce6ca82c326e584d8d688a7bedd72e06f508088c933485bfbfa222c82aab7fd0,23.03745340909091,192.47819591500019,IV1;IV2;year_1;Region_1;PMC_Frequency
M3,14,4,68,40,韶关,ce6ca82c326e584d8d688a7bedd72e06f508088c933485bfbfa222c82aab7fd0,547.9050852272727,223.7354142726315,IV1;IV2;year_1;Region_1;PMC_Frequency
M3,14,5,69,3,东方,ce6ca82c326e584d8d688a7bedd72e06f508088c933485bfbfa222c82aab7fd0,266.2529209872159,322.9795537916114,IV1;IV2;year_1;Region_1;PMC_Frequency
M3,14,5,69,6,中卫,ce6ca82c326e584d8d688a7bedd72e06f508088c933485bfbfa222c82aab7fd0,31.05198382826678,281.38261551880646,IV1;IV2;year_1;Region_1;PMC_Frequency
M3,14,5,69,9,丽水,ce6ca82c326e584d8d688a7bedd72e06f508088c933485bfbfa222c82aab7fd0,33.76567926136365,319.41847375582836,IV1;IV2;year_1;Region_1;PMC_Frequency
M3,14,5,69,10,义乌,ce6ca82c326e584d8d688a7bedd72e06f508088c933485bfbfa222c82aab7fd0,7288.761349396308,389.1889669182073,IV1;IV2;year_1;Region_1;PMC_Frequency
M3,14,5,69,24,屯昌,ce6ca82c326e584d8d688a7bedd72e06f508088c933485bfbfa222c82aab7fd0,273.4003661931819,319.91500282261757,IV1;IV2;year_1;Region_1;PMC_Frequency
M3,14,5,69,25,广州,ce6ca82c326e584d8d688a7bedd72e06f508088c933485bfbfa222c82aab7fd0,164.1983198863636,264.0111432944393,IV1;IV2;year_1;Region_1;PMC_Frequency
M3,14,5,69,28,昌江,ce6ca82c326e584d8d688a7bedd72e06f508088c933485bfbfa222c82aab7fd0,268.7138254261364,235.8667053494881,IV1;IV2;year_1;Region_1;PMC_Frequency
M3,14,5,69,33,澄迈,ce6ca82c326e584d8d688a7bedd72e06f508088c933485bfbfa222c82aab7fd0,647.861484375,292.5817018650601,IV1;IV2;year_1;Region_1;PMC_Frequency
M3,15,1,70,0,万宁,ce6ca82c326e584d8d688a7bedd72e06f508088c933485bfbfa222c82aab7fd0,148.9921240384616,351.93047510541004,IV1;IV2;year_1;Region_1;PMC_Frequency
M3,15,1,70,1,上海,ce6ca82c326e584d8d688a7bedd72e06f508088c933485bfbfa222c82aab7fd0,2302.973933396464,224.493800902215,IV1;IV2;year_1;Region_1;PMC_Frequency
M3,15,1,70,5,东营,ce6ca82c326e584d8d688a7bedd72e06f508088c933485bfbfa222c82aab7fd0,425.3271014204544,221.29533582968648,IV1;IV2;year_1;Region_1;PMC_Frequency
M3,15,1,70,7,中山,ce6ca82c326e584d8d688a7bedd72e06f508088c933485bfbfa222c82aab7fd0,89.11043759098708,145.35311030295915,IV1;IV2;year_1;Region_1;PMC_Frequency
M3,15,1,70,10,义乌,ce6ca82c326e584d8d688a7bedd72e06f508088c933485bfbfa222c82aab7fd0,7288.761349396308,249.5814179833979,IV1;IV2;year_1;Region_1;PMC_Frequency
M3,15,1,70,16,信阳,ce6ca82c326e584d8d688a7bedd72e06f508088c933485bfbfa222c82aab7fd0,244.6035494318183,286.15555509715597,IV1;IV2;year_1;Region_1;PMC_Frequency
M3,15,1,70,21,北海,ce6ca82c326e584d8d688a7bedd72e06f508088c933485bfbfa222c82aab7fd0,318.3245085227273,224.97867910806718,IV1;IV2;year_1;Region_1;PMC_Frequency
M3,15,1,70,24,屯昌,ce6ca82c326e584d8d688a7bedd72e06f508088c933485bfbfa222c82aab7fd0,273.4003661931819,294.21630628389516,IV1;IV2;year_1;Region_1;PMC_Frequency
M3,15,1,70,34,珠海,ce6ca82c326e584d8d688a7bedd72e06f508088c933485bfbfa222c82aab7fd0,1511.786079545455,312.47330527677207,IV1;IV2;year_1;Region_1;PMC_Frequency
M3,15,2,71,9,丽水,ce6ca82c326e584d8d688a7bedd72e06f508088c933485bfbfa222c82aab7fd0,33.76567926136365,484.0909906818601,IV1;IV2;year_1;Region_1;PMC_Frequency
M3,15,2,71,17,儋州,ce6ca82c326e584d8d688a7bedd72e06f508088c933485bfbfa222c82aab7fd0,539.7352537592891,297.9114704506564,IV1;IV2;year_1;Region_1;PMC_Frequency
M3,15,2,71,22,合肥,ce6ca82c326e584d8d688a7bedd72e06f508088c933485bfbfa222c82aab7fd0,13.19625,287.1249346012247,IV1;IV2;year_1;Region_1;PMC_Frequency
M3,15,2,71,23,定安,ce6ca82c326e584d8d688a7bedd72e06f508088c933485bfbfa222c82aab7fd0,273.4003661931819,337.8707083782462,IV1;IV2;year_1;Region_1;PMC_Frequency
M3,15,2,71,26,惠州,ce6ca82c326e584d8d688a7bedd72e06f508088c933485bfbfa222c82aab7fd0,253.6378448863636,268.6883116977654,IV1;IV2;year_1;Region_1;PMC_Frequency
M3,15,2,71,28,昌江,ce6ca82c326e584d8d688a7bedd72e06f508088c933485bfbfa222c82aab7fd0,268.7138254261364,217.0487366485259,IV1;IV2;year_1;Region_1;PMC_Frequency
M3,15,2,71,31,深圳,ce6ca82c326e584d8d688a7bedd72e06f508088c933485bfbfa222c82aab7fd0,159.7083409090909,598.4720770919932,IV1;IV2;year_1;Region_1;PMC_Frequency
M3,15,2,71,40,韶关,ce6ca82c326e584d8d688a7bedd72e06f508088c933485bfbfa222c82aab7fd0,547.9050852272727,361.422606979675,IV1;IV2;year_1;Region_1;PMC_Frequency
M3,15,3,72,2,上饶,ce6ca82c326e584d8d688a7bedd72e06f508088c933485bfbfa222c82aab7fd0,114.81355125,335.9863999308692,IV1;IV2;year_1;Region_1;PMC_Frequency
M3,15,3,72,3,东方,ce6ca82c326e584d8d688a7bedd72e06f508088c933485bfbfa222c82aab7fd0,266.2529209872159,296.38002067633647,IV1;IV2;year_1;Region_1;PMC_Frequency
M3,15,3,72,4,东莞,ce6ca82c326e584d8d688a7bedd72e06f508088c933485bfbfa222c82aab7fd0,307.5424744318183,658.9006841607196,IV1;IV2;year_1;Region_1;PMC_Frequency
M3,15,3,72,20,北京,ce6ca82c326e584d8d688a7bedd72e06f508088c933485bfbfa222c82aab7fd0,291.2148675426136,617.0059418999364,IV1;IV2;year_1;Region_1;PMC_Frequency
M3,15,3,72,29,汕头,ce6ca82c326e584d8d688a7bedd72e06f508088c933485bfbfa222c82aab7fd0,516.6316193181818,286.7361115831744,IV1;IV2;year_1;Region_1;PMC_Frequency
M3,15,3,72,32,清远,ce6ca82c326e584d8d688a7bedd72e06f508088c933485bfbfa222c82aab7fd0,375.720028409091,270.31767886581446,IV1;IV2;year_1;Region_1;PMC_Frequency
M3,15,3,72,33,澄迈,ce6ca82c326e584d8d688a7bedd72e06f508088c933485bfbfa222c82aab7fd0,647.861484375,240.88833341069278,IV1;IV2;year_1;Region_1;PMC_Frequency
M3,15,3,72,38,肇庆,ce6ca82c326e584d8d688a7bedd72e06f508088c933485bfbfa222c82aab7fd0,23.03745340909091,249.64747176497912,IV1;IV2;year_1;Region_1;PMC_Frequency
M3,15,4,73,13,九江,ce6ca82c326e584d8d688a7bedd72e06f508088c933485bfbfa222c82aab7fd0,0.0,324.5048243513126,IV1;IV2;year_1;Region_1;PMC_Frequency
M3,15,4,73,14,五指山,ce6ca82c326e584d8d688a7bedd72e06f508088c933485bfbfa222c82aab7fd0,273.4003661931818,356.98737899898674,IV1;IV2;year_1;Region_1;PMC_Frequency
M3,15,4,73,15,佛山,ce6ca82c326e584d8d688a7bedd72e06f508088c933485bfbfa222c82aab7fd0,28.38274488636364,373.728503905651,IV1;IV2;year_1;Region_1;PMC_Frequency
M3,15,4,73,19,兰州,ce6ca82c326e584d8d688a7bedd72e06f508088c933485bfbfa222c82aab7fd0,32.85616429924242,262.2352498873342,IV1;IV2;year_1;Region_1;PMC_Frequency
M3,15,4,73,25,广州,ce6ca82c326e584d8d688a7bedd72e06f508088c933485bfbfa222c82aab7fd0,164.1983198863636,558.8203223554144,IV1;IV2;year_1;Region_1;PMC_Frequency
M3,15,4,73,27,文昌,ce6ca82c326e584d8d688a7bedd72e06f508088c933485bfbfa222c82aab7fd0,273.4003661931818,356.63409429814965,IV1;IV2;year_1;Region_1;PMC_Frequency
M3,15,4,73,30,海口,ce6ca82c326e584d8d688a7bedd72e06f508088c933485bfbfa222c82aab7fd0,339.134276349432,485.2228448107007,IV1;IV2;year_1;Region_1;PMC_Frequency
M3,15,4,73,36,琼海,ce6ca82c326e584d8d688a7bedd72e06f508088c933485bfbfa222c82aab7fd0,1716.717565054688,397.0563527612005,IV1;IV2;year_1;Region_1;PMC_Frequency
M3,15,5,74,6,中卫,ce6ca82c326e584d8d688a7bedd72e06f508088c933485bfbfa222c82aab7fd0,31.05198382826678,334.2950957457739,IV1;IV2;year_1;Region_1;PMC_Frequency
M3,15,5,74,8,临高,ce6ca82c326e584d8d688a7bedd72e06f508088c933485bfbfa222c82aab7fd0,83.80276845703128,339.96617964605304,IV1;IV2;year_1;Region_1;PMC_Frequency
M3,15,5,74,11,乐东,ce6ca82c326e584d8d688a7bedd72e06f508088c933485bfbfa222c82aab7fd0,51.57938057753164,646.0876047159913,IV1;IV2;year_1;Region_1;PMC_Frequency
M3,15,5,74,12,乐山,ce6ca82c326e584d8d688a7bedd72e06f508088c933485bfbfa222c82aab7fd0,45.02250000000001,271.98496563400033,IV1;IV2;year_1;Region_1;PMC_Frequency
M3,15,5,74,18,六安,ce6ca82c326e584d8d688a7bedd72e06f508088c933485bfbfa222c82aab7fd0,8.639045028409095,647.0677885113515,IV1;IV2;year_1;Region_1;PMC_Frequency
M3,15,5,74,35,琼中,ce6ca82c326e584d8d688a7bedd72e06f508088c933485bfbfa222c82aab7fd0,1106.44734375,352.29760469514815,IV1;IV2;year_1;Region_1;PMC_Frequency
M3,15,5,74,37,白沙,ce6ca82c326e584d8d688a7bedd72e06f508088c933485bfbfa222c82aab7fd0,192.9951366477273,326.07870130024617,IV1;IV2;year_1;Region_1;PMC_Frequency
M3,15,5,74,39,陵水,ce6ca82c326e584d8d688a7bedd72e06f508088c933485bfbfa222c82aab7fd0,337.1486134943182,414.9177870689563,IV1;IV2;year_1;Region_1;PMC_Frequency
M3,16,1,75,13,九江,ce6ca82c326e584d8d688a7bedd72e06f508088c933485bfbfa222c82aab7fd0,0.0,271.1192042580873,IV1;IV2;year_1;Region_1;PMC_Frequency
M3,16,1,75,22,合肥,ce6ca82c326e584d8d688a7bedd72e06f508088c933485bfbfa222c82aab7fd0,13.19625,286.5559203137949,IV1;IV2;year_1;Region_1;PMC_Frequency
M3,16,1,75,25,广州,ce6ca82c326e584d8d688a7bedd72e06f508088c933485bfbfa222c82aab7fd0,164.1983198863636,460.6319200613591,IV1;IV2;year_1;Region_1;PMC_Frequency
M3,16,1,75,27,文昌,ce6ca82c326e584d8d688a7bedd72e06f508088c933485bfbfa222c82aab7fd0,273.4003661931818,305.7174343599814,IV1;IV2;year_1;Region_1;PMC_Frequency
M3,16,1,75,29,汕头,ce6ca82c326e584d8d688a7bedd72e06f508088c933485bfbfa222c82aab7fd0,516.6316193181818,291.45978980447603,IV1;IV2;year_1;Region_1;PMC_Frequency
M3,16,1,75,31,深圳,ce6ca82c326e584d8d688a7bedd72e06f508088c933485bfbfa222c82aab7fd0,159.7083409090909,548.2194203934502,IV1;IV2;year_1;Region_1;PMC_Frequency
M3,16,1,75,32,清远,ce6ca82c326e584d8d688a7bedd72e06f508088c933485bfbfa222c82aab7fd0,375.720028409091,266.36829358996073,IV1;IV2;year_1;Region_1;PMC_Frequency
M3,16,1,75,34,珠海,ce6ca82c326e584d8d688a7bedd72e06f508088c933485bfbfa222c82aab7fd0,1511.786079545455,589.4231149057877,IV1;IV2;year_1;Region_1;PMC_Frequency
M3,16,1,75,36,琼海,ce6ca82c326e584d8d688a7bedd72e06f508088c933485bfbfa222c82aab7fd0,1716.717565054688,346.75701749296167,IV1;IV2;year_1;Region_1;PMC_Frequency
M3,16,2,76,2,上饶,ce6ca82c326e584d8d688a7bedd72e06f508088c933485bfbfa222c82aab7fd0,114.81355125,337.4343376779244,IV1;IV2;year_1;Region_1;PMC_Frequency
M3,16,2,76,9,丽水,ce6ca82c326e584d8d688a7bedd72e06f508088c933485bfbfa222c82aab7fd0,33.76567926136365,424.87246511692126,IV1;IV2;year_1;Region_1;PMC_Frequency
M3,16,2,76,10,义乌,ce6ca82c326e584d8d688a7bedd72e06f508088c933485bfbfa222c82aab7fd0,7288.761349396308,471.12400114455545,IV1;IV2;year_1;Region_1;PMC_Frequency
M3,16,2,76,11,乐东,ce6ca82c326e584d8d688a7bedd72e06f508088c933485bfbfa222c82aab7fd0,51.57938057753164,543.948461987829,IV1;IV2;year_1;Region_1;PMC_Frequency
M3,16,2,76,14,五指山,ce6ca82c326e584d8d688a7bedd72e06f508088c933485bfbfa222c82aab7fd0,273.4003661931818,456.7192876266065,IV1;IV2;year_1;Region_1;PMC_Frequency
M3,16,2,76,17,儋州,ce6ca82c326e584d8d688a7bedd72e06f508088c933485bfbfa222c82aab7fd0,539.7352537592891,360.79444676521285,IV1;IV2;year_1;Region_1;PMC_Frequency
M3,16,2,76,20,北京,ce6ca82c326e584d8d688a7bedd72e06f508088c933485bfbfa222c82aab7fd0,291.2148675426136,270.3585664295415,IV1;IV2;year_1;Region_1;PMC_Frequency
M3,16,2,76,24,屯昌,ce6ca82c326e584d8d688a7bedd72e06f508088c933485bfbfa222c82aab7fd0,273.4003661931819,423.2203211537572,IV1;IV2;year_1;Region_1;PMC_Frequency
M3,16,3,77,3,东方,ce6ca82c326e584d8d688a7bedd72e06f508088c933485bfbfa222c82aab7fd0,266.2529209872159,299.99759344116296,IV1;IV2;year_1;Region_1;PMC_Frequency
M3,16,3,77,19,兰州,ce6ca82c326e584d8d688a7bedd72e06f508088c933485bfbfa222c82aab7fd0,32.85616429924242,227.70395406823286,IV1;IV2;year_1;Region_1;PMC_Frequency
M3,16,3,77,21,北海,ce6ca82c326e584d8d688a7bedd72e06f508088c933485bfbfa222c82aab7fd0,318.3245085227273,232.33629176212554,IV1;IV2;year_1;Region_1;PMC_Frequency
M3,16,3,77,23,定安,ce6ca82c326e584d8d688a7bedd72e06f508088c933485bfbfa222c82aab7fd0,273.4003661931819,310.8340079405587,IV1;IV2;year_1;Region_1;PMC_Frequency
M3,16,3,77,30,海口,ce6ca82c326e584d8d688a7bedd72e06f508088c933485bfbfa222c82aab7fd0,339.134276349432,516.6221953232446,IV1;IV2;year_1;Region_1;PMC_Frequency
M3,16,3,77,35,琼中,ce6ca82c326e584d8d688a7bedd72e06f508088c933485bfbfa222c82aab7fd0,1106.44734375,298.5414462231844,IV1;IV2;year_1;Region_1;PMC_Frequency
M3,16,3,77,38,肇庆,ce6ca82c326e584d8d688a7bedd72e06f508088c933485bfbfa222c82aab7fd0,23.03745340909091,194.76905591883857,IV1;IV2;year_1;Region_1;PMC_Frequency
M3,16,3,77,40,韶关,ce6ca82c326e584d8d688a7bedd72e06f508088c933485bfbfa222c82aab7fd0,547.9050852272727,347.54908252479646,IV1;IV2;year_1;Region_1;PMC_Frequency
M3,16,4,78,0,万宁,ce6ca82c326e584d8d688a7bedd72e06f508088c933485bfbfa222c82aab7fd0,148.9921240384616,504.5765725063722,IV1;IV2;year_1;Region_1;PMC_Frequency
M3,16,4,78,5,东营,ce6ca82c326e584d8d688a7bedd72e06f508088c933485bfbfa222c82aab7fd0,425.3271014204544,224.5474188555856,IV1;IV2;year_1;Region_1;PMC_Frequency
M3,16,4,78,7,中山,ce6ca82c326e584d8d688a7bedd72e06f508088c933485bfbfa222c82aab7fd0,89.11043759098708,224.12793047674552,IV1;IV2;year_1;Region_1;PMC_Frequency
M3,16,4,78,15,佛山,ce6ca82c326e584d8d688a7bedd72e06f508088c933485bfbfa222c82aab7fd0,28.38274488636364,441.2901672035336,IV1;IV2;year_1;Region_1;PMC_Frequency
M3,16,4,78,18,六安,ce6ca82c326e584d8d688a7bedd72e06f508088c933485bfbfa222c82aab7fd0,8.639045028409095,590.0610102799749,IV1;IV2;year_1;Region_1;PMC_Frequency
M3,16,4,78,28,昌江,ce6ca82c326e584d8d688a7bedd72e06f508088c933485bfbfa222c82aab7fd0,268.7138254261364,282.21603056165213,IV1;IV2;year_1;Region_1;PMC_Frequency
M3,16,4,78,33,澄迈,ce6ca82c326e584d8d688a7bedd72e06f508088c933485bfbfa222c82aab7fd0,647.861484375,238.94108411984192,IV1;IV2;year_1;Region_1;PMC_Frequency
M3,16,4,78,39,陵水,ce6ca82c326e584d8d688a7bedd72e06f508088c933485bfbfa222c82aab7fd0,337.1486134943182,478.95754932151,IV1;IV2;year_1;Region_1;PMC_Frequency
M3,16,5,79,1,上海,ce6ca82c326e584d8d688a7bedd72e06f508088c933485bfbfa222c82aab7fd0,2302.973933396464,431.59302030149,IV1;IV2;year_1;Region_1;PMC_Frequency
M3,16,5,79,4,东莞,ce6ca82c326e584d8d688a7bedd72e06f508088c933485bfbfa222c82aab7fd0,307.5424744318183,423.07528816242365,IV1;IV2;year_1;Region_1;PMC_Frequency
M3,16,5,79,6,中卫,ce6ca82c326e584d8d688a7bedd72e06f508088c933485bfbfa222c82aab7fd0,31.05198382826678,364.799303884374,IV1;IV2;year_1;Region_1;PMC_Frequency
M3,16,5,79,8,临高,ce6ca82c326e584d8d688a7bedd72e06f508088c933485bfbfa222c82aab7fd0,83.80276845703128,386.6993647774989,IV1;IV2;year_1;Region_1;PMC_Frequency
M3,16,5,79,12,乐山,ce6ca82c326e584d8d688a7bedd72e06f508088c933485bfbfa222c82aab7fd0,45.02250000000001,276.65698246067103,IV1;IV2;year_1;Region_1;PMC_Frequency
M3,16,5,79,16,信阳,ce6ca82c326e584d8d688a7bedd72e06f508088c933485bfbfa222c82aab7fd0,244.6035494318183,449.41898573455063,IV1;IV2;year_1;Region_1;PMC_Frequency
M3,16,5,79,26,惠州,ce6ca82c326e584d8d688a7bedd72e06f508088c933485bfbfa222c82aab7fd0,253.6378448863636,240.38182423544058,IV1;IV2;year_1;Region_1;PMC_Frequency
M3,16,5,79,37,白沙,ce6ca82c326e584d8d688a7bedd72e06f508088c933485bfbfa222c82aab7fd0,192.9951366477273,329.9036243533567,IV1;IV2;year_1;Region_1;PMC_Frequency
M3,17,1,80,6,中卫,ce6ca82c326e584d8d688a7bedd72e06f508088c933485bfbfa222c82aab7fd0,31.05198382826678,246.02157737722564,IV1;IV2;year_1;Region_1;PMC_Frequency
M3,17,1,80,9,丽水,ce6ca82c326e584d8d688a7bedd72e06f508088c933485bfbfa222c82aab7fd0,33.76567926136365,497.41677972183345,IV1;IV2;year_1;Region_1;PMC_Frequency
M3,17,1,80,18,六安,ce6ca82c326e584d8d688a7bedd72e06f508088c933485bfbfa222c82aab7fd0,8.639045028409095,632.5160777859477,IV1;IV2;year_1;Region_1;PMC_Frequency
M3,17,1,80,22,合肥,ce6ca82c326e584d8d688a7bedd72e06f508088c933485bfbfa222c82aab7fd0,13.19625,242.93795679020155,IV1;IV2;year_1;Region_1;PMC_Frequency
M3,17,1,80,28,昌江,ce6ca82c326e584d8d688a7bedd72e06f508088c933485bfbfa222c82aab7fd0,268.7138254261364,273.30078525641625,IV1;IV2;year_1;Region_1;PMC_Frequency
M3,17,1,80,29,汕头,ce6ca82c326e584d8d688a7bedd72e06f508088c933485bfbfa222c82aab7fd0,516.6316193181818,270.9496495686189,IV1;IV2;year_1;Region_1;PMC_Frequency
M3,17,1,80,33,澄迈,ce6ca82c326e584d8d688a7bedd72e06f508088c933485bfbfa222c82aab7fd0,647.861484375,239.1238315753331,IV1;IV2;year_1;Region_1;PMC_Frequency
M3,17,1,80,34,珠海,ce6ca82c326e584d8d688a7bedd72e06f508088c933485bfbfa222c82aab7fd0,1511.786079545455,499.38070283968756,IV1;IV2;year_1;Region_1;PMC_Frequency
M3,17,1,80,39,陵水,ce6ca82c326e584d8d688a7bedd72e06f508088c933485bfbfa222c82aab7fd0,337.1486134943182,392.60304707776476,IV1;IV2;year_1;Region_1;PMC_Frequency
M3,17,2,81,1,上海,ce6ca82c326e584d8d688a7bedd72e06f508088c933485bfbfa222c82aab7fd0,2302.973933396464,404.73617671422505,IV1;IV2;year_1;Region_1;PMC_Frequency
M3,17,2,81,8,临高,ce6ca82c326e584d8d688a7bedd72e06f508088c933485bfbfa222c82aab7fd0,83.80276845703128,347.6411811220877,IV1;IV2;year_1;Region_1;PMC_Frequency
M3,17,2,81,13,九江,ce6ca82c326e584d8d688a7bedd72e06f508088c933485bfbfa222c82aab7fd0,0.0,332.1384432487695,IV1;IV2;year_1;Region_1;PMC_Frequency
M3,17,2,81,16,信阳,ce6ca82c326e584d8d688a7bedd72e06f508088c933485bfbfa222c82aab7fd0,244.6035494318183,360.36452363751454,IV1;IV2;year_1;Region_1;PMC_Frequency
M3,17,2,81,17,儋州,ce6ca82c326e584d8d688a7bedd72e06f508088c933485bfbfa222c82aab7fd0,539.7352537592891,357.40044608129085,IV1;IV2;year_1;Region_1;PMC_Frequency
M3,17,2,81,19,兰州,ce6ca82c326e584d8d688a7bedd72e06f508088c933485bfbfa222c82aab7fd0,32.85616429924242,213.03347668506993,IV1;IV2;year_1;Region_1;PMC_Frequency
M3,17,2,81,36,琼海,ce6ca82c326e584d8d688a7bedd72e06f508088c933485bfbfa222c82aab7fd0,1716.717565054688,298.9636431664987,IV1;IV2;year_1;Region_1;PMC_Frequency
M3,17,2,81,37,白沙,ce6ca82c326e584d8d688a7bedd72e06f508088c933485bfbfa222c82aab7fd0,192.9951366477273,295.383494368936,IV1;IV2;year_1;Region_1;PMC_Frequency
M3,17,3,82,3,东方,ce6ca82c326e584d8d688a7bedd72e06f508088c933485bfbfa222c82aab7fd0,266.2529209872159,362.1154412843231,IV1;IV2;year_1;Region_1;PMC_Frequency
M3,17,3,82,4,东莞,ce6ca82c326e584d8d688a7bedd72e06f508088c933485bfbfa222c82aab7fd0,307.5424744318183,356.05841165093614,IV1;IV2;year_1;Region_1;PMC_Frequency
M3,17,3,82,10,义乌,ce6ca82c326e584d8d688a7bedd72e06f508088c933485bfbfa222c82aab7fd0,7288.761349396308,418.10640623631565,IV1;IV2;year_1;Region_1;PMC_Frequency
M3,17,3,82,14,五指山,ce6ca82c326e584d8d688a7bedd72e06f508088c933485bfbfa222c82aab7fd0,273.4003661931818,392.33632671208017,IV1;IV2;year_1;Region_1;PMC_Frequency
M3,17,3,82,15,佛山,ce6ca82c326e584d8d688a7bedd72e06f508088c933485bfbfa222c82aab7fd0,28.38274488636364,351.2579516820388,IV1;IV2;year_1;Region_1;PMC_Frequency
M3,17,3,82,21,北海,ce6ca82c326e584d8d688a7bedd72e06f508088c933485bfbfa222c82aab7fd0,318.3245085227273,245.01646569768707,IV1;IV2;year_1;Region_1;PMC_Frequency
M3,17,3,82,23,定安,ce6ca82c326e584d8d688a7bedd72e06f508088c933485bfbfa222c82aab7fd0,273.4003661931819,326.3159998018523,IV1;IV2;year_1;Region_1;PMC_Frequency
M3,17,3,82,30,海口,ce6ca82c326e584d8d688a7bedd72e06f508088c933485bfbfa222c82aab7fd0,339.134276349432,420.21483004150326,IV1;IV2;year_1;Region_1;PMC_Frequency
M3,17,4,83,5,东营,ce6ca82c326e584d8d688a7bedd72e06f508088c933485bfbfa222c82aab7fd0,425.3271014204544,203.1709948952818,IV1;IV2;year_1;Region_1;PMC_Frequency
M3,17,4,83,11,乐东,ce6ca82c326e584d8d688a7bedd72e06f508088c933485bfbfa222c82aab7fd0,51.57938057753164,472.90574537773114,IV1;IV2;year_1;Region_1;PMC_Frequency
M3,17,4,83,20,北京,ce6ca82c326e584d8d688a7bedd72e06f508088c933485bfbfa222c82aab7fd0,291.2148675426136,701.8048189252397,IV1;IV2;year_1;Region_1;PMC_Frequency
M3,17,4,83,25,广州,ce6ca82c326e584d8d688a7bedd72e06f508088c933485bfbfa222c82aab7fd0,164.1983198863636,611.6286387795012,IV1;IV2;year_1;Region_1;PMC_Frequency
M3,17,4,83,26,惠州,ce6ca82c326e584d8d688a7bedd72e06f508088c933485bfbfa222c82aab7fd0,253.6378448863636,230.14254710192714,IV1;IV2;year_1;Region_1;PMC_Frequency
M3,17,4,83,31,深圳,ce6ca82c326e584d8d688a7bedd72e06f508088c933485bfbfa222c82aab7fd0,159.7083409090909,727.3101615399773,IV1;IV2;year_1;Region_1;PMC_Frequency
M3,17,4,83,32,清远,ce6ca82c326e584d8d688a7bedd72e06f508088c933485bfbfa222c82aab7fd0,375.720028409091,273.20090308822006,IV1;IV2;year_1;Region_1;PMC_Frequency
M3,17,4,83,35,琼中,ce6ca82c326e584d8d688a7bedd72e06f508088c933485bfbfa222c82aab7fd0,1106.44734375,294.2356773143104,IV1;IV2;year_1;Region_1;PMC_Frequency
M3,17,5,84,0,万宁,ce6ca82c326e584d8d688a7bedd72e06f508088c933485bfbfa222c82aab7fd0,148.9921240384616,537.3721109897159,IV1;IV2;year_1;Region_1;PMC_Frequency
M3,17,5,84,2,上饶,ce6ca82c326e584d8d688a7bedd72e06f508088c933485bfbfa222c82aab7fd0,114.81355125,415.8906594787374,IV1;IV2;year_1;Region_1;PMC_Frequency
M3,17,5,84,7,中山,ce6ca82c326e584d8d688a7bedd72e06f508088c933485bfbfa222c82aab7fd0,89.11043759098708,212.83492768901732,IV1;IV2;year_1;Region_1;PMC_Frequency
M3,17,5,84,12,乐山,ce6ca82c326e584d8d688a7bedd72e06f508088c933485bfbfa222c82aab7fd0,45.02250000000001,235.19298143299068,IV1;IV2;year_1;Region_1;PMC_Frequency
M3,17,5,84,24,屯昌,ce6ca82c326e584d8d688a7bedd72e06f508088c933485bfbfa222c82aab7fd0,273.4003661931819,408.28371340885593,IV1;IV2;year_1;Region_1;PMC_Frequency
M3,17,5,84,27,文昌,ce6ca82c326e584d8d688a7bedd72e06f508088c933485bfbfa222c82aab7fd0,273.4003661931818,378.93391532179646,IV1;IV2;year_1;Region_1;PMC_Frequency
M3,17,5,84,38,肇庆,ce6ca82c326e584d8d688a7bedd72e06f508088c933485bfbfa222c82aab7fd0,23.03745340909091,244.70911333932588,IV1;IV2;year_1;Region_1;PMC_Frequency
M3,17,5,84,40,韶关,ce6ca82c326e584d8d688a7bedd72e06f508088c933485bfbfa222c82aab7fd0,547.9050852272727,449.135078520648,IV1;IV2;year_1;Region_1;PMC_Frequency
M3,18,1,85,6,中卫,ce6ca82c326e584d8d688a7bedd72e06f508088c933485bfbfa222c82aab7fd0,31.05198382826678,295.447969796741,IV1;IV2;year_1;Region_1;PMC_Frequency
M3,18,1,85,9,丽水,ce6ca82c326e584d8d688a7bedd72e06f508088c933485bfbfa222c82aab7fd0,33.76567926136365,288.0301835634271,IV1;IV2;year_1;Region_1;PMC_Frequency
M3,18,1,85,10,义乌,ce6ca82c326e584d8d688a7bedd72e06f508088c933485bfbfa222c82aab7fd0,7288.761349396308,379.90043311240817,IV1;IV2;year_1;Region_1;PMC_Frequency
M3,18,1,85,20,北京,ce6ca82c326e584d8d688a7bedd72e06f508088c933485bfbfa222c82aab7fd0,291.2148675426136,289.1341647387656,IV1;IV2;year_1;Region_1;PMC_Frequency
M3,18,1,85,24,屯昌,ce6ca82c326e584d8d688a7bedd72e06f508088c933485bfbfa222c82aab7fd0,273.4003661931819,312.0954986347057,IV1;IV2;year_1;Region_1;PMC_Frequency
M3,18,1,85,28,昌江,ce6ca82c326e584d8d688a7bedd72e06f508088c933485bfbfa222c82aab7fd0,268.7138254261364,243.1498727324181,IV1;IV2;year_1;Region_1;PMC_Frequency
M3,18,1,85,31,深圳,ce6ca82c326e584d8d688a7bedd72e06f508088c933485bfbfa222c82aab7fd0,159.7083409090909,341.8613018058626,IV1;IV2;year_1;Region_1;PMC_Frequency
M3,18,1,85,36,琼海,ce6ca82c326e584d8d688a7bedd72e06f508088c933485bfbfa222c82aab7fd0,1716.717565054688,307.92992772262727,IV1;IV2;year_1;Region_1;PMC_Frequency
M3,18,1,85,38,肇庆,ce6ca82c326e584d8d688a7bedd72e06f508088c933485bfbfa222c82aab7fd0,23.03745340909091,230.73636072445782,IV1;IV2;year_1;Region_1;PMC_Frequency
M3,18,2,86,1,上海,ce6ca82c326e584d8d688a7bedd72e06f508088c933485bfbfa222c82aab7fd0,2302.973933396464,462.6376730486926,IV1;IV2;year_1;Region_1;PMC_Frequency
M3,18,2,86,2,上饶,ce6ca82c326e584d8d688a7bedd72e06f508088c933485bfbfa222c82aab7fd0,114.81355125,347.969640995797,IV1;IV2;year_1;Region_1;PMC_Frequency
M3,18,2,86,5,东营,ce6ca82c326e584d8d688a7bedd72e06f508088c933485bfbfa222c82aab7fd0,425.3271014204544,258.7574310407641,IV1;IV2;year_1;Region_1;PMC_Frequency
M3,18,2,86,13,九江,ce6ca82c326e584d8d688a7bedd72e06f508088c933485bfbfa222c82aab7fd0,0.0,255.19017233801353,IV1;IV2;year_1;Region_1;PMC_Frequency
M3,18,2,86,14,五指山,ce6ca82c326e584d8d688a7bedd72e06f508088c933485bfbfa222c82aab7fd0,273.4003661931818,386.7909529627124,IV1;IV2;year_1;Region_1;PMC_Frequency
M3,18,2,86,18,六安,ce6ca82c326e584d8d688a7bedd72e06f508088c933485bfbfa222c82aab7fd0,8.639045028409095,494.81330435331716,IV1;IV2;year_1;Region_1;PMC_Frequency
M3,18,2,86,22,合肥,ce6ca82c326e584d8d688a7bedd72e06f508088c933485bfbfa222c82aab7fd0,13.19625,218.84934363832613,IV1;IV2;year_1;Region_1;PMC_Frequency
M3,18,2,86,26,惠州,ce6ca82c326e584d8d688a7bedd72e06f508088c933485bfbfa222c82aab7fd0,253.6378448863636,224.67202230404078,IV1;IV2;year_1;Region_1;PMC_Frequency
M3,18,3,87,0,万宁,ce6ca82c326e584d8d688a7bedd72e06f508088c933485bfbfa222c82aab7fd0,148.9921240384616,569.6757544400804,IV1;IV2;year_1;Region_1;PMC_Frequency
M3,18,3,87,3,东方,ce6ca82c326e584d8d688a7bedd72e06f508088c933485bfbfa222c82aab7fd0,266.2529209872159,401.8349743281856,IV1;IV2;year_1;Region_1;PMC_Frequency
M3,18,3,87,12,乐山,ce6ca82c326e584d8d688a7bedd72e06f508088c933485bfbfa222c82aab7fd0,45.02250000000001,217.23820456707458,IV1;IV2;year_1;Region_1;PMC_Frequency
M3,18,3,87,16,信阳,ce6ca82c326e584d8d688a7bedd72e06f508088c933485bfbfa222c82aab7fd0,244.6035494318183,583.8572535878731,IV1;IV2;year_1;Region_1;PMC_Frequency
M3,18,3,87,19,兰州,ce6ca82c326e584d8d688a7bedd72e06f508088c933485bfbfa222c82aab7fd0,32.85616429924242,244.77534215015248,IV1;IV2;year_1;Region_1;PMC_Frequency
M3,18,3,87,21,北海,ce6ca82c326e584d8d688a7bedd72e06f508088c933485bfbfa222c82aab7fd0,318.3245085227273,254.97102215663298,IV1;IV2;year_1;Region_1;PMC_Frequency
M3,18,3,87,30,海口,ce6ca82c326e584d8d688a7bedd72e06f508088c933485bfbfa222c82aab7fd0,339.134276349432,616.9050191539301,IV1;IV2;year_1;Region_1;PMC_Frequency
M3,18,3,87,40,韶关,ce6ca82c326e584d8d688a7bedd72e06f508088c933485bfbfa222c82aab7fd0,547.9050852272727,428.03037865768664,IV1;IV2;year_1;Region_1;PMC_Frequency
M3,18,4,88,4,东莞,ce6ca82c326e584d8d688a7bedd72e06f508088c933485bfbfa222c82aab7fd0,307.5424744318183,556.4084638064652,IV1;IV2;year_1;Region_1;PMC_Frequency
M3,18,4,88,8,临高,ce6ca82c326e584d8d688a7bedd72e06f508088c933485bfbfa222c82aab7fd0,83.80276845703128,241.22238013624408,IV1;IV2;year_1;Region_1;PMC_Frequency
M3,18,4,88,17,儋州,ce6ca82c326e584d8d688a7bedd72e06f508088c933485bfbfa222c82aab7fd0,539.7352537592891,261.8241972170399,IV1;IV2;year_1;Region_1;PMC_Frequency
M3,18,4,88,25,广州,ce6ca82c326e584d8d688a7bedd72e06f508088c933485bfbfa222c82aab7fd0,164.1983198863636,443.9376581793798,IV1;IV2;year_1;Region_1;PMC_Frequency
M3,18,4,88,29,汕头,ce6ca82c326e584d8d688a7bedd72e06f508088c933485bfbfa222c82aab7fd0,516.6316193181818,211.83886645852107,IV1;IV2;year_1;Region_1;PMC_Frequency
M3,18,4,88,32,清远,ce6ca82c326e584d8d688a7bedd72e06f508088c933485bfbfa222c82aab7fd0,375.720028409091,238.31217511973102,IV1;IV2;year_1;Region_1;PMC_Frequency
M3,18,4,88,33,澄迈,ce6ca82c326e584d8d688a7bedd72e06f508088c933485bfbfa222c82aab7fd0,647.861484375,249.65745021303547,IV1;IV2;year_1;Region_1;PMC_Frequency
M3,18,4,88,34,珠海,ce6ca82c326e584d8d688a7bedd72e06f508088c933485bfbfa222c82aab7fd0,1511.786079545455,597.226383387746,IV1;IV2;year_1;Region_1;PMC_Frequency
M3,18,5,89,7,中山,ce6ca82c326e584d8d688a7bedd72e06f508088c933485bfbfa222c82aab7fd0,89.11043759098708,246.07729854902874,IV1;IV2;year_1;Region_1;PMC_Frequency
M3,18,5,89,11,乐东,ce6ca82c326e584d8d688a7bedd72e06f508088c933485bfbfa222c82aab7fd0,51.57938057753164,558.1203344638609,IV1;IV2;year_1;Region_1;PMC_Frequency
M3,18,5,89,15,佛山,ce6ca82c326e584d8d688a7bedd72e06f508088c933485bfbfa222c82aab7fd0,28.38274488636364,385.6901492155238,IV1;IV2;year_1;Region_1;PMC_Frequency
M3,18,5,89,23,定安,ce6ca82c326e584d8d688a7bedd72e06f508088c933485bfbfa222c82aab7fd0,273.4003661931819,331.31630653621914,IV1;IV2;year_1;Region_1;PMC_Frequency
M3,18,5,89,27,文昌,ce6ca82c326e584d8d688a7bedd72e06f508088c933485bfbfa222c82aab7fd0,273.4003661931818,338.2164624416663,IV1;IV2;year_1;Region_1;PMC_Frequency
M3,18,5,89,35,琼中,ce6ca82c326e584d8d688a7bedd72e06f508088c933485bfbfa222c82aab7fd0,1106.44734375,324.90872312944947,IV1;IV2;year_1;Region_1;PMC_Frequency
M3,18,5,89,37,白沙,ce6ca82c326e584d8d688a7bedd72e06f508088c933485bfbfa222c82aab7fd0,192.9951366477273,251.26860454828588,IV1;IV2;year_1;Region_1;PMC_Frequency
M3,18,5,89,39,陵水,ce6ca82c326e584d8d688a7bedd72e06f508088c933485bfbfa222c82aab7fd0,337.1486134943182,457.1743205336593,IV1;IV2;year_1;Region_1;PMC_Frequency
M3,19,1,90,3,东方,ce6ca82c326e584d8d688a7bedd72e06f508088c933485bfbfa222c82aab7fd0,266.2529209872159,286.6016746697764,IV1;IV2;year_1;Region_1;PMC_Frequency
M3,19,1,90,7,中山,ce6ca82c326e584d8d688a7bedd72e06f508088c933485bfbfa222c82aab7fd0,89.11043759098708,216.0920560995917,IV1;IV2;year_1;Region_1;PMC_Frequency
M3,19,1,90,13,九江,ce6ca82c326e584d8d688a7bedd72e06f508088c933485bfbfa222c82aab7fd0,0.0,305.6350220841218,IV1;IV2;year_1;Region_1;PMC_Frequency
M3,19,1,90,19,兰州,ce6ca82c326e584d8d688a7bedd72e06f508088c933485bfbfa222c82aab7fd0,32.85616429924242,229.08558582670912,IV1;IV2;year_1;Region_1;PMC_Frequency
M3,19,1,90,23,定安,ce6ca82c326e584d8d688a7bedd72e06f508088c933485bfbfa222c82aab7fd0,273.4003661931819,318.6639475124861,IV1;IV2;year_1;Region_1;PMC_Frequency
M3,19,1,90,30,海口,ce6ca82c326e584d8d688a7bedd72e06f508088c933485bfbfa222c82aab7fd0,339.134276349432,390.02230594891716,IV1;IV2;year_1;Region_1;PMC_Frequency
M3,19,1,90,34,珠海,ce6ca82c326e584d8d688a7bedd72e06f508088c933485bfbfa222c82aab7fd0,1511.786079545455,534.4262934799757,IV1;IV2;year_1;Region_1;PMC_Frequency
M3,19,1,90,36,琼海,ce6ca82c326e584d8d688a7bedd72e06f508088c933485bfbfa222c82aab7fd0,1716.717565054688,388.1590447672638,IV1;IV2;year_1;Region_1;PMC_Frequency
M3,19,1,90,40,韶关,ce6ca82c326e584d8d688a7bedd72e06f508088c933485bfbfa222c82aab7fd0,547.9050852272727,245.43198569008334,IV1;IV2;year_1;Region_1;PMC_Frequency
M3,19,2,91,6,中卫,ce6ca82c326e584d8d688a7bedd72e06f508088c933485bfbfa222c82aab7fd0,31.05198382826678,281.9485963257096,IV1;IV2;year_1;Region_1;PMC_Frequency
M3,19,2,91,9,丽水,ce6ca82c326e584d8d688a7bedd72e06f508088c933485bfbfa222c82aab7fd0,33.76567926136365,560.6079380565066,IV1;IV2;year_1;Region_1;PMC_Frequency
M3,19,2,91,11,乐东,ce6ca82c326e584d8d688a7bedd72e06f508088c933485bfbfa222c82aab7fd0,51.57938057753164,597.8599737028625,IV1;IV2;year_1;Region_1;PMC_Frequency
M3,19,2,91,14,五指山,ce6ca82c326e584d8d688a7bedd72e06f508088c933485bfbfa222c82aab7fd0,273.4003661931818,418.499442238661,IV1;IV2;year_1;Region_1;PMC_Frequency
M3,19,2,91,22,合肥,ce6ca82c326e584d8d688a7bedd72e06f508088c933485bfbfa222c82aab7fd0,13.19625,262.76899361107877,IV1;IV2;year_1;Region_1;PMC_Frequency
M3,19,2,91,28,昌江,ce6ca82c326e584d8d688a7bedd72e06f508088c933485bfbfa222c82aab7fd0,268.7138254261364,277.98893570148357,IV1;IV2;year_1;Region_1;PMC_Frequency
M3,19,2,91,33,澄迈,ce6ca82c326e584d8d688a7bedd72e06f508088c933485bfbfa222c82aab7fd0,647.861484375,290.8890175018669,IV1;IV2;year_1;Region_1;PMC_Frequency
M3,19,2,91,38,肇庆,ce6ca82c326e584d8d688a7bedd72e06f508088c933485bfbfa222c82aab7fd0,23.03745340909091,297.65325763095575,IV1;IV2;year_1;Region_1;PMC_Frequency
M3,19,3,92,2,上饶,ce6ca82c326e584d8d688a7bedd72e06f508088c933485bfbfa222c82aab7fd0,114.81355125,425.0711375635154,IV1;IV2;year_1;Region_1;PMC_Frequency
M3,19,3,92,4,东莞,ce6ca82c326e584d8d688a7bedd72e06f508088c933485bfbfa222c82aab7fd0,307.5424744318183,565.2428628505181,IV1;IV2;year_1;Region_1;PMC_Frequency
M3,19,3,92,5,东营,ce6ca82c326e584d8d688a7bedd72e06f508088c933485bfbfa222c82aab7fd0,425.3271014204544,198.6872875002797,IV1;IV2;year_1;Region_1;PMC_Frequency
M3,19,3,92,15,佛山,ce6ca82c326e584d8d688a7bedd72e06f508088c933485bfbfa222c82aab7fd0,28.38274488636364,458.85142132931503,IV1;IV2;year_1;Region_1;PMC_Frequency
M3,19,3,92,18,六安,ce6ca82c326e584d8d688a7bedd72e06f508088c933485bfbfa222c82aab7fd0,8.639045028409095,587.5248626516607,IV1;IV2;year_1;Region_1;PMC_Frequency
M3,19,3,92,27,文昌,ce6ca82c326e584d8d688a7bedd72e06f508088c933485bfbfa222c82aab7fd0,273.4003661931818,291.2216171344292,IV1;IV2;year_1;Region_1;PMC_Frequency
M3,19,3,92,29,汕头,ce6ca82c326e584d8d688a7bedd72e06f508088c933485bfbfa222c82aab7fd0,516.6316193181818,266.2039513917444,IV1;IV2;year_1;Region_1;PMC_Frequency
M3,19,3,92,35,琼中,ce6ca82c326e584d8d688a7bedd72e06f508088c933485bfbfa222c82aab7fd0,1106.44734375,299.3156393975222,IV1;IV2;year_1;Region_1;PMC_Frequency
M3,19,4,93,1,上海,ce6ca82c326e584d8d688a7bedd72e06f508088c933485bfbfa222c82aab7fd0,2302.973933396464,443.63698146905176,IV1;IV2;year_1;Region_1;PMC_Frequency
M3,19,4,93,8,临高,ce6ca82c326e584d8d688a7bedd72e06f508088c933485bfbfa222c82aab7fd0,83.80276845703128,370.69420165912965,IV1;IV2;year_1;Region_1;PMC_Frequency
M3,19,4,93,12,乐山,ce6ca82c326e584d8d688a7bedd72e06f508088c933485bfbfa222c82aab7fd0,45.02250000000001,244.9573286121166,IV1;IV2;year_1;Region_1;PMC_Frequency
M3,19,4,93,16,信阳,ce6ca82c326e584d8d688a7bedd72e06f508088c933485bfbfa222c82aab7fd0,244.6035494318183,449.57308694395414,IV1;IV2;year_1;Region_1;PMC_Frequency
M3,19,4,93,21,北海,ce6ca82c326e584d8d688a7bedd72e06f508088c933485bfbfa222c82aab7fd0,318.3245085227273,294.06338015109725,IV1;IV2;year_1;Region_1;PMC_Frequency
M3,19,4,93,26,惠州,ce6ca82c326e584d8d688a7bedd72e06f508088c933485bfbfa222c82aab7fd0,253.6378448863636,251.839043939658,IV1;IV2;year_1;Region_1;PMC_Frequency
M3,19,4,93,37,白沙,ce6ca82c326e584d8d688a7bedd72e06f508088c933485bfbfa222c82aab7fd0,192.9951366477273,298.83887702052107,IV1;IV2;year_1;Region_1;PMC_Frequency
M3,19,4,93,39,陵水,ce6ca82c326e584d8d688a7bedd72e06f508088c933485bfbfa222c82aab7fd0,337.1486134943182,432.5737551962996,IV1;IV2;year_1;Region_1;PMC_Frequency
M3,19,5,94,0,万宁,ce6ca82c326e584d8d688a7bedd72e06f508088c933485bfbfa222c82aab7fd0,148.9921240384616,478.203248421494,IV1;IV2;year_1;Region_1;PMC_Frequency
M3,19,5,94,10,义乌,ce6ca82c326e584d8d688a7bedd72e06f508088c933485bfbfa222c82aab7fd0,7288.761349396308,413.80489173805245,IV1;IV2;year_1;Region_1;PMC_Frequency
M3,19,5,94,17,儋州,ce6ca82c326e584d8d688a7bedd72e06f508088c933485bfbfa222c82aab7fd0,539.7352537592891,329.24899185335124,IV1;IV2;year_1;Region_1;PMC_Frequency
M3,19,5,94,20,北京,ce6ca82c326e584d8d688a7bedd72e06f508088c933485bfbfa222c82aab7fd0,291.2148675426136,349.26250295065637,IV1;IV2;year_1;Region_1;PMC_Frequency
M3,19,5,94,24,屯昌,ce6ca82c326e584d8d688a7bedd72e06f508088c933485bfbfa222c82aab7fd0,273.4003661931819,316.4761452602774,IV1;IV2;year_1;Region_1;PMC_Frequency
M3,19,5,94,25,广州,ce6ca82c326e584d8d688a7bedd72e06f508088c933485bfbfa222c82aab7fd0,164.1983198863636,298.3243927882246,IV1;IV2;year_1;Region_1;PMC_Frequency
M3,19,5,94,31,深圳,ce6ca82c326e584d8d688a7bedd72e06f508088c933485bfbfa222c82aab7fd0,159.7083409090909,373.2142477794765,IV1;IV2;year_1;Region_1;PMC_Frequency
M3,19,5,94,32,清远,ce6ca82c326e584d8d688a7bedd72e06f508088c933485bfbfa222c82aab7fd0,375.720028409091,250.58715000261344,IV1;IV2;year_1;Region_1;PMC_Frequency
M3,20,1,95,5,东营,ce6ca82c326e584d8d688a7bedd72e06f508088c933485bfbfa222c82aab7fd0,425.3271014204544,269.4400832956319,IV1;IV2;year_1;Region_1;PMC_Frequency
M3,20,1,95,8,临高,ce6ca82c326e584d8d688a7bedd72e06f508088c933485bfbfa222c82aab7fd0,83.80276845703128,345.22006250163,IV1;IV2;year_1;Region_1;PMC_Frequency
M3,20,1,95,9,丽水,ce6ca82c326e584d8d688a7bedd72e06f508088c933485bfbfa222c82aab7fd0,33.76567926136365,469.3698394574527,IV1;IV2;year_1;Region_1;PMC_Frequency
M3,20,1,95,19,兰州,ce6ca82c326e584d8d688a7bedd72e06f508088c933485bfbfa222c82aab7fd0,32.85616429924242,284.8678917138979,IV1;IV2;year_1;Region_1;PMC_Frequency
M3,20,1,95,22,合肥,ce6ca82c326e584d8d688a7bedd72e06f508088c933485bfbfa222c82aab7fd0,13.19625,253.28214737855328,IV1;IV2;year_1;Region_1;PMC_Frequency
M3,20,1,95,23,定安,ce6ca82c326e584d8d688a7bedd72e06f508088c933485bfbfa222c82aab7fd0,273.4003661931819,316.2620412344444,IV1;IV2;year_1;Region_1;PMC_Frequency
M3,20,1,95,36,琼海,ce6ca82c326e584d8d688a7bedd72e06f508088c933485bfbfa222c82aab7fd0,1716.717565054688,429.6862822608254,IV1;IV2;year_1;Region_1;PMC_Frequency
M3,20,1,95,39,陵水,ce6ca82c326e584d8d688a7bedd72e06f508088c933485bfbfa222c82aab7fd0,337.1486134943182,389.02762207703097,IV1;IV2;year_1;Region_1;PMC_Frequency
M3,20,1,95,40,韶关,ce6ca82c326e584d8d688a7bedd72e06f508088c933485bfbfa222c82aab7fd0,547.9050852272727,263.42991883156213,IV1;IV2;year_1;Region_1;PMC_Frequency
M3,20,2,96,6,中卫,ce6ca82c326e584d8d688a7bedd72e06f508088c933485bfbfa222c82aab7fd0,31.05198382826678,290.1710356250727,IV1;IV2;year_1;Region_1;PMC_Frequency
M3,20,2,96,10,义乌,ce6ca82c326e584d8d688a7bedd72e06f508088c933485bfbfa222c82aab7fd0,7288.761349396308,303.5604957977635,IV1;IV2;year_1;Region_1;PMC_Frequency
M3,20,2,96,13,九江,ce6ca82c326e584d8d688a7bedd72e06f508088c933485bfbfa222c82aab7fd0,0.0,248.10253271979903,IV1;IV2;year_1;Region_1;PMC_Frequency
M3,20,2,96,18,六安,ce6ca82c326e584d8d688a7bedd72e06f508088c933485bfbfa222c82aab7fd0,8.639045028409095,483.296643741203,IV1;IV2;year_1;Region_1;PMC_Frequency
M3,20,2,96,20,北京,ce6ca82c326e584d8d688a7bedd72e06f508088c933485bfbfa222c82aab7fd0,291.2148675426136,243.43600775410601,IV1;IV2;year_1;Region_1;PMC_Frequency
M3,20,2,96,34,珠海,ce6ca82c326e584d8d688a7bedd72e06f508088c933485bfbfa222c82aab7fd0,1511.786079545455,313.5447405927903,IV1;IV2;year_1;Region_1;PMC_Frequency
M3,20,2,96,35,琼中,ce6ca82c326e584d8d688a7bedd72e06f508088c933485bfbfa222c82aab7fd0,1106.44734375,312.059949228277,IV1;IV2;year_1;Region_1;PMC_Frequency
M3,20,2,96,37,白沙,ce6ca82c326e584d8d688a7bedd72e06f508088c933485bfbfa222c82aab7fd0,192.9951366477273,297.3603803243054,IV1;IV2;year_1;Region_1;PMC_Frequency
M3,20,3,97,4,东莞,ce6ca82c326e584d8d688a7bedd72e06f508088c933485bfbfa222c82aab7fd0,307.5424744318183,563.025988570298,IV1;IV2;year_1;Region_1;PMC_Frequency
M3,20,3,97,11,乐东,ce6ca82c326e584d8d688a7bedd72e06f508088c933485bfbfa222c82aab7fd0,51.57938057753164,637.9173634981946,IV1;IV2;year_1;Region_1;PMC_Frequency
M3,20,3,97,14,五指山,ce6ca82c326e584d8d688a7bedd72e06f508088c933485bfbfa222c82aab7fd0,273.4003661931818,504.59882529657915,IV1;IV2;year_1;Region_1;PMC_Frequency
M3,20,3,97,15,佛山,ce6ca82c326e584d8d688a7bedd72e06f508088c933485bfbfa222c82aab7fd0,28.38274488636364,404.5353838663553,IV1;IV2;year_1;Region_1;PMC_Frequency
M3,20,3,97,16,信阳,ce6ca82c326e584d8d688a7bedd72e06f508088c933485bfbfa222c82aab7fd0,244.6035494318183,549.2576546727464,IV1;IV2;year_1;Region_1;PMC_Frequency
M3,20,3,97,24,屯昌,ce6ca82c326e584d8d688a7bedd72e06f508088c933485bfbfa222c82aab7fd0,273.4003661931819,482.0983667803471,IV1;IV2;year_1;Region_1;PMC_Frequency
M3,20,3,97,28,昌江,ce6ca82c326e584d8d688a7bedd72e06f508088c933485bfbfa222c82aab7fd0,268.7138254261364,302.9100705213713,IV1;IV2;year_1;Region_1;PMC_Frequency
M3,20,3,97,38,肇庆,ce6ca82c326e584d8d688a7bedd72e06f508088c933485bfbfa222c82aab7fd0,23.03745340909091,273.0051966192662,IV1;IV2;year_1;Region_1;PMC_Frequency
M3,20,4,98,1,上海,ce6ca82c326e584d8d688a7bedd72e06f508088c933485bfbfa222c82aab7fd0,2302.973933396464,594.3189205045454,IV1;IV2;year_1;Region_1;PMC_Frequency
M3,20,4,98,2,上饶,ce6ca82c326e584d8d688a7bedd72e06f508088c933485bfbfa222c82aab7fd0,114.81355125,271.3315960476343,IV1;IV2;year_1;Region_1;PMC_Frequency
M3,20,4,98,17,儋州,ce6ca82c326e584d8d688a7bedd72e06f508088c933485bfbfa222c82aab7fd0,539.7352537592891,288.99660087503634,IV1;IV2;year_1;Region_1;PMC_Frequency
M3,20,4,98,21,北海,ce6ca82c326e584d8d688a7bedd72e06f508088c933485bfbfa222c82aab7fd0,318.3245085227273,211.70544647952005,IV1;IV2;year_1;Region_1;PMC_Frequency
M3,20,4,98,25,广州,ce6ca82c326e584d8d688a7bedd72e06f508088c933485bfbfa222c82aab7fd0,164.1983198863636,355.4994038620545,IV1;IV2;year_1;Region_1;PMC_Frequency
M3,20,4,98,26,惠州,ce6ca82c326e584d8d688a7bedd72e06f508088c933485bfbfa222c82aab7fd0,253.6378448863636,203.35882644935901,IV1;IV2;year_1;Region_1;PMC_Frequency
M3,20,4,98,29,汕头,ce6ca82c326e584d8d688a7bedd72e06f508088c933485bfbfa222c82aab7fd0,516.6316193181818,263.0468174643594,IV1;IV2;year_1;Region_1;PMC_Frequency
M3,20,4,98,32,清远,ce6ca82c326e584d8d688a7bedd72e06f508088c933485bfbfa222c82aab7fd0,375.720028409091,250.1607091745211,IV1;IV2;year_1;Region_1;PMC_Frequency
M3,20,5,99,0,万宁,ce6ca82c326e584d8d688a7bedd72e06f508088c933485bfbfa222c82aab7fd0,148.9921240384616,511.8590148501455,IV1;IV2;year_1;Region_1;PMC_Frequency
M3,20,5,99,3,东方,ce6ca82c326e584d8d688a7bedd72e06f508088c933485bfbfa222c82aab7fd0,266.2529209872159,345.94338564030147,IV1;IV2;year_1;Region_1;PMC_Frequency
M3,20,5,99,7,中山,ce6ca82c326e584d8d688a7bedd72e06f508088c933485bfbfa222c82aab7fd0,89.11043759098708,224.7580755452676,IV1;IV2;year_1;Region_1;PMC_Frequency
M3,20,5,99,12,乐山,ce6ca82c326e584d8d688a7bedd72e06f508088c933485bfbfa222c82aab7fd0,45.02250000000001,216.07762447448275,IV1;IV2;year_1;Region_1;PMC_Frequency
M3,20,5,99,27,文昌,ce6ca82c326e584d8d688a7bedd72e06f508088c933485bfbfa222c82aab7fd0,273.4003661931818,359.04964124194447,IV1;IV2;year_1;Region_1;PMC_Frequency
M3,20,5,99,30,海口,ce6ca82c326e584d8d688a7bedd72e06f508088c933485bfbfa222c82aab7fd0,339.134276349432,544.8429503954025,IV1;IV2;year_1;Region_1;PMC_Frequency
M3,20,5,99,31,深圳,ce6ca82c326e584d8d688a7bedd72e06f508088c933485bfbfa222c82aab7fd0,159.7083409090909,641.0466810212442,IV1;IV2;year_1;Region_1;PMC_Frequency
M3,20,5,99,33,澄迈,ce6ca82c326e584d8d688a7bedd72e06f508088c933485bfbfa222c82aab7fd0,647.861484375,297.44569555355014,IV1;IV2;year_1;Region_1;PMC_Frequency
M4,1,1,0,4,东莞,ce6ca82c326e584d8d688a7bedd72e06f508088c933485bfbfa222c82aab7fd0,307.5424744318183,750.2207531437417,IV1;IV2;year_1;Region_1;PMC_BERT
M4,1,1,0,8,临高,ce6ca82c326e584d8d688a7bedd72e06f508088c933485bfbfa222c82aab7fd0,83.80276845703128,476.6362318478996,IV1;IV2;year_1;Region_1;PMC_BERT
M4,1,1,0,13,九江,ce6ca82c326e584d8d688a7bedd72e06f508088c933485bfbfa222c82aab7fd0,0.0,289.510916105172,IV1;IV2;year_1;Region_1;PMC_BERT
M4,1,1,0,19,兰州,ce6ca82c326e584d8d688a7bedd72e06f508088c933485bfbfa222c82aab7fd0,32.85616429924242,429.7709985259091,IV1;IV2;year_1;Region_1;PMC_BERT
M4,1,1,0,24,屯昌,ce6ca82c326e584d8d688a7bedd72e06f508088c933485bfbfa222c82aab7fd0,273.4003661931819,305.2507930614034,IV1;IV2;year_1;Region_1;PMC_BERT
M4,1,1,0,25,广州,ce6ca82c326e584d8d688a7bedd72e06f508088c933485bfbfa222c82aab7fd0,164.1983198863636,555.7891071173572,IV1;IV2;year_1;Region_1;PMC_BERT
M4,1,1,0,29,汕头,ce6ca82c326e584d8d688a7bedd72e06f508088c933485bfbfa222c82aab7fd0,516.6316193181818,314.50970679392054,IV1;IV2;year_1;Region_1;PMC_BERT
M4,1,1,0,39,陵水,ce6ca82c326e584d8d688a7bedd72e06f508088c933485bfbfa222c82aab7fd0,337.1486134943182,465.4207734841531,IV1;IV2;year_1;Region_1;PMC_BERT
M4,1,1,0,40,韶关,ce6ca82c326e584d8d688a7bedd72e06f508088c933485bfbfa222c82aab7fd0,547.9050852272727,147.32967328899676,IV1;IV2;year_1;Region_1;PMC_BERT
M4,1,2,1,6,中卫,ce6ca82c326e584d8d688a7bedd72e06f508088c933485bfbfa222c82aab7fd0,31.05198382826678,331.6763393815548,IV1;IV2;year_1;Region_1;PMC_BERT
M4,1,2,1,9,丽水,ce6ca82c326e584d8d688a7bedd72e06f508088c933485bfbfa222c82aab7fd0,33.76567926136365,262.13014702223313,IV1;IV2;year_1;Region_1;PMC_BERT
M4,1,2,1,12,乐山,ce6ca82c326e584d8d688a7bedd72e06f508088c933485bfbfa222c82aab7fd0,45.02250000000001,261.51012948401063,IV1;IV2;year_1;Region_1;PMC_BERT
M4,1,2,1,15,佛山,ce6ca82c326e584d8d688a7bedd72e06f508088c933485bfbfa222c82aab7fd0,28.38274488636364,389.7436673984307,IV1;IV2;year_1;Region_1;PMC_BERT
M4,1,2,1,16,信阳,ce6ca82c326e584d8d688a7bedd72e06f508088c933485bfbfa222c82aab7fd0,244.6035494318183,315.65972452717057,IV1;IV2;year_1;Region_1;PMC_BERT
M4,1,2,1,17,儋州,ce6ca82c326e584d8d688a7bedd72e06f508088c933485bfbfa222c82aab7fd0,539.7352537592891,352.73278918034464,IV1;IV2;year_1;Region_1;PMC_BERT
M4,1,2,1,26,惠州,ce6ca82c326e584d8d688a7bedd72e06f508088c933485bfbfa222c82aab7fd0,253.6378448863636,381.28865973428805,IV1;IV2;year_1;Region_1;PMC_BERT
M4,1,2,1,32,清远,ce6ca82c326e584d8d688a7bedd72e06f508088c933485bfbfa222c82aab7fd0,375.720028409091,283.449935284685,IV1;IV2;year_1;Region_1;PMC_BERT
M4,1,3,2,0,万宁,ce6ca82c326e584d8d688a7bedd72e06f508088c933485bfbfa222c82aab7fd0,148.9921240384616,322.8591682644228,IV1;IV2;year_1;Region_1;PMC_BERT
M4,1,3,2,1,上海,ce6ca82c326e584d8d688a7bedd72e06f508088c933485bfbfa222c82aab7fd0,2302.973933396464,269.3310669344418,IV1;IV2;year_1;Region_1;PMC_BERT
M4,1,3,2,5,东营,ce6ca82c326e584d8d688a7bedd72e06f508088c933485bfbfa222c82aab7fd0,425.3271014204544,262.8904084484681,IV1;IV2;year_1;Region_1;PMC_BERT
M4,1,3,2,11,乐东,ce6ca82c326e584d8d688a7bedd72e06f508088c933485bfbfa222c82aab7fd0,51.57938057753164,293.7529596464252,IV1;IV2;year_1;Region_1;PMC_BERT
M4,1,3,2,27,文昌,ce6ca82c326e584d8d688a7bedd72e06f508088c933485bfbfa222c82aab7fd0,273.4003661931818,380.8913922370061,IV1;IV2;year_1;Region_1;PMC_BERT
M4,1,3,2,30,海口,ce6ca82c326e584d8d688a7bedd72e06f508088c933485bfbfa222c82aab7fd0,339.134276349432,332.56571950333756,IV1;IV2;year_1;Region_1;PMC_BERT
M4,1,3,2,34,珠海,ce6ca82c326e584d8d688a7bedd72e06f508088c933485bfbfa222c82aab7fd0,1511.786079545455,383.76374582008003,IV1;IV2;year_1;Region_1;PMC_BERT
M4,1,3,2,35,琼中,ce6ca82c326e584d8d688a7bedd72e06f508088c933485bfbfa222c82aab7fd0,1106.44734375,237.323694483349,IV1;IV2;year_1;Region_1;PMC_BERT
M4,1,4,3,2,上饶,ce6ca82c326e584d8d688a7bedd72e06f508088c933485bfbfa222c82aab7fd0,114.81355125,208.9539878823717,IV1;IV2;year_1;Region_1;PMC_BERT
M4,1,4,3,3,东方,ce6ca82c326e584d8d688a7bedd72e06f508088c933485bfbfa222c82aab7fd0,266.2529209872159,268.1073331027868,IV1;IV2;year_1;Region_1;PMC_BERT
M4,1,4,3,21,北海,ce6ca82c326e584d8d688a7bedd72e06f508088c933485bfbfa222c82aab7fd0,318.3245085227273,282.40898335610916,IV1;IV2;year_1;Region_1;PMC_BERT
M4,1,4,3,23,定安,ce6ca82c326e584d8d688a7bedd72e06f508088c933485bfbfa222c82aab7fd0,273.4003661931819,278.0279265742987,IV1;IV2;year_1;Region_1;PMC_BERT
M4,1,4,3,31,深圳,ce6ca82c326e584d8d688a7bedd72e06f508088c933485bfbfa222c82aab7fd0,159.7083409090909,773.0119768912112,IV1;IV2;year_1;Region_1;PMC_BERT
M4,1,4,3,33,澄迈,ce6ca82c326e584d8d688a7bedd72e06f508088c933485bfbfa222c82aab7fd0,647.861484375,290.3972616286776,IV1;IV2;year_1;Region_1;PMC_BERT
M4,1,4,3,36,琼海,ce6ca82c326e584d8d688a7bedd72e06f508088c933485bfbfa222c82aab7fd0,1716.717565054688,278.811411010504,IV1;IV2;year_1;Region_1;PMC_BERT
M4,1,4,3,37,白沙,ce6ca82c326e584d8d688a7bedd72e06f508088c933485bfbfa222c82aab7fd0,192.9951366477273,285.5134540789437,IV1;IV2;year_1;Region_1;PMC_BERT
M4,1,5,4,7,中山,ce6ca82c326e584d8d688a7bedd72e06f508088c933485bfbfa222c82aab7fd0,89.11043759098708,256.427954133091,IV1;IV2;year_1;Region_1;PMC_BERT
M4,1,5,4,10,义乌,ce6ca82c326e584d8d688a7bedd72e06f508088c933485bfbfa222c82aab7fd0,7288.761349396308,399.98960704004645,IV1;IV2;year_1;Region_1;PMC_BERT
M4,1,5,4,14,五指山,ce6ca82c326e584d8d688a7bedd72e06f508088c933485bfbfa222c82aab7fd0,273.4003661931818,296.597009848358,IV1;IV2;year_1;Region_1;PMC_BERT
M4,1,5,4,18,六安,ce6ca82c326e584d8d688a7bedd72e06f508088c933485bfbfa222c82aab7fd0,8.639045028409095,317.93668677385904,IV1;IV2;year_1;Region_1;PMC_BERT
M4,1,5,4,20,北京,ce6ca82c326e584d8d688a7bedd72e06f508088c933485bfbfa222c82aab7fd0,291.2148675426136,390.2161031934579,IV1;IV2;year_1;Region_1;PMC_BERT
M4,1,5,4,22,合肥,ce6ca82c326e584d8d688a7bedd72e06f508088c933485bfbfa222c82aab7fd0,13.19625,266.937737556767,IV1;IV2;year_1;Region_1;PMC_BERT
M4,1,5,4,28,昌江,ce6ca82c326e584d8d688a7bedd72e06f508088c933485bfbfa222c82aab7fd0,268.7138254261364,275.61673389195346,IV1;IV2;year_1;Region_1;PMC_BERT
M4,1,5,4,38,肇庆,ce6ca82c326e584d8d688a7bedd72e06f508088c933485bfbfa222c82aab7fd0,23.03745340909091,267.77135512402856,IV1;IV2;year_1;Region_1;PMC_BERT
M4,2,1,5,0,万宁,ce6ca82c326e584d8d688a7bedd72e06f508088c933485bfbfa222c82aab7fd0,148.9921240384616,328.23340861595585,IV1;IV2;year_1;Region_1;PMC_BERT
M4,2,1,5,4,东莞,ce6ca82c326e584d8d688a7bedd72e06f508088c933485bfbfa222c82aab7fd0,307.5424744318183,327.0915549578873,IV1;IV2;year_1;Region_1;PMC_BERT
M4,2,1,5,10,义乌,ce6ca82c326e584d8d688a7bedd72e06f508088c933485bfbfa222c82aab7fd0,7288.761349396308,296.5120122267536,IV1;IV2;year_1;Region_1;PMC_BERT
M4,2,1,5,12,乐山,ce6ca82c326e584d8d688a7bedd72e06f508088c933485bfbfa222c82aab7fd0,45.02250000000001,275.83814188887646,IV1;IV2;year_1;Region_1;PMC_BERT
M4,2,1,5,18,六安,ce6ca82c326e584d8d688a7bedd72e06f508088c933485bfbfa222c82aab7fd0,8.639045028409095,337.1876470310804,IV1;IV2;year_1;Region_1;PMC_BERT
M4,2,1,5,23,定安,ce6ca82c326e584d8d688a7bedd72e06f508088c933485bfbfa222c82aab7fd0,273.4003661931819,349.04916522782855,IV1;IV2;year_1;Region_1;PMC_BERT
M4,2,1,5,26,惠州,ce6ca82c326e584d8d688a7bedd72e06f508088c933485bfbfa222c82aab7fd0,253.6378448863636,273.1638999553024,IV1;IV2;year_1;Region_1;PMC_BERT
M4,2,1,5,28,昌江,ce6ca82c326e584d8d688a7bedd72e06f508088c933485bfbfa222c82aab7fd0,268.7138254261364,302.5714347027029,IV1;IV2;year_1;Region_1;PMC_BERT
M4,2,1,5,34,珠海,ce6ca82c326e584d8d688a7bedd72e06f508088c933485bfbfa222c82aab7fd0,1511.786079545455,323.2852462124645,IV1;IV2;year_1;Region_1;PMC_BERT
M4,2,2,6,5,东营,ce6ca82c326e584d8d688a7bedd72e06f508088c933485bfbfa222c82aab7fd0,425.3271014204544,259.74496883881056,IV1;IV2;year_1;Region_1;PMC_BERT
M4,2,2,6,9,丽水,ce6ca82c326e584d8d688a7bedd72e06f508088c933485bfbfa222c82aab7fd0,33.76567926136365,277.88271018116507,IV1;IV2;year_1;Region_1;PMC_BERT
M4,2,2,6,15,佛山,ce6ca82c326e584d8d688a7bedd72e06f508088c933485bfbfa222c82aab7fd0,28.38274488636364,395.0513255565543,IV1;IV2;year_1;Region_1;PMC_BERT
M4,2,2,6,21,北海,ce6ca82c326e584d8d688a7bedd72e06f508088c933485bfbfa222c82aab7fd0,318.3245085227273,235.17236336803037,IV1;IV2;year_1;Region_1;PMC_BERT
M4,2,2,6,22,合肥,ce6ca82c326e584d8d688a7bedd72e06f508088c933485bfbfa222c82aab7fd0,13.19625,342.4008706630105,IV1;IV2;year_1;Region_1;PMC_BERT
M4,2,2,6,31,深圳,ce6ca82c326e584d8d688a7bedd72e06f508088c933485bfbfa222c82aab7fd0,159.7083409090909,712.4318791844141,IV1;IV2;year_1;Region_1;PMC_BERT
M4,2,2,6,32,清远,ce6ca82c326e584d8d688a7bedd72e06f508088c933485bfbfa222c82aab7fd0,375.720028409091,248.70420690524017,IV1;IV2;year_1;Region_1;PMC_BERT
M4,2,2,6,36,琼海,ce6ca82c326e584d8d688a7bedd72e06f508088c933485bfbfa222c82aab7fd0,1716.717565054688,289.68997712283715,IV1;IV2;year_1;Region_1;PMC_BERT
M4,2,3,7,2,上饶,ce6ca82c326e584d8d688a7bedd72e06f508088c933485bfbfa222c82aab7fd0,114.81355125,214.7446987449775,IV1;IV2;year_1;Region_1;PMC_BERT
M4,2,3,7,16,信阳,ce6ca82c326e584d8d688a7bedd72e06f508088c933485bfbfa222c82aab7fd0,244.6035494318183,230.20698515508127,IV1;IV2;year_1;Region_1;PMC_BERT
M4,2,3,7,20,北京,ce6ca82c326e584d8d688a7bedd72e06f508088c933485bfbfa222c82aab7fd0,291.2148675426136,627.9262210542647,IV1;IV2;year_1;Region_1;PMC_BERT
M4,2,3,7,29,汕头,ce6ca82c326e584d8d688a7bedd72e06f508088c933485bfbfa222c82aab7fd0,516.6316193181818,254.6400123375344,IV1;IV2;year_1;Region_1;PMC_BERT
M4,2,3,7,33,澄迈,ce6ca82c326e584d8d688a7bedd72e06f508088c933485bfbfa222c82aab7fd0,647.861484375,301.3608700128223,IV1;IV2;year_1;Region_1;PMC_BERT
M4,2,3,7,35,琼中,ce6ca82c326e584d8d688a7bedd72e06f508088c933485bfbfa222c82aab7fd0,1106.44734375,199.23624840667165,IV1;IV2;year_1;Region_1;PMC_BERT
M4,2,3,7,37,白沙,ce6ca82c326e584d8d688a7bedd72e06f508088c933485bfbfa222c82aab7fd0,192.9951366477273,255.41753053476043,IV1;IV2;year_1;Region_1;PMC_BERT
M4,2,3,7,39,陵水,ce6ca82c326e584d8d688a7bedd72e06f508088c933485bfbfa222c82aab7fd0,337.1486134943182,439.78239475565675,IV1;IV2;year_1;Region_1;PMC_BERT
M4,2,4,8,1,上海,ce6ca82c326e584d8d688a7bedd72e06f508088c933485bfbfa222c82aab7fd0,2302.973933396464,368.8598680055143,IV1;IV2;year_1;Region_1;PMC_BERT
M4,2,4,8,6,中卫,ce6ca82c326e584d8d688a7bedd72e06f508088c933485bfbfa222c82aab7fd0,31.05198382826678,383.101612995686,IV1;IV2;year_1;Region_1;PMC_BERT
M4,2,4,8,7,中山,ce6ca82c326e584d8d688a7bedd72e06f508088c933485bfbfa222c82aab7fd0,89.11043759098708,200.49524850811093,IV1;IV2;year_1;Region_1;PMC_BERT
M4,2,4,8,11,乐东,ce6ca82c326e584d8d688a7bedd72e06f508088c933485bfbfa222c82aab7fd0,51.57938057753164,392.5923998892802,IV1;IV2;year_1;Region_1;PMC_BERT
M4,2,4,8,14,五指山,ce6ca82c326e584d8d688a7bedd72e06f508088c933485bfbfa222c82aab7fd0,273.4003661931818,390.2009544931599,IV1;IV2;year_1;Region_1;PMC_BERT
M4,2,4,8,19,兰州,ce6ca82c326e584d8d688a7bedd72e06f508088c933485bfbfa222c82aab7fd0,32.85616429924242,389.529669595956,IV1;IV2;year_1;Region_1;PMC_BERT
M4,2,4,8,27,文昌,ce6ca82c326e584d8d688a7bedd72e06f508088c933485bfbfa222c82aab7fd0,273.4003661931818,502.6664181091886,IV1;IV2;year_1;Region_1;PMC_BERT
M4,2,4,8,30,海口,ce6ca82c326e584d8d688a7bedd72e06f508088c933485bfbfa222c82aab7fd0,339.134276349432,342.79595577189144,IV1;IV2;year_1;Region_1;PMC_BERT
M4,2,5,9,3,东方,ce6ca82c326e584d8d688a7bedd72e06f508088c933485bfbfa222c82aab7fd0,266.2529209872159,361.6687797110117,IV1;IV2;year_1;Region_1;PMC_BERT
M4,2,5,9,8,临高,ce6ca82c326e584d8d688a7bedd72e06f508088c933485bfbfa222c82aab7fd0,83.80276845703128,458.0390955892286,IV1;IV2;year_1;Region_1;PMC_BERT
M4,2,5,9,13,九江,ce6ca82c326e584d8d688a7bedd72e06f508088c933485bfbfa222c82aab7fd0,0.0,296.5761856690105,IV1;IV2;year_1;Region_1;PMC_BERT
M4,2,5,9,17,儋州,ce6ca82c326e584d8d688a7bedd72e06f508088c933485bfbfa222c82aab7fd0,539.7352537592891,458.0588581105354,IV1;IV2;year_1;Region_1;PMC_BERT
M4,2,5,9,24,屯昌,ce6ca82c326e584d8d688a7bedd72e06f508088c933485bfbfa222c82aab7fd0,273.4003661931819,298.05431073323734,IV1;IV2;year_1;Region_1;PMC_BERT
M4,2,5,9,25,广州,ce6ca82c326e584d8d688a7bedd72e06f508088c933485bfbfa222c82aab7fd0,164.1983198863636,508.6259293697341,IV1;IV2;year_1;Region_1;PMC_BERT
M4,2,5,9,38,肇庆,ce6ca82c326e584d8d688a7bedd72e06f508088c933485bfbfa222c82aab7fd0,23.03745340909091,280.9836000490688,IV1;IV2;year_1;Region_1;PMC_BERT
M4,2,5,9,40,韶关,ce6ca82c326e584d8d688a7bedd72e06f508088c933485bfbfa222c82aab7fd0,547.9050852272727,170.18865415182088,IV1;IV2;year_1;Region_1;PMC_BERT
M4,3,1,10,1,上海,ce6ca82c326e584d8d688a7bedd72e06f508088c933485bfbfa222c82aab7fd0,2302.973933396464,421.4875950050467,IV1;IV2;year_1;Region_1;PMC_BERT
M4,3,1,10,3,东方,ce6ca82c326e584d8d688a7bedd72e06f508088c933485bfbfa222c82aab7fd0,266.2529209872159,298.43258113948116,IV1;IV2;year_1;Region_1;PMC_BERT
M4,3,1,10,5,东营,ce6ca82c326e584d8d688a7bedd72e06f508088c933485bfbfa222c82aab7fd0,425.3271014204544,282.73645833907204,IV1;IV2;year_1;Region_1;PMC_BERT
M4,3,1,10,13,九江,ce6ca82c326e584d8d688a7bedd72e06f508088c933485bfbfa222c82aab7fd0,0.0,279.2586565047468,IV1;IV2;year_1;Region_1;PMC_BERT
M4,3,1,10,21,北海,ce6ca82c326e584d8d688a7bedd72e06f508088c933485bfbfa222c82aab7fd0,318.3245085227273,276.28647019289485,IV1;IV2;year_1;Region_1;PMC_BERT
M4,3,1,10,22,合肥,ce6ca82c326e584d8d688a7bedd72e06f508088c933485bfbfa222c82aab7fd0,13.19625,259.8295987022763,IV1;IV2;year_1;Region_1;PMC_BERT
M4,3,1,10,31,深圳,ce6ca82c326e584d8d688a7bedd72e06f508088c933485bfbfa222c82aab7fd0,159.7083409090909,526.9039733164259,IV1;IV2;year_1;Region_1;PMC_BERT
M4,3,1,10,38,肇庆,ce6ca82c326e584d8d688a7bedd72e06f508088c933485bfbfa222c82aab7fd0,23.03745340909091,253.6532173732986,IV1;IV2;year_1;Region_1;PMC_BERT
M4,3,1,10,40,韶关,ce6ca82c326e584d8d688a7bedd72e06f508088c933485bfbfa222c82aab7fd0,547.9050852272727,157.1238843988904,IV1;IV2;year_1;Region_1;PMC_BERT
M4,3,2,11,4,东莞,ce6ca82c326e584d8d688a7bedd72e06f508088c933485bfbfa222c82aab7fd0,307.5424744318183,786.2691195367295,IV1;IV2;year_1;Region_1;PMC_BERT
M4,3,2,11,9,丽水,ce6ca82c326e584d8d688a7bedd72e06f508088c933485bfbfa222c82aab7fd0,33.76567926136365,233.44107958705868,IV1;IV2;year_1;Region_1;PMC_BERT
M4,3,2,11,12,乐山,ce6ca82c326e584d8d688a7bedd72e06f508088c933485bfbfa222c82aab7fd0,45.02250000000001,259.7507838839516,IV1;IV2;year_1;Region_1;PMC_BERT
M4,3,2,11,26,惠州,ce6ca82c326e584d8d688a7bedd72e06f508088c933485bfbfa222c82aab7fd0,253.6378448863636,380.71906815652017,IV1;IV2;year_1;Region_1;PMC_BERT
M4,3,2,11,29,汕头,ce6ca82c326e584d8d688a7bedd72e06f508088c933485bfbfa222c82aab7fd0,516.6316193181818,311.38161398403514,IV1;IV2;year_1;Region_1;PMC_BERT
M4,3,2,11,30,海口,ce6ca82c326e584d8d688a7bedd72e06f508088c933485bfbfa222c82aab7fd0,339.134276349432,460.55392708569616,IV1;IV2;year_1;Region_1;PMC_BERT
M4,3,2,11,33,澄迈,ce6ca82c326e584d8d688a7bedd72e06f508088c933485bfbfa222c82aab7fd0,647.861484375,311.5790983280559,IV1;IV2;year_1;Region_1;PMC_BERT
M4,3,2,11,39,陵水,ce6ca82c326e584d8d688a7bedd72e06f508088c933485bfbfa222c82aab7fd0,337.1486134943182,504.9146238520872,IV1;IV2;year_1;Region_1;PMC_BERT
M4,3,3,12,2,上饶,ce6ca82c326e584d8d688a7bedd72e06f508088c933485bfbfa222c82aab7fd0,114.81355125,221.48301369239962,IV1;IV2;year_1;Region_1;PMC_BERT
M4,3,3,12,10,义乌,ce6ca82c326e584d8d688a7bedd72e06f508088c933485bfbfa222c82aab7fd0,7288.761349396308,255.77580271860361,IV1;IV2;year_1;Region_1;PMC_BERT
M4,3,3,12,16,信阳,ce6ca82c326e584d8d688a7bedd72e06f508088c933485bfbfa222c82aab7fd0,244.6035494318183,278.5735590784887,IV1;IV2;year_1;Region_1;PMC_BERT
M4,3,3,12,18,六安,ce6ca82c326e584d8d688a7bedd72e06f508088c933485bfbfa222c82aab7fd0,8.639045028409095,315.5438806138703,IV1;IV2;year_1;Region_1;PMC_BERT
M4,3,3,12,19,兰州,ce6ca82c326e584d8d688a7bedd72e06f508088c933485bfbfa222c82aab7fd0,32.85616429924242,254.1588075440944,IV1;IV2;year_1;Region_1;PMC_BERT
M4,3,3,12,27,文昌,ce6ca82c326e584d8d688a7bedd72e06f508088c933485bfbfa222c82aab7fd0,273.4003661931818,311.8557243636779,IV1;IV2;year_1;Region_1;PMC_BERT
M4,3,3,12,34,珠海,ce6ca82c326e584d8d688a7bedd72e06f508088c933485bfbfa222c82aab7fd0,1511.786079545455,291.74650770237037,IV1;IV2;year_1;Region_1;PMC_BERT
M4,3,3,12,36,琼海,ce6ca82c326e584d8d688a7bedd72e06f508088c933485bfbfa222c82aab7fd0,1716.717565054688,282.674780792282,IV1;IV2;year_1;Region_1;PMC_BERT
M4,3,4,13,0,万宁,ce6ca82c326e584d8d688a7bedd72e06f508088c933485bfbfa222c82aab7fd0,148.9921240384616,392.9776834774872,IV1;IV2;year_1;Region_1;PMC_BERT
M4,3,4,13,6,中卫,ce6ca82c326e584d8d688a7bedd72e06f508088c933485bfbfa222c82aab7fd0,31.05198382826678,356.1615721862174,IV1;IV2;year_1;Region_1;PMC_BERT
M4,3,4,13,7,中山,ce6ca82c326e584d8d688a7bedd72e06f508088c933485bfbfa222c82aab7fd0,89.11043759098708,200.85606386399886,IV1;IV2;year_1;Region_1;PMC_BERT
M4,3,4,13,8,临高,ce6ca82c326e584d8d688a7bedd72e06f508088c933485bfbfa222c82aab7fd0,83.80276845703128,421.3377938462059,IV1;IV2;year_1;Region_1;PMC_BERT
M4,3,4,13,11,乐东,ce6ca82c326e584d8d688a7bedd72e06f508088c933485bfbfa222c82aab7fd0,51.57938057753164,347.43780158737104,IV1;IV2;year_1;Region_1;PMC_BERT
M4,3,4,13,32,清远,ce6ca82c326e584d8d688a7bedd72e06f508088c933485bfbfa222c82aab7fd0,375.720028409091,288.0694384345393,IV1;IV2;year_1;Region_1;PMC_BERT
M4,3,4,13,35,琼中,ce6ca82c326e584d8d688a7bedd72e06f508088c933485bfbfa222c82aab7fd0,1106.44734375,302.77588680141093,IV1;IV2;year_1;Region_1;PMC_BERT
M4,3,4,13,37,白沙,ce6ca82c326e584d8d688a7bedd72e06f508088c933485bfbfa222c82aab7fd0,192.9951366477273,338.4052586067748,IV1;IV2;year_1;Region_1;PMC_BERT
M4,3,5,14,14,五指山,ce6ca82c326e584d8d688a7bedd72e06f508088c933485bfbfa222c82aab7fd0,273.4003661931818,291.74649799103867,IV1;IV2;year_1;Region_1;PMC_BERT
M4,3,5,14,15,佛山,ce6ca82c326e584d8d688a7bedd72e06f508088c933485bfbfa222c82aab7fd0,28.38274488636364,426.110736113549,IV1;IV2;year_1;Region_1;PMC_BERT
M4,3,5,14,17,儋州,ce6ca82c326e584d8d688a7bedd72e06f508088c933485bfbfa222c82aab7fd0,539.7352537592891,368.8109524914891,IV1;IV2;year_1;Region_1;PMC_BERT
M4,3,5,14,20,北京,ce6ca82c326e584d8d688a7bedd72e06f508088c933485bfbfa222c82aab7fd0,291.2148675426136,785.1142640084132,IV1;IV2;year_1;Region_1;PMC_BERT
M4,3,5,14,23,定安,ce6ca82c326e584d8d688a7bedd72e06f508088c933485bfbfa222c82aab7fd0,273.4003661931819,328.87034103085205,IV1;IV2;year_1;Region_1;PMC_BERT
M4,3,5,14,24,屯昌,ce6ca82c326e584d8d688a7bedd72e06f508088c933485bfbfa222c82aab7fd0,273.4003661931819,266.52638407523904,IV1;IV2;year_1;Region_1;PMC_BERT
M4,3,5,14,25,广州,ce6ca82c326e584d8d688a7bedd72e06f508088c933485bfbfa222c82aab7fd0,164.1983198863636,633.1774992313083,IV1;IV2;year_1;Region_1;PMC_BERT
M4,3,5,14,28,昌江,ce6ca82c326e584d8d688a7bedd72e06f508088c933485bfbfa222c82aab7fd0,268.7138254261364,321.61864917908986,IV1;IV2;year_1;Region_1;PMC_BERT
M4,4,1,15,1,上海,ce6ca82c326e584d8d688a7bedd72e06f508088c933485bfbfa222c82aab7fd0,2302.973933396464,313.66200171949214,IV1;IV2;year_1;Region_1;PMC_BERT
M4,4,1,15,5,东营,ce6ca82c326e584d8d688a7bedd72e06f508088c933485bfbfa222c82aab7fd0,425.3271014204544,269.6409583111537,IV1;IV2;year_1;Region_1;PMC_BERT
M4,4,1,15,7,中山,ce6ca82c326e584d8d688a7bedd72e06f508088c933485bfbfa222c82aab7fd0,89.11043759098708,187.16812323398804,IV1;IV2;year_1;Region_1;PMC_BERT
M4,4,1,15,11,乐东,ce6ca82c326e584d8d688a7bedd72e06f508088c933485bfbfa222c82aab7fd0,51.57938057753164,315.4354590493821,IV1;IV2;year_1;Region_1;PMC_BERT
M4,4,1,15,17,儋州,ce6ca82c326e584d8d688a7bedd72e06f508088c933485bfbfa222c82aab7fd0,539.7352537592891,439.25184271982437,IV1;IV2;year_1;Region_1;PMC_BERT
M4,4,1,15,23,定安,ce6ca82c326e584d8d688a7bedd72e06f508088c933485bfbfa222c82aab7fd0,273.4003661931819,404.2600204789209,IV1;IV2;year_1;Region_1;PMC_BERT
M4,4,1,15,27,文昌,ce6ca82c326e584d8d688a7bedd72e06f508088c933485bfbfa222c82aab7fd0,273.4003661931818,466.3183529110796,IV1;IV2;year_1;Region_1;PMC_BERT
M4,4,1,15,29,汕头,ce6ca82c326e584d8d688a7bedd72e06f508088c933485bfbfa222c82aab7fd0,516.6316193181818,253.04483093218658,IV1;IV2;year_1;Region_1;PMC_BERT
M4,4,1,15,38,肇庆,ce6ca82c326e584d8d688a7bedd72e06f508088c933485bfbfa222c82aab7fd0,23.03745340909091,294.3678723693038,IV1;IV2;year_1;Region_1;PMC_BERT
M4,4,2,16,10,义乌,ce6ca82c326e584d8d688a7bedd72e06f508088c933485bfbfa222c82aab7fd0,7288.761349396308,483.36959106251453,IV1;IV2;year_1;Region_1;PMC_BERT
M4,4,2,16,15,佛山,ce6ca82c326e584d8d688a7bedd72e06f508088c933485bfbfa222c82aab7fd0,28.38274488636364,376.10294266487705,IV1;IV2;year_1;Region_1;PMC_BERT
M4,4,2,16,19,兰州,ce6ca82c326e584d8d688a7bedd72e06f508088c933485bfbfa222c82aab7fd0,32.85616429924242,310.7483615902962,IV1;IV2;year_1;Region_1;PMC_BERT
M4,4,2,16,20,北京,ce6ca82c326e584d8d688a7bedd72e06f508088c933485bfbfa222c82aab7fd0,291.2148675426136,484.1417216634974,IV1;IV2;year_1;Region_1;PMC_BERT
M4,4,2,16,21,北海,ce6ca82c326e584d8d688a7bedd72e06f508088c933485bfbfa222c82aab7fd0,318.3245085227273,212.73679025039223,IV1;IV2;year_1;Region_1;PMC_BERT
M4,4,2,16,24,屯昌,ce6ca82c326e584d8d688a7bedd72e06f508088c933485bfbfa222c82aab7fd0,273.4003661931819,231.71426504703027,IV1;IV2;year_1;Region_1;PMC_BERT
M4,4,2,16,31,深圳,ce6ca82c326e584d8d688a7bedd72e06f508088c933485bfbfa222c82aab7fd0,159.7083409090909,507.71238952399756,IV1;IV2;year_1;Region_1;PMC_BERT
M4,4,2,16,35,琼中,ce6ca82c326e584d8d688a7bedd72e06f508088c933485bfbfa222c82aab7fd0,1106.44734375,210.1802275242933,IV1;IV2;year_1;Region_1;PMC_BERT
M4,4,3,17,3,东方,ce6ca82c326e584d8d688a7bedd72e06f508088c933485bfbfa222c82aab7fd0,266.2529209872159,334.99243328459954,IV1;IV2;year_1;Region_1;PMC_BERT
M4,4,3,17,9,丽水,ce6ca82c326e584d8d688a7bedd72e06f508088c933485bfbfa222c82aab7fd0,33.76567926136365,219.08796660642776,IV1;IV2;year_1;Region_1;PMC_BERT
M4,4,3,17,12,乐山,ce6ca82c326e584d8d688a7bedd72e06f508088c933485bfbfa222c82aab7fd0,45.02250000000001,272.7175599271071,IV1;IV2;year_1;Region_1;PMC_BERT
M4,4,3,17,16,信阳,ce6ca82c326e584d8d688a7bedd72e06f508088c933485bfbfa222c82aab7fd0,244.6035494318183,316.4238495233994,IV1;IV2;year_1;Region_1;PMC_BERT
M4,4,3,17,18,六安,ce6ca82c326e584d8d688a7bedd72e06f508088c933485bfbfa222c82aab7fd0,8.639045028409095,378.21162236421844,IV1;IV2;year_1;Region_1;PMC_BERT
M4,4,3,17,28,昌江,ce6ca82c326e584d8d688a7bedd72e06f508088c933485bfbfa222c82aab7fd0,268.7138254261364,354.64375769415335,IV1;IV2;year_1;Region_1;PMC_BERT
M4,4,3,17,32,清远,ce6ca82c326e584d8d688a7bedd72e06f508088c933485bfbfa222c82aab7fd0,375.720028409091,286.0365395659868,IV1;IV2;year_1;Region_1;PMC_BERT
M4,4,3,17,33,澄迈,ce6ca82c326e584d8d688a7bedd72e06f508088c933485bfbfa222c82aab7fd0,647.861484375,380.16470975096496,IV1;IV2;year_1;Region_1;PMC_BERT
M4,4,4,18,6,中卫,ce6ca82c326e584d8d688a7bedd72e06f508088c933485bfbfa222c82aab7fd0,31.05198382826678,363.2192498060093,IV1;IV2;year_1;Region_1;PMC_BERT
M4,4,4,18,8,临高,ce6ca82c326e584d8d688a7bedd72e06f508088c933485bfbfa222c82aab7fd0,83.80276845703128,449.29869501134374,IV1;IV2;year_1;Region_1;PMC_BERT
M4,4,4,18,14,五指山,ce6ca82c326e584d8d688a7bedd72e06f508088c933485bfbfa222c82aab7fd0,273.4003661931818,342.701777232993,IV1;IV2;year_1;Region_1;PMC_BERT
M4,4,4,18,22,合肥,ce6ca82c326e584d8d688a7bedd72e06f508088c933485bfbfa222c82aab7fd0,13.19625,316.3686201874937,IV1;IV2;year_1;Region_1;PMC_BERT
M4,4,4,18,25,广州,ce6ca82c326e584d8d688a7bedd72e06f508088c933485bfbfa222c82aab7fd0,164.1983198863636,524.5096632221181,IV1;IV2;year_1;Region_1;PMC_BERT
M4,4,4,18,26,惠州,ce6ca82c326e584d8d688a7bedd72e06f508088c933485bfbfa222c82aab7fd0,253.6378448863636,334.43696570549673,IV1;IV2;year_1;Region_1;PMC_BERT
M4,4,4,18,30,海口,ce6ca82c326e584d8d688a7bedd72e06f508088c933485bfbfa222c82aab7fd0,339.134276349432,415.3395411114083,IV1;IV2;year_1;Region_1;PMC_BERT
M4,4,4,18,37,白沙,ce6ca82c326e584d8d688a7bedd72e06f508088c933485bfbfa222c82aab7fd0,192.9951366477273,353.51515041625987,IV1;IV2;year_1;Region_1;PMC_BERT
M4,4,5,19,0,万宁,ce6ca82c326e584d8d688a7bedd72e06f508088c933485bfbfa222c82aab7fd0,148.9921240384616,307.30788877454535,IV1;IV2;year_1;Region_1;PMC_BERT
M4,4,5,19,2,上饶,ce6ca82c326e584d8d688a7bedd72e06f508088c933485bfbfa222c82aab7fd0,114.81355125,184.0203910459825,IV1;IV2;year_1;Region_1;PMC_BERT
M4,4,5,19,4,东莞,ce6ca82c326e584d8d688a7bedd72e06f508088c933485bfbfa222c82aab7fd0,307.5424744318183,535.018253128698,IV1;IV2;year_1;Region_1;PMC_BERT
M4,4,5,19,13,九江,ce6ca82c326e584d8d688a7bedd72e06f508088c933485bfbfa222c82aab7fd0,0.0,302.0650323187955,IV1;IV2;year_1;Region_1;PMC_BERT
M4,4,5,19,34,珠海,ce6ca82c326e584d8d688a7bedd72e06f508088c933485bfbfa222c82aab7fd0,1511.786079545455,527.2133108617015,IV1;IV2;year_1;Region_1;PMC_BERT
M4,4,5,19,36,琼海,ce6ca82c326e584d8d688a7bedd72e06f508088c933485bfbfa222c82aab7fd0,1716.717565054688,283.2535754755776,IV1;IV2;year_1;Region_1;PMC_BERT
M4,4,5,19,39,陵水,ce6ca82c326e584d8d688a7bedd72e06f508088c933485bfbfa222c82aab7fd0,337.1486134943182,368.09996903979106,IV1;IV2;year_1;Region_1;PMC_BERT
M4,4,5,19,40,韶关,ce6ca82c326e584d8d688a7bedd72e06f508088c933485bfbfa222c82aab7fd0,547.9050852272727,162.29273235186756,IV1;IV2;year_1;Region_1;PMC_BERT
M4,5,1,20,1,上海,ce6ca82c326e584d8d688a7bedd72e06f508088c933485bfbfa222c82aab7fd0,2302.973933396464,232.29577094631017,IV1;IV2;year_1;Region_1;PMC_BERT
M4,5,1,20,13,九江,ce6ca82c326e584d8d688a7bedd72e06f508088c933485bfbfa222c82aab7fd0,0.0,303.3989723402036,IV1;IV2;year_1;Region_1;PMC_BERT
M4,5,1,20,16,信阳,ce6ca82c326e584d8d688a7bedd72e06f508088c933485bfbfa222c82aab7fd0,244.6035494318183,272.9948283138864,IV1;IV2;year_1;Region_1;PMC_BERT
M4,5,1,20,17,儋州,ce6ca82c326e584d8d688a7bedd72e06f508088c933485bfbfa222c82aab7fd0,539.7352537592891,357.46782510617237,IV1;IV2;year_1;Region_1;PMC_BERT
M4,5,1,20,18,六安,ce6ca82c326e584d8d688a7bedd72e06f508088c933485bfbfa222c82aab7fd0,8.639045028409095,397.1409200231923,IV1;IV2;year_1;Region_1;PMC_BERT
M4,5,1,20,23,定安,ce6ca82c326e584d8d688a7bedd72e06f508088c933485bfbfa222c82aab7fd0,273.4003661931819,341.1000305837261,IV1;IV2;year_1;Region_1;PMC_BERT
M4,5,1,20,28,昌江,ce6ca82c326e584d8d688a7bedd72e06f508088c933485bfbfa222c82aab7fd0,268.7138254261364,352.1632620485102,IV1;IV2;year_1;Region_1;PMC_BERT
M4,5,1,20,34,珠海,ce6ca82c326e584d8d688a7bedd72e06f508088c933485bfbfa222c82aab7fd0,1511.786079545455,339.1647995813992,IV1;IV2;year_1;Region_1;PMC_BERT
M4,5,1,20,36,琼海,ce6ca82c326e584d8d688a7bedd72e06f508088c933485bfbfa222c82aab7fd0,1716.717565054688,316.1398236984309,IV1;IV2;year_1;Region_1;PMC_BERT
M4,5,2,21,3,东方,ce6ca82c326e584d8d688a7bedd72e06f508088c933485bfbfa222c82aab7fd0,266.2529209872159,339.68678940706405,IV1;IV2;year_1;Region_1;PMC_BERT
M4,5,2,21,11,乐东,ce6ca82c326e584d8d688a7bedd72e06f508088c933485bfbfa222c82aab7fd0,51.57938057753164,322.77907122906714,IV1;IV2;year_1;Region_1;PMC_BERT
M4,5,2,21,14,五指山,ce6ca82c326e584d8d688a7bedd72e06f508088c933485bfbfa222c82aab7fd0,273.4003661931818,315.3796631508669,IV1;IV2;year_1;Region_1;PMC_BERT
M4,5,2,21,15,佛山,ce6ca82c326e584d8d688a7bedd72e06f508088c933485bfbfa222c82aab7fd0,28.38274488636364,498.6475258068116,IV1;IV2;year_1;Region_1;PMC_BERT
M4,5,2,21,20,北京,ce6ca82c326e584d8d688a7bedd72e06f508088c933485bfbfa222c82aab7fd0,291.2148675426136,717.1370294574273,IV1;IV2;year_1;Region_1;PMC_BERT
M4,5,2,21,21,北海,ce6ca82c326e584d8d688a7bedd72e06f508088c933485bfbfa222c82aab7fd0,318.3245085227273,278.133590677444,IV1;IV2;year_1;Region_1;PMC_BERT
M4,5,2,21,22,合肥,ce6ca82c326e584d8d688a7bedd72e06f508088c933485bfbfa222c82aab7fd0,13.19625,343.99369236734526,IV1;IV2;year_1;Region_1;PMC_BERT
M4,5,2,21,35,琼中,ce6ca82c326e584d8d688a7bedd72e06f508088c933485bfbfa222c82aab7fd0,1106.44734375,240.46467341416331,IV1;IV2;year_1;Region_1;PMC_BERT
M4,5,3,22,2,上饶,ce6ca82c326e584d8d688a7bedd72e06f508088c933485bfbfa222c82aab7fd0,114.81355125,190.6338796599481,IV1;IV2;year_1;Region_1;PMC_BERT
M4,5,3,22,4,东莞,ce6ca82c326e584d8d688a7bedd72e06f508088c933485bfbfa222c82aab7fd0,307.5424744318183,905.7143902299928,IV1;IV2;year_1;Region_1;PMC_BERT
M4,5,3,22,6,中卫,ce6ca82c326e584d8d688a7bedd72e06f508088c933485bfbfa222c82aab7fd0,31.05198382826678,333.55337908011074,IV1;IV2;year_1;Region_1;PMC_BERT
M4,5,3,22,7,中山,ce6ca82c326e584d8d688a7bedd72e06f508088c933485bfbfa222c82aab7fd0,89.11043759098708,296.49652851658004,IV1;IV2;year_1;Region_1;PMC_BERT
M4,5,3,22,9,丽水,ce6ca82c326e584d8d688a7bedd72e06f508088c933485bfbfa222c82aab7fd0,33.76567926136365,293.70507461870284,IV1;IV2;year_1;Region_1;PMC_BERT
M4,5,3,22,25,广州,ce6ca82c326e584d8d688a7bedd72e06f508088c933485bfbfa222c82aab7fd0,164.1983198863636,687.451741040233,IV1;IV2;year_1;Region_1;PMC_BERT
M4,5,3,22,31,深圳,ce6ca82c326e584d8d688a7bedd72e06f508088c933485bfbfa222c82aab7fd0,159.7083409090909,899.3517412368356,IV1;IV2;year_1;Region_1;PMC_BERT
M4,5,3,22,40,韶关,ce6ca82c326e584d8d688a7bedd72e06f508088c933485bfbfa222c82aab7fd0,547.9050852272727,193.53404982453728,IV1;IV2;year_1;Region_1;PMC_BERT
M4,5,4,23,0,万宁,ce6ca82c326e584d8d688a7bedd72e06f508088c933485bfbfa222c82aab7fd0,148.9921240384616,412.6774566868589,IV1;IV2;year_1;Region_1;PMC_BERT
M4,5,4,23,8,临高,ce6ca82c326e584d8d688a7bedd72e06f508088c933485bfbfa222c82aab7fd0,83.80276845703128,435.4285060979274,IV1;IV2;year_1;Region_1;PMC_BERT
M4,5,4,23,12,乐山,ce6ca82c326e584d8d688a7bedd72e06f508088c933485bfbfa222c82aab7fd0,45.02250000000001,260.16554146993,IV1;IV2;year_1;Region_1;PMC_BERT
M4,5,4,23,26,惠州,ce6ca82c326e584d8d688a7bedd72e06f508088c933485bfbfa222c82aab7fd0,253.6378448863636,314.46884515984596,IV1;IV2;year_1;Region_1;PMC_BERT
M4,5,4,23,30,海口,ce6ca82c326e584d8d688a7bedd72e06f508088c933485bfbfa222c82aab7fd0,339.134276349432,410.20714749880517,IV1;IV2;year_1;Region_1;PMC_BERT
M4,5,4,23,32,清远,ce6ca82c326e584d8d688a7bedd72e06f508088c933485bfbfa222c82aab7fd0,375.720028409091,271.0738895030021,IV1;IV2;year_1;Region_1;PMC_BERT
M4,5,4,23,33,澄迈,ce6ca82c326e584d8d688a7bedd72e06f508088c933485bfbfa222c82aab7fd0,647.861484375,417.8230880768771,IV1;IV2;year_1;Region_1;PMC_BERT
M4,5,4,23,37,白沙,ce6ca82c326e584d8d688a7bedd72e06f508088c933485bfbfa222c82aab7fd0,192.9951366477273,314.87345711351674,IV1;IV2;year_1;Region_1;PMC_BERT
M4,5,5,24,5,东营,ce6ca82c326e584d8d688a7bedd72e06f508088c933485bfbfa222c82aab7fd0,425.3271014204544,305.6830452161369,IV1;IV2;year_1;Region_1;PMC_BERT
M4,5,5,24,10,义乌,ce6ca82c326e584d8d688a7bedd72e06f508088c933485bfbfa222c82aab7fd0,7288.761349396308,374.4268106917656,IV1;IV2;year_1;Region_1;PMC_BERT
M4,5,5,24,19,兰州,ce6ca82c326e584d8d688a7bedd72e06f508088c933485bfbfa222c82aab7fd0,32.85616429924242,332.37147651995,IV1;IV2;year_1;Region_1;PMC_BERT
M4,5,5,24,24,屯昌,ce6ca82c326e584d8d688a7bedd72e06f508088c933485bfbfa222c82aab7fd0,273.4003661931819,291.15032336324083,IV1;IV2;year_1;Region_1;PMC_BERT
M4,5,5,24,27,文昌,ce6ca82c326e584d8d688a7bedd72e06f508088c933485bfbfa222c82aab7fd0,273.4003661931818,368.75818865613405,IV1;IV2;year_1;Region_1;PMC_BERT
M4,5,5,24,29,汕头,ce6ca82c326e584d8d688a7bedd72e06f508088c933485bfbfa222c82aab7fd0,516.6316193181818,292.6022758336569,IV1;IV2;year_1;Region_1;PMC_BERT
M4,5,5,24,38,肇庆,ce6ca82c326e584d8d688a7bedd72e06f508088c933485bfbfa222c82aab7fd0,23.03745340909091,253.69460424215438,IV1;IV2;year_1;Region_1;PMC_BERT
M4,5,5,24,39,陵水,ce6ca82c326e584d8d688a7bedd72e06f508088c933485bfbfa222c82aab7fd0,337.1486134943182,345.45216487540813,IV1;IV2;year_1;Region_1;PMC_BERT
M4,6,1,25,6,中卫,ce6ca82c326e584d8d688a7bedd72e06f508088c933485bfbfa222c82aab7fd0,31.05198382826678,334.08867921604747,IV1;IV2;year_1;Region_1;PMC_BERT
M4,6,1,25,7,中山,ce6ca82c326e584d8d688a7bedd72e06f508088c933485bfbfa222c82aab7fd0,89.11043759098708,302.08283479520355,IV1;IV2;year_1;Region_1;PMC_BERT
M4,6,1,25,9,丽水,ce6ca82c326e584d8d688a7bedd72e06f508088c933485bfbfa222c82aab7fd0,33.76567926136365,300.5716894141365,IV1;IV2;year_1;Region_1;PMC_BERT
M4,6,1,25,12,乐山,ce6ca82c326e584d8d688a7bedd72e06f508088c933485bfbfa222c82aab7fd0,45.02250000000001,274.3249413805917,IV1;IV2;year_1;Region_1;PMC_BERT
M4,6,1,25,13,九江,ce6ca82c326e584d8d688a7bedd72e06f508088c933485bfbfa222c82aab7fd0,0.0,359.6599884002975,IV1;IV2;year_1;Region_1;PMC_BERT
M4,6,1,25,17,儋州,ce6ca82c326e584d8d688a7bedd72e06f508088c933485bfbfa222c82aab7fd0,539.7352537592891,341.14779854804823,IV1;IV2;year_1;Region_1;PMC_BERT
M4,6,1,25,23,定安,ce6ca82c326e584d8d688a7bedd72e06f508088c933485bfbfa222c82aab7fd0,273.4003661931819,353.6350739943779,IV1;IV2;year_1;Region_1;PMC_BERT
M4,6,1,25,29,汕头,ce6ca82c326e584d8d688a7bedd72e06f508088c933485bfbfa222c82aab7fd0,516.6316193181818,368.13619388541167,IV1;IV2;year_1;Region_1;PMC_BERT
M4,6,1,25,39,陵水,ce6ca82c326e584d8d688a7bedd72e06f508088c933485bfbfa222c82aab7fd0,337.1486134943182,439.90795938053117,IV1;IV2;year_1;Region_1;PMC_BERT
M4,6,2,26,8,临高,ce6ca82c326e584d8d688a7bedd72e06f508088c933485bfbfa222c82aab7fd0,83.80276845703128,439.29393132806985,IV1;IV2;year_1;Region_1;PMC_BERT
M4,6,2,26,14,五指山,ce6ca82c326e584d8d688a7bedd72e06f508088c933485bfbfa222c82aab7fd0,273.4003661931818,339.04230735828156,IV1;IV2;year_1;Region_1;PMC_BERT
M4,6,2,26,15,佛山,ce6ca82c326e584d8d688a7bedd72e06f508088c933485bfbfa222c82aab7fd0,28.38274488636364,401.65274405173756,IV1;IV2;year_1;Region_1;PMC_BERT
M4,6,2,26,19,兰州,ce6ca82c326e584d8d688a7bedd72e06f508088c933485bfbfa222c82aab7fd0,32.85616429924242,384.01897731923515,IV1;IV2;year_1;Region_1;PMC_BERT
M4,6,2,26,21,北海,ce6ca82c326e584d8d688a7bedd72e06f508088c933485bfbfa222c82aab7fd0,318.3245085227273,276.62181033490424,IV1;IV2;year_1;Region_1;PMC_BERT
M4,6,2,26,26,惠州,ce6ca82c326e584d8d688a7bedd72e06f508088c933485bfbfa222c82aab7fd0,253.6378448863636,337.0954224254372,IV1;IV2;year_1;Region_1;PMC_BERT
M4,6,2,26,30,海口,ce6ca82c326e584d8d688a7bedd72e06f508088c933485bfbfa222c82aab7fd0,339.134276349432,396.1057344226297,IV1;IV2;year_1;Region_1;PMC_BERT
M4,6,2,26,34,珠海,ce6ca82c326e584d8d688a7bedd72e06f508088c933485bfbfa222c82aab7fd0,1511.786079545455,563.3716718872466,IV1;IV2;year_1;Region_1;PMC_BERT
M4,6,3,27,3,东方,ce6ca82c326e584d8d688a7bedd72e06f508088c933485bfbfa222c82aab7fd0,266.2529209872159,299.3187914832064,IV1;IV2;year_1;Region_1;PMC_BERT
M4,6,3,27,4,东莞,ce6ca82c326e584d8d688a7bedd72e06f508088c933485bfbfa222c82aab7fd0,307.5424744318183,428.8064315578365,IV1;IV2;year_1;Region_1;PMC_BERT
M4,6,3,27,5,东营,ce6ca82c326e584d8d688a7bedd72e06f508088c933485bfbfa222c82aab7fd0,425.3271014204544,283.11554470111855,IV1;IV2;year_1;Region_1;PMC_BERT
M4,6,3,27,10,义乌,ce6ca82c326e584d8d688a7bedd72e06f508088c933485bfbfa222c82aab7fd0,7288.761349396308,377.2007049207558,IV1;IV2;year_1;Region_1;PMC_BERT
M4,6,3,27,24,屯昌,ce6ca82c326e584d8d688a7bedd72e06f508088c933485bfbfa222c82aab7fd0,273.4003661931819,274.968738200209,IV1;IV2;year_1;Region_1;PMC_BERT
M4,6,3,27,28,昌江,ce6ca82c326e584d8d688a7bedd72e06f508088c933485bfbfa222c82aab7fd0,268.7138254261364,215.6773006843806,IV1;IV2;year_1;Region_1;PMC_BERT
M4,6,3,27,33,澄迈,ce6ca82c326e584d8d688a7bedd72e06f508088c933485bfbfa222c82aab7fd0,647.861484375,287.14285688285906,IV1;IV2;year_1;Region_1;PMC_BERT
M4,6,3,27,37,白沙,ce6ca82c326e584d8d688a7bedd72e06f508088c933485bfbfa222c82aab7fd0,192.9951366477273,291.19390359549226,IV1;IV2;year_1;Region_1;PMC_BERT
M4,6,4,28,0,万宁,ce6ca82c326e584d8d688a7bedd72e06f508088c933485bfbfa222c82aab7fd0,148.9921240384616,429.1039344537747,IV1;IV2;year_1;Region_1;PMC_BERT
M4,6,4,28,11,乐东,ce6ca82c326e584d8d688a7bedd72e06f508088c933485bfbfa222c82aab7fd0,51.57938057753164,298.76176495174565,IV1;IV2;year_1;Region_1;PMC_BERT
M4,6,4,28,18,六安,ce6ca82c326e584d8d688a7bedd72e06f508088c933485bfbfa222c82aab7fd0,8.639045028409095,366.30262786747744,IV1;IV2;year_1;Region_1;PMC_BERT
M4,6,4,28,20,北京,ce6ca82c326e584d8d688a7bedd72e06f508088c933485bfbfa222c82aab7fd0,291.2148675426136,899.4687449139994,IV1;IV2;year_1;Region_1;PMC_BERT
M4,6,4,28,25,广州,ce6ca82c326e584d8d688a7bedd72e06f508088c933485bfbfa222c82aab7fd0,164.1983198863636,678.7415114405477,IV1;IV2;year_1;Region_1;PMC_BERT
M4,6,4,28,31,深圳,ce6ca82c326e584d8d688a7bedd72e06f508088c933485bfbfa222c82aab7fd0,159.7083409090909,917.2221268203576,IV1;IV2;year_1;Region_1;PMC_BERT
M4,6,4,28,32,清远,ce6ca82c326e584d8d688a7bedd72e06f508088c933485bfbfa222c82aab7fd0,375.720028409091,308.2651241324768,IV1;IV2;year_1;Region_1;PMC_BERT
M4,6,4,28,35,琼中,ce6ca82c326e584d8d688a7bedd72e06f508088c933485bfbfa222c82aab7fd0,1106.44734375,256.55813742939796,IV1;IV2;year_1;Region_1;PMC_BERT
M4,6,5,29,1,上海,ce6ca82c326e584d8d688a7bedd72e06f508088c933485bfbfa222c82aab7fd0,2302.973933396464,348.173186904174,IV1;IV2;year_1;Region_1;PMC_BERT
M4,6,5,29,2,上饶,ce6ca82c326e584d8d688a7bedd72e06f508088c933485bfbfa222c82aab7fd0,114.81355125,228.6292295994754,IV1;IV2;year_1;Region_1;PMC_BERT
M4,6,5,29,16,信阳,ce6ca82c326e584d8d688a7bedd72e06f508088c933485bfbfa222c82aab7fd0,244.6035494318183,261.628771613254,IV1;IV2;year_1;Region_1;PMC_BERT
M4,6,5,29,22,合肥,ce6ca82c326e584d8d688a7bedd72e06f508088c933485bfbfa222c82aab7fd0,13.19625,207.55231554402923,IV1;IV2;year_1;Region_1;PMC_BERT
M4,6,5,29,27,文昌,ce6ca82c326e584d8d688a7bedd72e06f508088c933485bfbfa222c82aab7fd0,273.4003661931818,391.9601056993825,IV1;IV2;year_1;Region_1;PMC_BERT
M4,6,5,29,36,琼海,ce6ca82c326e584d8d688a7bedd72e06f508088c933485bfbfa222c82aab7fd0,1716.717565054688,322.0987151685806,IV1;IV2;year_1;Region_1;PMC_BERT
M4,6,5,29,38,肇庆,ce6ca82c326e584d8d688a7bedd72e06f508088c933485bfbfa222c82aab7fd0,23.03745340909091,233.51819426723148,IV1;IV2;year_1;Region_1;PMC_BERT
M4,6,5,29,40,韶关,ce6ca82c326e584d8d688a7bedd72e06f508088c933485bfbfa222c82aab7fd0,547.9050852272727,158.73291395138483,IV1;IV2;year_1;Region_1;PMC_BERT
M4,7,1,30,3,东方,ce6ca82c326e584d8d688a7bedd72e06f508088c933485bfbfa222c82aab7fd0,266.2529209872159,282.1704968556132,IV1;IV2;year_1;Region_1;PMC_BERT
M4,7,1,30,5,东营,ce6ca82c326e584d8d688a7bedd72e06f508088c933485bfbfa222c82aab7fd0,425.3271014204544,254.0316218236282,IV1;IV2;year_1;Region_1;PMC_BERT
M4,7,1,30,7,中山,ce6ca82c326e584d8d688a7bedd72e06f508088c933485bfbfa222c82aab7fd0,89.11043759098708,230.2407252088389,IV1;IV2;year_1;Region_1;PMC_BERT
M4,7,1,30,13,九江,ce6ca82c326e584d8d688a7bedd72e06f508088c933485bfbfa222c82aab7fd0,0.0,329.5267993489842,IV1;IV2;year_1;Region_1;PMC_BERT
M4,7,1,30,20,北京,ce6ca82c326e584d8d688a7bedd72e06f508088c933485bfbfa222c82aab7fd0,291.2148675426136,599.2123906075434,IV1;IV2;year_1;Region_1;PMC_BERT
M4,7,1,30,28,昌江,ce6ca82c326e584d8d688a7bedd72e06f508088c933485bfbfa222c82aab7fd0,268.7138254261364,254.50610017057815,IV1;IV2;year_1;Region_1;PMC_BERT
M4,7,1,30,29,汕头,ce6ca82c326e584d8d688a7bedd72e06f508088c933485bfbfa222c82aab7fd0,516.6316193181818,310.69453525597805,IV1;IV2;year_1;Region_1;PMC_BERT
M4,7,1,30,36,琼海,ce6ca82c326e584d8d688a7bedd72e06f508088c933485bfbfa222c82aab7fd0,1716.717565054688,302.05530154981375,IV1;IV2;year_1;Region_1;PMC_BERT
M4,7,1,30,40,韶关,ce6ca82c326e584d8d688a7bedd72e06f508088c933485bfbfa222c82aab7fd0,547.9050852272727,138.97188877286297,IV1;IV2;year_1;Region_1;PMC_BERT
M4,7,2,31,4,东莞,ce6ca82c326e584d8d688a7bedd72e06f508088c933485bfbfa222c82aab7fd0,307.5424744318183,776.0446905614288,IV1;IV2;year_1;Region_1;PMC_BERT
M4,7,2,31,8,临高,ce6ca82c326e584d8d688a7bedd72e06f508088c933485bfbfa222c82aab7fd0,83.80276845703128,411.0598170666077,IV1;IV2;year_1;Region_1;PMC_BERT
M4,7,2,31,12,乐山,ce6ca82c326e584d8d688a7bedd72e06f508088c933485bfbfa222c82aab7fd0,45.02250000000001,273.4897818081125,IV1;IV2;year_1;Region_1;PMC_BERT
M4,7,2,31,14,五指山,ce6ca82c326e584d8d688a7bedd72e06f508088c933485bfbfa222c82aab7fd0,273.4003661931818,353.46815866534035,IV1;IV2;year_1;Region_1;PMC_BERT
M4,7,2,31,21,北海,ce6ca82c326e584d8d688a7bedd72e06f508088c933485bfbfa222c82aab7fd0,318.3245085227273,299.32432201205734,IV1;IV2;year_1;Region_1;PMC_BERT
M4,7,2,31,25,广州,ce6ca82c326e584d8d688a7bedd72e06f508088c933485bfbfa222c82aab7fd0,164.1983198863636,546.8355066290013,IV1;IV2;year_1;Region_1;PMC_BERT
M4,7,2,31,26,惠州,ce6ca82c326e584d8d688a7bedd72e06f508088c933485bfbfa222c82aab7fd0,253.6378448863636,348.3522109601972,IV1;IV2;year_1;Region_1;PMC_BERT
M4,7,2,31,33,澄迈,ce6ca82c326e584d8d688a7bedd72e06f508088c933485bfbfa222c82aab7fd0,647.861484375,400.42569457775045,IV1;IV2;year_1;Region_1;PMC_BERT
M4,7,3,32,1,上海,ce6ca82c326e584d8d688a7bedd72e06f508088c933485bfbfa222c82aab7fd0,2302.973933396464,300.1124526302617,IV1;IV2;year_1;Region_1;PMC_BERT
M4,7,3,32,11,乐东,ce6ca82c326e584d8d688a7bedd72e06f508088c933485bfbfa222c82aab7fd0,51.57938057753164,337.10750576315576,IV1;IV2;year_1;Region_1;PMC_BERT
M4,7,3,32,15,佛山,ce6ca82c326e584d8d688a7bedd72e06f508088c933485bfbfa222c82aab7fd0,28.38274488636364,315.82692289227384,IV1;IV2;year_1;Region_1;PMC_BERT
M4,7,3,32,16,信阳,ce6ca82c326e584d8d688a7bedd72e06f508088c933485bfbfa222c82aab7fd0,244.6035494318183,304.14560188984564,IV1;IV2;year_1;Region_1;PMC_BERT
M4,7,3,32,23,定安,ce6ca82c326e584d8d688a7bedd72e06f508088c933485bfbfa222c82aab7fd0,273.4003661931819,368.6223601586304,IV1;IV2;year_1;Region_1;PMC_BERT
M4,7,3,32,30,海口,ce6ca82c326e584d8d688a7bedd72e06f508088c933485bfbfa222c82aab7fd0,339.134276349432,357.5440760931603,IV1;IV2;year_1;Region_1;PMC_BERT
M4,7,3,32,34,珠海,ce6ca82c326e584d8d688a7bedd72e06f508088c933485bfbfa222c82aab7fd0,1511.786079545455,383.00302690509164,IV1;IV2;year_1;Region_1;PMC_BERT
M4,7,3,32,39,陵水,ce6ca82c326e584d8d688a7bedd72e06f508088c933485bfbfa222c82aab7fd0,337.1486134943182,387.28300430871064,IV1;IV2;year_1;Region_1;PMC_BERT
M4,7,4,33,2,上饶,ce6ca82c326e584d8d688a7bedd72e06f508088c933485bfbfa222c82aab7fd0,114.81355125,316.8870517716457,IV1;IV2;year_1;Region_1;PMC_BERT
M4,7,4,33,9,丽水,ce6ca82c326e584d8d688a7bedd72e06f508088c933485bfbfa222c82aab7fd0,33.76567926136365,296.4625636753382,IV1;IV2;year_1;Region_1;PMC_BERT
M4,7,4,33,22,合肥,ce6ca82c326e584d8d688a7bedd72e06f508088c933485bfbfa222c82aab7fd0,13.19625,331.4148928466253,IV1;IV2;year_1;Region_1;PMC_BERT
M4,7,4,33,24,屯昌,ce6ca82c326e584d8d688a7bedd72e06f508088c933485bfbfa222c82aab7fd0,273.4003661931819,251.72222575359297,IV1;IV2;year_1;Region_1;PMC_BERT
M4,7,4,33,27,文昌,ce6ca82c326e584d8d688a7bedd72e06f508088c933485bfbfa222c82aab7fd0,273.4003661931818,391.0265147914286,IV1;IV2;year_1;Region_1;PMC_BERT
M4,7,4,33,35,琼中,ce6ca82c326e584d8d688a7bedd72e06f508088c933485bfbfa222c82aab7fd0,1106.44734375,244.1719675903266,IV1;IV2;year_1;Region_1;PMC_BERT
M4,7,4,33,37,白沙,ce6ca82c326e584d8d688a7bedd72e06f508088c933485bfbfa222c82aab7fd0,192.9951366477273,326.74143537367314,IV1;IV2;year_1;Region_1;PMC_BERT
M4,7,4,33,38,肇庆,ce6ca82c326e584d8d688a7bedd72e06f508088c933485bfbfa222c82aab7fd0,23.03745340909091,387.4843854726089,IV1;IV2;year_1;Region_1;PMC_BERT
M4,7,5,34,0,万宁,ce6ca82c326e584d8d688a7bedd72e06f508088c933485bfbfa222c82aab7fd0,148.9921240384616,402.62621456876144,IV1;IV2;year_1;Region_1;PMC_BERT
M4,7,5,34,6,中卫,ce6ca82c326e584d8d688a7bedd72e06f508088c933485bfbfa222c82aab7fd0,31.05198382826678,354.23673915286525,IV1;IV2;year_1;Region_1;PMC_BERT
M4,7,5,34,10,义乌,ce6ca82c326e584d8d688a7bedd72e06f508088c933485bfbfa222c82aab7fd0,7288.761349396308,414.7642540103027,IV1;IV2;year_1;Region_1;PMC_BERT
M4,7,5,34,17,儋州,ce6ca82c326e584d8d688a7bedd72e06f508088c933485bfbfa222c82aab7fd0,539.7352537592891,375.789892965501,IV1;IV2;year_1;Region_1;PMC_BERT
M4,7,5,34,18,六安,ce6ca82c326e584d8d688a7bedd72e06f508088c933485bfbfa222c82aab7fd0,8.639045028409095,318.14810184700576,IV1;IV2;year_1;Region_1;PMC_BERT
M4,7,5,34,19,兰州,ce6ca82c326e584d8d688a7bedd72e06f508088c933485bfbfa222c82aab7fd0,32.85616429924242,275.8891417168508,IV1;IV2;year_1;Region_1;PMC_BERT
M4,7,5,34,31,深圳,ce6ca82c326e584d8d688a7bedd72e06f508088c933485bfbfa222c82aab7fd0,159.7083409090909,464.94613349537286,IV1;IV2;year_1;Region_1;PMC_BERT
M4,7,5,34,32,清远,ce6ca82c326e584d8d688a7bedd72e06f508088c933485bfbfa222c82aab7fd0,375.720028409091,295.98068467180696,IV1;IV2;year_1;Region_1;PMC_BERT
M4,8,1,35,4,东莞,ce6ca82c326e584d8d688a7bedd72e06f508088c933485bfbfa222c82aab7fd0,307.5424744318183,706.4044120238977,IV1;IV2;year_1;Region_1;PMC_BERT
M4,8,1,35,9,丽水,ce6ca82c326e584d8d688a7bedd72e06f508088c933485bfbfa222c82aab7fd0,33.76567926136365,230.1409848270909,IV1;IV2;year_1;Region_1;PMC_BERT
M4,8,1,35,12,乐山,ce6ca82c326e584d8d688a7bedd72e06f508088c933485bfbfa222c82aab7fd0,45.02250000000001,243.73186049952298,IV1;IV2;year_1;Region_1;PMC_BERT
M4,8,1,35,16,信阳,ce6ca82c326e584d8d688a7bedd72e06f508088c933485bfbfa222c82aab7fd0,244.6035494318183,297.56730002697304,IV1;IV2;year_1;Region_1;PMC_BERT
M4,8,1,35,27,文昌,ce6ca82c326e584d8d688a7bedd72e06f508088c933485bfbfa222c82aab7fd0,273.4003661931818,437.91619315735073,IV1;IV2;year_1;Region_1;PMC_BERT
M4,8,1,35,29,汕头,ce6ca82c326e584d8d688a7bedd72e06f508088c933485bfbfa222c82aab7fd0,516.6316193181818,299.27720960854776,IV1;IV2;year_1;Region_1;PMC_BERT
M4,8,1,35,33,澄迈,ce6ca82c326e584d8d688a7bedd72e06f508088c933485bfbfa222c82aab7fd0,647.861484375,387.5774622626171,IV1;IV2;year_1;Region_1;PMC_BERT
M4,8,1,35,38,肇庆,ce6ca82c326e584d8d688a7bedd72e06f508088c933485bfbfa222c82aab7fd0,23.03745340909091,285.1292996819389,IV1;IV2;year_1;Region_1;PMC_BERT
M4,8,1,35,40,韶关,ce6ca82c326e584d8d688a7bedd72e06f508088c933485bfbfa222c82aab7fd0,547.9050852272727,191.55115207995485,IV1;IV2;year_1;Region_1;PMC_BERT
M4,8,2,36,5,东营,ce6ca82c326e584d8d688a7bedd72e06f508088c933485bfbfa222c82aab7fd0,425.3271014204544,361.87488753595056,IV1;IV2;year_1;Region_1;PMC_BERT
M4,8,2,36,6,中卫,ce6ca82c326e584d8d688a7bedd72e06f508088c933485bfbfa222c82aab7fd0,31.05198382826678,369.89981666276566,IV1;IV2;year_1;Region_1;PMC_BERT
M4,8,2,36,10,义乌,ce6ca82c326e584d8d688a7bedd72e06f508088c933485bfbfa222c82aab7fd0,7288.761349396308,371.0791472019157,IV1;IV2;year_1;Region_1;PMC_BERT
M4,8,2,36,11,乐东,ce6ca82c326e584d8d688a7bedd72e06f508088c933485bfbfa222c82aab7fd0,51.57938057753164,370.8342084647952,IV1;IV2;year_1;Region_1;PMC_BERT
M4,8,2,36,14,五指山,ce6ca82c326e584d8d688a7bedd72e06f508088c933485bfbfa222c82aab7fd0,273.4003661931818,369.2025006111675,IV1;IV2;year_1;Region_1;PMC_BERT
M4,8,2,36,18,六安,ce6ca82c326e584d8d688a7bedd72e06f508088c933485bfbfa222c82aab7fd0,8.639045028409095,320.6545908967128,IV1;IV2;year_1;Region_1;PMC_BERT
M4,8,2,36,20,北京,ce6ca82c326e584d8d688a7bedd72e06f508088c933485bfbfa222c82aab7fd0,291.2148675426136,386.7227758356643,IV1;IV2;year_1;Region_1;PMC_BERT
M4,8,2,36,26,惠州,ce6ca82c326e584d8d688a7bedd72e06f508088c933485bfbfa222c82aab7fd0,253.6378448863636,284.64083466087214,IV1;IV2;year_1;Region_1;PMC_BERT
M4,8,3,37,0,万宁,ce6ca82c326e584d8d688a7bedd72e06f508088c933485bfbfa222c82aab7fd0,148.9921240384616,509.5386673747897,IV1;IV2;year_1;Region_1;PMC_BERT
M4,8,3,37,3,东方,ce6ca82c326e584d8d688a7bedd72e06f508088c933485bfbfa222c82aab7fd0,266.2529209872159,372.1113710221314,IV1;IV2;year_1;Region_1;PMC_BERT
M4,8,3,37,7,中山,ce6ca82c326e584d8d688a7bedd72e06f508088c933485bfbfa222c82aab7fd0,89.11043759098708,306.90688657669045,IV1;IV2;year_1;Region_1;PMC_BERT
M4,8,3,37,8,临高,ce6ca82c326e584d8d688a7bedd72e06f508088c933485bfbfa222c82aab7fd0,83.80276845703128,460.40990136586817,IV1;IV2;year_1;Region_1;PMC_BERT
M4,8,3,37,22,合肥,ce6ca82c326e584d8d688a7bedd72e06f508088c933485bfbfa222c82aab7fd0,13.19625,369.8536464708808,IV1;IV2;year_1;Region_1;PMC_BERT
M4,8,3,37,23,定安,ce6ca82c326e584d8d688a7bedd72e06f508088c933485bfbfa222c82aab7fd0,273.4003661931819,377.6255389155767,IV1;IV2;year_1;Region_1;PMC_BERT
M4,8,3,37,25,广州,ce6ca82c326e584d8d688a7bedd72e06f508088c933485bfbfa222c82aab7fd0,164.1983198863636,547.7411150859773,IV1;IV2;year_1;Region_1;PMC_BERT
M4,8,3,37,30,海口,ce6ca82c326e584d8d688a7bedd72e06f508088c933485bfbfa222c82aab7fd0,339.134276349432,444.89022445992396,IV1;IV2;year_1;Region_1;PMC_BERT
M4,8,4,38,1,上海,ce6ca82c326e584d8d688a7bedd72e06f508088c933485bfbfa222c82aab7fd0,2302.973933396464,441.48320214137186,IV1;IV2;year_1;Region_1;PMC_BERT
M4,8,4,38,2,上饶,ce6ca82c326e584d8d688a7bedd72e06f508088c933485bfbfa222c82aab7fd0,114.81355125,227.47033239471503,IV1;IV2;year_1;Region_1;PMC_BERT
M4,8,4,38,13,九江,ce6ca82c326e584d8d688a7bedd72e06f508088c933485bfbfa222c82aab7fd0,0.0,304.37024761127196,IV1;IV2;year_1;Region_1;PMC_BERT
M4,8,4,38,15,佛山,ce6ca82c326e584d8d688a7bedd72e06f508088c933485bfbfa222c82aab7fd0,28.38274488636364,398.69716725374155,IV1;IV2;year_1;Region_1;PMC_BERT
M4,8,4,38,17,儋州,ce6ca82c326e584d8d688a7bedd72e06f508088c933485bfbfa222c82aab7fd0,539.7352537592891,340.529647849628,IV1;IV2;year_1;Region_1;PMC_BERT
M4,8,4,38,21,北海,ce6ca82c326e584d8d688a7bedd72e06f508088c933485bfbfa222c82aab7fd0,318.3245085227273,310.73896082055506,IV1;IV2;year_1;Region_1;PMC_BERT
M4,8,4,38,31,深圳,ce6ca82c326e584d8d688a7bedd72e06f508088c933485bfbfa222c82aab7fd0,159.7083409090909,581.8609724429701,IV1;IV2;year_1;Region_1;PMC_BERT
M4,8,4,38,32,清远,ce6ca82c326e584d8d688a7bedd72e06f508088c933485bfbfa222c82aab7fd0,375.720028409091,286.9113026561053,IV1;IV2;year_1;Region_1;PMC_BERT
M4,8,5,39,19,兰州,ce6ca82c326e584d8d688a7bedd72e06f508088c933485bfbfa222c82aab7fd0,32.85616429924242,271.65500672155383,IV1;IV2;year_1;Region_1;PMC_BERT
M4,8,5,39,24,屯昌,ce6ca82c326e584d8d688a7bedd72e06f508088c933485bfbfa222c82aab7fd0,273.4003661931819,237.63415442529652,IV1;IV2;year_1;Region_1;PMC_BERT
M4,8,5,39,28,昌江,ce6ca82c326e584d8d688a7bedd72e06f508088c933485bfbfa222c82aab7fd0,268.7138254261364,296.63736523820364,IV1;IV2;year_1;Region_1;PMC_BERT
M4,8,5,39,34,珠海,ce6ca82c326e584d8d688a7bedd72e06f508088c933485bfbfa222c82aab7fd0,1511.786079545455,502.8459303047712,IV1;IV2;year_1;Region_1;PMC_BERT
M4,8,5,39,35,琼中,ce6ca82c326e584d8d688a7bedd72e06f508088c933485bfbfa222c82aab7fd0,1106.44734375,210.00716982224236,IV1;IV2;year_1;Region_1;PMC_BERT
M4,8,5,39,36,琼海,ce6ca82c326e584d8d688a7bedd72e06f508088c933485bfbfa222c82aab7fd0,1716.717565054688,334.5596558304731,IV1;IV2;year_1;Region_1;PMC_BERT
M4,8,5,39,37,白沙,ce6ca82c326e584d8d688a7bedd72e06f508088c933485bfbfa222c82aab7fd0,192.9951366477273,279.45383867568046,IV1;IV2;year_1;Region_1;PMC_BERT
M4,8,5,39,39,陵水,ce6ca82c326e584d8d688a7bedd72e06f508088c933485bfbfa222c82aab7fd0,337.1486134943182,325.69909357363184,IV1;IV2;year_1;Region_1;PMC_BERT
M4,9,1,40,1,上海,ce6ca82c326e584d8d688a7bedd72e06f508088c933485bfbfa222c82aab7fd0,2302.973933396464,201.76262627560067,IV1;IV2;year_1;Region_1;PMC_BERT
M4,9,1,40,6,中卫,ce6ca82c326e584d8d688a7bedd72e06f508088c933485bfbfa222c82aab7fd0,31.05198382826678,336.900726695912,IV1;IV2;year_1;Region_1;PMC_BERT
M4,9,1,40,7,中山,ce6ca82c326e584d8d688a7bedd72e06f508088c933485bfbfa222c82aab7fd0,89.11043759098708,156.3370367861236,IV1;IV2;year_1;Region_1;PMC_BERT
M4,9,1,40,9,丽水,ce6ca82c326e584d8d688a7bedd72e06f508088c933485bfbfa222c82aab7fd0,33.76567926136365,190.76396830324077,IV1;IV2;year_1;Region_1;PMC_BERT
M4,9,1,40,10,义乌,ce6ca82c326e584d8d688a7bedd72e06f508088c933485bfbfa222c82aab7fd0,7288.761349396308,200.3042157728031,IV1;IV2;year_1;Region_1;PMC_BERT
M4,9,1,40,12,乐山,ce6ca82c326e584d8d688a7bedd72e06f508088c933485bfbfa222c82aab7fd0,45.02250000000001,235.40294790743081,IV1;IV2;year_1;Region_1;PMC_BERT
M4,9,1,40,21,北海,ce6ca82c326e584d8d688a7bedd72e06f508088c933485bfbfa222c82aab7fd0,318.3245085227273,235.79748445823378,IV1;IV2;year_1;Region_1;PMC_BERT
M4,9,1,40,30,海口,ce6ca82c326e584d8d688a7bedd72e06f508088c933485bfbfa222c82aab7fd0,339.134276349432,238.60389548808246,IV1;IV2;year_1;Region_1;PMC_BERT
M4,9,1,40,36,琼海,ce6ca82c326e584d8d688a7bedd72e06f508088c933485bfbfa222c82aab7fd0,1716.717565054688,250.07611594618825,IV1;IV2;year_1;Region_1;PMC_BERT
M4,9,2,41,0,万宁,ce6ca82c326e584d8d688a7bedd72e06f508088c933485bfbfa222c82aab7fd0,148.9921240384616,455.7153940858922,IV1;IV2;year_1;Region_1;PMC_BERT
M4,9,2,41,14,五指山,ce6ca82c326e584d8d688a7bedd72e06f508088c933485bfbfa222c82aab7fd0,273.4003661931818,352.09880698195394,IV1;IV2;year_1;Region_1;PMC_BERT
M4,9,2,41,17,儋州,ce6ca82c326e584d8d688a7bedd72e06f508088c933485bfbfa222c82aab7fd0,539.7352537592891,408.2579981961177,IV1;IV2;year_1;Region_1;PMC_BERT
M4,9,2,41,19,兰州,ce6ca82c326e584d8d688a7bedd72e06f508088c933485bfbfa222c82aab7fd0,32.85616429924242,379.5073492011484,IV1;IV2;year_1;Region_1;PMC_BERT
M4,9,2,41,22,合肥,ce6ca82c326e584d8d688a7bedd72e06f508088c933485bfbfa222c82aab7fd0,13.19625,335.01921386270106,IV1;IV2;year_1;Region_1;PMC_BERT
M4,9,2,41,23,定安,ce6ca82c326e584d8d688a7bedd72e06f508088c933485bfbfa222c82aab7fd0,273.4003661931819,368.11851371219734,IV1;IV2;year_1;Region_1;PMC_BERT
M4,9,2,41,24,屯昌,ce6ca82c326e584d8d688a7bedd72e06f508088c933485bfbfa222c82aab7fd0,273.4003661931819,310.49578123535485,IV1;IV2;year_1;Region_1;PMC_BERT
M4,9,2,41,31,深圳,ce6ca82c326e584d8d688a7bedd72e06f508088c933485bfbfa222c82aab7fd0,159.7083409090909,718.3538909922426,IV1;IV2;year_1;Region_1;PMC_BERT
M4,9,3,42,5,东营,ce6ca82c326e584d8d688a7bedd72e06f508088c933485bfbfa222c82aab7fd0,425.3271014204544,340.68883505193116,IV1;IV2;year_1;Region_1;PMC_BERT
M4,9,3,42,8,临高,ce6ca82c326e584d8d688a7bedd72e06f508088c933485bfbfa222c82aab7fd0,83.80276845703128,489.2908097809203,IV1;IV2;year_1;Region_1;PMC_BERT
M4,9,3,42,11,乐东,ce6ca82c326e584d8d688a7bedd72e06f508088c933485bfbfa222c82aab7fd0,51.57938057753164,335.1250610172409,IV1;IV2;year_1;Region_1;PMC_BERT
M4,9,3,42,13,九江,ce6ca82c326e584d8d688a7bedd72e06f508088c933485bfbfa222c82aab7fd0,0.0,299.54008459573083,IV1;IV2;year_1;Region_1;PMC_BERT
M4,9,3,42,25,广州,ce6ca82c326e584d8d688a7bedd72e06f508088c933485bfbfa222c82aab7fd0,164.1983198863636,521.7611570012476,IV1;IV2;year_1;Region_1;PMC_BERT
M4,9,3,42,37,白沙,ce6ca82c326e584d8d688a7bedd72e06f508088c933485bfbfa222c82aab7fd0,192.9951366477273,327.99731897448737,IV1;IV2;year_1;Region_1;PMC_BERT
M4,9,3,42,38,肇庆,ce6ca82c326e584d8d688a7bedd72e06f508088c933485bfbfa222c82aab7fd0,23.03745340909091,340.52307234064256,IV1;IV2;year_1;Region_1;PMC_BERT
M4,9,3,42,39,陵水,ce6ca82c326e584d8d688a7bedd72e06f508088c933485bfbfa222c82aab7fd0,337.1486134943182,450.18089275941054,IV1;IV2;year_1;Region_1;PMC_BERT
M4,9,4,43,2,上饶,ce6ca82c326e584d8d688a7bedd72e06f508088c933485bfbfa222c82aab7fd0,114.81355125,289.00517090298047,IV1;IV2;year_1;Region_1;PMC_BERT
M4,9,4,43,3,东方,ce6ca82c326e584d8d688a7bedd72e06f508088c933485bfbfa222c82aab7fd0,266.2529209872159,292.61571299053065,IV1;IV2;year_1;Region_1;PMC_BERT
M4,9,4,43,4,东莞,ce6ca82c326e584d8d688a7bedd72e06f508088c933485bfbfa222c82aab7fd0,307.5424744318183,555.5927121710566,IV1;IV2;year_1;Region_1;PMC_BERT
M4,9,4,43,15,佛山,ce6ca82c326e584d8d688a7bedd72e06f508088c933485bfbfa222c82aab7fd0,28.38274488636364,402.3341344660025,IV1;IV2;year_1;Region_1;PMC_BERT
M4,9,4,43,16,信阳,ce6ca82c326e584d8d688a7bedd72e06f508088c933485bfbfa222c82aab7fd0,244.6035494318183,275.2790432385767,IV1;IV2;year_1;Region_1;PMC_BERT
M4,9,4,43,18,六安,ce6ca82c326e584d8d688a7bedd72e06f508088c933485bfbfa222c82aab7fd0,8.639045028409095,431.389041180463,IV1;IV2;year_1;Region_1;PMC_BERT
M4,9,4,43,28,昌江,ce6ca82c326e584d8d688a7bedd72e06f508088c933485bfbfa222c82aab7fd0,268.7138254261364,372.02770673717936,IV1;IV2;year_1;Region_1;PMC_BERT
M4,9,4,43,34,珠海,ce6ca82c326e584d8d688a7bedd72e06f508088c933485bfbfa222c82aab7fd0,1511.786079545455,557.4754635022433,IV1;IV2;year_1;Region_1;PMC_BERT
M4,9,5,44,20,北京,ce6ca82c326e584d8d688a7bedd72e06f508088c933485bfbfa222c82aab7fd0,291.2148675426136,619.480107576819,IV1;IV2;year_1;Region_1;PMC_BERT
M4,9,5,44,26,惠州,ce6ca82c326e584d8d688a7bedd72e06f508088c933485bfbfa222c82aab7fd0,253.6378448863636,303.0257898397792,IV1;IV2;year_1;Region_1;PMC_BERT
M4,9,5,44,27,文昌,ce6ca82c326e584d8d688a7bedd72e06f508088c933485bfbfa222c82aab7fd0,273.4003661931818,333.05757769410377,IV1;IV2;year_1;Region_1;PMC_BERT
M4,9,5,44,29,汕头,ce6ca82c326e584d8d688a7bedd72e06f508088c933485bfbfa222c82aab7fd0,516.6316193181818,245.76375197899503,IV1;IV2;year_1;Region_1;PMC_BERT
M4,9,5,44,32,清远,ce6ca82c326e584d8d688a7bedd72e06f508088c933485bfbfa222c82aab7fd0,375.720028409091,196.58562490599988,IV1;IV2;year_1;Region_1;PMC_BERT
M4,9,5,44,33,澄迈,ce6ca82c326e584d8d688a7bedd72e06f508088c933485bfbfa222c82aab7fd0,647.861484375,313.0965705079702,IV1;IV2;year_1;Region_1;PMC_BERT
M4,9,5,44,35,琼中,ce6ca82c326e584d8d688a7bedd72e06f508088c933485bfbfa222c82aab7fd0,1106.44734375,205.5900686296391,IV1;IV2;year_1;Region_1;PMC_BERT
M4,9,5,44,40,韶关,ce6ca82c326e584d8d688a7bedd72e06f508088c933485bfbfa222c82aab7fd0,547.9050852272727,134.8133326015954,IV1;IV2;year_1;Region_1;PMC_BERT
M4,10,1,45,4,东莞,ce6ca82c326e584d8d688a7bedd72e06f508088c933485bfbfa222c82aab7fd0,307.5424744318183,699.8691714682161,IV1;IV2;year_1;Region_1;PMC_BERT
M4,10,1,45,5,东营,ce6ca82c326e584d8d688a7bedd72e06f508088c933485bfbfa222c82aab7fd0,425.3271014204544,245.4540927546023,IV1;IV2;year_1;Region_1;PMC_BERT
M4,10,1,45,13,九江,ce6ca82c326e584d8d688a7bedd72e06f508088c933485bfbfa222c82aab7fd0,0.0,258.19947416478374,IV1;IV2;year_1;Region_1;PMC_BERT
M4,10,1,45,14,五指山,ce6ca82c326e584d8d688a7bedd72e06f508088c933485bfbfa222c82aab7fd0,273.4003661931818,261.61992905074044,IV1;IV2;year_1;Region_1;PMC_BERT
M4,10,1,45,24,屯昌,ce6ca82c326e584d8d688a7bedd72e06f508088c933485bfbfa222c82aab7fd0,273.4003661931819,228.61622357873318,IV1;IV2;year_1;Region_1;PMC_BERT
M4,10,1,45,27,文昌,ce6ca82c326e584d8d688a7bedd72e06f508088c933485bfbfa222c82aab7fd0,273.4003661931818,342.86891431776905,IV1;IV2;year_1;Region_1;PMC_BERT
M4,10,1,45,30,海口,ce6ca82c326e584d8d688a7bedd72e06f508088c933485bfbfa222c82aab7fd0,339.134276349432,449.25046496715265,IV1;IV2;year_1;Region_1;PMC_BERT
M4,10,1,45,33,澄迈,ce6ca82c326e584d8d688a7bedd72e06f508088c933485bfbfa222c82aab7fd0,647.861484375,330.4933091069418,IV1;IV2;year_1;Region_1;PMC_BERT
M4,10,1,45,35,琼中,ce6ca82c326e584d8d688a7bedd72e06f508088c933485bfbfa222c82aab7fd0,1106.44734375,215.51528873243728,IV1;IV2;year_1;Region_1;PMC_BERT
M4,10,2,46,11,乐东,ce6ca82c326e584d8d688a7bedd72e06f508088c933485bfbfa222c82aab7fd0,51.57938057753164,313.53991672545556,IV1;IV2;year_1;Region_1;PMC_BERT
M4,10,2,46,18,六安,ce6ca82c326e584d8d688a7bedd72e06f508088c933485bfbfa222c82aab7fd0,8.639045028409095,425.2697095890555,IV1;IV2;year_1;Region_1;PMC_BERT
M4,10,2,46,19,兰州,ce6ca82c326e584d8d688a7bedd72e06f508088c933485bfbfa222c82aab7fd0,32.85616429924242,395.9180099112494,IV1;IV2;year_1;Region_1;PMC_BERT
M4,10,2,46,20,北京,ce6ca82c326e584d8d688a7bedd72e06f508088c933485bfbfa222c82aab7fd0,291.2148675426136,683.8056586492543,IV1;IV2;year_1;Region_1;PMC_BERT
M4,10,2,46,28,昌江,ce6ca82c326e584d8d688a7bedd72e06f508088c933485bfbfa222c82aab7fd0,268.7138254261364,383.2933462190143,IV1;IV2;year_1;Region_1;PMC_BERT
M4,10,2,46,29,汕头,ce6ca82c326e584d8d688a7bedd72e06f508088c933485bfbfa222c82aab7fd0,516.6316193181818,314.8673709372701,IV1;IV2;year_1;Region_1;PMC_BERT
M4,10,2,46,32,清远,ce6ca82c326e584d8d688a7bedd72e06f508088c933485bfbfa222c82aab7fd0,375.720028409091,252.46336237858927,IV1;IV2;year_1;Region_1;PMC_BERT
M4,10,2,46,37,白沙,ce6ca82c326e584d8d688a7bedd72e06f508088c933485bfbfa222c82aab7fd0,192.9951366477273,308.89017634926824,IV1;IV2;year_1;Region_1;PMC_BERT
M4,10,3,47,3,东方,ce6ca82c326e584d8d688a7bedd72e06f508088c933485bfbfa222c82aab7fd0,266.2529209872159,339.54856545919534,IV1;IV2;year_1;Region_1;PMC_BERT
M4,10,3,47,6,中卫,ce6ca82c326e584d8d688a7bedd72e06f508088c933485bfbfa222c82aab7fd0,31.05198382826678,332.7428537819643,IV1;IV2;year_1;Region_1;PMC_BERT
M4,10,3,47,9,丽水,ce6ca82c326e584d8d688a7bedd72e06f508088c933485bfbfa222c82aab7fd0,33.76567926136365,260.33534388725803,IV1;IV2;year_1;Region_1;PMC_BERT
M4,10,3,47,12,乐山,ce6ca82c326e584d8d688a7bedd72e06f508088c933485bfbfa222c82aab7fd0,45.02250000000001,292.21280519391934,IV1;IV2;year_1;Region_1;PMC_BERT
M4,10,3,47,15,佛山,ce6ca82c326e584d8d688a7bedd72e06f508088c933485bfbfa222c82aab7fd0,28.38274488636364,375.8610672637377,IV1;IV2;year_1;Region_1;PMC_BERT
M4,10,3,47,17,儋州,ce6ca82c326e584d8d688a7bedd72e06f508088c933485bfbfa222c82aab7fd0,539.7352537592891,384.9516381128855,IV1;IV2;year_1;Region_1;PMC_BERT
M4,10,3,47,38,肇庆,ce6ca82c326e584d8d688a7bedd72e06f508088c933485bfbfa222c82aab7fd0,23.03745340909091,325.61515670782796,IV1;IV2;year_1;Region_1;PMC_BERT
M4,10,3,47,40,韶关,ce6ca82c326e584d8d688a7bedd72e06f508088c933485bfbfa222c82aab7fd0,547.9050852272727,242.8548480247214,IV1;IV2;year_1;Region_1;PMC_BERT
M4,10,4,48,0,万宁,ce6ca82c326e584d8d688a7bedd72e06f508088c933485bfbfa222c82aab7fd0,148.9921240384616,312.94273620166854,IV1;IV2;year_1;Region_1;PMC_BERT
M4,10,4,48,7,中山,ce6ca82c326e584d8d688a7bedd72e06f508088c933485bfbfa222c82aab7fd0,89.11043759098708,178.88886040569133,IV1;IV2;year_1;Region_1;PMC_BERT
M4,10,4,48,8,临高,ce6ca82c326e584d8d688a7bedd72e06f508088c933485bfbfa222c82aab7fd0,83.80276845703128,338.5484169068013,IV1;IV2;year_1;Region_1;PMC_BERT
M4,10,4,48,10,义乌,ce6ca82c326e584d8d688a7bedd72e06f508088c933485bfbfa222c82aab7fd0,7288.761349396308,232.36757177545968,IV1;IV2;year_1;Region_1;PMC_BERT
M4,10,4,48,16,信阳,ce6ca82c326e584d8d688a7bedd72e06f508088c933485bfbfa222c82aab7fd0,244.6035494318183,289.59155491375907,IV1;IV2;year_1;Region_1;PMC_BERT
M4,10,4,48,25,广州,ce6ca82c326e584d8d688a7bedd72e06f508088c933485bfbfa222c82aab7fd0,164.1983198863636,190.03801626263106,IV1;IV2;year_1;Region_1;PMC_BERT
M4,10,4,48,34,珠海,ce6ca82c326e584d8d688a7bedd72e06f508088c933485bfbfa222c82aab7fd0,1511.786079545455,305.3795233338724,IV1;IV2;year_1;Region_1;PMC_BERT
M4,10,4,48,36,琼海,ce6ca82c326e584d8d688a7bedd72e06f508088c933485bfbfa222c82aab7fd0,1716.717565054688,265.85705595221924,IV1;IV2;year_1;Region_1;PMC_BERT
M4,10,5,49,1,上海,ce6ca82c326e584d8d688a7bedd72e06f508088c933485bfbfa222c82aab7fd0,2302.973933396464,449.13722435697076,IV1;IV2;year_1;Region_1;PMC_BERT
M4,10,5,49,2,上饶,ce6ca82c326e584d8d688a7bedd72e06f508088c933485bfbfa222c82aab7fd0,114.81355125,248.53966818405277,IV1;IV2;year_1;Region_1;PMC_BERT
M4,10,5,49,21,北海,ce6ca82c326e584d8d688a7bedd72e06f508088c933485bfbfa222c82aab7fd0,318.3245085227273,324.9359657021244,IV1;IV2;year_1;Region_1;PMC_BERT
M4,10,5,49,22,合肥,ce6ca82c326e584d8d688a7bedd72e06f508088c933485bfbfa222c82aab7fd0,13.19625,269.1857256912782,IV1;IV2;year_1;Region_1;PMC_BERT
M4,10,5,49,23,定安,ce6ca82c326e584d8d688a7bedd72e06f508088c933485bfbfa222c82aab7fd0,273.4003661931819,378.0470054722371,IV1;IV2;year_1;Region_1;PMC_BERT
M4,10,5,49,26,惠州,ce6ca82c326e584d8d688a7bedd72e06f508088c933485bfbfa222c82aab7fd0,253.6378448863636,357.9856850191091,IV1;IV2;year_1;Region_1;PMC_BERT
M4,10,5,49,31,深圳,ce6ca82c326e584d8d688a7bedd72e06f508088c933485bfbfa222c82aab7fd0,159.7083409090909,584.1849657736374,IV1;IV2;year_1;Region_1;PMC_BERT
M4,10,5,49,39,陵水,ce6ca82c326e584d8d688a7bedd72e06f508088c933485bfbfa222c82aab7fd0,337.1486134943182,482.6949950872179,IV1;IV2;year_1;Region_1;PMC_BERT
M4,11,1,50,6,中卫,ce6ca82c326e584d8d688a7bedd72e06f508088c933485bfbfa222c82aab7fd0,31.05198382826678,346.6431153354117,IV1;IV2;year_1;Region_1;PMC_BERT
M4,11,1,50,10,义乌,ce6ca82c326e584d8d688a7bedd72e06f508088c933485bfbfa222c82aab7fd0,7288.761349396308,418.0551593674846,IV1;IV2;year_1;Region_1;PMC_BERT
M4,11,1,50,23,定安,ce6ca82c326e584d8d688a7bedd72e06f508088c933485bfbfa222c82aab7fd0,273.4003661931819,303.61313142701675,IV1;IV2;year_1;Region_1;PMC_BERT
M4,11,1,50,24,屯昌,ce6ca82c326e584d8d688a7bedd72e06f508088c933485bfbfa222c82aab7fd0,273.4003661931819,246.65052487019614,IV1;IV2;year_1;Region_1;PMC_BERT
M4,11,1,50,25,广州,ce6ca82c326e584d8d688a7bedd72e06f508088c933485bfbfa222c82aab7fd0,164.1983198863636,286.01300766717327,IV1;IV2;year_1;Region_1;PMC_BERT
M4,11,1,50,27,文昌,ce6ca82c326e584d8d688a7bedd72e06f508088c933485bfbfa222c82aab7fd0,273.4003661931818,325.725679175931,IV1;IV2;year_1;Region_1;PMC_BERT
M4,11,1,50,28,昌江,ce6ca82c326e584d8d688a7bedd72e06f508088c933485bfbfa222c82aab7fd0,268.7138254261364,241.6930889336646,IV1;IV2;year_1;Region_1;PMC_BERT
M4,11,1,50,31,深圳,ce6ca82c326e584d8d688a7bedd72e06f508088c933485bfbfa222c82aab7fd0,159.7083409090909,463.819247622633,IV1;IV2;year_1;Region_1;PMC_BERT
M4,11,1,50,35,琼中,ce6ca82c326e584d8d688a7bedd72e06f508088c933485bfbfa222c82aab7fd0,1106.44734375,247.3035698837641,IV1;IV2;year_1;Region_1;PMC_BERT
M4,11,2,51,0,万宁,ce6ca82c326e584d8d688a7bedd72e06f508088c933485bfbfa222c82aab7fd0,148.9921240384616,484.3492908472185,IV1;IV2;year_1;Region_1;PMC_BERT
M4,11,2,51,1,上海,ce6ca82c326e584d8d688a7bedd72e06f508088c933485bfbfa222c82aab7fd0,2302.973933396464,383.5855161143007,IV1;IV2;year_1;Region_1;PMC_BERT
M4,11,2,51,8,临高,ce6ca82c326e584d8d688a7bedd72e06f508088c933485bfbfa222c82aab7fd0,83.80276845703128,487.75103054041404,IV1;IV2;year_1;Region_1;PMC_BERT
M4,11,2,51,11,乐东,ce6ca82c326e584d8d688a7bedd72e06f508088c933485bfbfa222c82aab7fd0,51.57938057753164,373.85787490194343,IV1;IV2;year_1;Region_1;PMC_BERT
M4,11,2,51,13,九江,ce6ca82c326e584d8d688a7bedd72e06f508088c933485bfbfa222c82aab7fd0,0.0,311.4634600540258,IV1;IV2;year_1;Region_1;PMC_BERT
M4,11,2,51,20,北京,ce6ca82c326e584d8d688a7bedd72e06f508088c933485bfbfa222c82aab7fd0,291.2148675426136,506.77152957506644,IV1;IV2;year_1;Region_1;PMC_BERT
M4,11,2,51,26,惠州,ce6ca82c326e584d8d688a7bedd72e06f508088c933485bfbfa222c82aab7fd0,253.6378448863636,327.5862591320972,IV1;IV2;year_1;Region_1;PMC_BERT
M4,11,2,51,39,陵水,ce6ca82c326e584d8d688a7bedd72e06f508088c933485bfbfa222c82aab7fd0,337.1486134943182,468.012250448589,IV1;IV2;year_1;Region_1;PMC_BERT
M4,11,3,52,9,丽水,ce6ca82c326e584d8d688a7bedd72e06f508088c933485bfbfa222c82aab7fd0,33.76567926136365,236.23027863785478,IV1;IV2;year_1;Region_1;PMC_BERT
M4,11,3,52,15,佛山,ce6ca82c326e584d8d688a7bedd72e06f508088c933485bfbfa222c82aab7fd0,28.38274488636364,424.0785359073558,IV1;IV2;year_1;Region_1;PMC_BERT
M4,11,3,52,16,信阳,ce6ca82c326e584d8d688a7bedd72e06f508088c933485bfbfa222c82aab7fd0,244.6035494318183,264.9438919495988,IV1;IV2;year_1;Region_1;PMC_BERT
M4,11,3,52,17,儋州,ce6ca82c326e584d8d688a7bedd72e06f508088c933485bfbfa222c82aab7fd0,539.7352537592891,318.9781019181782,IV1;IV2;year_1;Region_1;PMC_BERT
M4,11,3,52,18,六安,ce6ca82c326e584d8d688a7bedd72e06f508088c933485bfbfa222c82aab7fd0,8.639045028409095,351.1809073513022,IV1;IV2;year_1;Region_1;PMC_BERT
M4,11,3,52,29,汕头,ce6ca82c326e584d8d688a7bedd72e06f508088c933485bfbfa222c82aab7fd0,516.6316193181818,290.4275542236738,IV1;IV2;year_1;Region_1;PMC_BERT
M4,11,3,52,30,海口,ce6ca82c326e584d8d688a7bedd72e06f508088c933485bfbfa222c82aab7fd0,339.134276349432,465.86248611345496,IV1;IV2;year_1;Region_1;PMC_BERT
M4,11,3,52,33,澄迈,ce6ca82c326e584d8d688a7bedd72e06f508088c933485bfbfa222c82aab7fd0,647.861484375,325.28139313074325,IV1;IV2;year_1;Region_1;PMC_BERT
M4,11,4,53,2,上饶,ce6ca82c326e584d8d688a7bedd72e06f508088c933485bfbfa222c82aab7fd0,114.81355125,347.46382296796236,IV1;IV2;year_1;Region_1;PMC_BERT
M4,11,4,53,3,东方,ce6ca82c326e584d8d688a7bedd72e06f508088c933485bfbfa222c82aab7fd0,266.2529209872159,303.25595957588564,IV1;IV2;year_1;Region_1;PMC_BERT
M4,11,4,53,12,乐山,ce6ca82c326e584d8d688a7bedd72e06f508088c933485bfbfa222c82aab7fd0,45.02250000000001,313.3950046966658,IV1;IV2;year_1;Region_1;PMC_BERT
M4,11,4,53,19,兰州,ce6ca82c326e584d8d688a7bedd72e06f508088c933485bfbfa222c82aab7fd0,32.85616429924242,414.31195955997606,IV1;IV2;year_1;Region_1;PMC_BERT
M4,11,4,53,22,合肥,ce6ca82c326e584d8d688a7bedd72e06f508088c933485bfbfa222c82aab7fd0,13.19625,289.25320237626033,IV1;IV2;year_1;Region_1;PMC_BERT
M4,11,4,53,34,珠海,ce6ca82c326e584d8d688a7bedd72e06f508088c933485bfbfa222c82aab7fd0,1511.786079545455,487.14324023753267,IV1;IV2;year_1;Region_1;PMC_BERT
M4,11,4,53,37,白沙,ce6ca82c326e584d8d688a7bedd72e06f508088c933485bfbfa222c82aab7fd0,192.9951366477273,338.92465098893354,IV1;IV2;year_1;Region_1;PMC_BERT
M4,11,4,53,38,肇庆,ce6ca82c326e584d8d688a7bedd72e06f508088c933485bfbfa222c82aab7fd0,23.03745340909091,420.5657139651659,IV1;IV2;year_1;Region_1;PMC_BERT
M4,11,5,54,4,东莞,ce6ca82c326e584d8d688a7bedd72e06f508088c933485bfbfa222c82aab7fd0,307.5424744318183,681.5357224595182,IV1;IV2;year_1;Region_1;PMC_BERT
M4,11,5,54,5,东营,ce6ca82c326e584d8d688a7bedd72e06f508088c933485bfbfa222c82aab7fd0,425.3271014204544,234.83680713315522,IV1;IV2;year_1;Region_1;PMC_BERT
M4,11,5,54,7,中山,ce6ca82c326e584d8d688a7bedd72e06f508088c933485bfbfa222c82aab7fd0,89.11043759098708,162.829874343685,IV1;IV2;year_1;Region_1;PMC_BERT
M4,11,5,54,14,五指山,ce6ca82c326e584d8d688a7bedd72e06f508088c933485bfbfa222c82aab7fd0,273.4003661931818,278.3911326226989,IV1;IV2;year_1;Region_1;PMC_BERT
M4,11,5,54,21,北海,ce6ca82c326e584d8d688a7bedd72e06f508088c933485bfbfa222c82aab7fd0,318.3245085227273,180.59223566809285,IV1;IV2;year_1;Region_1;PMC_BERT
M4,11,5,54,32,清远,ce6ca82c326e584d8d688a7bedd72e06f508088c933485bfbfa222c82aab7fd0,375.720028409091,202.94526898934973,IV1;IV2;year_1;Region_1;PMC_BERT
M4,11,5,54,36,琼海,ce6ca82c326e584d8d688a7bedd72e06f508088c933485bfbfa222c82aab7fd0,1716.717565054688,278.57635602217493,IV1;IV2;year_1;Region_1;PMC_BERT
M4,11,5,54,40,韶关,ce6ca82c326e584d8d688a7bedd72e06f508088c933485bfbfa222c82aab7fd0,547.9050852272727,128.84847963061668,IV1;IV2;year_1;Region_1;PMC_BERT
M4,12,1,55,7,中山,ce6ca82c326e584d8d688a7bedd72e06f508088c933485bfbfa222c82aab7fd0,89.11043759098708,171.7817857636725,IV1;IV2;year_1;Region_1;PMC_BERT
M4,12,1,55,8,临高,ce6ca82c326e584d8d688a7bedd72e06f508088c933485bfbfa222c82aab7fd0,83.80276845703128,319.2501715209344,IV1;IV2;year_1;Region_1;PMC_BERT
M4,12,1,55,10,义乌,ce6ca82c326e584d8d688a7bedd72e06f508088c933485bfbfa222c82aab7fd0,7288.761349396308,350.7745999133478,IV1;IV2;year_1;Region_1;PMC_BERT
M4,12,1,55,12,乐山,ce6ca82c326e584d8d688a7bedd72e06f508088c933485bfbfa222c82aab7fd0,45.02250000000001,250.1731673760734,IV1;IV2;year_1;Region_1;PMC_BERT
M4,12,1,55,17,儋州,ce6ca82c326e584d8d688a7bedd72e06f508088c933485bfbfa222c82aab7fd0,539.7352537592891,318.861887666763,IV1;IV2;year_1;Region_1;PMC_BERT
M4,12,1,55,23,定安,ce6ca82c326e584d8d688a7bedd72e06f508088c933485bfbfa222c82aab7fd0,273.4003661931819,287.8923186631217,IV1;IV2;year_1;Region_1;PMC_BERT
M4,12,1,55,26,惠州,ce6ca82c326e584d8d688a7bedd72e06f508088c933485bfbfa222c82aab7fd0,253.6378448863636,280.5003344737283,IV1;IV2;year_1;Region_1;PMC_BERT
M4,12,1,55,33,澄迈,ce6ca82c326e584d8d688a7bedd72e06f508088c933485bfbfa222c82aab7fd0,647.861484375,311.05387621035146,IV1;IV2;year_1;Region_1;PMC_BERT
M4,12,1,55,37,白沙,ce6ca82c326e584d8d688a7bedd72e06f508088c933485bfbfa222c82aab7fd0,192.9951366477273,324.35993342611386,IV1;IV2;year_1;Region_1;PMC_BERT
M4,12,2,56,1,上海,ce6ca82c326e584d8d688a7bedd72e06f508088c933485bfbfa222c82aab7fd0,2302.973933396464,353.943663461579,IV1;IV2;year_1;Region_1;PMC_BERT
M4,12,2,56,5,东营,ce6ca82c326e584d8d688a7bedd72e06f508088c933485bfbfa222c82aab7fd0,425.3271014204544,264.3999637263615,IV1;IV2;year_1;Region_1;PMC_BERT
M4,12,2,56,9,丽水,ce6ca82c326e584d8d688a7bedd72e06f508088c933485bfbfa222c82aab7fd0,33.76567926136365,178.9221563125208,IV1;IV2;year_1;Region_1;PMC_BERT
M4,12,2,56,18,六安,ce6ca82c326e584d8d688a7bedd72e06f508088c933485bfbfa222c82aab7fd0,8.639045028409095,378.14907270273426,IV1;IV2;year_1;Region_1;PMC_BERT
M4,12,2,56,24,屯昌,ce6ca82c326e584d8d688a7bedd72e06f508088c933485bfbfa222c82aab7fd0,273.4003661931819,231.8797138843822,IV1;IV2;year_1;Region_1;PMC_BERT
M4,12,2,56,30,海口,ce6ca82c326e584d8d688a7bedd72e06f508088c933485bfbfa222c82aab7fd0,339.134276349432,383.65203515875646,IV1;IV2;year_1;Region_1;PMC_BERT
M4,12,2,56,32,清远,ce6ca82c326e584d8d688a7bedd72e06f508088c933485bfbfa222c82aab7fd0,375.720028409091,237.1902044629357,IV1;IV2;year_1;Region_1;PMC_BERT
M4,12,2,56,35,琼中,ce6ca82c326e584d8d688a7bedd72e06f508088c933485bfbfa222c82aab7fd0,1106.44734375,228.15875562192787,IV1;IV2;year_1;Region_1;PMC_BERT
M4,12,3,57,0,万宁,ce6ca82c326e584d8d688a7bedd72e06f508088c933485bfbfa222c82aab7fd0,148.9921240384616,315.2797353518815,IV1;IV2;year_1;Region_1;PMC_BERT
M4,12,3,57,3,东方,ce6ca82c326e584d8d688a7bedd72e06f508088c933485bfbfa222c82aab7fd0,266.2529209872159,288.84485977972747,IV1;IV2;year_1;Region_1;PMC_BERT
M4,12,3,57,6,中卫,ce6ca82c326e584d8d688a7bedd72e06f508088c933485bfbfa222c82aab7fd0,31.05198382826678,308.1835032857053,IV1;IV2;year_1;Region_1;PMC_BERT
M4,12,3,57,20,北京,ce6ca82c326e584d8d688a7bedd72e06f508088c933485bfbfa222c82aab7fd0,291.2148675426136,493.44306739214505,IV1;IV2;year_1;Region_1;PMC_BERT
M4,12,3,57,22,合肥,ce6ca82c326e584d8d688a7bedd72e06f508088c933485bfbfa222c82aab7fd0,13.19625,222.5430118802197,IV1;IV2;year_1;Region_1;PMC_BERT
M4,12,3,57,29,汕头,ce6ca82c326e584d8d688a7bedd72e06f508088c933485bfbfa222c82aab7fd0,516.6316193181818,275.4432089918318,IV1;IV2;year_1;Region_1;PMC_BERT
M4,12,3,57,34,珠海,ce6ca82c326e584d8d688a7bedd72e06f508088c933485bfbfa222c82aab7fd0,1511.786079545455,514.1141069467667,IV1;IV2;year_1;Region_1;PMC_BERT
M4,12,3,57,36,琼海,ce6ca82c326e584d8d688a7bedd72e06f508088c933485bfbfa222c82aab7fd0,1716.717565054688,298.5291238530951,IV1;IV2;year_1;Region_1;PMC_BERT
M4,12,4,58,13,九江,ce6ca82c326e584d8d688a7bedd72e06f508088c933485bfbfa222c82aab7fd0,0.0,316.87545240132755,IV1;IV2;year_1;Region_1;PMC_BERT
M4,12,4,58,14,五指山,ce6ca82c326e584d8d688a7bedd72e06f508088c933485bfbfa222c82aab7fd0,273.4003661931818,311.1844766507852,IV1;IV2;year_1;Region_1;PMC_BERT
M4,12,4,58,16,信阳,ce6ca82c326e584d8d688a7bedd72e06f508088c933485bfbfa222c82aab7fd0,244.6035494318183,277.8944814335167,IV1;IV2;year_1;Region_1;PMC_BERT
M4,12,4,58,19,兰州,ce6ca82c326e584d8d688a7bedd72e06f508088c933485bfbfa222c82aab7fd0,32.85616429924242,405.21299877880136,IV1;IV2;year_1;Region_1;PMC_BERT
M4,12,4,58,27,文昌,ce6ca82c326e584d8d688a7bedd72e06f508088c933485bfbfa222c82aab7fd0,273.4003661931818,457.6962472472917,IV1;IV2;year_1;Region_1;PMC_BERT
M4,12,4,58,31,深圳,ce6ca82c326e584d8d688a7bedd72e06f508088c933485bfbfa222c82aab7fd0,159.7083409090909,783.3151199137271,IV1;IV2;year_1;Region_1;PMC_BERT
M4,12,4,58,38,肇庆,ce6ca82c326e584d8d688a7bedd72e06f508088c933485bfbfa222c82aab7fd0,23.03745340909091,295.1268863136175,IV1;IV2;year_1;Region_1;PMC_BERT
M4,12,4,58,40,韶关,ce6ca82c326e584d8d688a7bedd72e06f508088c933485bfbfa222c82aab7fd0,547.9050852272727,157.23404060975778,IV1;IV2;year_1;Region_1;PMC_BERT
M4,12,5,59,2,上饶,ce6ca82c326e584d8d688a7bedd72e06f508088c933485bfbfa222c82aab7fd0,114.81355125,295.7578308901521,IV1;IV2;year_1;Region_1;PMC_BERT
M4,12,5,59,4,东莞,ce6ca82c326e584d8d688a7bedd72e06f508088c933485bfbfa222c82aab7fd0,307.5424744318183,798.20219969008,IV1;IV2;year_1;Region_1;PMC_BERT
M4,12,5,59,11,乐东,ce6ca82c326e584d8d688a7bedd72e06f508088c933485bfbfa222c82aab7fd0,51.57938057753164,356.97286156688557,IV1;IV2;year_1;Region_1;PMC_BERT
M4,12,5,59,15,佛山,ce6ca82c326e584d8d688a7bedd72e06f508088c933485bfbfa222c82aab7fd0,28.38274488636364,507.5297712271792,IV1;IV2;year_1;Region_1;PMC_BERT
M4,12,5,59,21,北海,ce6ca82c326e584d8d688a7bedd72e06f508088c933485bfbfa222c82aab7fd0,318.3245085227273,334.5836744598498,IV1;IV2;year_1;Region_1;PMC_BERT
M4,12,5,59,25,广州,ce6ca82c326e584d8d688a7bedd72e06f508088c933485bfbfa222c82aab7fd0,164.1983198863636,610.5015227399637,IV1;IV2;year_1;Region_1;PMC_BERT
M4,12,5,59,28,昌江,ce6ca82c326e584d8d688a7bedd72e06f508088c933485bfbfa222c82aab7fd0,268.7138254261364,349.57624345039704,IV1;IV2;year_1;Region_1;PMC_BERT
M4,12,5,59,39,陵水,ce6ca82c326e584d8d688a7bedd72e06f508088c933485bfbfa222c82aab7fd0,337.1486134943182,529.3127979391088,IV1;IV2;year_1;Region_1;PMC_BERT
M4,13,1,60,5,东营,ce6ca82c326e584d8d688a7bedd72e06f508088c933485bfbfa222c82aab7fd0,425.3271014204544,326.0564669837747,IV1;IV2;year_1;Region_1;PMC_BERT
M4,13,1,60,6,中卫,ce6ca82c326e584d8d688a7bedd72e06f508088c933485bfbfa222c82aab7fd0,31.05198382826678,337.18584564720413,IV1;IV2;year_1;Region_1;PMC_BERT
M4,13,1,60,8,临高,ce6ca82c326e584d8d688a7bedd72e06f508088c933485bfbfa222c82aab7fd0,83.80276845703128,423.0757831503432,IV1;IV2;year_1;Region_1;PMC_BERT
M4,13,1,60,16,信阳,ce6ca82c326e584d8d688a7bedd72e06f508088c933485bfbfa222c82aab7fd0,244.6035494318183,311.0392805203806,IV1;IV2;year_1;Region_1;PMC_BERT
M4,13,1,60,22,合肥,ce6ca82c326e584d8d688a7bedd72e06f508088c933485bfbfa222c82aab7fd0,13.19625,236.24643975769126,IV1;IV2;year_1;Region_1;PMC_BERT
M4,13,1,60,24,屯昌,ce6ca82c326e584d8d688a7bedd72e06f508088c933485bfbfa222c82aab7fd0,273.4003661931819,312.8041081398031,IV1;IV2;year_1;Region_1;PMC_BERT
M4,13,1,60,28,昌江,ce6ca82c326e584d8d688a7bedd72e06f508088c933485bfbfa222c82aab7fd0,268.7138254261364,290.7889443762584,IV1;IV2;year_1;Region_1;PMC_BERT
M4,13,1,60,36,琼海,ce6ca82c326e584d8d688a7bedd72e06f508088c933485bfbfa222c82aab7fd0,1716.717565054688,329.70001834663174,IV1;IV2;year_1;Region_1;PMC_BERT
M4,13,1,60,39,陵水,ce6ca82c326e584d8d688a7bedd72e06f508088c933485bfbfa222c82aab7fd0,337.1486134943182,365.2922096798688,IV1;IV2;year_1;Region_1;PMC_BERT
M4,13,2,61,9,丽水,ce6ca82c326e584d8d688a7bedd72e06f508088c933485bfbfa222c82aab7fd0,33.76567926136365,273.9016319202889,IV1;IV2;year_1;Region_1;PMC_BERT
M4,13,2,61,12,乐山,ce6ca82c326e584d8d688a7bedd72e06f508088c933485bfbfa222c82aab7fd0,45.02250000000001,239.9548571114125,IV1;IV2;year_1;Region_1;PMC_BERT
M4,13,2,61,13,九江,ce6ca82c326e584d8d688a7bedd72e06f508088c933485bfbfa222c82aab7fd0,0.0,339.3978077130643,IV1;IV2;year_1;Region_1;PMC_BERT
M4,13,2,61,14,五指山,ce6ca82c326e584d8d688a7bedd72e06f508088c933485bfbfa222c82aab7fd0,273.4003661931818,314.4576491234086,IV1;IV2;year_1;Region_1;PMC_BERT
M4,13,2,61,20,北京,ce6ca82c326e584d8d688a7bedd72e06f508088c933485bfbfa222c82aab7fd0,291.2148675426136,672.7009640848759,IV1;IV2;year_1;Region_1;PMC_BERT
M4,13,2,61,21,北海,ce6ca82c326e584d8d688a7bedd72e06f508088c933485bfbfa222c82aab7fd0,318.3245085227273,252.82935044015696,IV1;IV2;year_1;Region_1;PMC_BERT
M4,13,2,61,30,海口,ce6ca82c326e584d8d688a7bedd72e06f508088c933485bfbfa222c82aab7fd0,339.134276349432,425.0016744386393,IV1;IV2;year_1;Region_1;PMC_BERT
M4,13,2,61,35,琼中,ce6ca82c326e584d8d688a7bedd72e06f508088c933485bfbfa222c82aab7fd0,1106.44734375,262.09912589996446,IV1;IV2;year_1;Region_1;PMC_BERT
M4,13,3,62,7,中山,ce6ca82c326e584d8d688a7bedd72e06f508088c933485bfbfa222c82aab7fd0,89.11043759098708,155.0726264347632,IV1;IV2;year_1;Region_1;PMC_BERT
M4,13,3,62,10,义乌,ce6ca82c326e584d8d688a7bedd72e06f508088c933485bfbfa222c82aab7fd0,7288.761349396308,278.2541898929974,IV1;IV2;year_1;Region_1;PMC_BERT
M4,13,3,62,18,六安,ce6ca82c326e584d8d688a7bedd72e06f508088c933485bfbfa222c82aab7fd0,8.639045028409095,270.48109779378666,IV1;IV2;year_1;Region_1;PMC_BERT
M4,13,3,62,25,广州,ce6ca82c326e584d8d688a7bedd72e06f508088c933485bfbfa222c82aab7fd0,164.1983198863636,169.8687780869991,IV1;IV2;year_1;Region_1;PMC_BERT
M4,13,3,62,29,汕头,ce6ca82c326e584d8d688a7bedd72e06f508088c933485bfbfa222c82aab7fd0,516.6316193181818,244.81423649140206,IV1;IV2;year_1;Region_1;PMC_BERT
M4,13,3,62,33,澄迈,ce6ca82c326e584d8d688a7bedd72e06f508088c933485bfbfa222c82aab7fd0,647.861484375,284.7226713281631,IV1;IV2;year_1;Region_1;PMC_BERT
M4,13,3,62,34,珠海,ce6ca82c326e584d8d688a7bedd72e06f508088c933485bfbfa222c82aab7fd0,1511.786079545455,298.84280777937033,IV1;IV2;year_1;Region_1;PMC_BERT
M4,13,3,62,40,韶关,ce6ca82c326e584d8d688a7bedd72e06f508088c933485bfbfa222c82aab7fd0,547.9050852272727,150.5198493342375,IV1;IV2;year_1;Region_1;PMC_BERT
M4,13,4,63,0,万宁,ce6ca82c326e584d8d688a7bedd72e06f508088c933485bfbfa222c82aab7fd0,148.9921240384616,367.98696635142613,IV1;IV2;year_1;Region_1;PMC_BERT
M4,13,4,63,2,上饶,ce6ca82c326e584d8d688a7bedd72e06f508088c933485bfbfa222c82aab7fd0,114.81355125,217.31179139377352,IV1;IV2;year_1;Region_1;PMC_BERT
M4,13,4,63,11,乐东,ce6ca82c326e584d8d688a7bedd72e06f508088c933485bfbfa222c82aab7fd0,51.57938057753164,353.63990771877786,IV1;IV2;year_1;Region_1;PMC_BERT
M4,13,4,63,17,儋州,ce6ca82c326e584d8d688a7bedd72e06f508088c933485bfbfa222c82aab7fd0,539.7352537592891,425.78005408115683,IV1;IV2;year_1;Region_1;PMC_BERT
M4,13,4,63,19,兰州,ce6ca82c326e584d8d688a7bedd72e06f508088c933485bfbfa222c82aab7fd0,32.85616429924242,388.3593790758202,IV1;IV2;year_1;Region_1;PMC_BERT
M4,13,4,63,26,惠州,ce6ca82c326e584d8d688a7bedd72e06f508088c933485bfbfa222c82aab7fd0,253.6378448863636,383.8563744492713,IV1;IV2;year_1;Region_1;PMC_BERT
M4,13,4,63,32,清远,ce6ca82c326e584d8d688a7bedd72e06f508088c933485bfbfa222c82aab7fd0,375.720028409091,295.4988523381462,IV1;IV2;year_1;Region_1;PMC_BERT
M4,13,4,63,37,白沙,ce6ca82c326e584d8d688a7bedd72e06f508088c933485bfbfa222c82aab7fd0,192.9951366477273,328.884077671047,IV1;IV2;year_1;Region_1;PMC_BERT
M4,13,5,64,1,上海,ce6ca82c326e584d8d688a7bedd72e06f508088c933485bfbfa222c82aab7fd0,2302.973933396464,438.77917065126485,IV1;IV2;year_1;Region_1;PMC_BERT
M4,13,5,64,3,东方,ce6ca82c326e584d8d688a7bedd72e06f508088c933485bfbfa222c82aab7fd0,266.2529209872159,328.41460836390286,IV1;IV2;year_1;Region_1;PMC_BERT
M4,13,5,64,4,东莞,ce6ca82c326e584d8d688a7bedd72e06f508088c933485bfbfa222c82aab7fd0,307.5424744318183,493.9604007965271,IV1;IV2;year_1;Region_1;PMC_BERT
M4,13,5,64,15,佛山,ce6ca82c326e584d8d688a7bedd72e06f508088c933485bfbfa222c82aab7fd0,28.38274488636364,408.60685467249584,IV1;IV2;year_1;Region_1;PMC_BERT
M4,13,5,64,23,定安,ce6ca82c326e584d8d688a7bedd72e06f508088c933485bfbfa222c82aab7fd0,273.4003661931819,403.53835049141617,IV1;IV2;year_1;Region_1;PMC_BERT
M4,13,5,64,27,文昌,ce6ca82c326e584d8d688a7bedd72e06f508088c933485bfbfa222c82aab7fd0,273.4003661931818,469.73261640877274,IV1;IV2;year_1;Region_1;PMC_BERT
M4,13,5,64,31,深圳,ce6ca82c326e584d8d688a7bedd72e06f508088c933485bfbfa222c82aab7fd0,159.7083409090909,543.1233681209327,IV1;IV2;year_1;Region_1;PMC_BERT
M4,13,5,64,38,肇庆,ce6ca82c326e584d8d688a7bedd72e06f508088c933485bfbfa222c82aab7fd0,23.03745340909091,323.2733640083306,IV1;IV2;year_1;Region_1;PMC_BERT
M4,14,1,65,1,上海,ce6ca82c326e584d8d688a7bedd72e06f508088c933485bfbfa222c82aab7fd0,2302.973933396464,391.65455300323987,IV1;IV2;year_1;Region_1;PMC_BERT
M4,14,1,65,5,东营,ce6ca82c326e584d8d688a7bedd72e06f508088c933485bfbfa222c82aab7fd0,425.3271014204544,257.3508633939653,IV1;IV2;year_1;Region_1;PMC_BERT
M4,14,1,65,7,中山,ce6ca82c326e584d8d688a7bedd72e06f508088c933485bfbfa222c82aab7fd0,89.11043759098708,203.5656334083318,IV1;IV2;year_1;Region_1;PMC_BERT
M4,14,1,65,14,五指山,ce6ca82c326e584d8d688a7bedd72e06f508088c933485bfbfa222c82aab7fd0,273.4003661931818,274.12345221672103,IV1;IV2;year_1;Region_1;PMC_BERT
M4,14,1,65,18,六安,ce6ca82c326e584d8d688a7bedd72e06f508088c933485bfbfa222c82aab7fd0,8.639045028409095,377.11263829800464,IV1;IV2;year_1;Region_1;PMC_BERT
M4,14,1,65,21,北海,ce6ca82c326e584d8d688a7bedd72e06f508088c933485bfbfa222c82aab7fd0,318.3245085227273,277.99382999309046,IV1;IV2;year_1;Region_1;PMC_BERT
M4,14,1,65,31,深圳,ce6ca82c326e584d8d688a7bedd72e06f508088c933485bfbfa222c82aab7fd0,159.7083409090909,518.7137072314995,IV1;IV2;year_1;Region_1;PMC_BERT
M4,14,1,65,32,清远,ce6ca82c326e584d8d688a7bedd72e06f508088c933485bfbfa222c82aab7fd0,375.720028409091,244.5170278099403,IV1;IV2;year_1;Region_1;PMC_BERT
M4,14,1,65,35,琼中,ce6ca82c326e584d8d688a7bedd72e06f508088c933485bfbfa222c82aab7fd0,1106.44734375,208.7895823541562,IV1;IV2;year_1;Region_1;PMC_BERT
M4,14,2,66,0,万宁,ce6ca82c326e584d8d688a7bedd72e06f508088c933485bfbfa222c82aab7fd0,148.9921240384616,453.4602801085946,IV1;IV2;year_1;Region_1;PMC_BERT
M4,14,2,66,11,乐东,ce6ca82c326e584d8d688a7bedd72e06f508088c933485bfbfa222c82aab7fd0,51.57938057753164,383.5676712883096,IV1;IV2;year_1;Region_1;PMC_BERT
M4,14,2,66,12,乐山,ce6ca82c326e584d8d688a7bedd72e06f508088c933485bfbfa222c82aab7fd0,45.02250000000001,272.0839604678543,IV1;IV2;year_1;Region_1;PMC_BERT
M4,14,2,66,13,九江,ce6ca82c326e584d8d688a7bedd72e06f508088c933485bfbfa222c82aab7fd0,0.0,335.5977524203233,IV1;IV2;year_1;Region_1;PMC_BERT
M4,14,2,66,19,兰州,ce6ca82c326e584d8d688a7bedd72e06f508088c933485bfbfa222c82aab7fd0,32.85616429924242,376.67966097457656,IV1;IV2;year_1;Region_1;PMC_BERT
M4,14,2,66,22,合肥,ce6ca82c326e584d8d688a7bedd72e06f508088c933485bfbfa222c82aab7fd0,13.19625,283.48095866501046,IV1;IV2;year_1;Region_1;PMC_BERT
M4,14,2,66,26,惠州,ce6ca82c326e584d8d688a7bedd72e06f508088c933485bfbfa222c82aab7fd0,253.6378448863636,375.75391932369865,IV1;IV2;year_1;Region_1;PMC_BERT
M4,14,2,66,27,文昌,ce6ca82c326e584d8d688a7bedd72e06f508088c933485bfbfa222c82aab7fd0,273.4003661931818,455.44357587515077,IV1;IV2;year_1;Region_1;PMC_BERT
M4,14,3,67,2,上饶,ce6ca82c326e584d8d688a7bedd72e06f508088c933485bfbfa222c82aab7fd0,114.81355125,240.76008478084432,IV1;IV2;year_1;Region_1;PMC_BERT
M4,14,3,67,15,佛山,ce6ca82c326e584d8d688a7bedd72e06f508088c933485bfbfa222c82aab7fd0,28.38274488636364,407.6168440904603,IV1;IV2;year_1;Region_1;PMC_BERT
M4,14,3,67,16,信阳,ce6ca82c326e584d8d688a7bedd72e06f508088c933485bfbfa222c82aab7fd0,244.6035494318183,268.80021714474736,IV1;IV2;year_1;Region_1;PMC_BERT
M4,14,3,67,17,儋州,ce6ca82c326e584d8d688a7bedd72e06f508088c933485bfbfa222c82aab7fd0,539.7352537592891,308.45669797472516,IV1;IV2;year_1;Region_1;PMC_BERT
M4,14,3,67,29,汕头,ce6ca82c326e584d8d688a7bedd72e06f508088c933485bfbfa222c82aab7fd0,516.6316193181818,292.20121478020235,IV1;IV2;year_1;Region_1;PMC_BERT
M4,14,3,67,30,海口,ce6ca82c326e584d8d688a7bedd72e06f508088c933485bfbfa222c82aab7fd0,339.134276349432,445.4980602074104,IV1;IV2;year_1;Region_1;PMC_BERT
M4,14,3,67,37,白沙,ce6ca82c326e584d8d688a7bedd72e06f508088c933485bfbfa222c82aab7fd0,192.9951366477273,285.74386263693555,IV1;IV2;year_1;Region_1;PMC_BERT
M4,14,3,67,39,陵水,ce6ca82c326e584d8d688a7bedd72e06f508088c933485bfbfa222c82aab7fd0,337.1486134943182,468.3488422049973,IV1;IV2;year_1;Region_1;PMC_BERT
M4,14,4,68,4,东莞,ce6ca82c326e584d8d688a7bedd72e06f508088c933485bfbfa222c82aab7fd0,307.5424744318183,588.9706135712761,IV1;IV2;year_1;Region_1;PMC_BERT
M4,14,4,68,8,临高,ce6ca82c326e584d8d688a7bedd72e06f508088c933485bfbfa222c82aab7fd0,83.80276845703128,419.890790996036,IV1;IV2;year_1;Region_1;PMC_BERT
M4,14,4,68,20,北京,ce6ca82c326e584d8d688a7bedd72e06f508088c933485bfbfa222c82aab7fd0,291.2148675426136,576.8704659966152,IV1;IV2;year_1;Region_1;PMC_BERT
M4,14,4,68,23,定安,ce6ca82c326e584d8d688a7bedd72e06f508088c933485bfbfa222c82aab7fd0,273.4003661931819,375.97929807919746,IV1;IV2;year_1;Region_1;PMC_BERT
M4,14,4,68,34,珠海,ce6ca82c326e584d8d688a7bedd72e06f508088c933485bfbfa222c82aab7fd0,1511.786079545455,622.3637627566502,IV1;IV2;year_1;Region_1;PMC_BERT
M4,14,4,68,36,琼海,ce6ca82c326e584d8d688a7bedd72e06f508088c933485bfbfa222c82aab7fd0,1716.717565054688,385.80264167862043,IV1;IV2;year_1;Region_1;PMC_BERT
M4,14,4,68,38,肇庆,ce6ca82c326e584d8d688a7bedd72e06f508088c933485bfbfa222c82aab7fd0,23.03745340909091,248.40992160079801,IV1;IV2;year_1;Region_1;PMC_BERT
M4,14,4,68,40,韶关,ce6ca82c326e584d8d688a7bedd72e06f508088c933485bfbfa222c82aab7fd0,547.9050852272727,156.23556032136892,IV1;IV2;year_1;Region_1;PMC_BERT
M4,14,5,69,3,东方,ce6ca82c326e584d8d688a7bedd72e06f508088c933485bfbfa222c82aab7fd0,266.2529209872159,328.17671640839427,IV1;IV2;year_1;Region_1;PMC_BERT
M4,14,5,69,6,中卫,ce6ca82c326e584d8d688a7bedd72e06f508088c933485bfbfa222c82aab7fd0,31.05198382826678,343.387739676792,IV1;IV2;year_1;Region_1;PMC_BERT
M4,14,5,69,9,丽水,ce6ca82c326e584d8d688a7bedd72e06f508088c933485bfbfa222c82aab7fd0,33.76567926136365,251.87635498554891,IV1;IV2;year_1;Region_1;PMC_BERT
M4,14,5,69,10,义乌,ce6ca82c326e584d8d688a7bedd72e06f508088c933485bfbfa222c82aab7fd0,7288.761349396308,349.4337496106886,IV1;IV2;year_1;Region_1;PMC_BERT
M4,14,5,69,24,屯昌,ce6ca82c326e584d8d688a7bedd72e06f508088c933485bfbfa222c82aab7fd0,273.4003661931819,300.81326561685853,IV1;IV2;year_1;Region_1;PMC_BERT
M4,14,5,69,25,广州,ce6ca82c326e584d8d688a7bedd72e06f508088c933485bfbfa222c82aab7fd0,164.1983198863636,291.33233357781165,IV1;IV2;year_1;Region_1;PMC_BERT
M4,14,5,69,28,昌江,ce6ca82c326e584d8d688a7bedd72e06f508088c933485bfbfa222c82aab7fd0,268.7138254261364,219.5747632828002,IV1;IV2;year_1;Region_1;PMC_BERT
M4,14,5,69,33,澄迈,ce6ca82c326e584d8d688a7bedd72e06f508088c933485bfbfa222c82aab7fd0,647.861484375,309.6853331286143,IV1;IV2;year_1;Region_1;PMC_BERT
M4,15,1,70,0,万宁,ce6ca82c326e584d8d688a7bedd72e06f508088c933485bfbfa222c82aab7fd0,148.9921240384616,308.0527869155317,IV1;IV2;year_1;Region_1;PMC_BERT
M4,15,1,70,1,上海,ce6ca82c326e584d8d688a7bedd72e06f508088c933485bfbfa222c82aab7fd0,2302.973933396464,191.70314679651105,IV1;IV2;year_1;Region_1;PMC_BERT
M4,15,1,70,5,东营,ce6ca82c326e584d8d688a7bedd72e06f508088c933485bfbfa222c82aab7fd0,425.3271014204544,252.7247139933732,IV1;IV2;year_1;Region_1;PMC_BERT
M4,15,1,70,7,中山,ce6ca82c326e584d8d688a7bedd72e06f508088c933485bfbfa222c82aab7fd0,89.11043759098708,166.9471694401662,IV1;IV2;year_1;Region_1;PMC_BERT
M4,15,1,70,10,义乌,ce6ca82c326e584d8d688a7bedd72e06f508088c933485bfbfa222c82aab7fd0,7288.761349396308,229.75118639941954,IV1;IV2;year_1;Region_1;PMC_BERT
M4,15,1,70,16,信阳,ce6ca82c326e584d8d688a7bedd72e06f508088c933485bfbfa222c82aab7fd0,244.6035494318183,268.43446006343714,IV1;IV2;year_1;Region_1;PMC_BERT
M4,15,1,70,21,北海,ce6ca82c326e584d8d688a7bedd72e06f508088c933485bfbfa222c82aab7fd0,318.3245085227273,192.72642123804278,IV1;IV2;year_1;Region_1;PMC_BERT
M4,15,1,70,24,屯昌,ce6ca82c326e584d8d688a7bedd72e06f508088c933485bfbfa222c82aab7fd0,273.4003661931819,268.3205360381251,IV1;IV2;year_1;Region_1;PMC_BERT
M4,15,1,70,34,珠海,ce6ca82c326e584d8d688a7bedd72e06f508088c933485bfbfa222c82aab7fd0,1511.786079545455,277.4557321508241,IV1;IV2;year_1;Region_1;PMC_BERT
M4,15,2,71,9,丽水,ce6ca82c326e584d8d688a7bedd72e06f508088c933485bfbfa222c82aab7fd0,33.76567926136365,293.6766830207183,IV1;IV2;year_1;Region_1;PMC_BERT
M4,15,2,71,17,儋州,ce6ca82c326e584d8d688a7bedd72e06f508088c933485bfbfa222c82aab7fd0,539.7352537592891,346.14281687070644,IV1;IV2;year_1;Region_1;PMC_BERT
M4,15,2,71,22,合肥,ce6ca82c326e584d8d688a7bedd72e06f508088c933485bfbfa222c82aab7fd0,13.19625,337.58790779102236,IV1;IV2;year_1;Region_1;PMC_BERT
M4,15,2,71,23,定安,ce6ca82c326e584d8d688a7bedd72e06f508088c933485bfbfa222c82aab7fd0,273.4003661931819,357.2460530612339,IV1;IV2;year_1;Region_1;PMC_BERT
M4,15,2,71,26,惠州,ce6ca82c326e584d8d688a7bedd72e06f508088c933485bfbfa222c82aab7fd0,253.6378448863636,380.4974596226242,IV1;IV2;year_1;Region_1;PMC_BERT
M4,15,2,71,28,昌江,ce6ca82c326e584d8d688a7bedd72e06f508088c933485bfbfa222c82aab7fd0,268.7138254261364,295.1084195937125,IV1;IV2;year_1;Region_1;PMC_BERT
M4,15,2,71,31,深圳,ce6ca82c326e584d8d688a7bedd72e06f508088c933485bfbfa222c82aab7fd0,159.7083409090909,722.1598963981455,IV1;IV2;year_1;Region_1;PMC_BERT
M4,15,2,71,40,韶关,ce6ca82c326e584d8d688a7bedd72e06f508088c933485bfbfa222c82aab7fd0,547.9050852272727,167.24989772223384,IV1;IV2;year_1;Region_1;PMC_BERT
M4,15,3,72,2,上饶,ce6ca82c326e584d8d688a7bedd72e06f508088c933485bfbfa222c82aab7fd0,114.81355125,263.4659870392979,IV1;IV2;year_1;Region_1;PMC_BERT
M4,15,3,72,3,东方,ce6ca82c326e584d8d688a7bedd72e06f508088c933485bfbfa222c82aab7fd0,266.2529209872159,327.5004420486654,IV1;IV2;year_1;Region_1;PMC_BERT
M4,15,3,72,4,东莞,ce6ca82c326e584d8d688a7bedd72e06f508088c933485bfbfa222c82aab7fd0,307.5424744318183,771.1340695988453,IV1;IV2;year_1;Region_1;PMC_BERT
M4,15,3,72,20,北京,ce6ca82c326e584d8d688a7bedd72e06f508088c933485bfbfa222c82aab7fd0,291.2148675426136,761.5966741662627,IV1;IV2;year_1;Region_1;PMC_BERT
M4,15,3,72,29,汕头,ce6ca82c326e584d8d688a7bedd72e06f508088c933485bfbfa222c82aab7fd0,516.6316193181818,259.4511338814347,IV1;IV2;year_1;Region_1;PMC_BERT
M4,15,3,72,32,清远,ce6ca82c326e584d8d688a7bedd72e06f508088c933485bfbfa222c82aab7fd0,375.720028409091,222.68354154094462,IV1;IV2;year_1;Region_1;PMC_BERT
M4,15,3,72,33,澄迈,ce6ca82c326e584d8d688a7bedd72e06f508088c933485bfbfa222c82aab7fd0,647.861484375,328.68191860994347,IV1;IV2;year_1;Region_1;PMC_BERT
M4,15,3,72,38,肇庆,ce6ca82c326e584d8d688a7bedd72e06f508088c933485bfbfa222c82aab7fd0,23.03745340909091,334.3113103566542,IV1;IV2;year_1;Region_1;PMC_BERT
M4,15,4,73,13,九江,ce6ca82c326e584d8d688a7bedd72e06f508088c933485bfbfa222c82aab7fd0,0.0,319.2756629273068,IV1;IV2;year_1;Region_1;PMC_BERT
M4,15,4,73,14,五指山,ce6ca82c326e584d8d688a7bedd72e06f508088c933485bfbfa222c82aab7fd0,273.4003661931818,286.33474364045804,IV1;IV2;year_1;Region_1;PMC_BERT
M4,15,4,73,15,佛山,ce6ca82c326e584d8d688a7bedd72e06f508088c933485bfbfa222c82aab7fd0,28.38274488636364,368.3250259965905,IV1;IV2;year_1;Region_1;PMC_BERT
M4,15,4,73,19,兰州,ce6ca82c326e584d8d688a7bedd72e06f508088c933485bfbfa222c82aab7fd0,32.85616429924242,337.8427791272125,IV1;IV2;year_1;Region_1;PMC_BERT
M4,15,4,73,25,广州,ce6ca82c326e584d8d688a7bedd72e06f508088c933485bfbfa222c82aab7fd0,164.1983198863636,566.4969163101679,IV1;IV2;year_1;Region_1;PMC_BERT
M4,15,4,73,27,文昌,ce6ca82c326e584d8d688a7bedd72e06f508088c933485bfbfa222c82aab7fd0,273.4003661931818,386.96262030578157,IV1;IV2;year_1;Region_1;PMC_BERT
M4,15,4,73,30,海口,ce6ca82c326e584d8d688a7bedd72e06f508088c933485bfbfa222c82aab7fd0,339.134276349432,390.13163396356487,IV1;IV2;year_1;Region_1;PMC_BERT
M4,15,4,73,36,琼海,ce6ca82c326e584d8d688a7bedd72e06f508088c933485bfbfa222c82aab7fd0,1716.717565054688,346.6426981275667,IV1;IV2;year_1;Region_1;PMC_BERT
M4,15,5,74,6,中卫,ce6ca82c326e584d8d688a7bedd72e06f508088c933485bfbfa222c82aab7fd0,31.05198382826678,362.0864374199251,IV1;IV2;year_1;Region_1;PMC_BERT
M4,15,5,74,8,临高,ce6ca82c326e584d8d688a7bedd72e06f508088c933485bfbfa222c82aab7fd0,83.80276845703128,463.949667891233,IV1;IV2;year_1;Region_1;PMC_BERT
M4,15,5,74,11,乐东,ce6ca82c326e584d8d688a7bedd72e06f508088c933485bfbfa222c82aab7fd0,51.57938057753164,337.15502043911994,IV1;IV2;year_1;Region_1;PMC_BERT
M4,15,5,74,12,乐山,ce6ca82c326e584d8d688a7bedd72e06f508088c933485bfbfa222c82aab7fd0,45.02250000000001,288.6281032203689,IV1;IV2;year_1;Region_1;PMC_BERT
M4,15,5,74,18,六安,ce6ca82c326e584d8d688a7bedd72e06f508088c933485bfbfa222c82aab7fd0,8.639045028409095,451.6941305929206,IV1;IV2;year_1;Region_1;PMC_BERT
M4,15,5,74,35,琼中,ce6ca82c326e584d8d688a7bedd72e06f508088c933485bfbfa222c82aab7fd0,1106.44734375,270.2012923663648,IV1;IV2;year_1;Region_1;PMC_BERT
M4,15,5,74,37,白沙,ce6ca82c326e584d8d688a7bedd72e06f508088c933485bfbfa222c82aab7fd0,192.9951366477273,355.3889918821292,IV1;IV2;year_1;Region_1;PMC_BERT
M4,15,5,74,39,陵水,ce6ca82c326e584d8d688a7bedd72e06f508088c933485bfbfa222c82aab7fd0,337.1486134943182,463.78664463509875,IV1;IV2;year_1;Region_1;PMC_BERT
M4,16,1,75,13,九江,ce6ca82c326e584d8d688a7bedd72e06f508088c933485bfbfa222c82aab7fd0,0.0,299.6367851490752,IV1;IV2;year_1;Region_1;PMC_BERT
M4,16,1,75,22,合肥,ce6ca82c326e584d8d688a7bedd72e06f508088c933485bfbfa222c82aab7fd0,13.19625,327.51423472585356,IV1;IV2;year_1;Region_1;PMC_BERT
M4,16,1,75,25,广州,ce6ca82c326e584d8d688a7bedd72e06f508088c933485bfbfa222c82aab7fd0,164.1983198863636,520.8894617354852,IV1;IV2;year_1;Region_1;PMC_BERT
M4,16,1,75,27,文昌,ce6ca82c326e584d8d688a7bedd72e06f508088c933485bfbfa222c82aab7fd0,273.4003661931818,327.68856181021016,IV1;IV2;year_1;Region_1;PMC_BERT
M4,16,1,75,29,汕头,ce6ca82c326e584d8d688a7bedd72e06f508088c933485bfbfa222c82aab7fd0,516.6316193181818,290.26521998905645,IV1;IV2;year_1;Region_1;PMC_BERT
M4,16,1,75,31,深圳,ce6ca82c326e584d8d688a7bedd72e06f508088c933485bfbfa222c82aab7fd0,159.7083409090909,627.049739530979,IV1;IV2;year_1;Region_1;PMC_BERT
M4,16,1,75,32,清远,ce6ca82c326e584d8d688a7bedd72e06f508088c933485bfbfa222c82aab7fd0,375.720028409091,255.91659196338122,IV1;IV2;year_1;Region_1;PMC_BERT
M4,16,1,75,34,珠海,ce6ca82c326e584d8d688a7bedd72e06f508088c933485bfbfa222c82aab7fd0,1511.786079545455,612.3284186289578,IV1;IV2;year_1;Region_1;PMC_BERT
M4,16,1,75,36,琼海,ce6ca82c326e584d8d688a7bedd72e06f508088c933485bfbfa222c82aab7fd0,1716.717565054688,286.0374682655714,IV1;IV2;year_1;Region_1;PMC_BERT
M4,16,2,76,2,上饶,ce6ca82c326e584d8d688a7bedd72e06f508088c933485bfbfa222c82aab7fd0,114.81355125,201.42333608089658,IV1;IV2;year_1;Region_1;PMC_BERT
M4,16,2,76,9,丽水,ce6ca82c326e584d8d688a7bedd72e06f508088c933485bfbfa222c82aab7fd0,33.76567926136365,257.80253235520973,IV1;IV2;year_1;Region_1;PMC_BERT
M4,16,2,76,10,义乌,ce6ca82c326e584d8d688a7bedd72e06f508088c933485bfbfa222c82aab7fd0,7288.761349396308,370.19728137418326,IV1;IV2;year_1;Region_1;PMC_BERT
M4,16,2,76,11,乐东,ce6ca82c326e584d8d688a7bedd72e06f508088c933485bfbfa222c82aab7fd0,51.57938057753164,371.4409480803742,IV1;IV2;year_1;Region_1;PMC_BERT
M4,16,2,76,14,五指山,ce6ca82c326e584d8d688a7bedd72e06f508088c933485bfbfa222c82aab7fd0,273.4003661931818,374.4267342446645,IV1;IV2;year_1;Region_1;PMC_BERT
M4,16,2,76,17,儋州,ce6ca82c326e584d8d688a7bedd72e06f508088c933485bfbfa222c82aab7fd0,539.7352537592891,346.9986294882148,IV1;IV2;year_1;Region_1;PMC_BERT
M4,16,2,76,20,北京,ce6ca82c326e584d8d688a7bedd72e06f508088c933485bfbfa222c82aab7fd0,291.2148675426136,380.39568303226315,IV1;IV2;year_1;Region_1;PMC_BERT
M4,16,2,76,24,屯昌,ce6ca82c326e584d8d688a7bedd72e06f508088c933485bfbfa222c82aab7fd0,273.4003661931819,334.31893247379537,IV1;IV2;year_1;Region_1;PMC_BERT
M4,16,3,77,3,东方,ce6ca82c326e584d8d688a7bedd72e06f508088c933485bfbfa222c82aab7fd0,266.2529209872159,311.21677913472007,IV1;IV2;year_1;Region_1;PMC_BERT
M4,16,3,77,19,兰州,ce6ca82c326e584d8d688a7bedd72e06f508088c933485bfbfa222c82aab7fd0,32.85616429924242,402.69746895497667,IV1;IV2;year_1;Region_1;PMC_BERT
M4,16,3,77,21,北海,ce6ca82c326e584d8d688a7bedd72e06f508088c933485bfbfa222c82aab7fd0,318.3245085227273,247.8388235305476,IV1;IV2;year_1;Region_1;PMC_BERT
M4,16,3,77,23,定安,ce6ca82c326e584d8d688a7bedd72e06f508088c933485bfbfa222c82aab7fd0,273.4003661931819,430.34034944475815,IV1;IV2;year_1;Region_1;PMC_BERT
M4,16,3,77,30,海口,ce6ca82c326e584d8d688a7bedd72e06f508088c933485bfbfa222c82aab7fd0,339.134276349432,346.0309253788247,IV1;IV2;year_1;Region_1;PMC_BERT
M4,16,3,77,35,琼中,ce6ca82c326e584d8d688a7bedd72e06f508088c933485bfbfa222c82aab7fd0,1106.44734375,215.67096637125505,IV1;IV2;year_1;Region_1;PMC_BERT
M4,16,3,77,38,肇庆,ce6ca82c326e584d8d688a7bedd72e06f508088c933485bfbfa222c82aab7fd0,23.03745340909091,287.2844235126357,IV1;IV2;year_1;Region_1;PMC_BERT
M4,16,3,77,40,韶关,ce6ca82c326e584d8d688a7bedd72e06f508088c933485bfbfa222c82aab7fd0,547.9050852272727,157.82036124638324,IV1;IV2;year_1;Region_1;PMC_BERT
M4,16,4,78,0,万宁,ce6ca82c326e584d8d688a7bedd72e06f508088c933485bfbfa222c82aab7fd0,148.9921240384616,399.4473731868039,IV1;IV2;year_1;Region_1;PMC_BERT
M4,16,4,78,5,东营,ce6ca82c326e584d8d688a7bedd72e06f508088c933485bfbfa222c82aab7fd0,425.3271014204544,280.826387658301,IV1;IV2;year_1;Region_1;PMC_BERT
M4,16,4,78,7,中山,ce6ca82c326e584d8d688a7bedd72e06f508088c933485bfbfa222c82aab7fd0,89.11043759098708,268.5434545395502,IV1;IV2;year_1;Region_1;PMC_BERT
M4,16,4,78,15,佛山,ce6ca82c326e584d8d688a7bedd72e06f508088c933485bfbfa222c82aab7fd0,28.38274488636364,434.68322421116113,IV1;IV2;year_1;Region_1;PMC_BERT
M4,16,4,78,18,六安,ce6ca82c326e584d8d688a7bedd72e06f508088c933485bfbfa222c82aab7fd0,8.639045028409095,423.5723199922045,IV1;IV2;year_1;Region_1;PMC_BERT
M4,16,4,78,28,昌江,ce6ca82c326e584d8d688a7bedd72e06f508088c933485bfbfa222c82aab7fd0,268.7138254261364,364.77743200652577,IV1;IV2;year_1;Region_1;PMC_BERT
M4,16,4,78,33,澄迈,ce6ca82c326e584d8d688a7bedd72e06f508088c933485bfbfa222c82aab7fd0,647.861484375,404.0319503189469,IV1;IV2;year_1;Region_1;PMC_BERT
M4,16,4,78,39,陵水,ce6ca82c326e584d8d688a7bedd72e06f508088c933485bfbfa222c82aab7fd0,337.1486134943182,483.84890455796375,IV1;IV2;year_1;Region_1;PMC_BERT
M4,16,5,79,1,上海,ce6ca82c326e584d8d688a7bedd72e06f508088c933485bfbfa222c82aab7fd0,2302.973933396464,341.2407240893728,IV1;IV2;year_1;Region_1;PMC_BERT
M4,16,5,79,4,东莞,ce6ca82c326e584d8d688a7bedd72e06f508088c933485bfbfa222c82aab7fd0,307.5424744318183,470.5553116873752,IV1;IV2;year_1;Region_1;PMC_BERT
M4,16,5,79,6,中卫,ce6ca82c326e584d8d688a7bedd72e06f508088c933485bfbfa222c82aab7fd0,31.05198382826678,381.9452221905012,IV1;IV2;year_1;Region_1;PMC_BERT
M4,16,5,79,8,临高,ce6ca82c326e584d8d688a7bedd72e06f508088c933485bfbfa222c82aab7fd0,83.80276845703128,467.65712798837814,IV1;IV2;year_1;Region_1;PMC_BERT
M4,16,5,79,12,乐山,ce6ca82c326e584d8d688a7bedd72e06f508088c933485bfbfa222c82aab7fd0,45.02250000000001,290.5994486282494,IV1;IV2;year_1;Region_1;PMC_BERT
M4,16,5,79,16,信阳,ce6ca82c326e584d8d688a7bedd72e06f508088c933485bfbfa222c82aab7fd0,244.6035494318183,346.29252454844465,IV1;IV2;year_1;Region_1;PMC_BERT
M4,16,5,79,26,惠州,ce6ca82c326e584d8d688a7bedd72e06f508088c933485bfbfa222c82aab7fd0,253.6378448863636,282.43249182114886,IV1;IV2;year_1;Region_1;PMC_BERT
M4,16,5,79,37,白沙,ce6ca82c326e584d8d688a7bedd72e06f508088c933485bfbfa222c82aab7fd0,192.9951366477273,345.2485203653437,IV1;IV2;year_1;Region_1;PMC_BERT
M4,17,1,80,6,中卫,ce6ca82c326e584d8d688a7bedd72e06f508088c933485bfbfa222c82aab7fd0,31.05198382826678,282.68204691453235,IV1;IV2;year_1;Region_1;PMC_BERT
M4,17,1,80,9,丽水,ce6ca82c326e584d8d688a7bedd72e06f508088c933485bfbfa222c82aab7fd0,33.76567926136365,241.1386237930621,IV1;IV2;year_1;Region_1;PMC_BERT
M4,17,1,80,18,六安,ce6ca82c326e584d8d688a7bedd72e06f508088c933485bfbfa222c82aab7fd0,8.639045028409095,426.845145438925,IV1;IV2;year_1;Region_1;PMC_BERT
M4,17,1,80,22,合肥,ce6ca82c326e584d8d688a7bedd72e06f508088c933485bfbfa222c82aab7fd0,13.19625,282.7999760704028,IV1;IV2;year_1;Region_1;PMC_BERT
M4,17,1,80,28,昌江,ce6ca82c326e584d8d688a7bedd72e06f508088c933485bfbfa222c82aab7fd0,268.7138254261364,387.4167161063082,IV1;IV2;year_1;Region_1;PMC_BERT
M4,17,1,80,29,汕头,ce6ca82c326e584d8d688a7bedd72e06f508088c933485bfbfa222c82aab7fd0,516.6316193181818,280.85503048587833,IV1;IV2;year_1;Region_1;PMC_BERT
M4,17,1,80,33,澄迈,ce6ca82c326e584d8d688a7bedd72e06f508088c933485bfbfa222c82aab7fd0,647.861484375,407.2024010369175,IV1;IV2;year_1;Region_1;PMC_BERT
M4,17,1,80,34,珠海,ce6ca82c326e584d8d688a7bedd72e06f508088c933485bfbfa222c82aab7fd0,1511.786079545455,527.1673197745547,IV1;IV2;year_1;Region_1;PMC_BERT
M4,17,1,80,39,陵水,ce6ca82c326e584d8d688a7bedd72e06f508088c933485bfbfa222c82aab7fd0,337.1486134943182,408.2905339867888,IV1;IV2;year_1;Region_1;PMC_BERT
M4,17,2,81,1,上海,ce6ca82c326e584d8d688a7bedd72e06f508088c933485bfbfa222c82aab7fd0,2302.973933396464,365.0458340340798,IV1;IV2;year_1;Region_1;PMC_BERT
M4,17,2,81,8,临高,ce6ca82c326e584d8d688a7bedd72e06f508088c933485bfbfa222c82aab7fd0,83.80276845703128,402.57049304747784,IV1;IV2;year_1;Region_1;PMC_BERT
M4,17,2,81,13,九江,ce6ca82c326e584d8d688a7bedd72e06f508088c933485bfbfa222c82aab7fd0,0.0,308.1590086089302,IV1;IV2;year_1;Region_1;PMC_BERT
M4,17,2,81,16,信阳,ce6ca82c326e584d8d688a7bedd72e06f508088c933485bfbfa222c82aab7fd0,244.6035494318183,292.9625738181451,IV1;IV2;year_1;Region_1;PMC_BERT
M4,17,2,81,17,儋州,ce6ca82c326e584d8d688a7bedd72e06f508088c933485bfbfa222c82aab7fd0,539.7352537592891,402.57049304747784,IV1;IV2;year_1;Region_1;PMC_BERT
M4,17,2,81,19,兰州,ce6ca82c326e584d8d688a7bedd72e06f508088c933485bfbfa222c82aab7fd0,32.85616429924242,265.0803435542257,IV1;IV2;year_1;Region_1;PMC_BERT
M4,17,2,81,36,琼海,ce6ca82c326e584d8d688a7bedd72e06f508088c933485bfbfa222c82aab7fd0,1716.717565054688,333.6938287710076,IV1;IV2;year_1;Region_1;PMC_BERT
M4,17,2,81,37,白沙,ce6ca82c326e584d8d688a7bedd72e06f508088c933485bfbfa222c82aab7fd0,192.9951366477273,309.43019842064336,IV1;IV2;year_1;Region_1;PMC_BERT
M4,17,3,82,3,东方,ce6ca82c326e584d8d688a7bedd72e06f508088c933485bfbfa222c82aab7fd0,266.2529209872159,316.2861685532973,IV1;IV2;year_1;Region_1;PMC_BERT
M4,17,3,82,4,东莞,ce6ca82c326e584d8d688a7bedd72e06f508088c933485bfbfa222c82aab7fd0,307.5424744318183,438.2229787256788,IV1;IV2;year_1;Region_1;PMC_BERT
M4,17,3,82,10,义乌,ce6ca82c326e584d8d688a7bedd72e06f508088c933485bfbfa222c82aab7fd0,7288.761349396308,399.29941850669724,IV1;IV2;year_1;Region_1;PMC_BERT
M4,17,3,82,14,五指山,ce6ca82c326e584d8d688a7bedd72e06f508088c933485bfbfa222c82aab7fd0,273.4003661931818,332.0125709738676,IV1;IV2;year_1;Region_1;PMC_BERT
M4,17,3,82,15,佛山,ce6ca82c326e584d8d688a7bedd72e06f508088c933485bfbfa222c82aab7fd0,28.38274488636364,328.4334269333402,IV1;IV2;year_1;Region_1;PMC_BERT
M4,17,3,82,21,北海,ce6ca82c326e584d8d688a7bedd72e06f508088c933485bfbfa222c82aab7fd0,318.3245085227273,224.8348925166136,IV1;IV2;year_1;Region_1;PMC_BERT
M4,17,3,82,23,定安,ce6ca82c326e584d8d688a7bedd72e06f508088c933485bfbfa222c82aab7fd0,273.4003661931819,301.4988401086132,IV1;IV2;year_1;Region_1;PMC_BERT
M4,17,3,82,30,海口,ce6ca82c326e584d8d688a7bedd72e06f508088c933485bfbfa222c82aab7fd0,339.134276349432,365.829772458495,IV1;IV2;year_1;Region_1;PMC_BERT
M4,17,4,83,5,东营,ce6ca82c326e584d8d688a7bedd72e06f508088c933485bfbfa222c82aab7fd0,425.3271014204544,273.8623172973958,IV1;IV2;year_1;Region_1;PMC_BERT
M4,17,4,83,11,乐东,ce6ca82c326e584d8d688a7bedd72e06f508088c933485bfbfa222c82aab7fd0,51.57938057753164,304.17304698694375,IV1;IV2;year_1;Region_1;PMC_BERT
M4,17,4,83,20,北京,ce6ca82c326e584d8d688a7bedd72e06f508088c933485bfbfa222c82aab7fd0,291.2148675426136,863.6739720183293,IV1;IV2;year_1;Region_1;PMC_BERT
M4,17,4,83,25,广州,ce6ca82c326e584d8d688a7bedd72e06f508088c933485bfbfa222c82aab7fd0,164.1983198863636,631.9185643488723,IV1;IV2;year_1;Region_1;PMC_BERT
M4,17,4,83,26,惠州,ce6ca82c326e584d8d688a7bedd72e06f508088c933485bfbfa222c82aab7fd0,253.6378448863636,337.0684490000642,IV1;IV2;year_1;Region_1;PMC_BERT
M4,17,4,83,31,深圳,ce6ca82c326e584d8d688a7bedd72e06f508088c933485bfbfa222c82aab7fd0,159.7083409090909,894.7819112669548,IV1;IV2;year_1;Region_1;PMC_BERT
M4,17,4,83,32,清远,ce6ca82c326e584d8d688a7bedd72e06f508088c933485bfbfa222c82aab7fd0,375.720028409091,258.8554892854815,IV1;IV2;year_1;Region_1;PMC_BERT
M4,17,4,83,35,琼中,ce6ca82c326e584d8d688a7bedd72e06f508088c933485bfbfa222c82aab7fd0,1106.44734375,232.25408940606957,IV1;IV2;year_1;Region_1;PMC_BERT
M4,17,5,84,0,万宁,ce6ca82c326e584d8d688a7bedd72e06f508088c933485bfbfa222c82aab7fd0,148.9921240384616,419.40563555230943,IV1;IV2;year_1;Region_1;PMC_BERT
M4,17,5,84,2,上饶,ce6ca82c326e584d8d688a7bedd72e06f508088c933485bfbfa222c82aab7fd0,114.81355125,253.64551335960164,IV1;IV2;year_1;Region_1;PMC_BERT
M4,17,5,84,7,中山,ce6ca82c326e584d8d688a7bedd72e06f508088c933485bfbfa222c82aab7fd0,89.11043759098708,222.90154242938186,IV1;IV2;year_1;Region_1;PMC_BERT
M4,17,5,84,12,乐山,ce6ca82c326e584d8d688a7bedd72e06f508088c933485bfbfa222c82aab7fd0,45.02250000000001,267.0968636180889,IV1;IV2;year_1;Region_1;PMC_BERT
M4,17,5,84,24,屯昌,ce6ca82c326e584d8d688a7bedd72e06f508088c933485bfbfa222c82aab7fd0,273.4003661931819,320.23697026808526,IV1;IV2;year_1;Region_1;PMC_BERT
M4,17,5,84,27,文昌,ce6ca82c326e584d8d688a7bedd72e06f508088c933485bfbfa222c82aab7fd0,273.4003661931818,472.69455774755147,IV1;IV2;year_1;Region_1;PMC_BERT
M4,17,5,84,38,肇庆,ce6ca82c326e584d8d688a7bedd72e06f508088c933485bfbfa222c82aab7fd0,23.03745340909091,323.8464611183596,IV1;IV2;year_1;Region_1;PMC_BERT
M4,17,5,84,40,韶关,ce6ca82c326e584d8d688a7bedd72e06f508088c933485bfbfa222c82aab7fd0,547.9050852272727,215.51208634713166,IV1;IV2;year_1;Region_1;PMC_BERT
M4,18,1,85,6,中卫,ce6ca82c326e584d8d688a7bedd72e06f508088c933485bfbfa222c82aab7fd0,31.05198382826678,356.5907894198288,IV1;IV2;year_1;Region_1;PMC_BERT
M4,18,1,85,9,丽水,ce6ca82c326e584d8d688a7bedd72e06f508088c933485bfbfa222c82aab7fd0,33.76567926136365,246.64835008656325,IV1;IV2;year_1;Region_1;PMC_BERT
M4,18,1,85,10,义乌,ce6ca82c326e584d8d688a7bedd72e06f508088c933485bfbfa222c82aab7fd0,7288.761349396308,345.2739559846911,IV1;IV2;year_1;Region_1;PMC_BERT
M4,18,1,85,20,北京,ce6ca82c326e584d8d688a7bedd72e06f508088c933485bfbfa222c82aab7fd0,291.2148675426136,373.88303246379905,IV1;IV2;year_1;Region_1;PMC_BERT
M4,18,1,85,24,屯昌,ce6ca82c326e584d8d688a7bedd72e06f508088c933485bfbfa222c82aab7fd0,273.4003661931819,293.77711865023565,IV1;IV2;year_1;Region_1;PMC_BERT
M4,18,1,85,28,昌江,ce6ca82c326e584d8d688a7bedd72e06f508088c933485bfbfa222c82aab7fd0,268.7138254261364,207.4424337313204,IV1;IV2;year_1;Region_1;PMC_BERT
M4,18,1,85,31,深圳,ce6ca82c326e584d8d688a7bedd72e06f508088c933485bfbfa222c82aab7fd0,159.7083409090909,434.71906810868774,IV1;IV2;year_1;Region_1;PMC_BERT
M4,18,1,85,36,琼海,ce6ca82c326e584d8d688a7bedd72e06f508088c933485bfbfa222c82aab7fd0,1716.717565054688,265.4288974791886,IV1;IV2;year_1;Region_1;PMC_BERT
M4,18,1,85,38,肇庆,ce6ca82c326e584d8d688a7bedd72e06f508088c933485bfbfa222c82aab7fd0,23.03745340909091,187.89891582992772,IV1;IV2;year_1;Region_1;PMC_BERT
M4,18,2,86,1,上海,ce6ca82c326e584d8d688a7bedd72e06f508088c933485bfbfa222c82aab7fd0,2302.973933396464,295.061630213569,IV1;IV2;year_1;Region_1;PMC_BERT
M4,18,2,86,2,上饶,ce6ca82c326e584d8d688a7bedd72e06f508088c933485bfbfa222c82aab7fd0,114.81355125,247.87010773754417,IV1;IV2;year_1;Region_1;PMC_BERT
M4,18,2,86,5,东营,ce6ca82c326e584d8d688a7bedd72e06f508088c933485bfbfa222c82aab7fd0,425.3271014204544,316.90494586139005,IV1;IV2;year_1;Region_1;PMC_BERT
M4,18,2,86,13,九江,ce6ca82c326e584d8d688a7bedd72e06f508088c933485bfbfa222c82aab7fd0,0.0,305.24708945095745,IV1;IV2;year_1;Region_1;PMC_BERT
M4,18,2,86,14,五指山,ce6ca82c326e584d8d688a7bedd72e06f508088c933485bfbfa222c82aab7fd0,273.4003661931818,293.6036812045807,IV1;IV2;year_1;Region_1;PMC_BERT
M4,18,2,86,18,六安,ce6ca82c326e584d8d688a7bedd72e06f508088c933485bfbfa222c82aab7fd0,8.639045028409095,420.6717630900646,IV1;IV2;year_1;Region_1;PMC_BERT
M4,18,2,86,22,合肥,ce6ca82c326e584d8d688a7bedd72e06f508088c933485bfbfa222c82aab7fd0,13.19625,230.88005496041112,IV1;IV2;year_1;Region_1;PMC_BERT
M4,18,2,86,26,惠州,ce6ca82c326e584d8d688a7bedd72e06f508088c933485bfbfa222c82aab7fd0,253.6378448863636,296.4583301338227,IV1;IV2;year_1;Region_1;PMC_BERT
M4,18,3,87,0,万宁,ce6ca82c326e584d8d688a7bedd72e06f508088c933485bfbfa222c82aab7fd0,148.9921240384616,454.01927816599573,IV1;IV2;year_1;Region_1;PMC_BERT
M4,18,3,87,3,东方,ce6ca82c326e584d8d688a7bedd72e06f508088c933485bfbfa222c82aab7fd0,266.2529209872159,402.76554882681097,IV1;IV2;year_1;Region_1;PMC_BERT
M4,18,3,87,12,乐山,ce6ca82c326e584d8d688a7bedd72e06f508088c933485bfbfa222c82aab7fd0,45.02250000000001,223.79740729148946,IV1;IV2;year_1;Region_1;PMC_BERT
M4,18,3,87,16,信阳,ce6ca82c326e584d8d688a7bedd72e06f508088c933485bfbfa222c82aab7fd0,244.6035494318183,332.5827899404327,IV1;IV2;year_1;Region_1;PMC_BERT
M4,18,3,87,19,兰州,ce6ca82c326e584d8d688a7bedd72e06f508088c933485bfbfa222c82aab7fd0,32.85616429924242,361.4390318987733,IV1;IV2;year_1;Region_1;PMC_BERT
M4,18,3,87,21,北海,ce6ca82c326e584d8d688a7bedd72e06f508088c933485bfbfa222c82aab7fd0,318.3245085227273,280.35936818119905,IV1;IV2;year_1;Region_1;PMC_BERT
M4,18,3,87,30,海口,ce6ca82c326e584d8d688a7bedd72e06f508088c933485bfbfa222c82aab7fd0,339.134276349432,412.06911062800515,IV1;IV2;year_1;Region_1;PMC_BERT
M4,18,3,87,40,韶关,ce6ca82c326e584d8d688a7bedd72e06f508088c933485bfbfa222c82aab7fd0,547.9050852272727,153.58615318237455,IV1;IV2;year_1;Region_1;PMC_BERT
M4,18,4,88,4,东莞,ce6ca82c326e584d8d688a7bedd72e06f508088c933485bfbfa222c82aab7fd0,307.5424744318183,649.6013024286996,IV1;IV2;year_1;Region_1;PMC_BERT
M4,18,4,88,8,临高,ce6ca82c326e584d8d688a7bedd72e06f508088c933485bfbfa222c82aab7fd0,83.80276845703128,360.01268931544934,IV1;IV2;year_1;Region_1;PMC_BERT
M4,18,4,88,17,儋州,ce6ca82c326e584d8d688a7bedd72e06f508088c933485bfbfa222c82aab7fd0,539.7352537592891,360.01268931544934,IV1;IV2;year_1;Region_1;PMC_BERT
M4,18,4,88,25,广州,ce6ca82c326e584d8d688a7bedd72e06f508088c933485bfbfa222c82aab7fd0,164.1983198863636,450.2081890226033,IV1;IV2;year_1;Region_1;PMC_BERT
M4,18,4,88,29,汕头,ce6ca82c326e584d8d688a7bedd72e06f508088c933485bfbfa222c82aab7fd0,516.6316193181818,239.71795378344152,IV1;IV2;year_1;Region_1;PMC_BERT
M4,18,4,88,32,清远,ce6ca82c326e584d8d688a7bedd72e06f508088c933485bfbfa222c82aab7fd0,375.720028409091,223.72167284821205,IV1;IV2;year_1;Region_1;PMC_BERT
M4,18,4,88,33,澄迈,ce6ca82c326e584d8d688a7bedd72e06f508088c933485bfbfa222c82aab7fd0,647.861484375,365.4595803860205,IV1;IV2;year_1;Region_1;PMC_BERT
M4,18,4,88,34,珠海,ce6ca82c326e584d8d688a7bedd72e06f508088c933485bfbfa222c82aab7fd0,1511.786079545455,648.0029102835218,IV1;IV2;year_1;Region_1;PMC_BERT
M4,18,5,89,7,中山,ce6ca82c326e584d8d688a7bedd72e06f508088c933485bfbfa222c82aab7fd0,89.11043759098708,254.68851618097958,IV1;IV2;year_1;Region_1;PMC_BERT
M4,18,5,89,11,乐东,ce6ca82c326e584d8d688a7bedd72e06f508088c933485bfbfa222c82aab7fd0,51.57938057753164,320.14923412523046,IV1;IV2;year_1;Region_1;PMC_BERT
M4,18,5,89,15,佛山,ce6ca82c326e584d8d688a7bedd72e06f508088c933485bfbfa222c82aab7fd0,28.38274488636364,394.43447266195807,IV1;IV2;year_1;Region_1;PMC_BERT
M4,18,5,89,23,定安,ce6ca82c326e584d8d688a7bedd72e06f508088c933485bfbfa222c82aab7fd0,273.4003661931819,380.7924065178228,IV1;IV2;year_1;Region_1;PMC_BERT
M4,18,5,89,27,文昌,ce6ca82c326e584d8d688a7bedd72e06f508088c933485bfbfa222c82aab7fd0,273.4003661931818,401.10853716681936,IV1;IV2;year_1;Region_1;PMC_BERT
M4,18,5,89,35,琼中,ce6ca82c326e584d8d688a7bedd72e06f508088c933485bfbfa222c82aab7fd0,1106.44734375,249.56640769944624,IV1;IV2;year_1;Region_1;PMC_BERT
M4,18,5,89,37,白沙,ce6ca82c326e584d8d688a7bedd72e06f508088c933485bfbfa222c82aab7fd0,192.9951366477273,306.60109760340714,IV1;IV2;year_1;Region_1;PMC_BERT
M4,18,5,89,39,陵水,ce6ca82c326e584d8d688a7bedd72e06f508088c933485bfbfa222c82aab7fd0,337.1486134943182,448.8369807684592,IV1;IV2;year_1;Region_1;PMC_BERT
M4,19,1,90,3,东方,ce6ca82c326e584d8d688a7bedd72e06f508088c933485bfbfa222c82aab7fd0,266.2529209872159,274.47706523910597,IV1;IV2;year_1;Region_1;PMC_BERT
M4,19,1,90,7,中山,ce6ca82c326e584d8d688a7bedd72e06f508088c933485bfbfa222c82aab7fd0,89.11043759098708,220.61299625835335,IV1;IV2;year_1;Region_1;PMC_BERT
M4,19,1,90,13,九江,ce6ca82c326e584d8d688a7bedd72e06f508088c933485bfbfa222c82aab7fd0,0.0,316.9228884063461,IV1;IV2;year_1;Region_1;PMC_BERT
M4,19,1,90,19,兰州,ce6ca82c326e584d8d688a7bedd72e06f508088c933485bfbfa222c82aab7fd0,32.85616429924242,306.2270275354506,IV1;IV2;year_1;Region_1;PMC_BERT
M4,19,1,90,23,定安,ce6ca82c326e584d8d688a7bedd72e06f508088c933485bfbfa222c82aab7fd0,273.4003661931819,346.70686098363524,IV1;IV2;year_1;Region_1;PMC_BERT
M4,19,1,90,30,海口,ce6ca82c326e584d8d688a7bedd72e06f508088c933485bfbfa222c82aab7fd0,339.134276349432,302.5951179472937,IV1;IV2;year_1;Region_1;PMC_BERT
M4,19,1,90,34,珠海,ce6ca82c326e584d8d688a7bedd72e06f508088c933485bfbfa222c82aab7fd0,1511.786079545455,529.1886654515837,IV1;IV2;year_1;Region_1;PMC_BERT
M4,19,1,90,36,琼海,ce6ca82c326e584d8d688a7bedd72e06f508088c933485bfbfa222c82aab7fd0,1716.717565054688,353.88714865436435,IV1;IV2;year_1;Region_1;PMC_BERT
M4,19,1,90,40,韶关,ce6ca82c326e584d8d688a7bedd72e06f508088c933485bfbfa222c82aab7fd0,547.9050852272727,162.13401125108751,IV1;IV2;year_1;Region_1;PMC_BERT
M4,19,2,91,6,中卫,ce6ca82c326e584d8d688a7bedd72e06f508088c933485bfbfa222c82aab7fd0,31.05198382826678,357.42588664776366,IV1;IV2;year_1;Region_1;PMC_BERT
M4,19,2,91,9,丽水,ce6ca82c326e584d8d688a7bedd72e06f508088c933485bfbfa222c82aab7fd0,33.76567926136365,318.5096702650946,IV1;IV2;year_1;Region_1;PMC_BERT
M4,19,2,91,11,乐东,ce6ca82c326e584d8d688a7bedd72e06f508088c933485bfbfa222c82aab7fd0,51.57938057753164,363.25032652472134,IV1;IV2;year_1;Region_1;PMC_BERT
M4,19,2,91,14,五指山,ce6ca82c326e584d8d688a7bedd72e06f508088c933485bfbfa222c82aab7fd0,273.4003661931818,357.3751651223488,IV1;IV2;year_1;Region_1;PMC_BERT
M4,19,2,91,22,合肥,ce6ca82c326e584d8d688a7bedd72e06f508088c933485bfbfa222c82aab7fd0,13.19625,300.4155329302747,IV1;IV2;year_1;Region_1;PMC_BERT
M4,19,2,91,28,昌江,ce6ca82c326e584d8d688a7bedd72e06f508088c933485bfbfa222c82aab7fd0,268.7138254261364,385.08819939652057,IV1;IV2;year_1;Region_1;PMC_BERT
M4,19,2,91,33,澄迈,ce6ca82c326e584d8d688a7bedd72e06f508088c933485bfbfa222c82aab7fd0,647.861484375,405.0406486316665,IV1;IV2;year_1;Region_1;PMC_BERT
M4,19,2,91,38,肇庆,ce6ca82c326e584d8d688a7bedd72e06f508088c933485bfbfa222c82aab7fd0,23.03745340909091,376.3375254231723,IV1;IV2;year_1;Region_1;PMC_BERT
M4,19,3,92,2,上饶,ce6ca82c326e584d8d688a7bedd72e06f508088c933485bfbfa222c82aab7fd0,114.81355125,292.9574490279784,IV1;IV2;year_1;Region_1;PMC_BERT
M4,19,3,92,4,东莞,ce6ca82c326e584d8d688a7bedd72e06f508088c933485bfbfa222c82aab7fd0,307.5424744318183,667.3095007880994,IV1;IV2;year_1;Region_1;PMC_BERT
M4,19,3,92,5,东营,ce6ca82c326e584d8d688a7bedd72e06f508088c933485bfbfa222c82aab7fd0,425.3271014204544,271.10981346411154,IV1;IV2;year_1;Region_1;PMC_BERT
M4,19,3,92,15,佛山,ce6ca82c326e584d8d688a7bedd72e06f508088c933485bfbfa222c82aab7fd0,28.38274488636364,468.2636999957707,IV1;IV2;year_1;Region_1;PMC_BERT
M4,19,3,92,18,六安,ce6ca82c326e584d8d688a7bedd72e06f508088c933485bfbfa222c82aab7fd0,8.639045028409095,420.3590371197489,IV1;IV2;year_1;Region_1;PMC_BERT
M4,19,3,92,27,文昌,ce6ca82c326e584d8d688a7bedd72e06f508088c933485bfbfa222c82aab7fd0,273.4003661931818,403.11822057476644,IV1;IV2;year_1;Region_1;PMC_BERT
M4,19,3,92,29,汕头,ce6ca82c326e584d8d688a7bedd72e06f508088c933485bfbfa222c82aab7fd0,516.6316193181818,244.48906922595535,IV1;IV2;year_1;Region_1;PMC_BERT
M4,19,3,92,35,琼中,ce6ca82c326e584d8d688a7bedd72e06f508088c933485bfbfa222c82aab7fd0,1106.44734375,201.32257575052546,IV1;IV2;year_1;Region_1;PMC_BERT
M4,19,4,93,1,上海,ce6ca82c326e584d8d688a7bedd72e06f508088c933485bfbfa222c82aab7fd0,2302.973933396464,336.3991826157646,IV1;IV2;year_1;Region_1;PMC_BERT
M4,19,4,93,8,临高,ce6ca82c326e584d8d688a7bedd72e06f508088c933485bfbfa222c82aab7fd0,83.80276845703128,466.0991626725659,IV1;IV2;year_1;Region_1;PMC_BERT
M4,19,4,93,12,乐山,ce6ca82c326e584d8d688a7bedd72e06f508088c933485bfbfa222c82aab7fd0,45.02250000000001,268.00759664942353,IV1;IV2;year_1;Region_1;PMC_BERT
M4,19,4,93,16,信阳,ce6ca82c326e584d8d688a7bedd72e06f508088c933485bfbfa222c82aab7fd0,244.6035494318183,319.0049033071846,IV1;IV2;year_1;Region_1;PMC_BERT
M4,19,4,93,21,北海,ce6ca82c326e584d8d688a7bedd72e06f508088c933485bfbfa222c82aab7fd0,318.3245085227273,309.0254019795739,IV1;IV2;year_1;Region_1;PMC_BERT
M4,19,4,93,26,惠州,ce6ca82c326e584d8d688a7bedd72e06f508088c933485bfbfa222c82aab7fd0,253.6378448863636,330.3805250265515,IV1;IV2;year_1;Region_1;PMC_BERT
M4,19,4,93,37,白沙,ce6ca82c326e584d8d688a7bedd72e06f508088c933485bfbfa222c82aab7fd0,192.9951366477273,318.1216947990931,IV1;IV2;year_1;Region_1;PMC_BERT
M4,19,4,93,39,陵水,ce6ca82c326e584d8d688a7bedd72e06f508088c933485bfbfa222c82aab7fd0,337.1486134943182,449.27766113293814,IV1;IV2;year_1;Region_1;PMC_BERT
M4,19,5,94,0,万宁,ce6ca82c326e584d8d688a7bedd72e06f508088c933485bfbfa222c82aab7fd0,148.9921240384616,426.5322980499948,IV1;IV2;year_1;Region_1;PMC_BERT
M4,19,5,94,10,义乌,ce6ca82c326e584d8d688a7bedd72e06f508088c933485bfbfa222c82aab7fd0,7288.761349396308,417.34158737279137,IV1;IV2;year_1;Region_1;PMC_BERT
M4,19,5,94,17,儋州,ce6ca82c326e584d8d688a7bedd72e06f508088c933485bfbfa222c82aab7fd0,539.7352537592891,311.5716940478766,IV1;IV2;year_1;Region_1;PMC_BERT
M4,19,5,94,20,北京,ce6ca82c326e584d8d688a7bedd72e06f508088c933485bfbfa222c82aab7fd0,291.2148675426136,430.44339969739036,IV1;IV2;year_1;Region_1;PMC_BERT
M4,19,5,94,24,屯昌,ce6ca82c326e584d8d688a7bedd72e06f508088c933485bfbfa222c82aab7fd0,273.4003661931819,280.6633809422231,IV1;IV2;year_1;Region_1;PMC_BERT
M4,19,5,94,25,广州,ce6ca82c326e584d8d688a7bedd72e06f508088c933485bfbfa222c82aab7fd0,164.1983198863636,327.16956112649336,IV1;IV2;year_1;Region_1;PMC_BERT
M4,19,5,94,31,深圳,ce6ca82c326e584d8d688a7bedd72e06f508088c933485bfbfa222c82aab7fd0,159.7083409090909,455.4000100381901,IV1;IV2;year_1;Region_1;PMC_BERT
M4,19,5,94,32,清远,ce6ca82c326e584d8d688a7bedd72e06f508088c933485bfbfa222c82aab7fd0,375.720028409091,222.2019064072462,IV1;IV2;year_1;Region_1;PMC_BERT
M4,20,1,95,5,东营,ce6ca82c326e584d8d688a7bedd72e06f508088c933485bfbfa222c82aab7fd0,425.3271014204544,298.0219252218148,IV1;IV2;year_1;Region_1;PMC_BERT
M4,20,1,95,8,临高,ce6ca82c326e584d8d688a7bedd72e06f508088c933485bfbfa222c82aab7fd0,83.80276845703128,434.1882342715469,IV1;IV2;year_1;Region_1;PMC_BERT
M4,20,1,95,9,丽水,ce6ca82c326e584d8d688a7bedd72e06f508088c933485bfbfa222c82aab7fd0,33.76567926136365,283.8184063952172,IV1;IV2;year_1;Region_1;PMC_BERT
M4,20,1,95,19,兰州,ce6ca82c326e584d8d688a7bedd72e06f508088c933485bfbfa222c82aab7fd0,32.85616429924242,397.1288422237855,IV1;IV2;year_1;Region_1;PMC_BERT
M4,20,1,95,22,合肥,ce6ca82c326e584d8d688a7bedd72e06f508088c933485bfbfa222c82aab7fd0,13.19625,253.70261949843012,IV1;IV2;year_1;Region_1;PMC_BERT
M4,20,1,95,23,定安,ce6ca82c326e584d8d688a7bedd72e06f508088c933485bfbfa222c82aab7fd0,273.4003661931819,338.9386438525009,IV1;IV2;year_1;Region_1;PMC_BERT
M4,20,1,95,36,琼海,ce6ca82c326e584d8d688a7bedd72e06f508088c933485bfbfa222c82aab7fd0,1716.717565054688,381.94103065171333,IV1;IV2;year_1;Region_1;PMC_BERT
M4,20,1,95,39,陵水,ce6ca82c326e584d8d688a7bedd72e06f508088c933485bfbfa222c82aab7fd0,337.1486134943182,361.57668377619717,IV1;IV2;year_1;Region_1;PMC_BERT
M4,20,1,95,40,韶关,ce6ca82c326e584d8d688a7bedd72e06f508088c933485bfbfa222c82aab7fd0,547.9050852272727,153.33421789615028,IV1;IV2;year_1;Region_1;PMC_BERT
M4,20,2,96,6,中卫,ce6ca82c326e584d8d688a7bedd72e06f508088c933485bfbfa222c82aab7fd0,31.05198382826678,324.7791397055308,IV1;IV2;year_1;Region_1;PMC_BERT
M4,20,2,96,10,义乌,ce6ca82c326e584d8d688a7bedd72e06f508088c933485bfbfa222c82aab7fd0,7288.761349396308,294.1032220635972,IV1;IV2;year_1;Region_1;PMC_BERT
M4,20,2,96,13,九江,ce6ca82c326e584d8d688a7bedd72e06f508088c933485bfbfa222c82aab7fd0,0.0,242.89484842535975,IV1;IV2;year_1;Region_1;PMC_BERT
M4,20,2,96,18,六安,ce6ca82c326e584d8d688a7bedd72e06f508088c933485bfbfa222c82aab7fd0,8.639045028409095,351.0805100964642,IV1;IV2;year_1;Region_1;PMC_BERT
M4,20,2,96,20,北京,ce6ca82c326e584d8d688a7bedd72e06f508088c933485bfbfa222c82aab7fd0,291.2148675426136,297.32962789575777,IV1;IV2;year_1;Region_1;PMC_BERT
M4,20,2,96,34,珠海,ce6ca82c326e584d8d688a7bedd72e06f508088c933485bfbfa222c82aab7fd0,1511.786079545455,336.2007611782872,IV1;IV2;year_1;Region_1;PMC_BERT
M4,20,2,96,35,琼中,ce6ca82c326e584d8d688a7bedd72e06f508088c933485bfbfa222c82aab7fd0,1106.44734375,268.31979086734776,IV1;IV2;year_1;Region_1;PMC_BERT
M4,20,2,96,37,白沙,ce6ca82c326e584d8d688a7bedd72e06f508088c933485bfbfa222c82aab7fd0,192.9951366477273,337.08490656611013,IV1;IV2;year_1;Region_1;PMC_BERT
M4,20,3,97,4,东莞,ce6ca82c326e584d8d688a7bedd72e06f508088c933485bfbfa222c82aab7fd0,307.5424744318183,660.2825735207149,IV1;IV2;year_1;Region_1;PMC_BERT
M4,20,3,97,11,乐东,ce6ca82c326e584d8d688a7bedd72e06f508088c933485bfbfa222c82aab7fd0,51.57938057753164,408.65372364394085,IV1;IV2;year_1;Region_1;PMC_BERT
M4,20,3,97,14,五指山,ce6ca82c326e584d8d688a7bedd72e06f508088c933485bfbfa222c82aab7fd0,273.4003661931818,363.4704957110002,IV1;IV2;year_1;Region_1;PMC_BERT
M4,20,3,97,15,佛山,ce6ca82c326e584d8d688a7bedd72e06f508088c933485bfbfa222c82aab7fd0,28.38274488636364,397.1844562583994,IV1;IV2;year_1;Region_1;PMC_BERT
M4,20,3,97,16,信阳,ce6ca82c326e584d8d688a7bedd72e06f508088c933485bfbfa222c82aab7fd0,244.6035494318183,330.3021139531597,IV1;IV2;year_1;Region_1;PMC_BERT
M4,20,3,97,24,屯昌,ce6ca82c326e584d8d688a7bedd72e06f508088c933485bfbfa222c82aab7fd0,273.4003661931819,344.31595458118255,IV1;IV2;year_1;Region_1;PMC_BERT
M4,20,3,97,28,昌江,ce6ca82c326e584d8d688a7bedd72e06f508088c933485bfbfa222c82aab7fd0,268.7138254261364,353.33960490266224,IV1;IV2;year_1;Region_1;PMC_BERT
M4,20,3,97,38,肇庆,ce6ca82c326e584d8d688a7bedd72e06f508088c933485bfbfa222c82aab7fd0,23.03745340909091,319.76113771915686,IV1;IV2;year_1;Region_1;PMC_BERT
M4,20,4,98,1,上海,ce6ca82c326e584d8d688a7bedd72e06f508088c933485bfbfa222c82aab7fd0,2302.973933396464,399.197596115039,IV1;IV2;year_1;Region_1;PMC_BERT
M4,20,4,98,2,上饶,ce6ca82c326e584d8d688a7bedd72e06f508088c933485bfbfa222c82aab7fd0,114.81355125,194.19861712416494,IV1;IV2;year_1;Region_1;PMC_BERT
M4,20,4,98,17,儋州,ce6ca82c326e584d8d688a7bedd72e06f508088c933485bfbfa222c82aab7fd0,539.7352537592891,345.27489232698537,IV1;IV2;year_1;Region_1;PMC_BERT
M4,20,4,98,21,北海,ce6ca82c326e584d8d688a7bedd72e06f508088c933485bfbfa222c82aab7fd0,318.3245085227273,281.93061521146495,IV1;IV2;year_1;Region_1;PMC_BERT
M4,20,4,98,25,广州,ce6ca82c326e584d8d688a7bedd72e06f508088c933485bfbfa222c82aab7fd0,164.1983198863636,320.6319026287276,IV1;IV2;year_1;Region_1;PMC_BERT
M4,20,4,98,26,惠州,ce6ca82c326e584d8d688a7bedd72e06f508088c933485bfbfa222c82aab7fd0,253.6378448863636,330.6344981374291,IV1;IV2;year_1;Region_1;PMC_BERT
M4,20,4,98,29,汕头,ce6ca82c326e584d8d688a7bedd72e06f508088c933485bfbfa222c82aab7fd0,516.6316193181818,232.14225320690917,IV1;IV2;year_1;Region_1;PMC_BERT
M4,20,4,98,32,清远,ce6ca82c326e584d8d688a7bedd72e06f508088c933485bfbfa222c82aab7fd0,375.720028409091,220.7970416936352,IV1;IV2;year_1;Region_1;PMC_BERT
M4,20,5,99,0,万宁,ce6ca82c326e584d8d688a7bedd72e06f508088c933485bfbfa222c82aab7fd0,148.9921240384616,470.4611731820575,IV1;IV2;year_1;Region_1;PMC_BERT
M4,20,5,99,3,东方,ce6ca82c326e584d8d688a7bedd72e06f508088c933485bfbfa222c82aab7fd0,266.2529209872159,357.37876118685335,IV1;IV2;year_1;Region_1;PMC_BERT
M4,20,5,99,7,中山,ce6ca82c326e584d8d688a7bedd72e06f508088c933485bfbfa222c82aab7fd0,89.11043759098708,257.80166150853574,IV1;IV2;year_1;Region_1;PMC_BERT
M4,20,5,99,12,乐山,ce6ca82c326e584d8d688a7bedd72e06f508088c933485bfbfa222c82aab7fd0,45.02250000000001,246.65835770148277,IV1;IV2;year_1;Region_1;PMC_BERT
M4,20,5,99,27,文昌,ce6ca82c326e584d8d688a7bedd72e06f508088c933485bfbfa222c82aab7fd0,273.4003661931818,429.9163310804777,IV1;IV2;year_1;Region_1;PMC_BERT
M4,20,5,99,30,海口,ce6ca82c326e584d8d688a7bedd72e06f508088c933485bfbfa222c82aab7fd0,339.134276349432,451.45416841092157,IV1;IV2;year_1;Region_1;PMC_BERT
M4,20,5,99,31,深圳,ce6ca82c326e584d8d688a7bedd72e06f508088c933485bfbfa222c82aab7fd0,159.7083409090909,762.9307854114465,IV1;IV2;year_1;Region_1;PMC_BERT
M4,20,5,99,33,澄迈,ce6ca82c326e584d8d688a7bedd72e06f508088c933485bfbfa222c82aab7fd0,647.861484375,386.85979559906843,IV1;IV2;year_1;Region_1;PMC_BERT
