city_key,city,source_id,basis_category,multiplier_or_floor,release_trigger_category,schedule_form_category,intermediate_steps_category,terminal_condition_category,final_retained_5pct,extra_condition_after_first_registration,n_release_steps,share_drawable_at_topout,final_retained_share,n_release_steps_status,share_drawable_at_topout_status,final_retained_share_status,evidence_excerpt,full_policy_text_used,source_file,source_sheet,dep_template_id,dep_stage_count_total,dep_active_stage_count,dep_stage_keys,dep_stage_names,dep_active_stage_names,dep_stage_mapping_status,dep_topout_stage_key,dep_registration_stage_key,dep_n_release_steps,dep_share_drawable_at_topout,dep_final_retained_share,dep_topout_status,dep_final_retained_status,dep_attribute_layer,dep_stage_ratio_definition,dep_source_file,dep_source_workbook,dep_mapping_version,id,year,Region,city_model,Province,content,processed_text,PMC_Frequency,PMC_BERT,PMC_T,PMC_I,IV1,IV2,IV3,IV4,Dep_reg,Dep_engine_original,peak_exposure,peak_funding_cost,n_stages,lpr_multiplier,monthly_rate,stage_1_ratio,stage_1_label,stage_1_first_cohort,stage_1_last_cohort,stage_1_cost,stage_1_hold_mean,stage_2_ratio,stage_2_label,stage_2_first_cohort,stage_2_last_cohort,stage_2_cost,stage_2_hold_mean,stage_3_ratio,stage_3_label,stage_3_first_cohort,stage_3_last_cohort,stage_3_cost,stage_3_hold_mean,stage_4_ratio,stage_4_label,stage_4_first_cohort,stage_4_last_cohort,stage_4_cost,stage_4_hold_mean,stage_5_ratio,stage_5_label,stage_5_first_cohort,stage_5_last_cohort,stage_5_cost,stage_5_hold_mean,Region_1,year_1,Dep
万宁,万宁,wanning-3,approved construction cost,,successive inspection stages,drawdown ceiling,specified but count unavailable,condition beyond first registration,True,True,,,0.05,not explicitly countable from retained excerpt,not explicitly parseable from retained excerpt,manual 5% retained flag,监管额度 第十五条 商品房预售资金监管额度以项目建筑、安装、装修和区内配套建设等成本费用（含税）等合同约定费用以及项目正常支出费用等综合确定，监管额度须在商品房预售资金监管协议中载明 | 监管账户内的预售资金，并启动应急措施，协调相关部门监督监管账户内资金使用： 1.房地产开发企业存在违法违规行为导致工程停工的 | 完成房屋所有权首次登记后，解除资金监管,True,policy_identification_filled.xlsx,City_audit,4stage_Mcost,4,4,stage_1|stage_2|stage_3|stage_4,主体|装修|竣备|确权,主体|装修|竣备|确权,complete_named_milestones,stage_1,stage_4,4,0.3,0.625,cumulative_same_denominator_stage_shares,terminal_stage_share:within_cohort_amount_share,expert_calibrated_operational_proxy_pending_source_mapping,monthly-revenue stage ratio or within-cohort amount share; not automatically a policy percentage,external/Modelling Dep/41_Cities_Dep/city_catalog.json,data/pmc_data.xlsx,dep-operational-h1-v1,wanning-3,2023,三线,万宁,Hainan,"万宁市人民政府办公室关于印发
万宁市商品房预售资金监管实施细则的通知
各镇人民政府，兴隆华侨旅游经济区管委会，市政府直属各单位：
《万宁市商品房预售资金监管实施细则》已经十六届市政府第37次常务会议审议通过，现印发给你们，请认真组织实施。
万宁市人民政府办公室
2023年9月14日
（此件主动公开）




万宁市商品房预售资金监管实施细则
第一章 总 则
为规范我市商品房预售资金（以下简称预售资金）监督管理，保障房地产项目竣工交付，防范房地产交易风险，维护购房人合法权益，促进房地产市场平稳健康发展，切实落实《海南省商品房预售资金监管办法》各项规定要求，结合我市实际，制定本实施细则（以下简称“本细则”）。
第一条 凡在我市行政区域内批准预售的商品房项目，其预售资金的收存、支出和监督管理工作，适用本细则。
第二条 万宁市住房和城乡建设局是我市商品房预售资金监管的主管部门（以下简称“市住建部门”），市住建部门可以委托具有资质的第三方机构承担本市商品房预售资金监管的相关工作。
第三条 监管银行应具备保证资金监管安全、规范运行所需的金融管理业务能力及能与监管部门商品房预售资金监管系统联网并实现信息即时传递与交换的网络技术条件。
第四条 商品房预售资金监管遵循“专户专存、专款专用、全程监管、节点控制、多方监督”原则，确保商品房预售资金用于该商品房项目工程建设。
第五条 预售资金监管期限自取得《商品房预售许可证》开始，至项目完成房屋所有权首次登记后，解除资金监管。
第二章 监管账户的开立
第六条 商品房预售资金监管银行的确定
全市商品房预售资金监管银行由市住建部门会同人行、银保监部门通过公开招标的方式，确定一批符合承接商品房预售资金监管业务条件的商业银行，列明具体承办商品房预售资金监管业务的支行名单，建立监管银行库，并向社会公示，由各房地产开发企业自行选择。
监管银行库实行动态管理。违反相关规定的商业银行，不再保留在监管银行库中。
第七条 房地产开发企业申请办理《商品房预售许可证》前，应在我市监管银行库选择一家商业银行按照一次商品房预售许可申请对应一个账户的原则开立监管账户。
第八条 开立监管账户的程序
（一）申请
房地产开发企业持以下材料向市住建部门申请开立监管账户：
1.开户申请书；
2.开发企业营业执照正副本；
3.资金使用计划书；
4.土地使用权证；
5.建设工程规划许可证、施工许可证；
6.测绘报告；
7.项目建设方案及施工进度表；
8.经办人身份证、委托书；
9.其他应当提供的材料。
（二）审核
市住建部门受理申请后3个工作日内完成审核，审核通过的，向房地产开发企业出具《商品房预售资金监管账户开户通知书》。
（三）银行开户
房地产开发企业持《商品房预售资金监管账户开户通知书》到商业银行开立监管账户。预售资金监管账户的性质为专用存款账户，户名应由房地产开发企业名称和规划批准的项目名称组成，其中房地产开发企业名称须与该企业基本存款账户名称一致，预留银行签章上的名称须与资金账户的名称一致。
第三章 三方监管协议的签订
第九条 房地产开发企业在办理《商品房预售许可证》前，须与开立监管账户的商业银行（即“监管银行”）和市住建部门签订三方监管协议。监管协议中应载明房地产开发企业名称、项目名称、坐落、国有土地使用证号、土地面积、总建筑面积、总套数、工程预算清册总额、监管银行、监管账户名称和账号等相关信息。
未签订三方监管协议的房地产项目，市审批部门不予发放《商品房预售许可证》。
已按原《海南省商品房预售资金监管暂行办法》规定签订了预售资金监管协议的预售商品房项目，按照本细则精神补充签订三方监管协议。
第十条 房地产开发企业在取得《商品房预售许可证》后，应将商品房预售资金监管相关规定告知购房人，将预售资金监管开户银行及预售资金监管账户、账号等信息在商品房销售场所显著位置公示，并在《商品房买卖合同》中载明。
第四章 预售资金的收存
第十一条 商品房预售资金应全部直接存入监管账户进行全程管理，开发企业不得直接收取或另设账户收存购房人的购房款。
第十二条 按揭贷款购买商品房的，其按揭贷款由贷款银行直接转入监管账户，并注明用途。
第十三条 分期或其他付款方式购买商品房的，在签订《商品房买卖合同》中，必须注明付款次数，每次付款金额和付款时间，并按合同约定及时将购房款存入监管账户。
第十四条 监管银行应以楼盘表编制的幢为单位，根据楼盘表网签成交信息、合同约定的购房款支付信息，实时掌握该幢房屋己销售房号和应进入监管账户的购房款金额，并按幢按套建立购房款明细管理台账，做到专款专用。

第五章 预售资金监管额度
第十五条 商品房预售资金监管额度以项目建筑、安装、装修和区内配套建设等成本费用（含税）等合同约定费用以及项目正常支出费用等综合确定，监管额度须在商品房预售资金监管协议中载明。
商品房预售资金实行全程监管，监管额度内的资金只能用于支付本项目工程建设进度款、建筑材料、配套设施、设备、全装修工程进度款等款项以及法定税费等。超出监管额度的预售资金，开发企业可以提取进行使用。监管银行不得擅自划扣监管额度内的资金。商品房预售资金监管账户不得开通网上银行功能和自动扣款等转账业务，设立子公司的房地产开发企业，集团公司不得抽调。
第十六条 使用监管额度内资金应以项目工程进度和资金使用计划为依据，按照项目建设进度达到主体分部验收、装修分部验收、竣工验收、联合验收、房屋首次登记等环节设置资金使用节点：
（一）项目主体分部验收时，使用资金额度不得超过监管资金额度总额的30%；
（二）项目装修分部验收时，使用资金额度不得超过监管资金额度总额的30%；
（三）项目完成竣工验收、联合验收时，使用资金额度不得超过监管资金额度额度总额的30%；
（四）项目完成首次登记时，使用资金额度为监管资金额度总额的10%，同时监管终止。
对于部分没有装修的商品房项目，项目主体分部验收至项目完成竣工验收之间可视项目进度情况申请使用监管资金，额度不得超过监管资金额度总额的30%，项目完成首次登记前，监管帐户内的资金余额不得低于监管资金额度总额的5%。
第十七条 开发企业应按照监管协议所确定的资金使用节点向市住建部门提出使用预售资金申请，并提交相应材料：
（一）商品房预售资金使用申请书。
（二）用于支付工程款的，提供工程建设合同及工程监理机构出具的施工进度资料及影像资料。
（三）用于支付工程建设所需的建筑材料、设备款项的，提供与供应商签订的购销合同。
（四）用于支付工程监理或其他行政事业性收费的，提供合同或缴费通知。
（五）其他应当提供的材料。
首次拨付款后，每次申请拨款时还应当提交上一次申请用款事项的转款回单。如支付工程款的，则需提交监理单位对相应款项使用情况的证明材料。
申请材料审核合格后，由市住建部门在3个工作日内出具同意拨付证明，监管银行应及时拨付。监管银行违反预售资金三方监管协议，未经市住建部门核实同意，擅自拨付监管额度内资金的，应当负责追回资金，无法追回的依法承担相应赔偿责任。
第六章 不明入账的处理
第十八条 购房人通过电汇、网上银行转账等方式交存购房款或者预售资金划拨过程中因拨付失败返回资金监管账户形成的不明入账，开发企业应当及时予以划分确认，划分确认后方可申请使用该部分资金。
第十九条 属于资金错误划入监管账户的，开发企业应当提交以下资料向市住建部门申请办理《不明入账退款通知书》：
（1）不明入账退款申请表；
（2）开户银行出具的证明文件；
（3）企业营业执照及经办人身份证、委托书。
由于发放购房贷款或者银行汇款等原因造成资金错误划入监管账户的，还应当提供相关发起银行出具的证明文件。
市住建部门受理申请后2个工作日内完成审核。审核通过的，向开发企业出具《不明入账退款通知书》。开发企业于2个工作日内持《不明入账退款通知书》到开户银行办理退款手续。
第七章 监管账户的注销、变更
第二十条 监管项目办理房屋所有权首次登记后，开发企业可以申请注销监管。注销监管后的账户和剩余资金由开发企业自行处理。
第二十一条 开发企业申请办理《注销监管通知书》，应当提交以下材料：
（1）注销监管申请表；
（2）具备办理产权转移登记证明材料；
（3）企业营业执照及经办人身份证、委托书。
市住建部门受理申请审核通过后，向房地产开发企业出具《注销监管通知书》。房地产开发企业持《注销监管通知书》到开户银行办理注销监管账户手续。 
第二十二条 预售商品房项目发生监管银行或监管账户变更的，可以申请变更，变更期间该监管账户对应的《商品房预售许可证》范围内的商品房不得销售。
房地产开发企业变更监管银行或监管账户的，须与原监管银行、市住建部门协商同意解除原三方监管协议，重新签订新的三方监管协议，原监管账户中的预售资金全部转入新的监管账户。
房地产开发企业应持以下材料申请变更监管银行或监管账户：
1.监管账户（银行）变更申请书；
2.原监管账户开户通知书及开户证明等相关材料；
3.企业营业执照及经办人身份证、委托书；
4.凡已签订三方监管协议的，房地产开发企业还应当交回原三方监管协议原件。
市住建部门受理监管账户变更申请后3个工作日内完成审核，审核通过的，书面通知监管银行，办理变更相关手续。
第八章 监督管理
第二十三条 市住建部门应当加强对房地产开发企业执行预售资金监管制度情况的日常检查和监督，有以下情形的，可书面通知监管银行暂停拨付监管账户内的预售资金，并启动应急措施，协调相关部门监督监管账户内资金使用：
1.房地产开发企业存在违法违规行为导致工程停工的。
2.预售项目发生质量事故或存在严重质量问题的。
3.预售项目未按期交付使用或存在不能按期交付风险的。
4.项目存在违法违规建设和销售的。
5.项目存在严重债务和劳务纠纷的。
6.应当暂停拨付的其他情形。
第二十四条 房地产开发企业所提供的资金监管和拨付的相关材料须真实准确，提供材料不真实准确的，追究该企业的相关法律和经济责任。
第二十五条 房地产开发企业未按规定收存该项目资金的，除应将应存资金足额存入监管账户，还应承担相应的法律和经济责任。由此造成损失的，承担赔偿责任，情节严重的，由市住建部门将其列为不良企业并公开曝光。
第二十六条 房地产开发企业未按销售方案或计划擅自销售项目楼房造成不良影响的，相关单位和个人将由市住建部门列为不良企业及不良行为人员并公开曝光，涉嫌违法犯罪的，移交司法机关处理。
第二十七条 房地产开发企业未经同意另行设立账户收存本项目商品房预售资金的，视同刻意抽逃资金规避监管，市住建部门有权申请有关部门冻结该账户，同时依法追究房地产开发企业法定代表人法律责任。
第二十八条 施工单位、监理单位提供虚假证明或采用其他方式协助开发企业违规支取预售资金的，由市住建部门依法对相关责任单位和责任人进行处理。违反相关法律、法规、规章规定的，依照有关规定处罚。
第二十九条 监管银行未按照规定或未按照商品房预售资金监管协议约定，擅自收存、管理以开发企业名义转入的资金，未按规定监控、反馈购房贷款入账情况，擅自拨付资金，或存在其他违规行为的，依法承担相应法律责任。
第三十条 监管银行应及时向市住建部门上报监管账户信息，若因不及时上报造成损失的，监管银行应承担相应的法律责任。
第三十一条 相关部门及其工作人员在预售资金监管工作中玩忽职守、滥用职权、徇私舞弊的，依法追究责任。
第九章 附 则
第三十二条 本细则由市住建部门会同人行、金融监管部门负责解释。
第三十三条 本细则自印发之日起实施。",万宁市 人民政府 办公室 关于 印发 万宁市 商品房 预售 资金 监管 实施细则 通知 各镇 人民政府 兴隆 华侨 旅游 经济区 管委会 市政府 直属 单位 万宁市 商品房 预售 资金 监管 实施细则 已经 十六届 市政府 常务会议 审议 通过 印发 你们 认真 组织 实施 万宁市 人民政府 办公室 此件 主动 公开 万宁市 商品房 预售 资金 监管 实施细则 第一章 规范 我市 商品房 预售 资金 以下 简称 预售 资金 监督管理 保障 房地产 项目 竣工 交付 防范 房地产 交易 风险 维护 购房人 合法权益 促进 房地产 市场 平稳 健康 发展 切实落实 海南省 商品房 预售 资金 监管 办法 各项规定 要求 结合 我市 实际 制定 实施细则 以下 简称 本细则 第一条 我市 行政区域 批准 预售 商品房 项目 预售 资金 收存 支出 监督管理 工作 适用 本细则 第二条 万宁市 住房 城乡 建设局 我市 商品房 预售 资金 监管 主管部门 以下 简称 市住 部门 市住 部门 可以 委托 具有 资质 第三方 机构 承担 本市 商品房 预售 资金 监管 相关 工作 第三条 监管 银行 具备 保证 资金 监管 安全 规范 运行 金融管理 业务 能力 及能 监管部门 商品房 预售 资金 监管 系统 联网 实现 信息 即时 传递 交换 网络 技术 条件 第四条 商品房 预售 资金 监管 遵循 专户 专存 专款专用 全程 监管 节点 控制 多方 监督 原则 确保 商品房 预售 资金 用于 商品房 项目 工程建设 第五条 预售 资金 监管 期限 取得 商品房 预售 许可证 开始 项目 完成 房屋 所有权 首次 登记 解除 资金 监管 第二章 监管 账户 开立 第六条 商品房 预售 资金 监管 银行 确定 全市 商品房 预售 资金 监管 银行 由市 部门 会同 人行 银保监 部门 通过 公开招标 方式 确定 一批 符合 承接 商品房 预售 资金 监管 业务 条件 商业银行 列明 具体 承办 商品房 预售 资金 监管 业务 支行 名单 建立 监管 银行 社会 公示 房地产 开发 企业 自行 选择 监管 银行 实行 动态 管理 违反 相关 规定 商业银行 不再 保留 监管 银行 库中 第七条 房地产 开发 企业 申请 办理 商品房 预售 许可证 我市 监管 银行 选择 一家 商业银行 按照 一次 商品房 预售 许可 申请 对应 一个 账户 原则 开立 监管 账户 第八条 开立 监管 账户 程序 申请 房地产 开发 企业 以下 材料 向市 部门 申请 开立 监管 账户 开户 申请书 开发 企业 营业执照 正副 资金 使用 计划书 土地 使用 权证 建设工程 规划 许可证 施工 许可证 测绘 报告 项目 建设 方案 施工进度 经办人 身份证 委托书 其他 应当 提供 材料 审核 市住 部门 受理 申请 工作日内 完成 审核 审核 通过 房地产 开发 企业 出具 商品房 预售 资金 监管 账户 开户 通知书 银行 开户 房地产 开发 企业 商品房 预售 资金 监管 账户 开户 通知书 商业银行 开立 监管 账户 预售 资金 监管 账户 性质 专用 存款 账户 户名 应由 房地产 开发 企业 名称 规划 批准 项目名称 组成 其中 房地产 开发 企业 名称 企业 基本 存款 账户 名称 一致 预留 银行 签章 名称 资金 账户 名称 一致 第三章 三方 监管 协议 签订 第九条 房地产 开发 企业 办理 商品房 预售 许可证 开立 监管 账户 商业银行 监管 银行 部门 签订 三方 监管 协议 监管 协议 中应 载明 房地产 开发 企业 名称 项目名称 坐落 国有土地 使用证 土地 面积 建筑面积 套数 工程预算 清册 总额 监管 银行 监管 账户 名称 账号 相关 信息 签订 三方 监管 协议 房地产 项目 审批 部门 不予 发放 商品房 预售 许可证 按原 海南省 商品房 预售 资金 监管 暂行办法 规定 签订 预售 资金 监管 协议 预售 商品房 项目 按照 本细则 精神 补充 签订 三方 监管 协议 第十条 房地产 开发 企业 取得 商品房 预售 许可证 商品房 预售 资金 监管 相关 规定 告知 购房人 预售 资金 监管 开户银行 预售 资金 监管 账户 账号 信息 商品房 销售 场所 显著 位置 公示 商品房 买卖合同 载明 第四章 预售 资金 收存 第十一条 商品房 预售 资金 全部 直接 存入 监管 账户 进行 全程 管理 开发 企业 不得 直接 收取 另设 账户 收存 购房人 购房款 第十二条 按揭 贷款 购买 商品房 按揭 贷款 贷款 银行 直接 转入 监管 账户 注明 用途 第十三条 分期 其他 付款 方式 购买 商品房 签订 商品房 买卖合同 必须 注明 付款 次数 每次 付款 金额 付款 时间 合同 约定 及时 购房款 存入 监管 账户 第十四条 监管 银行 楼盘 编制 单位 根据 楼盘 表网 成交 信息 合同 约定 购房款 支付 信息 实时 掌握 房屋 销售 房号 进入 监管 账户 购房款 金额 按套 建立 购房款 明细 管理 台账 做到 专款专用 第五章 预售 资金 监管 额度 第十五条 商品房 预售 资金 监管 额度 项目 建筑 安装 装修 区内 配套 建设 成本费用 含税 合同 约定 费用 以及 项目 正常 支出费用 综合 确定 监管 额度 商品房 预售 资金 监管 协议 载明 商品房 预售 资金 实行 全程 监管 监管 额度 资金 只能 用于 支付 项目 工程建设 进度 建筑材料 配套 设施 设备 装修 工程进度 款项 以及 法定 税费 超出 监管 额度 预售 资金 开发 企业 可以 提取 进行 使用 监管 银行 不得 擅自 划扣 监管 额度 资金 商品房 预售 资金 监管 账户 不得 开通 网上银行 功能 自动 扣款 转账 业务 设立 子公司 房地产 开发 企业 集团公司 不得 抽调 第十六条 使用 监管 额度 资金 项目 工程进度 资金 使用 计划 依据 按照 项目 建设 进度 达到 主体 分部 验收 装修 分部 验收 竣工 验收 联合 验收 房屋 首次 登记 环节 设置 资金 使用 节点 项目 主体 分部 验收 使用 资金 额度 不得 超过 监管 资金 额度 总额 项目 装修 分部 验收 使用 资金 额度 不得 超过 监管 资金 额度 总额 项目 完成 竣工 验收 联合 验收 使用 资金 额度 不得 超过 监管 资金 额度 额度 总额 项目 完成 首次 登记 使用 资金 额度 监管 资金 额度 总额 同时 监管 终止 对于 部分 没有 装修 商品房 项目 项目 主体 分部 验收 项目 完成 竣工 验收 之间 可视 项目 进度 情况 申请 使用 监管 资金 额度 不得 超过 监管 资金 额度 总额 项目 完成 首次 登记 监管 帐户 资金 余额 不得 低于 监管 资金 额度 总额 第十七条 开发 企业 按照 监管 协议 确定 资金 使用 节点 向市 部门 提出 使用 预售 资金 申请 提交 相应 材料 商品房 预售 资金 使用 申请书 用于 支付 工程款 提供 工程建设 合同 工程 监理 机构 出具 施工进度 资料 影像 资料 用于 支付 工程建设 建筑材料 设备 款项 提供 供应商 签订 购销 合同 用于 支付 工程 监理 其他 行政 事业性 收费 提供 合同 缴费通知 其他 应当 提供 材料 首次 付款 每次 申请 拨款 应当 提交 一次 申请 用款 事项 转款 回单 支付 工程款 需提交 监理 单位 相应 款项 使用 情况 证明 材料 申请材料 审核 合格 由市 部门 工作日内 出具 同意 拨付 证明 监管 银行 及时 拨付 监管 银行 违反 预售 资金 三方 监管 协议 未经 市住 部门 核实 同意 擅自 拨付 监管 额度 资金 应当 负责 追回 资金 无法 追回 依法 承担 相应 赔偿 责任 第六章 不明 入账 处理 第十八条 购房人 通过 电汇 网上银行 转账 方式 交存 购房款 或者 预售 资金 划拨 过程 中因 拨付 失败 返回 资金 监管 账户 形成 不明 入账 开发 企业 应当 及时 予以 划分 确认 划分 确认 后方 申请 使用 部分 资金 第十九条 属于 资金 错误 划入 监管 账户 开发 企业 应当 提交 以下 资料 向市 部门 申请 办理 不明 入账 退款 通知书 不明 入账 退款 申请表 开户银行 出具 证明文件 企业 营业执照 经办人 身份证 委托书 由于 发放 购房 贷款 或者 银行 汇款 原因 造成 资金 错误 划入 监管 账户 应当 提供 相关 发起 银行 出具 证明文件 市住 部门 受理 申请 工作日内 完成 审核 审核 通过 开发 企业 出具 不明 入账 退款 通知书 开发 企业 工作日内 不明 入账 退款 通知书 开户银行 办理 退款 手续 第七章 监管 账户 注销 变更 第二十条 监管 项目 办理 房屋 所有权 首次 登记 开发 企业 可以 申请 注销 监管 注销 监管 账户 剩余 资金 开发 企业 自行处理 第二十一条 开发 企业 申请 办理 注销 监管 通知书 应当 提交 以下 材料 注销 监管 申请表 具备 办理 产权 转移 登记 证明 材料 企业 营业执照 经办人 身份证 委托书 市住 部门 受理 申请 审核 通过 房地产 开发 企业 出具 注销 监管 通知书 房地产 开发 企业 注销 监管 通知书 开户银行 办理 注销 监管 账户 手续 第二十二条 预售 商品房 项目 发生 监管 银行 监管 账户 变更 可以 申请 变更 变更 期间 监管 账户 对应 商品房 预售 许可证 范围 商品房 不得 销售 房地产 开发 企业 变更 监管 银行 监管 账户 监管 银行 市住 部门 协商 同意 解除 三方 监管 协议 重新 签订 三方 监管 协议 监管 账户 预售 资金 全部 转入 监管 账户 房地产 开发 企业 应持 以下 材料 申请 变更 监管 银行 监管 账户 监管 账户 银行 变更 申请书 监管 账户 开户 通知书 开户 证明 相关 材料 企业 营业执照 经办人 身份证 委托书 签订 三方 监管 协议 房地产 开发 企业 应当 交回 三方 监管 协议 原件 市住 部门 受理 监管 账户 变更 申请 工作日内 完成 审核 审核 通过 书面通知 监管 银行 办理 变更 相关 手续 第八章 监督管理 第二十三条 市住 部门 应当 加强 房地产 开发 企业 执行 预售 资金 监管 制度 情况 日常 检查和 监督 以下 情形 书面通知 监管 银行 暂停 拨付 监管 账户 预售 资金 启动 应急 措施 协调 相关 部门 监督 监管 账户 资金 使用 房地产 开发 企业 存在 违法 违规行为 导致 工程 停工 预售 项目 发生 质量事故 存在 严重 质量 问题 预售 项目 按期 交付使用 存在 不能 按期 交付 风险 项目 存在 违法 违规 建设 销售 项目 存在 严重 债务 劳务 纠纷 应当 暂停 拨付 其他 情形 第二十四条 房地产 开发 企业 提供 资金 监管 拨付 相关 材料 真实 准确 提供 材料 真实 准确 追究 企业 相关 法律 经济 责任 第二十五条 房地产 开发 企业 按规定 收存 项目 资金 除应 应存 资金 足额 存入 监管 账户 还应 承担 相应 法律 经济 责任 由此 造成 损失 承担 赔偿 责任 情节严重 由市 部门 列为 不良 企业 公开 曝光 第二十六条 房地产 开发 企业 销售 方案 计划 擅自 销售 项目 楼房 造成 不良影响 相关 单位 个人 由市 部门 列为 不良 企业 不良行为 人员 公开 曝光 涉嫌 违法犯罪 移交 司法机关 处理 第二十七条 房地产 开发 企业 未经 同意 另行 设立 账户 收存 项目 商品房 预售 资金 视同 刻意 抽逃 资金 规避 监管 市住 部门 有权 申请 有关 部门 冻结 账户 同时 依法追究 房地产 开发 企业 法定代表 法律责任 第二十八条 施工单位 监理 单位 提供 虚假 证明 采用 其他 方式 协助 开发 企业 违规 支取 预售 资金 由市 部门 依法 相关 责任 单位 责任人 进行 处理 违反 相关 法律 法规 规章 规定 依照 有关 规定 处罚 第二十九条 监管 银行 按照 规定 按照 商品房 预售 资金 监管 协议 约定 擅自 收存 管理 开发 企业 名义 转入 资金 按规定 监控 反馈 购房 贷款 入账 情况 擅自 拨付 资金 存在 其他 违规行为 依法 承担 相应 法律责任 第三十条 监管 银行 及时 向市 部门 上报 监管 账户 信息 若因 及时 上报 造成 损失 监管 银行 承担 相应 法律责任 第三十一条 相关 部门 及其 工作人员 预售 资金 监管 工作 玩忽职守 滥用职权 徇私舞弊 依法追究 责任 第九章 第三十二条 本细则 由市 部门 会同 人行 金融 监管部门 负责 解释 第三十三条 本细则 印发 之日起 实施,1.543829048165578,9.152043687982058,3.15,4.683333333333334,16309,59.8,27.14166666666667,1745.444816053512,148.9921240384616,77.85979326923076,1745.444816053512,13.17265384615384,4,3,0.008625,1.0,主体,19.0,19.0,4.040005889423077,4.737987012987015,1.0,装修,19.0,25.0,43.09927680288462,5.088636363636366,1.0,竣备,19.0,26.0,52.07902788461539,5.19253246753247,1.0,确权,19.0,34.0,49.77381346153848,6.491233766233768,,,,,,,3,5,77.85979326923076
上海,上海,shanghai-1,presale proceeds,,no intermediate steps,找不到/未明确,none specified,other / unclear,False,False,0.0,,,explicit no-intermediate-steps label,not explicitly parseable from retained excerpt,not explicitly parseable from retained excerpt,上海市 全额监管 不涉及、按用途支付 第三方账户（政府名下公司）监管 本项目建设而发生的工程建设费用 (含投标保证金)、相关规费、税费、开发贷款、人工成本、面积补偿(如有)、营销费(含前期营销欠款)、管理费税金、物业维修基金、退房款、营销工抵款、工抵房实收现金无证销售意向金退款、改造费等，不得挪作他用。 无政府发文，但已根据政府要求签订四方管理协议（项目公司、政府、监管银行、第三方监理） 竣备后解冻 上海市住房保障和房屋管理局关于印发《上海市商品房销售方案备案管理暂行规定》的通知 各区（县）房管局、浦东新区建交委、各房地产交易中心、各房地产开发企业： 根据国家和本市相关法规，我局制订了《上海市商品房销售方案备案管理暂行规定》，现印发给你们，请遵照执行。 特此通知。 上海市住房保障和房屋管理局 二○○九年六月三十日 上海市商品房销售方案备案管理暂行规定 为规范商品房销售行为，维护当事人的合法权益，根据《城市房地产开发经营管理条例》、《上海市房地产登记条例》、《上海市房地产转让办法》、《商品房销售管理办法》，特制订本规定。 第一条（商品房销售方案备案） 房地产开发企业应当按照规定及时销售商品房，并应当按照土地出让合同及规划批准的范围，制订商品房销售方案，明确上市销售进度，确定商品房项目中企业保留自有的房地产和用于销售的商品房，向房屋管理部门备案。 第二条（商品房销售方案内容） 商品房销售方案应包括但不限于以下内容： 1、商品房项目的基本情况，包括项目名称、坐落，土地用途、项目总规模，容积率、绿地率等规划参数，前期物业管理服务合同，业主管理公约，业主共有房地产、商业配套设施和公益性公,True,policy_identification_filled.xlsx,City_audit,4stage_Mcost,4,1,stage_1|stage_2|stage_3|stage_4,主体|装修|竣备|确权,竣备,partial_named_milestones,,,1,,,not_estimable:topout_stage_name_unmapped,not_estimable:registration_stage_name_unmapped,expert_calibrated_operational_proxy_pending_source_mapping,monthly-revenue stage ratio or within-cohort amount share; not automatically a policy percentage,external/Modelling Dep/41_Cities_Dep/city_catalog.json,data/pmc_data.xlsx,dep-operational-h1-v1,shanghai-1,2019,一线,上海,,"上海市
全额监管
不涉及、按用途支付
第三方账户（政府名下公司）监管
本项目建设而发生的工程建设费用 (含投标保证金)、相关规费、税费、开发贷款、人工成本、面积补偿(如有)、营销费(含前期营销欠款)、管理费税金、物业维修基金、退房款、营销工抵款、工抵房实收现金无证销售意向金退款、改造费等，不得挪作他用。
无政府发文，但已根据政府要求签订四方管理协议（项目公司、政府、监管银行、第三方监理）
竣备后解冻

上海市住房保障和房屋管理局关于印发《上海市商品房销售方案备案管理暂行规定》的通知


各区（县）房管局、浦东新区建交委、各房地产交易中心、各房地产开发企业：
根据国家和本市相关法规，我局制订了《上海市商品房销售方案备案管理暂行规定》，现印发给你们，请遵照执行。
特此通知。


上海市住房保障和房屋管理局


二○○九年六月三十日



上海市商品房销售方案备案管理暂行规定
为规范商品房销售行为，维护当事人的合法权益，根据《城市房地产开发经营管理条例》、《上海市房地产登记条例》、《上海市房地产转让办法》、《商品房销售管理办法》，特制订本规定。
第一条（商品房销售方案备案）
房地产开发企业应当按照规定及时销售商品房，并应当按照土地出让合同及规划批准的范围，制订商品房销售方案，明确上市销售进度，确定商品房项目中企业保留自有的房地产和用于销售的商品房，向房屋管理部门备案。
第二条（商品房销售方案内容）
商品房销售方案应包括但不限于以下内容：
1、商品房项目的基本情况，包括项目名称、坐落，土地用途、项目总规模，容积率、绿地率等规划参数，前期物业管理服务合同，业主管理公约，业主共有房地产、商业配套设施和公益性公共服务设施的设置等。
2、商品房项目用于销售、租赁以及企业保留自有的情况。商品住房项目中保留自有的房地产应当符合“少量、合理”的原则。
3、商品房项目的建设情况，包括项目建设周期、各期计划和进度。
4、商品房项目销售广告、楼书、样板房、沙盘等宣传资料。
5、商品房销售计划与销售方式，包括每期开盘时间、地点，自行销售或代理销售，销售人员等相关情况。
6、商品房销售价格（包括定价调价方式、方法），销售合同文本以及签约销售流程。
7、售楼处的各项规章制度；包括解决商品房销售纠纷的预案和制度，维护销售秩序的措施及突发事件的处理预案。
8、房地产开发企业认为需要制订的其他事项或房屋管理部门认为需要明确的其他事宜。
9、承诺遵守国家和本市商品房销售管理规定，达到预售标准及时申请预售，取得预售许可证后按时销售。
第三条（商品房销售方案备案审核）
区县房管部门应当按照下列规定，加强商品房销售方案的指导和审核：
1、房地产开发企业网上认证后，未在30日内申请办理商品房预售许可，应当重新办理网上认证。
2、已达到规定的条件、无理由长期不申请预售（或超过“行政告知书”规定时限，仍未申请预售）的，以及之前有取得商品房预售许可证后、未按规定时间将全部房源公开对外销售情况的，应当要求房地产开发企业整改，整改通过后重新申报备案。
3、商品住房项目中保留自有的房地产不符合“少量、合理”的原则、商品房定价不合理等，应当要求房地产开发企业修订销售方案，重新申报备案。
第四条（预售商品房销售方案备案程序）
房地产开发企业申请商品房预售时，应当持商品房销售方案及《上海市房地产转让办法》第三十二条规定的其他材料，一并向房屋所在地区县房屋管理部门申请办理商品房销售方案的备案手续。
区县房屋管理部门应当在商品房预售许可的同时，办理商品房销售方案的备案，并开具《商品房销售方案备案证明》（样张见附件）。
第五条（现售商品房销售方案备案程序）
房地产开发企业现售商品房的，在申请新建商品房所有权初始登记前，应当持下列材料，向区县房屋管理部门申请办理商品房销售方案的备案手续。
1、商品房销售方案；
2、建设工程规划许可证、施工许可证及附图；
3、竣工验收证明和房屋勘测报告，其中商品住房项目还应提交住宅交付使用许可证；
4、物业管理方案和前期物业管理服务合同。
区县房屋管理部门应当自受理之日起的十日内，办理商品房销售方案备案，并开具《商品房销售方案备案证明》。
房地产开发企业凭《商品房销售方案备案证明》及经房屋所有权初始登记的房地产权证等材料，办理现售商品房销售合同网上认证手续。
第六条（已备案商品房销售方案的信息公开）
商品房销售方案备案后，房地产开发企业应当将《商品房销售方案备案证明》和销售方案的相关信息予以公开披露。
房地产开发企业应当将已备案的商品房销售方案，在售楼场所张贴公示。
第七条（已备案商品房销售方案的效力）
房地产开发企业应当按照已备案的商品房销售方案预售、现售（或出租）商品房。公开披露的商品房销售方案内容，应当作为合同附件。房地产开发企业应当持已备案的商品房销售方案及上海市房地产登记条例规定的其他材料，向区县房地产登记机构办理新建商品房所有权初始登记。
第八条（保留自有和用于租赁的房地产上市转让）
房地产开发企业在商品房销售方案内已确定保留自有和用于租赁的商品房，在房屋所有权初始登记前不得销售。房屋所有权初始登记后，房地产开发企业转让保留自有和用于租赁的房地产的，应当按照《关于存量房交易合同和经纪合同网上备案办法》办理。
第九条（已备案商品房销售方案的变更）
已备案的销售方案，一般不得变更。因商品房项目的规划、建筑设计变更等原因，确需变更已备案的商品房销售方案的，应当按照商品房预售许可撤回和变更相关程序办理。
第十条（违反商品房销售方案的处理）
房地产开发企业违反商品房销售方案，预售、现售（或租赁）商品房的，经查实后，市、县房屋管理部门可以要求该房地产开发企业限期改正，逾期未予改正，作为不良经营行为，记入该房地产开发企业的信用档案，按规定予以降低直至撤销资质处理。
第十一条（未办理销售方案备案的处理）
房地产开发企业未按本规定办理商品房销售方案备案的，区县房屋管理部门不予办理商品房预售许可，区县房地产登记机构不予办理新建商品房所有权初始登记手续。
第十二条（实施日期）
本规定自2009年7月1日起执行。本规定实施前，已取得的商品房预售许可证，可视作商品房销售方案备案证明；未取得商品房预售许可的，应按本规定办理商品房销售方案备案手续。

===============
上海市住房和城乡建设管理委员会关于进一步加强本市房地产市场监管规范商品住房预销售行为的通知 

【发布日期】2017-5-3 【作者】 【来源】
沪建房管〔2017〕375号
各区住房保障房屋管理局、各房地产交易中心、各房屋调查机构、各房地产开发企业、房地产经纪机构:
为进一步规范本市商品住房销售行为,遏制投机炒作,维护房地产市场交易秩序,现就有关问题通知如下:
一、取得预售许可的商品住房项目,房地产开发企业及其委托的代理销售企业应当在10日内公开全部准售房源及每套房屋价格,按照“公开、公平、公正、透明”的原则对外销售。其中,客户积累大于可供房源的项目,应当采取由公证机构主持的摇号等方式公开销售商品住房,摇号排序,按序购房,摇号排序名单现场公示。
二、严格落实购房实名制。购房人应当与预订协议预订人、预(出)售合同购买人、预告登记预购人保持一致,认购后不得增加、减少、更改购房人姓名。购房人姓名不一致的,房地产交易中心不予办理网上备案等交易手续。
三、尚未取得预售许可的商品住房项目,房地产开发企业及其委托的代理销售企业不得以认购、预订、排号、发放VIP号等方式,向购房人收取或变相收取定金、预订款等性质的费用。
四、房地产开发企业及其委托的代理销售企业应当按照申报价格对外销售,不得在预(出)售合同约定的转让价款外, 以其他任何名义向购房者收取额外的房价款。销售价格超出申报价格的,不得在网上签订预(出)售合同,不得办理预告登记和转移登记。对违反规定的房地产开发企业、房地产经纪机构及从业人员,依法严肃查处,相关企业和人员纳入行业信用管理“黑名单”。
五、房地产开发企业及其委托的代理销售企业、其他房地产经纪机构、相关管理机构工作人员,不得以各种方式炒卖房号,不得为他人违规转让期房提供便利或经纪服务。房地产开发企业员工自购商品住房的,一律按规定通过摇号等公开途径购房,并在《商品房销售方案》中予以申报说明,同时将购房名单报备区房管部门,由区房管部门进行全过程监管。房地产开发企业委托的代理销售企业以及其他房地产经纪机构的员工,不得购买所代理项目的商品住房。相关管理机构工作人员不得利用职权购房,应按规定通过摇号排序等公开途径购房。
六、各区房管部门要进一步强化市场监管,督促房地产开发企业维护好销售现场秩序,避免出现聚集排队购房情形,不得人为制造销售紧张气氛。加大对炒卖房号、哄抬房价等违规行为的查处力度。对涉嫌违规的房地产开发企业和房地产经纪机构,一经查实,一律暂停网签,降低直至取消房地产开发企业资质,并列入行业信用管理“黑名单”。涉嫌违法犯罪的,移交司法机关处理。
特此通知。
 
上海市住房和城乡建设管理委员会
二○一七年五月三日",上海市 全额 监管 涉及 用途 支付 第三方 账户 政府 名下 公司 监管 项目 建设 发生 工程建设 费用 投标 保证金 相关 规费 税费 开发 贷款 人工成本 面积 补偿 营销 前期 营销 欠款 管理费 税金 物业 维修 基金 房款 营销 工抵款 工抵 实收 现金 无证 销售 意向 退款 改造费 不得 挪作他用 无政府 发文 根据 政府 要求 签订 四方 管理 协议 项目 公司 政府 监管 银行 第三方 监理 竣备 解冻 上海市 住房 保障 房屋 管理局 关于 印发 上海市 商品房 销售 方案 备案 管理 暂行规定 通知 各区 房管局 浦东新区 建交 房地产 交易中心 房地产 开发 企业 根据 国家 本市 相关 法规 我局 制订 上海市 商品房 销售 方案 备案 管理 暂行规定 印发 你们 遵照执行 特此通知 上海市 住房 保障 房屋 管理局 九年 六月 三十日 上海市 商品房 销售 方案 备案 管理 暂行规定 规范 商品房 销售 行为 维护 当事人 合法权益 根据 城市 房地产 开发 经营 管理条例 上海市 房地产 登记 条例 上海市 房地产 转让 办法 商品房 销售 管理 办法 特制订 规定 第一条 商品房 销售 方案 备案 房地产 开发 企业 应当 按照 规定 及时 销售 商品房 应当 按照 土地出让 合同 规划 批准 范围 制订 商品房 销售 方案 明确 上市 销售 进度 确定 商品房 项目 企业 保留 自有 房地产 用于 销售 商品房 房屋 管理 部门 备案 第二条 商品房 销售 方案 内容 商品房 销售 方案 包括 限于 以下内容 商品房 项目 基本 情况 包括 项目名称 坐落 土地 用途 项目 规模 容积率 绿地率 规划 参数 前期 物业管理 服务 合同 业主 管理 公约 业主 共有 房地产 商业 配套 设施 公益性 公共服务 设施 设置 商品房 项目 用于 销售 租赁 以及 企业 保留 自有 情况 商品 住房 项目 保留 自有 房地产 应当 符合 少量 合理 原则 商品房 项目 建设 情况 包括 项目 建设周期 计划 进度 商品房 项目 销售 广告 楼书 样板房 沙盘 宣传 资料 商品房 销售 计划 销售 方式 包括 每期 开盘 时间 地点 自行 销售 代理 销售 销售 人员 相关 情况 商品房 销售价格 包括 定价 调价 方式 方法 销售 合同文本 以及 签约 销售 流程 售楼处 各项 规章制度 包括 解决 商品房 销售 纠纷 预案 制度 维护 销售 秩序 措施 突发事件 处理 预案 房地产 开发 企业 认为 需要 制订 其他 事项 房屋 管理 部门 认为 需要 明确 其他 事宜 承诺 遵守 国家 本市 商品房 销售 管理 规定 达到 预售 标准 及时 申请 预售 取得 预售 许可证 按时 销售 第三条 商品房 销售 方案 备案 审核 区县 房管 部门 应当 按照 下列 规定 加强 商品房 销售 方案 指导 审核 房地产 开发 企业 网上 认证 日内 申请 办理 商品房 预售 许可 应当 重新 办理 网上 认证 达到 规定 条件 理由 长期 申请 预售 超过 行政 告知 规定 时限 申请 预售 以及 之前 取得 商品房 预售 许可证 按规定 时间 全部 房源 公开 对外 销售 情况 应当 要求 房地产 开发 企业 整改 整改 通过 重新 申报 备案 商品 住房 项目 保留 自有 房地产 符合 少量 合理 原则 商品房 定价 不合理 应当 要求 房地产 开发 企业 修订 销售 方案 重新 申报 备案 第四条 预售 商品房 销售 方案 备案 程序 房地产 开发 企业 申请 商品房 预售 应当 商品房 销售 方案 上海市 房地产 转让 办法 第三十二条 规定 其他 材料 一并 房屋 所在地 区县 房屋 管理 部门 申请 办理 商品房 销售 方案 备案 手续 区县 房屋 管理 部门 应当 商品房 预售 许可 同时 办理 商品房 销售 方案 备案 开具 商品房 销售 方案 备案 证明 样张 附件 第五条 现售 商品房 销售 方案 备案 程序 房地产 开发 企业 现售 商品房 申请 新建 商品房 所有权 初始 登记 应当 下列 材料 区县 房屋 管理 部门 申请 办理 商品房 销售 方案 备案 手续 商品房 销售 方案 建设工程 规划 许可证 施工 许可证 附图 竣工 验收 证明 房屋 勘测 报告 其中 商品 住房 项目 还应 提交 住宅 交付使用 许可证 物业管理 方案 前期 物业管理 服务 合同 区县 房屋 管理 部门 应当 受理 之日起 十日 办理 商品房 销售 方案 备案 开具 商品房 销售 方案 备案 证明 房地产 开发 企业 商品房 销售 方案 备案 证明 及经 房屋 所有权 初始 登记 房地产权证 材料 办理 现售 商品房 销售 合同 网上 认证 手续 第六条 备案 商品房 销售 方案 信息 公开 商品房 销售 方案 备案 房地产 开发 企业 应当 商品房 销售 方案 备案 证明 销售 方案 相关 信息 予以 公开 披露 房地产 开发 企业 应当 备案 商品房 销售 方案 售楼 场所 张贴 公示 第七条 备案 商品房 销售 方案 效力 房地产 开发 企业 应当 按照 备案 商品房 销售 方案 预售 现售 出租 商品房 公开 披露 商品房 销售 方案 内容 应当 作为 合同 附件 房地产 开发 企业 应当 持已 备案 商品房 销售 方案 上海市 房地产 登记 条例 规定 其他 材料 区县 房地产 登记 机构 办理 新建 商品房 所有权 初始 登记 第八条 保留 自有 用于 租赁 房地产 上市 转让 房地产 开发 企业 商品房 销售 方案 确定 保留 自有 用于 租赁 商品房 房屋 所有权 初始 登记 不得 销售 房屋 所有权 初始 登记 房地产 开发 企业 转让 保留 自有 用于 租赁 房地产 应当 按照 关于 存量房 交易 合同 经纪 合同 网上 备案 办法 办理 第九条 备案 商品房 销售 方案 变更 备案 销售 方案 一般 不得 变更 商品房 项目 规划 建筑 设计变更 原因 确需 变更 备案 商品房 销售 方案 应当 按照 商品房 预售 许可 撤回 变更 相关 程序 办理 第十条 违反 商品房 销售 方案 处理 房地产 开发 企业 违反 商品房 销售 方案 预售 现售 租赁 商品房 查实 房屋 管理 部门 可以 要求 房地产 开发 企业 限期 改正 逾期 未予 改正 作为 不良 经营 行为 记入 房地产 开发 企业 信用 档案 按规定 予以 降低 直至 撤销 资质 处理 第十一条 未办理 销售 方案 备案 处理 房地产 开发 企业 按本 规定 办理 商品房 销售 方案 备案 区县 房屋 管理 部门 不予 办理 商品房 预售 许可 区县 房地产 登记 机构 不予 办理 新建 商品房 所有权 初始 登记手续 第十二条 实施 日期 规定 日起 执行 规定 实施 取得 商品房 预售 许可证 视作 商品房 销售 方案 备案 证明 取得 商品房 预售 许可 按本 规定 办理 商品房 销售 方案 备案 手续 上海市 住房 城乡建设 管理 委员会 关于 进一步 加强 本市 房地产 市场监管 规范 商品 住房 销售 行为 通知 发布 日期 作者 来源 沪建 房管 各区 住房 保障 房屋 管理局 房地产 交易中心 房屋 调查 机构 房地产 开发 企业 房地产 经纪 机构 进一步 规范 本市 商品 住房 销售 行为 遏制 投机 炒作 维护 房地产 市场 交易 秩序 有关 问题 通知 如下 取得 预售 许可 商品 住房 项目 房地产 开发 企业 及其 委托 代理 销售 企业 应当 日内 公开 全部 售房 源及 每套 房屋 价格 按照 公开 公平 公正 透明 原则 对外 销售 其中 客户 积累 大于 房源 项目 应当 采取 公证 机构 主持 方式 公开 销售 商品 住房 摇号 排序 按序 购房 摇号 排序 名单 现场 公示 严格 落实 购房 实名制 购房人 应当 预订 协议 预订 合同 购买 预告 登记 预购 保持一致 认购 不得 增加 减少 更改 购房人 姓名 购房人 姓名 一致 房地产 交易中心 不予 办理 网上 备案 交易 手续 尚未 取得 预售 许可 商品 住房 项目 房地产 开发 企业 及其 委托 代理 销售 企业 不得 认购 预订 排号 发放 方式 购房人 收取 变相 收取 定金 预订 性质 费用 房地产 开发 企业 及其 委托 代理 销售 企业 应当 按照 申报 价格 对外 销售 不得 合同 约定 转让 价款 其他 任何 名义 购房者 收取 额外 房价 销售价格 超出 申报 价格 不得 网上 签订 合同 不得 办理 预告 登记 转移 登记 违反规定 房地产 开发 企业 房地产 经纪 机构 从业人员 依法 严肃查处 相关 企业 人员 纳入 行业 信用 管理 黑名单 房地产 开发 企业 及其 委托 代理 销售 企业 其他 房地产 经纪 机构 相关 管理机构 工作人员 不得 各种 方式 炒卖 房号 不得 他人 违规 转让 期房 提供 便利 经纪 服务 房地产 开发 企业 员工 自购 商品 住房 一律 按规定 通过 摇号 公开 途径 购房 商品房 销售 方案 予以 申报 说明 同时 购房 名单 报备 房管 部门 由区 房管 部门 进行 全过程 监管 房地产 开发 企业 委托 代理 销售 企业 以及 其他 房地产 经纪 机构 员工 不得 购买 代理 项目 商品 住房 相关 管理机构 工作人员 不得 利用职权 购房 按规定 通过 摇号 排序 公开 途径 购房 各区 房管 部门 进一步 强化 市场监管 督促 房地产 开发 企业 维护 销售 现场 秩序 避免出现 聚集 排队 购房 情形 不得 人为 制造 销售 紧张 气氛 加大 炒卖 房号 哄抬 房价 违规行为 查处 力度 涉嫌 违规 房地产 开发 企业 房地产 经纪 机构 一经 查实 一律 暂停 网签 降低 直至 取消 房地产 开发 企业资质 列入 行业 信用 管理 黑名单 涉嫌 违法犯罪 移交 司法机关 处理 特此通知 上海市 住房 城乡建设 管理 委员会 七年 五月 三日,1.277805624608178,8.046932499290568,3.083333333333333,3.416666666666667,66494,26.4,27.14166666666667,35261.9696969697,2302.973933396464,2507.41989520202,35261.9696969697,304.1344886363636,4,3,0.008625,0.0,主体,,,0.0,0.3361111111111104,0.0,装修,,,0.0,,1.0,竣备,14.0,27.0,2302.973933396464,7.572222222222222,0.0,确权,,,0.0,,,,,,,,1,1,2507.41989520202
上饶,上饶,shangrao-3,presale proceeds,,no intermediate steps,找不到/未明确,none specified,condition beyond first registration,False,True,0.0,0.15,,explicit no-intermediate-steps label,explicit percentage near 封顶; midpoint used for a stated range,not explicitly parseable from retained excerpt,监管额度 重点监管资金额度不得低于预售项目楼栋完成房屋初始登记并达到购房人可单方办理房屋转移登记条件所需资金，具体标准由各市县按实际测算标准确定 | 监管账户内的预售资金已达到监管比例并完成五方验收后，开发企业可申请拨付监管账户内50%的预售资金 | 完成所有权初始登记并达到购房人可单方办理转移登记的条件，可申请解除预售资金监管,True,policy_identification_filled.xlsx,City_audit,4stage_Mcost,4,2,stage_1|stage_2|stage_3|stage_4,主体|装修|竣备|确权,竣备|确权,partial_named_milestones,,stage_4,2,,0.5,not_estimable:topout_stage_name_unmapped,terminal_stage_share:within_cohort_amount_share,expert_calibrated_operational_proxy_pending_source_mapping,monthly-revenue stage ratio or within-cohort amount share; not automatically a policy percentage,external/Modelling Dep/41_Cities_Dep/city_catalog.json,data/pmc_data.xlsx,dep-operational-h1-v1,shangrao-3,2021,三线,上饶,Jiangxi,"
上饶市房地产管理局关于进一步加强商品房预售管理工作的通知 
颁布单位 ：上饶市房地产管理局
颁布时间 : 2018/12/10
生效时间 ：2018/12/10

《关于印发<上饶市商品房预售资金监管办法>的通知》的通知
 发文日期：2018-05-20

       各商业银行、各房地产开发企业、有关单位：上饶市房地产管理局、上饶银监局制定的《上饶市商品房预售资金监管办法》（以下简称《办法》）已经发布实施，现转发给你们，并提出以下工作要求，请抓好贯彻落实。一、充分认识实施商品房预售资金监管工作的重要性。树立“四个意识”，坚持“房子是用来住的、不是用来炒的” 定位。商品房预售资金监管是为保障购房人的合法权益，促进房地产市场平稳健康发展采取的一项重要措施。通过预售资金监管，对保证预售商品房按期竣工交付使用、保障银行信贷资金的风险控制等，具有重要的意义。二、各商业银行要积极配合，协同做好资金监管工作。各商业银行要根据《办法》规定，同房地产主管部门签订《合作协议》，与商品房预售资金监管信息系统对接，实现信息共享；要提供优质服务，确保业务办理连续、安全、便捷。三、商品房按揭贷款须直接存入（转入）监管账户。商品房预购人的购房按揭贷款，在本行办理贷款的，各银行要将按揭贷款直接存入预售资金监管账户；跨行办理贷款的，贷款银行要及时、足额将按揭贷款转入预售资金监管账户，不得转存其他账户。对不按规定将预购人按揭贷款存入（转入）监管账户的，房地产主管部门将停止该银行商品房预售资金监管资格。四、预售资金监管工作中的其他具体问题，按照预售资金监管部门的规定执行。在执行过程中如遇到问题请及时与房产开发管理股联系。

=======

全面降低我市住房公积金贷款预售楼盘准入和发放条件工作实施细则
【字体：大  中  小】


为深入推进“放管服”改革，扎实开展好“我为群众办实事”实践活动，进一步优化楼盘准入审批流程，提高服务效率,维护公积金缴存人购房权益，防范楼盘“烂尾”风险，在市中心城区试点工作取得成功的基础上，根据《上饶市住房公积金管理委员会关于全面降低住房公积金贷款预售楼盘准入和发放条件的通知》（饶房金管委〔2022〕1号），结合实际，制定本实施细则。
一、实施范围
我市各县、市、区、经济开发区、高铁经济试验区，上述区域内的房地产开发企业建设的房地产住宅项目均在范围内。
二、准入条件
房地产开发项目预售楼盘已取得《商品房预售许可证》，预售资金已按住建和银监部门《关于在市中心城区开展商品房预售资金动态监管工作的实施意见（试行）》（饶建联发〔2020〕17号）文件要求实行了动态监管。
三、准入程序
符合准入条件的房地产开发公司向开发楼盘所在地的住房公积金分中心提交《上饶个人住房公积金贷款楼盘项目申报表》，市住房公积金管理中心相关分中心收到房地产开发公司提交的资料后，在二个工作日内对申请资料进行书面审核（不需实地查堪），审核通过的即可签订《个人住房公积金贷款预售楼盘项目合作协议》。对不符合个人住房公积金贷款条件的楼盘项目，说明原因并将资料退回。
四、贷款发放
（一）预售楼盘按楼栋取得《商品房预售许可证》后，以楼栋为单位向楼盘所在地的住房公积金分中心申请个人期房贷款。
（二）各分中心接到申请，在二个工作日内对申报材料审核，对通过审核的楼栋项目，派专人(两人以上)前往施工现场进行实地考察,查堪楼栋建设施工情况是否符合住建部门规定的预售许可条件，达到预售许可条件的填写《项目（楼盘）楼栋现场考察情况表》(附件1)。
（三）对审核和实地考察通过的楼盘项目，分中心根据与住建部门核实资金监管账户的开设情况并召开贷审会审批。经审贷会审批通过后,分中心负责人与申请单位法定代表人或授权代理人签订《个人住房积金贷款预售楼盘楼栋放贷协议》(附件2)。
（四）贷款发放账户严格按照住建部门资金监管要求，汇入资金监管账户。
五、风险管控
对已放贷的楼盘项目，分中心要建立动态监控机制，密切关注项目施工进展情况，并与住建部门保持联系，了解资金监管及项目工程相关情况，发现非正常停工或突发事件等应及时向市中心报告，并暂停住房公积金贷款发放。
六、其他事项
（一）本通知由上饶市住房公积金管理中心负责解释。
（二）本通知自发文之日起执行。




上饶市住房公积金管理中心
2022年2月18日


=================

关于进一步加强商品房预售管理工作的通知
【字体：大  中  小】
关于进一步加强商品房预售管理工作的通知
各县（市、区）房管局（房改办），上饶经济技术开发区房管分
局，三清山风景名胜区建设房产管理局：
为贯彻落实国家有关房地产市场调控精神，进一步规范房地产开发企业经营行为和房地产市场秩序，维护广大消费者合法权益，防范房地产市场风险，根据《关于进一步规范商品住房销售行为的通知》（赣建房〔2018〕24号）等文件要求，现结合我市实际，就进一步加强商品房预售管理工作的有关事项通知如下：
一、严格商品房预售许可申报条件。房地产开发企业申请办理商品房预售许可，工程进度按形象进度计算，低层（层数≤3层）建筑要封顶，多层及以上建筑的主体施工层数要达到规划批准层数1/3以上。装配式建筑可根据《关于促进社会资本投资项目实施应用装配式建筑暂行办法》(饶府厅发〔2018〕81号）文件要求执行。
二、加强预售申报价格管理。房地产开发企业应当根据开发建设成本、合理利润等因素慎重确定商品住宅的预售申报价格。预售申报价格通过信息化手段进行管理，开发企业取得商品房预售许可证后，应当按照预售申报价格规范销售行为。开发企业采取促销手段时，要认真履行社会责任，建立好社会风险评估机制和应对预案，维护市场良好秩序，促进社会和谐稳定。

三、加强预售资金监管。
l、加快研发完成商品房预售资金监管系统，全面采用信息化手段进行预售资金监管；

2、调整预售资金监管比例。对正常开发项目按预售申报价格总额15%的比例进行预售资金监管；装配式施工方式建造的楼栋按预售申报价格总额6%的比例进行预售资金监管；

在申报预售时主体已封顶的开发项目按预售申报价格总额6%的比例进行预售资金监管；

对投诉较多（即有30人以上的群体访）的开发项目按预售申报价格总额20%以上的比例进行预售资金监管。

监管账户内的预售资金已达到监管比例并完成五方验收后，开发企业可申请拨付监管账户内50%的预售资金。完成所有权初始登记并达到购房人可单方办理转移登记的条件，可申请解除预售资金监管；

3、探索建立商业银行保函抵作预售监管资金制度；

4、为便于房地产开发企业融资，对开发贷款和按揭贷款不在一个银行机构办理的，开发企业可在不同银行申请开立监管账户，监管账户最多不超过两个。
上饶市房地产管理局
2018年12月10日


==================

关于进一步加强商品房预售资金监管工作的通知

赣建字〔2020〕8号 各市、县住房和城乡建设局，南昌市住房保障和房产管理局，各银保监分局：

为保持房地产市场平稳健康发展，防范房地产市场风险，保证预售资金优先用于商品房项目工程建设，保障购房人的合法权益，根据《城市房地产开发经营管理条例》（国务院令第248号）、《城市商品房预售管理办法》(建设部令第131号)和《住房城乡建设部关于进一步规范和加强房屋网签备案工作的指导意见》（建房〔2018〕128号）等有关法律法规、规章和文件精神，结合本省实际，现就加强商品房预售资金监管工作有关事项通知如下：
一、明确监管范围
全省市、县城市经批准预售的商品房建设项目预售资金应列入监管范围。商品房预售资金，包括购房人按照合同约定支付的全部房价款（含定金、首付款、分期付款、一次性付款和银行按揭贷款、住房公积金贷款、商品住宅全装修款等）。对保障建设项目竣工交付的预售资金实行重点监管，列为重点监管资金，其他为非重点监管资金。
二、设立监管账户
市、县住房城乡建设（房管）部门负责商品房预售资金监督管理（以下简称监管部门），并根据当地实际确定监管账户的设立模式。房地产开发企业在申请商品房预售许可前要确定监管银行，并以楼栋为基本单位开设预售资金监管专用账户。监管部门、监管银行和房地产开发企业应签订三方监管协议。预售许可证中应载明监管专用账户名称和账号。房地产开发企业预售商品房时，应当在售楼现场公示预售资金监管专用账户和监管协议。
三、明确监管期限
商品房预售资金监管期限，自取得《商品房预售许可证》开始，至预售项目楼栋完成房屋初始登记并达到购房人可单方办理房屋转移登记条件为止。
四、明确监管额度
重点监管资金额度不得低于预售项目楼栋完成房屋初始登记并达到购房人可单方办理房屋转移登记条件所需资金，具体标准由各市县按实际测算标准确定。金融担保机构出具的项目保函可冲抵商品房预售监管资金。保函金额、期限和冲抵方式等由各地监管部门根据监管需要确定。
五、规范资金缴存
预售资金应全部存入预售资金监管专用账户；申请住房贷款的，应将预售资金监管专用账户作为贷款到账账户。预售人申请办理商品房预售合同备案时，应当提供购房人已存入专用账户的首付款凭证。

六、建立信息系统
市、县监管部门要建立预售资金监管信息系统，与监管银行、房地产开发企业以及商品房网签系统对接，动态监管预售资金缴存、审批和划拨情况。
七、规范资金拨付
监管账户内预售资金超过重点监管额度后，由房地产开发企业申请，监管银行根据监管协议拨付非重点监管资金。重点监管资金经监管部门同意，按工程项目建设进度拨付。各地应科学合理确定重点监管资金拨付节点，既要保障监管账户中留存资金能有效覆盖和满足工程后续建设需要，又要切实减轻企业负担。
八、规范资金管理
各地监管银行应当按照监管规定履行监管协议，对进入专用账户的预售资金收支情况进行日常管理，定期向当地监管部门报送专用账户收支情况。

九、明确相关责任
房地产开发企业存在购房款未进入或未全额进入监管账户、收取其他名目款项，逃避或变相逃避监管，提供虚假证明材料等行为的，由监管部门责令限期整改，并按照监管协议约定暂停其监管资金拨付；逾期不改或整改不到位的，由监管部门依据相关规定和监管协议约定暂停该项目的预售许可或商品房网签、备案，并记入房地产开发企业信用档案。对监管银行无正当理由未按协议约定及时入账、拨付监管资金的，监管部门可取消与该监管银行的合作关系。监管部门和监管银行的工作人员在资金监管工作中存在玩忽职守、滥用职权、徇私舞弊等行为的，应承担相应的法律责任。
十、制定监管办法
各地应依据本通知，尽快制定完善当地预售资金监管的相关规定。要优化服务流程、压缩办理时限、规范申请材料、提升服务水平、方便企业办事。要从制度上防范预售资金缴存、审批和划拨中的违法违规行为。预售资金监管规定经本级人民政府同意后，报上一级主管部门备案。


省住房和城乡建设厅  江西银保监局
2020年11月18日",上饶市 房地产 管理局 关于 进一步 加强 商品房 预售 管理工作 通知 颁布 单位 上饶市 房地产 管理局 颁布 时间 生效 时间 关于 印发 上饶市 商品房 预售 资金 监管 办法 通知 通知 发文 日期 商业银行 房地产 开发 企业 有关 单位 上饶市 房地产 管理局 上饶 银监局 制定 上饶市 商品房 预售 资金 监管 办法 以下 简称 办法 已经 发布 实施 转发给 你们 提出 以下 工作 要求 抓好 贯彻落实 充分认识 实施 商品房 预售 资金 监管 工作 重要性 树立 四个 意识 坚持 房子 用来 不是 用来 定位 商品房 预售 资金 监管 保障 购房人 合法权益 促进 房地产 市场 平稳 健康 发展 采取 一项 重要 措施 通过 预售 资金 监管 保证 预售 商品房 按期 竣工 交付使用 保障 银行 信贷资金 风险 控制 具有 重要 意义 商业银行 积极 配合 协同 做好 资金 监管 工作 商业银行 根据 办法 规定 房地产 主管部门 签订 合作 协议 商品房 预售 资金 监管 信息系统 对接 实现 信息 共享 提供 优质服务 确保 业务 办理 连续 安全 便捷 商品房 按揭 贷款 直接 存入 转入 监管 账户 商品房 预购 购房 按揭 贷款 本行 办理 贷款 银行 按揭 贷款 直接 存入 预售 资金 监管 账户 跨行 办理 贷款 贷款 银行 及时 足额 按揭 贷款 转入 预售 资金 监管 账户 不得 转存 其他 账户 按规定 预购 按揭 贷款 存入 转入 监管 账户 房地产 主管部门 停止 银行 商品房 预售 资金 监管 资格 预售 资金 监管 工作 其他 具体 问题 按照 预售 资金 监管部门 规定 执行 执行 过程 中如 遇到 问题 及时 房产 开发 管理 联系 全面 降低 我市 住房 公积金 贷款 预售 楼盘 准入 发放 条件 工作 实施细则 字体 深入 推进 放管服 改革 扎实 开展 群众 办实事 实践 活动 进一步 优化 楼盘 准入 审批 流程 提高 服务 效率 维护 公积金 缴存 购房 权益 防范 楼盘 烂尾 风险 市中心 城区 试点工作 取得成功 基础 根据 上饶市 住房 公积金 管理 委员会 关于 全面 降低 住房 公积金 贷款 预售 楼盘 准入 发放 条件 通知 房金 管委 结合实际 制定 实施细则 实施 范围 我市 各县 经济 开发区 高铁 经济 试验区 上述 区域 房地产 开发 企业 建设 房地产 住宅 项目 范围 准入条件 房地产 开发 项目 预售 楼盘 取得 商品房 预售 许可证 预售 资金 按住 银监 部门 关于 市中心 城区 开展 商品房 预售 资金 动态 监管 工作 实施 意见 试行 建联发 文件 要求 实行 动态 监管 准入 程序 符合 准入条件 房地产 开发 公司 开发 楼盘 所在地 住房 公积金 分中心 提交 上饶 个人住房 公积金 贷款 楼盘 项目 申报表 住房 公积金 管理中心 相关 分中心 收到 房地产 开发 公司 提交 资料 二个 工作日内 申请 资料 进行 书面 审核 不需 实地 查堪 审核 通过 即可 签订 个人住房 公积金 贷款 预售 楼盘 项目 合作 协议 符合 个人住房 公积金 贷款 条件 楼盘 项目 说明 原因 资料 退回 贷款 发放 预售 楼盘 按楼栋 取得 商品房 预售 许可证 以楼栋 单位 楼盘 所在地 住房 公积金 分中心 申请 个人 期房 贷款 分中心 接到 申请 二个 工作日内 申报材料 审核 通过 审核 楼栋 项目 专人 两人 以上 前往 施工现场 进行 实地考察 查堪 楼栋 建设 施工 情况 是否 符合 住建 部门 规定 预售 许可 条件 达到 预售 许可 条件 填写 项目 楼盘 楼栋 现场 考察 情况表 附件 审核 实地考察 通过 楼盘 项目 分中心 根据 部门 核实 资金 监管 账户 开设 情况 召开 贷审会 审批 经审 贷会 审批 通过 分中心 负责人 申请 单位 法定代表 授权 代理人 签订 个人住房 积金 贷款 预售 楼盘 楼栋 放贷 协议 附件 贷款 发放 账户 严格 按照 住建 部门 资金 监管 要求 汇入 资金 监管 账户 风险 管控 放贷 楼盘 项目 分中心 建立 动态 监控 机制 密切 关注 项目 施工 进展 情况 部门 保持联系 了解 资金 监管 项目 工程 相关 情况 发现 非正常 停工 突发事件 及时 市中心 报告 暂停 住房 公积金 贷款 发放 其他 事项 通知 上饶市 住房 公积金 管理中心 负责 解释 通知 自发 之日起 执行 上饶市 住房 公积金 管理中心 关于 进一步 加强 商品房 预售 管理工作 通知 字体 关于 进一步 加强 商品房 预售 管理工作 通知 各县 房管局 房改办 上饶 经济 技术开发区 房管 三清山 风景 名胜区 建设 房产 管理局 贯彻落实 国家有关 房地产 市场 调控 精神 进一步 规范 房地产 开发 企业 经营 行为 房地产 市场秩序 维护 广大 消费者 合法权益 防范 房地产 市场 风险 根据 关于 进一步 规范 商品 住房 销售 行为 通知 建房 文件 要求 结合 我市 实际 进一步 加强 商品房 预售 管理工作 有关 事项 通知 如下 严格 商品房 预售 许可 申报 条件 房地产 开发 企业 申请 办理 商品房 预售 许可 工程进度 形象 进度 计算 低层 层数 建筑 封顶 多层 以上 建筑 主体 施工 层数 达到 规划 批准 层数 以上 装配式 建筑 根据 关于 促进 社会 资本 投资 项目 实施 应用 装配式 建筑 暂行办法 饶府 文件 要求 执行 加强 预售 申报 价格 管理 房地产 开发 企业 应当 根据 开发 建设 成本 合理 利润 因素 慎重 确定 商品住宅 预售 申报 价格 预售 申报 价格 通过 信息化 手段 进行 管理 开发 企业 取得 商品房 预售 许可证 应当 按照 预售 申报 价格 规范 销售 行为 开发 企业 采取 促销 手段 认真 履行 社会 责任 建立 社会 风险 评估 机制 应对 预案 维护 市场 良好 秩序 促进 社会 和谐 稳定 加强 预售 资金 监管 加快 研发 完成 商品房 预售 资金 监管 系统 全面 采用 信息化 手段 进行 预售 资金 监管 调整 预售 资金 监管 比例 正常 开发 项目 预售 申报 价格 总额 比例 进行 预售 资金 监管 装配式 施工 方式 建造 楼栋 预售 申报 价格 总额 比例 进行 预售 资金 监管 申报 预售 主体 封顶 开发 项目 预售 申报 价格 总额 比例 进行 预售 资金 监管 投诉 以上 群体 开发 项目 预售 申报 价格 总额 以上 比例 进行 预售 资金 监管 监管 账户 预售 资金 达到 监管 比例 完成 五方 验收 开发 企业 申请 拨付 监管 账户 预售 资金 完成 所有权 初始 登记 达到 购房人 单方 办理 转移 登记 条件 申请 解除 预售 资金 监管 探索 建立 商业银行 保函 抵作 预售 监管 资金 制度 便于 房地产 开发 企业 融资 开发 贷款 按揭 贷款 一个 银行 机构 办理 开发 企业 不同 银行 申请 开立 监管 账户 监管 账户 最多 超过 两个 上饶市 房地产 管理局 关于 进一步 加强 商品房 预售 资金 监管 工作 通知 赣建字 各市 住房 城乡 建设局 南昌市 住房 保障 房产 管理局 各银保监 分局 保持 房地产 市场 平稳 健康 发展 防范 房地产 市场 风险 保证 预售 资金 优先 用于 商品房 项目 工程建设 保障 购房人 合法权益 根据 城市 房地产 开发 经营 管理条例 国务院令 城市 商品房 预售 管理 办法 建设部 住房 城乡 建设部 关于 进一步 规范 加强 房屋 网签 备案 工作 指导 意见 建房 有关 法律法规 规章 文件精神 结合 本省 实际 加强 商品房 预售 资金 监管 工作 有关 事项 通知 如下 明确 监管 范围 全省 城市 批准 预售 商品房 建设项目 预售 资金 列入 监管 范围 商品房 预售 资金 包括 购房人 按照 合同 约定 支付 全部 房价 定金 首付款 分期付款 一次性 付款 银行 按揭 贷款 住房 公积金 贷款 商品住宅 装修 保障 建设项目 竣工 交付 预售 资金 实行 重点 监管 列为 重点 监管 资金 其他 重点 监管 资金 设立 监管 账户 住房 城乡建设 房管 部门 负责 商品房 预售 资金 监督管理 以下 简称 监管部门 根据 当地 实际 确定 监管 账户 设立 模式 房地产 开发 企业 申请 商品房 预售 许可 前要 确定 监管 银行 楼栋 基本 单位 开设 预售 资金 监管 专用 账户 监管部门 监管 银行 房地产 开发 企业 签订 三方 监管 协议 预售 许可证 中应 载明 监管 专用 账户 名称 账号 房地产 开发 企业 预售 商品房 应当 售楼 现场 公示 预售 资金 监管 专用 账户 监管 协议 明确 监管 期限 商品房 预售 资金 监管 期限 取得 商品房 预售 许可证 开始 预售 项目 楼栋 完成 房屋 初始 登记 达到 购房人 单方 办理 房屋 转移 登记 条件 为止 明确 监管 额度 重点 监管 资金 额度 不得 低于 预售 项目 楼栋 完成 房屋 初始 登记 达到 购房人 单方 办理 房屋 转移 登记 条件 资金 具体 标准 各市县 实际 测算 标准 确定 金融 担保 机构 出具 项目 保函 冲抵 商品房 预售 监管 资金 保函 金额 期限 冲抵 方式 各地 监管部门 根据 监管 需要 确定 规范 资金 缴存 预售 资金 全部 存入 预售 资金 监管 专用 账户 申请 住房贷款 预售 资金 监管 专用 账户 作为 贷款 账户 预售 申请 办理 商品房 预售 合同 备案 应当 提供 购房人 存入 专用 账户 首付款 凭证 建立 信息系统 监管部门 建立 预售 资金 监管 信息系统 监管 银行 房地产 开发 企业 以及 商品房 网签 系统 对接 动态 监管 预售 资金 缴存 审批 划拨 情况 规范 资金 拨付 监管 账户 预售 资金 超过 重点 监管 额度 房地产 开发 企业 申请 监管 银行 根据 监管 协议 拨付 重点 监管 资金 重点 监管 资金 监管部门 同意 工程项目 建设 进度 拨付 各地 科学合理 确定 重点 监管 资金 拨付 节点 保障 监管 账户 留存 资金 有效 覆盖 满足 工程 后续 建设 需要 切实 减轻 企业 负担 规范 资金 管理 各地 监管 银行 应当 按照 监管 规定 履行 监管 协议 进入 专用 账户 预售 资金 收支 情况 进行 日常 管理 定期 当地 监管部门 报送 专用 账户 收支 情况 明确 相关 责任 房地产 开发 企业 存在 购房款 进入 全额 进入 监管 账户 收取 其他 名目 款项 逃避 变相 逃避 监管 提供 虚假 证明 材料 行为 监管部门 责令 限期 整改 按照 监管 协议 约定 暂停 监管 资金 拨付 逾期 不改 整改 到位 监管部门 依据 相关 规定 监管 协议 约定 暂停 该项 目的 预售 许可 商品房 网签 备案 记入 房地产 开发 企业信用 档案 监管 银行 正当理由 协议 约定 及时 入账 拨付 监管 资金 监管部门 取消 监管 银行 合作 关系 监管部门 监管 银行 工作人员 资金 监管 工作 存在 玩忽职守 滥用职权 徇私舞弊 行为 承担 相应 法律责任 制定 监管 办法 各地 依据 通知 尽快 制定 完善 当地 预售 资金 监管 相关 规定 优化 服务 流程 压缩 办理 时限 规范 申请材料 提升 服务水平 方便 企业 办事 制度 防范 预售 资金 缴存 审批 划拨 违法 违规行为 预售 资金 监管 规定 本级 人民政府 同意 报上 一级 主管部门 备案 住房 城乡 建设厅 江西 保监局,1.329863692937047,5.230911696132671,3.45,4.850000000000001,7893,11.5,27.14166666666667,1235.426086956522,114.81355125,165.161025,1235.426086956522,10.65555,4,3,0.008625,0.0,主体,,,0.0,,0.0,装修,,,0.0,,1.0,竣备,11.0,27.0,36.095675625,6.275000000000002,1.0,确权,11.0,27.0,78.71787562499999,12.275,,,,,,,3,3,165.161025
东方,东方,Dongfang-3,approved construction cost,with multiplier or floor,successive inspection stages,drawdown ceiling,specified,condition beyond first registration,True,True,2.0,0.5,0.05,numbered clauses in evidence excerpt,explicit percentage near 主体结构封顶; midpoint used for a stated range,manual 5% retained flag,监管额度后，房地产开发企业可以使用规定留存的预售监管资金额度以外的其他预售资金，优先用于本项目工程有关建设 | 完成房屋所有权首次登记后终止,True,policy_identification_filled.xlsx,City_audit,4stage_Ncost,4,4,stage_1|stage_2|stage_3|stage_4,主体|竣备|阶段3|阶段4,主体|竣备|阶段3|阶段4,partial_named_milestones,stage_1,,4,0.5,,cumulative_same_denominator_stage_shares,not_estimable:registration_stage_name_unmapped,expert_calibrated_operational_proxy_pending_source_mapping,monthly-revenue stage ratio or within-cohort amount share; not automatically a policy percentage,external/Modelling Dep/41_Cities_Dep/city_catalog.json,data/pmc_data.xlsx,dep-operational-h1-v1,Dongfang-3,2022,三线,东方,Hainan,"关于征求《东方市商品房预售资金监管实施细则（征求意见稿）》意见的公告


为加强商品房预售资金监督管理，保障预售商品房工程建设顺利进行，防范商品房交易风险，维护当事人合法权益，确保房地产市场平稳健康发展，依据《中华人民共和国城市房地产管理法》、《城市房地产开发经营管理条例》、《城市商品房预售管理办法》和《海南省商品房预售资金监管办法》（琼建房〔2022〕373号）文件等规定，结合我市实际，我中心起草了《东方市商品房预售资金监管实施细则（征求意见稿）》，现面向社会公众征求意见，欢迎社会各界对该工作方案提出宝贵的意见和建议。
公示期为2022年12月8日至2022年12月28日（共15个工作日），单位和个人如有意见和建议，请在公示期内以书面形式（材料上签署真实姓名或加盖单位公章，并注明联系方式）反馈至东方市住房保障与房产管理中心。联系人：符聪，联系电话：13637600123，电子邮箱：dffgzx@163.com。地址：东方市八所镇东方大道南62号东方市住房保障与房产管理中心一楼行政审批办公室。
特此公告。
附件：东方市商品房预售资金监管实施细则（征求意见稿）




东方市住房保障与房产管理中心
2022年12月8日 


======================


东方市商品房预售资金监管实施细则
（征求意见稿）

第一章  总  则

第一条 为加强商品房预售资金监督管理，保障预售商品房工程建设顺利进行，防范商品房交易风险，维护当事人合法权益，确保房地产市场平稳健康发展，根据《海南省住房和城乡建设厅 中国人民银行海口中心支行 中国银行保险监督管理委员会海南监管局关于印发〈海南省商品房预售资金监管办法〉的通知》（琼建房〔2022〕373号）等规定，结合我市实际，制定本实施细则（以下简称“本细则”）。
第二条 东方市住房和城乡建设局是本市商品房预售资金监管主管部门（以下简称“市住建部门”），现由市住建部门下属单位东方市住房保障与房产管理中心具体负责本市商品房预售资金监管的实施工作。
第三条 本细则所称“商品房预售资金”是指预售商品房的房地产开发企业依法将其开发的商品房出售，由购买人按《商品房买卖合同》约定支付的定金、预付款、房价款（包括首付款、分期付款、一次性付款、银行按揭贷款和住房公积金贷款）、保证金和其他形式的购房款等各种款项。
第四条 本细则所称监管银行（即开户银行）是指与房地产开发企业签订《商品房预售资金监管协议》（以下简称“监管协议”）、设立商品房预售资金监管专用账户（以下简称“监管账户”）的银行。
第五条 凡在本市行政区域内批准预售的商品房建设项目，其预售资金的收缴、使用和监督管理工作，适用本细则。
第六条 商品房预售资金监管遵循“专户专存、专款专用、全程监管、节点控制、多方监督”原则，确保商品房预售资金用于该商品房项目工程建设。
第七条 预售资金监管对象范围包括全部批准预售的商品房建设项目。预售商品房的预售资金必须存入预售监管账户，预售监管账户中留存的预售监管资金以确保项目剩余工程顺利完工为原则。当留存的预售监管资金达到规定的监管额度后，房地产开发企业可以使用规定留存的预售监管资金额度以外的其他预售资金，优先用于本项目工程有关建设。
第八条 预售资金监管期限自取得《商品房预售许可证》开始，至项目完成房屋所有权首次登记后终止。
第九条 监管银行应具备保证资金监管安全、规范运行所需的金融管理业务能力及能与监管部门商品房预售资金监管系统联网并实现信息即时传递与交换的网络技术条件。

第二章  预售资金监管账户的开立

第十条 市住房保障与房产管理中心会同中国人民银行东方市支行和海南银保监局东方监管组通过公开招标方式，综合商业银行资信状况、监管能力、服务水平等因素，确定能够承接商品房预售资金监管业务的商业银行，并通过市住房保障与房产管理中心APP或官网给予公示，开发企业应从公示的名单中选择商业银行作为监管银行。开发企业在申请办理《商品房预售许可证》前，按一次预售许可开设一个监管账户的原则，与市住房保障与房产管理中心和监管银行签订监管协议，明确预售资金收存和使用方式、监管额度、违约责任等，监管协议主要内容要在预售方案中予以明确，并通过附件方式在《商品房买卖合同》中予以体现。
第十一条 申请开立监管账户程序
一、申请
房地产开发企业填写监管账户开立申请表、资金使用计划书及企业基本信息等相关材料后向市住房保障与房产管理中心申请办理开立监管账户。 
房地产开发企业应持以下材料办理开立监管账户：
（1）开户申请书；
（2）开发企业营业执照正副本；
（3）用款计划书；
（4）土地使用权证；
（5）建设工程规划许可证、施工许可证；
（6）测绘报告；
（7）项目建设方案及施工进度表；
（8）经办人身份证、委托书；
（9）其他应当提供的材料。
以上材料以电子文档或电子扫描件的形式线上提交。
二、审核
市住房保障与房产管理中心受理申请开立监管理账户后3个工作日内完成审核，审核通过的，向房地产开发企业出具《商品房预售资金监管账户开户通知书》。
三、开立监管账户
房地产开发企业持《商品房预售资金监管账户开立通知书》到商业银行开立监管账户。根据《人民币银行结算账户管理办法》等账户管理规定，预售资金监管账户的性质为专用存款账户，户名应由房地产开发企业名称和规划批准的项目名称组成，其中房地产开发企业名称须与该企业基本存款账户名称一致，预留银行签章上的名称须与资金账户的名称一致。

第三章  预售资金监管协议的签订

第十二条 房地产开发企业在办理《商品房预售许可证》前，须与开立监管账户的商业银行（即“监管银行”）和市住房保障与房产管理中心签订三方监管协议。监管协议中应载明房地产开发企业名称、项目名称、坐落、国有土地使用证号、土地面积、总建筑面积、总套数、项目工程建设规划许可证号、项目工程建设施工许可证号、工程预算清册总额、监管银行、监管账户名称和账号等相关信息。
未签订监管协议的房地产项目，不予发放《商品房预售许可证》。
第十三条 房地产开发企业在取得《商品房预售许可证》后，应将商品房预售资金监管相关规定告知购房人，将预售资金监管开户银行及预售资金监管账户、账号等信息在商品房销售场所显著位置公示。

第四章  预售资金监管账户的变更

第十四条 监管项目发生监管银行或监管账户变更的，可以申请变更，变更期间该监管账户对应的《商品房预售许可证》范围内的商品房不得销售。
房地产开发企业变更监管银行或监管账户的，须经原监管银行、市住房保障与房产管理中心同意后，经批准解除原监管协议，重新签订新的监管协议，同时将原监管账户中的预售资金全部转入新的监管账户。
房地产开发企业应持以下材料申请变更监管银行或监管账户：
（1）监管账户变更申请书；
（2）原监管账户开户通知书；
（3）原监管账户开户证明；
（4）原监管银行及其上级单位出具同意变更监管账户的证明文件；
（5）企业营业执照及经办人身份证、委托书；
（6）凡已签订监管协议的，房地产开发企业还应当交回原监管协议原件。
市住房保障与房产管理中心受理监管账户变更申请后3个工作日内完成审核，审核通过的，书面通知监管银行，办理变更相关手续。
第五章  预售资金的收存

第十五条 房地产开发企业预售商品房时，由购房人缴交的定金、首付款、住房公积金贷款、商业银行发放的按揭贷款和其他形式的购房款存入相应的监管账户后，开发企业凭相应的监管账户缴款回单，为购房人开具售房发票。购房人按揭贷款购买商品房的，其按揭贷款由贷款银行按开发企业提供的监管账户直接划入，并注明用途。房地产开发企业不得直接收存购房款。
第十六条 购房人分期或其他付款方式购买商品房的，在签订《商品房买卖合同》中，必须注明付款次数，每次付款金额和付款时间，并按合同约定及时将购房款存入监管账户。
第十七条 监管银行应以楼盘表编制的幢为单位，根据楼盘表网签成交信息、合同约定的购房款支付信息，实时掌握该幢房屋己销售房号和应进入监管账户的购房款金额，并按幢按套建立购房款明细管理台账，做到专款专用。

第六章  预售资金监管的额度

第十八条 商品房预售资金重点监管额度按照项目建筑、安装、装修和区内配套建设等成本费用（含税）以及5%的不可预见费用确定，商品房预售资金重点监管额度须在商品房预售资金监管协议中载明。
房地产开发企业支付工程建设等费用，可以申请使用重点监管资金。申请的重点监管资金应用于支付本项目工程建设进度款、建筑材料、配套设施、设备、全装修工程进度款等款项以及法定税费、不高于5%的不可预见费。
第十九条 使用重点监管资金应以项目工程进度和资金使用计划为依据，按照项目建设进度达到主体结构封顶、竣工验收、配套设施建设完成、初始登记、完成房屋所有权首次登记终止条件五个环节设置资金使用节点：
（1）项目主体结构封顶时，使用资金额度不得超过重点监管资金总额的50%；
（2）项目完成竣工验收时，使用资金额度不得超过重点监管资金总额的80%；
（3）项目完成配套设施建设时，使用资金额度不得超过重点监管资金总额的90%；
（4）项目完成初始登记时，使用资金额度不得超过重点监管资金总额的95%；
（5）项目完成房屋所有权首次登记终止时，预售资金监管终止。
第二十条 房地产开发企业申请拨付监管资金前，应当向市住房保障与房产管理中心申请对项目工程形象部位进行现场查勘。现场查勘合格后，房地产开发企业按照施工进度，持以下资料向市住房保障与房产管理中心申请办理拨付手续：
（1）监管资金拨付申请表；
（2）己完工节点证明文件：结构封顶，提交主体结构工程质量验收证明；竣工验收，提交建设工程竣工验收备案书；装修，提供装修合同及施工进度表；完成初始权登记，提交证本；具备办理产权转移登记，提供房屋税务完税证明，购房人可单方办理转移登记等；
（3）开发企业营业执照及经办人身份证、委托书。
第二十一条 申请材料审核合格后，由市住房保障与房产管理中心在3个工作日内出具同意拨付证明，监管银行应及时拨付。监管银行违反预售资金三方监管协议，未经市住房保障与房产管理中心核实同意，擅自拨付监管额度内资金的，应当负责追回资金，无法追回的依法承担相应赔偿责任。
第二十二条 市住房保障与房产管理中心应当严格查勘资料的档案管理，妥善保存查勘记录、施工进度照片。

第七章  预售资金不明入账的处理

第二十三条 购房人通过电汇、网上银行转账等方式交存购房款或者预售资金划拨过程中因拨付失败返回资金监管账户形成的不明入账，房地产开发企业应当及时予以划分确认，划分确认后方可申请使用该部分资金。
第二十四条 属于资金错误划入监管账户的，房地产开发企业应当提交以下资料向市住房保障与房产管理中心申请办理《不明入账退款通知书》：
不明入账退款申请表；
开户银行出具的证明文件；
企业营业执照及经办人身份证、委托书。
由于发放购房贷款或者银行汇款等原因造成资金错误划入监管账户的，还应当提供相关发起银行出具的证明文件。
第二十五条 市住房保障与房产管理中心受理申请后3个工作日内完成审核。审核通过的，向房地产开发企业出具《不明入账退款通知书》。房地产开发企业于2个工作日内持《不明入账退款通知书》到开户银行办理退款手续。

第八章  预售资金监管的解除

第二十六条 监管项目具备办理产权转移登记条件后，房地产开发企业可以申请解除监管。解除监管后的账户和剩余资金由房地产开发企业自行处理。
第二十七条 房地产开发企业申请办理《解除监管通知书》，应当提交以下材料：
解除监管申请表；
具备办理产权转移登记证明材料；
企业营业执照及经办人身份证、委托书。
第二十八条 市住房保障与房产管理中心受理申请审核通过后，向房地产开发企业出具《解除监管通知书》。房地产开发企业持《解除监管通知书》到开户银行办理解除监管账户手续。

第九章  监督管理

第二十九条 监管银行应按月将预售资金收支等情况报送市住房保障与房产管理中心，方便查询。
第三十条 市住房保障与房产管理中心和中国人民银行东方市支行、海南银保监局东方监管组根据各自的监管职责做好日常指导和监督检查工作。市住房保障与房产管理中心要定期巡查预售项目，发现项目收支存在异常情况的，责令开发企业限期改正。中国人民银行东方市支行和海南银保监局东方监管组发现监管银行违规的，应当依法严肃处理。监管银行发现房地产开发企业存在违规挪用监管额度内资金问题的，应当停止拨付，并立即告知市住房保障与房产管理中心，市住房管中心要及时作出处理。
第三十一条 涉及人民法院保全、执行商品房预售资金的，按照《最高人民法院 住房和城乡建设部 中国人民银行关于规范人民法院保全执行措施确保商品房预售资金用于项目建设的通知》(法〔2022〕12号) 有关要求执行。
第三十二条 开发企业有下列行为之一的，由市住房保障与房产管理中心责令其限期改正，整改期间开发企业不得申请拨付预售资金:
（1）未按本办法规定收存、使用预售资金的；
（2）提供虚假证明材料申请使用预售资金的；
（3）以收取其他款项为名变相逃避监管的；
（4）其他违反预售资金监管规定的。
情节严重或者拒不改正的，经查证属实，暂停其监管资金拨付，同时关闭该项目网签系统。按照国家及我省诚信管理有关规定处理。违反相关法律、法规、规章规定的，依照有关规定处罚。
第三十三条 施工单位、监理单位提供虚假证明或采取其他方式协助开发企业违规支取预售资金的，由市住建部门依法对相关责任单位和责任人予以处理。违反相关法律、法规、规章规定的，依照有关规定处罚。
第三十四条 监管银行违反规定或未按照商品房预售资金监管协议约定，擅自收存、管理以开发企业名义转入的资金，未按规定监控、反馈购房贷款入账情况，擅自拨付资金，或存在其他违规行为的，依法承担相应法律责任。
第三十五条 违反本细则规定，相关部门及其工作人员在预售资金监管工作中玩忽职守、滥用职权、徇私舞弊的，依法追究责任。

第十章  附  则

第三十六条 本实施细则由市住房保障与房产管理中心负责解释。
第三十七条 本细则自2023年3月31日起施行，有效期3年。本细则实行前己预售的项目，经开发企业申请，可以按本细则的规定执行。
",关于 征求 东方 商品房 预售 资金 监管 实施细则 征求意见 意见 公告 加强 商品房 预售 资金 监督管理 保障 预售 商品房 工程建设 顺利进行 防范 商品房 交易 风险 维护 当事人 合法权益 确保 房地产 市场 平稳 健康 发展 依据 中华人民共和国 城市 房地产 管理法 城市 房地产 开发 经营 管理条例 城市 商品房 预售 管理 办法 海南省 商品房 预售 资金 监管 办法 建房 文件 规定 结合 我市 实际 中心 起草 东方 商品房 预售 资金 监管 实施细则 征求意见 面向社会 公众 征求意见 欢迎 社会各界 工作 方案 提出 宝贵 意见 建议 公示 期为 日至 工作日 单位 个人 意见 建议 公示 期内 书面形式 材料 签署 真实 姓名 加盖 单位 公章 注明 联系方式 反馈 东方 住房 保障 房产 管理中心 联系人 符聪 联系电话 电子邮箱 地址 东方 八所 东方 大道 东方 住房 保障 房产 管理中心 一楼 行政 审批 办公室 特此 公告 附件 东方 商品房 预售 资金 监管 实施细则 征求意见 东方 住房 保障 房产 管理中心 东方 商品房 预售 资金 监管 实施细则 征求意见 第一章 第一条 加强 商品房 预售 资金 监督管理 保障 预售 商品房 工程建设 顺利进行 防范 商品房 交易 风险 维护 当事人 合法权益 确保 房地产 市场 平稳 健康 发展 根据 海南省 住房 城乡 建设厅 中国人民银行 海口 中心 支行 中国银行 保险 监督管理 委员会 海南 监管局 关于 印发 海南省 商品房 预售 资金 监管 办法 通知 建房 规定 结合 我市 实际 制定 实施细则 以下 简称 本细则 第二条 东方 住房 城乡 建设局 本市 商品房 预售 资金 监管 主管部门 以下 简称 市住 部门 现由市 部门 下属单位 东方 住房 保障 房产 管理中心 具体 负责 本市 商品房 预售 资金 监管 实施 工作 第三条 本细则 商品房 预售 资金 预售 商品房 房地产 开发 企业 依法 开发 商品房 出售 购买 商品房 买卖合同 约定 支付 定金 预付款 房价 包括 首付款 分期付款 一次性 付款 银行 按揭 贷款 住房 公积金 贷款 保证金 其他 形式 购房款 各种 款项 第四条 本细则 监管 银行 开户银行 房地产 开发 企业 签订 商品房 预售 资金 监管 协议 以下 简称 监管 协议 设立 商品房 预售 资金 监管 专用 账户 以下 简称 监管 账户 银行 第五条 本市 行政区域 批准 预售 商品房 建设项目 预售 资金 收缴 使用 监督管理 工作 适用 本细则 第六条 商品房 预售 资金 监管 遵循 专户 专存 专款专用 全程 监管 节点 控制 多方 监督 原则 确保 商品房 预售 资金 用于 商品房 项目 工程建设 第七条 预售 资金 监管 对象 范围 包括 全部 批准 预售 商品房 建设项目 预售 商品房 预售 资金 必须 存入 预售 监管 账户 预售 监管 账户 留存 预售 监管 资金 确保 项目 剩余 工程 顺利 完工 原则 留存 预售 监管 资金 达到 规定 监管 额度 房地产 开发 企业 可以 使用 规定 留存 预售 监管 资金 额度 以外 其他 预售 资金 优先 用于 项目 工程 有关 建设 第八条 预售 资金 监管 期限 取得 商品房 预售 许可证 开始 项目 完成 房屋 所有权 首次 登记 终止 第九条 监管 银行 具备 保证 资金 监管 安全 规范 运行 金融管理 业务 能力 及能 监管部门 商品房 预售 资金 监管 系统 联网 实现 信息 即时 传递 交换 网络 技术 条件 第二章 预售 资金 监管 账户 开立 第十条 住房 保障 房产 管理中心 会同 中国人民银行 东方 支行 海南 保监局 东方 监管 通过 公开招标 方式 综合 商业银行 资信 状况 监管 能力 服务水平 因素 确定 能够 承接 商品房 预售 资金 监管 业务 商业银行 通过 住房 保障 房产 管理中心 官网 给予 公示 开发 企业 应从 公示 名单 选择 商业银行 作为 监管 银行 开发 企业 申请 办理 商品房 预售 许可证 一次 预售 许可 开设 一个 监管 账户 原则 住房 保障 房产 管理中心 监管 银行 签订 监管 协议 明确 预售 资金 收存 使用 方式 监管 额度 违约责任 监管 协议 主要 内容 预售 方案 予以 明确 通过 附件 方式 商品房 买卖合同 予以 体现 第十一条 申请 开立 监管 账户 程序 申请 房地产 开发 企业 填写 监管 账户 开立 申请表 资金 使用 计划书 企业 基本 信息 相关 材料 后向市 住房 保障 房产 管理中心 申请 办理 开立 监管 账户 房地产 开发 企业 应持 以下 材料 办理 开立 监管 账户 开户 申请书 开发 企业 营业执照 正副 用款 计划书 土地 使用 权证 建设工程 规划 许可证 施工 许可证 测绘 报告 项目 建设 方案 施工进度 经办人 身份证 委托书 其他 应当 提供 材料 以上 材料 电子 文档 电子扫描 形式 线上 提交 审核 住房 保障 房产 管理中心 受理 申请 开立 管理 账户 工作日内 完成 审核 审核 通过 房地产 开发 企业 出具 商品房 预售 资金 监管 账户 开户 通知书 开立 监管 账户 房地产 开发 企业 商品房 预售 资金 监管 账户 开立 通知书 商业银行 开立 监管 账户 根据 人民币 银行 结算 账户 管理 办法 账户 管理 规定 预售 资金 监管 账户 性质 专用 存款 账户 户名 应由 房地产 开发 企业 名称 规划 批准 项目名称 组成 其中 房地产 开发 企业 名称 企业 基本 存款 账户 名称 一致 预留 银行 签章 名称 资金 账户 名称 一致 第三章 预售 资金 监管 协议 签订 第十二条 房地产 开发 企业 办理 商品房 预售 许可证 开立 监管 账户 商业银行 监管 银行 住房 保障 房产 管理中心 签订 三方 监管 协议 监管 协议 中应 载明 房地产 开发 企业 名称 项目名称 坐落 国有土地 使用证 土地 面积 建筑面积 套数 项目 工程建设 规划 许可证 项目 工程建设 施工 许可证 工程预算 清册 总额 监管 银行 监管 账户 名称 账号 相关 信息 签订 监管 协议 房地产 项目 不予 发放 商品房 预售 许可证 第十三条 房地产 开发 企业 取得 商品房 预售 许可证 商品房 预售 资金 监管 相关 规定 告知 购房人 预售 资金 监管 开户银行 预售 资金 监管 账户 账号 信息 商品房 销售 场所 显著 位置 公示 第四章 预售 资金 监管 账户 变更 第十四条 监管 项目 发生 监管 银行 监管 账户 变更 可以 申请 变更 变更 期间 监管 账户 对应 商品房 预售 许可证 范围 商品房 不得 销售 房地产 开发 企业 变更 监管 银行 监管 账户 经原 监管 银行 住房 保障 房产 管理中心 同意 批准 解除 监管 协议 重新 签订 监管 协议 同时 监管 账户 预售 资金 全部 转入 监管 账户 房地产 开发 企业 应持 以下 材料 申请 变更 监管 银行 监管 账户 监管 账户 变更 申请书 监管 账户 开户 通知书 监管 账户 开户 证明 监管 银行 及其 上级 单位 出具 同意 变更 监管 账户 证明文件 企业 营业执照 经办人 身份证 委托书 签订 监管 协议 房地产 开发 企业 应当 交回 监管 协议 原件 住房 保障 房产 管理中心 受理 监管 账户 变更 申请 工作日内 完成 审核 审核 通过 书面通知 监管 银行 办理 变更 相关 手续 第五章 预售 资金 收存 第十五条 房地产 开发 企业 预售 商品房 购房人 缴交 定金 首付款 住房 公积金 贷款 商业银行 发放 按揭 贷款 其他 形式 购房款 存入 相应 监管 账户 开发 企业 相应 监管 账户 缴款 回单 购房人 开具 售房 发票 购房人 按揭 贷款 购买 商品房 按揭 贷款 贷款 银行 开发 企业 提供 监管 账户 直接 划入 注明 用途 房地产 开发 企业 不得 直接 收存 购房款 第十六条 购房人 分期 其他 付款 方式 购买 商品房 签订 商品房 买卖合同 必须 注明 付款 次数 每次 付款 金额 付款 时间 合同 约定 及时 购房款 存入 监管 账户 第十七条 监管 银行 楼盘 编制 单位 根据 楼盘 表网 成交 信息 合同 约定 购房款 支付 信息 实时 掌握 房屋 销售 房号 进入 监管 账户 购房款 金额 按套 建立 购房款 明细 管理 台账 做到 专款专用 第六章 预售 资金 监管 额度 第十八条 商品房 预售 资金 重点 监管 额度 按照 项目 建筑 安装 装修 区内 配套 建设 成本费用 含税 以及 不可 预见 费用 确定 商品房 预售 资金 重点 监管 额度 商品房 预售 资金 监管 协议 载明 房地产 开发 企业 支付 工程建设 费用 可以 申请 使用 重点 监管 资金 申请 重点 监管 资金 应用 支付 项目 工程建设 进度 建筑材料 配套 设施 设备 装修 工程进度 款项 以及 法定 税费 高于 不可 预见 第十九条 使用 重点 监管 资金 项目 工程进度 资金 使用 计划 依据 按照 项目 建设 进度 达到 主体 结构 封顶 竣工 验收 配套 设施 建设 完成 初始 登记 完成 房屋 所有权 首次 登记 终止 条件 五个 环节 设置 资金 使用 节点 项目 主体 结构 封顶 使用 资金 额度 不得 超过 重点 监管 资金 总额 项目 完成 竣工 验收 使用 资金 额度 不得 超过 重点 监管 资金 总额 项目 完成 配套 设施 建设 使用 资金 额度 不得 超过 重点 监管 资金 总额 项目 完成 初始 登记 使用 资金 额度 不得 超过 重点 监管 资金 总额 项目 完成 房屋 所有权 首次 登记 终止 预售 资金 监管 终止 第二十条 房地产 开发 企业 申请 拨付 监管 资金 应当 向市 住房 保障 房产 管理中心 申请 项目 工程 形象 部位 进行 现场 查勘 现场 查勘 合格 房地产 开发 企业 按照 施工进度 以下 资料 向市 住房 保障 房产 管理中心 申请 办理 拨付 手续 监管 资金 拨付 申请表 完工 节点 证明文件 结构 封顶 提交 主体 结构 工程质量 验收 证明 竣工 验收 提交 建设工程 竣工 验收 备案 装修 提供 装修 合同 施工进度 完成 初始 登记 提交 证本 具备 办理 产权 转移 登记 提供 房屋 税务 完税 证明 购房人 单方 办理 转移 登记 开发 企业 营业执照 经办人 身份证 委托书 第二十一条 申请材料 审核 合格 由市 住房 保障 房产 管理中心 工作日内 出具 同意 拨付 证明 监管 银行 及时 拨付 监管 银行 违反 预售 资金 三方 监管 协议 未经 住房 保障 房产 管理中心 核实 同意 擅自 拨付 监管 额度 资金 应当 负责 追回 资金 无法 追回 依法 承担 相应 赔偿 责任 第二十二条 住房 保障 房产 管理中心 应当 严格 查勘 资料 档案管理 妥善 保存 查勘 记录 施工进度 照片 第七章 预售 资金 不明 入账 处理 第二十三条 购房人 通过 电汇 网上银行 转账 方式 交存 购房款 或者 预售 资金 划拨 过程 中因 拨付 失败 返回 资金 监管 账户 形成 不明 入账 房地产 开发 企业 应当 及时 予以 划分 确认 划分 确认 后方 申请 使用 部分 资金 第二十四条 属于 资金 错误 划入 监管 账户 房地产 开发 企业 应当 提交 以下 资料 向市 住房 保障 房产 管理中心 申请 办理 不明 入账 退款 通知书 不明 入账 退款 申请表 开户银行 出具 证明文件 企业 营业执照 经办人 身份证 委托书 由于 发放 购房 贷款 或者 银行 汇款 原因 造成 资金 错误 划入 监管 账户 应当 提供 相关 发起 银行 出具 证明文件 第二十五条 住房 保障 房产 管理中心 受理 申请 工作日内 完成 审核 审核 通过 房地产 开发 企业 出具 不明 入账 退款 通知书 房地产 开发 企业 工作日内 不明 入账 退款 通知书 开户银行 办理 退款 手续 第八章 预售 资金 监管 解除 第二十六条 监管 项目 具备 办理 产权 转移 登记 条件 房地产 开发 企业 可以 申请 解除 监管 解除 监管 账户 剩余 资金 房地产 开发 企业 自行处理 第二十七条 房地产 开发 企业 申请 办理 解除 监管 通知书 应当 提交 以下 材料 解除 监管 申请表 具备 办理 产权 转移 登记 证明 材料 企业 营业执照 经办人 身份证 委托书 第二十八条 住房 保障 房产 管理中心 受理 申请 审核 通过 房地产 开发 企业 出具 解除 监管 通知书 房地产 开发 企业 解除 监管 通知书 开户银行 办理 解除 监管 账户 手续 第九章 监督管理 第二十九条 监管 银行 预售 资金 收支 情况 报送 住房 保障 房产 管理中心 方便 查询 第三十条 住房 保障 房产 管理中心 中国人民银行 东方 支行 海南 保监局 东方 监管 根据 各自 监管 职责 做好 日常 指导 监督 检查 工作 住房 保障 房产 管理中心 定期 巡查 预售 项目 发现 项目 收支 存在 异常情况 责令 开发 企业 限期 改正 中国人民银行 东方 支行 海南 保监局 东方 监管 发现 监管 银行 违规 应当 依法 严肃处理 监管 银行 发现 房地产 开发 企业 存在 违规 挪用 监管 额度 资金 问题 应当 停止 拨付 立即 告知 住房 保障 房产 管理中心 住房 中心 及时 作出 处理 第三十一条 涉及 人民法院 保全 执行 商品房 预售 资金 按照 最高人民法院 住房 城乡 建设部 中国人民银行 关于 规范 人民法院 保全 执行 措施 确保 商品房 预售 资金 用于 项目 建设 通知 有关 要求 执行 第三十二条 开发 企业 下列 行为 之一 由市 住房 保障 房产 管理中心 责令 限期 改正 整改 期间 开发 企业 不得 申请 拨付 预售 资金 按本 办法 规定 收存 使用 预售 资金 提供 虚假 证明 材料 申请 使用 预售 资金 收取 其他 款项 为名 变相 逃避 监管 其他 违反 预售 资金 监管 规定 情节严重 或者 改正 查证 属实 暂停 监管 资金 拨付 同时 关闭 项目 网签 系统 按照 国家 我省 诚信 管理 有关 规定 处理 违反 相关 法律 法规 规章 规定 依照 有关 规定 处罚 第三十三条 施工单位 监理 单位 提供 虚假 证明 采取 其他 方式 协助 开发 企业 违规 支取 预售 资金 由市 部门 依法 相关 责任 单位 责任人 予以 处理 违反 相关 法律 法规 规章 规定 依照 有关 规定 处罚 第三十四条 监管 银行 违反规定 按照 商品房 预售 资金 监管 协议 约定 擅自 收存 管理 开发 企业 名义 转入 资金 按规定 监控 反馈 购房 贷款 入账 情况 擅自 拨付 资金 存在 其他 违规行为 依法 承担 相应 法律责任 第三十五条 违反 本细则 规定 相关 部门 及其 工作人员 预售 资金 监管 工作 玩忽职守 滥用职权 徇私舞弊 依法追究 责任 第十章 第三十六条 实施细则 由市 住房 保障 房产 管理中心 负责 解释 第三十七条 本细则 日起 施行 有效期 本细则 实行 前己 预售 项目 开发 企业 申请 可以 本细则 规定 执行,1.971326722895717,6.243487804466905,2.55,4.016666666666667,12405,61.7,27.14166666666667,1256.584278768233,266.2529209872159,71.44435575364668,2727.746212121212,18.06859090909091,4,3,0.008625,0.5,主体,20.0,20.0,10.77527947443182,4.737345679012346,0.3,竣备,20.0,27.0,83.34137556818183,5.169444444444445,0.15,阶段3,20.0,35.0,119.4785573863636,6.404012345679012,0.05000000000000001,阶段4,20.0,38.0,52.65770855823866,7.070679012345679,,,,,,,3,4,71.44435575364668
东莞,东莞,Dongguan-2,approved construction cost,with multiplier or floor,named administrative certificates,retained balance,specified but count unavailable,other / unclear,False,False,,0.85,,not explicitly countable from retained excerpt,explicit percentage near 主体结构; midpoint used for a stated range,not explicitly parseable from retained excerpt,"监管额度(监管额度=项目建筑面积�本市房屋建筑工程造价单价�120%)及工程预留资金 | 监管账户内仍有资金剩余的，可凭已接入“东莞市商品房预售款监管系统”的银行出具的现金保函，直接置换同等额度的商品房预售款监管资金（不含工程建设保证金） | 完成房屋所有权首次登记前,商业银行不得擅自扣划,设立子公司的房地产开发企业,集团公司不得抽调,只能用于购买项目建设必需的建筑材料、设备和支付项目建设的施工进度款及法定税费",True,policy_identification_filled.xlsx,City_audit,5stage_Pcost,5,5,stage_1|stage_2|stage_3|stage_4|stage_5,阶段1|阶段2|竣备|阶段4|阶段5,阶段1|阶段2|竣备|阶段4|阶段5,partial_named_milestones,,,5,,,not_estimable:topout_stage_name_unmapped,not_estimable:registration_stage_name_unmapped,expert_calibrated_operational_proxy_pending_source_mapping,monthly-revenue stage ratio or within-cohort amount share; not automatically a policy percentage,external/Modelling Dep/41_Cities_Dep/city_catalog.json,data/pmc_data.xlsx,dep-operational-h1-v1,Dongguan-2,2022,二线,东莞,Guangdong,"东莞市住房和城乡建设局关于进一步加强商品房预售款使用差异化管理的通知
莞建宣 东莞市住房和城乡建设局 2019-05-15 17:43 发表于广东
各园区、镇（街）住房规划建设局，市房地产业协会，各房地产开发企业：
为进一步优化商品房预售款差异化管理，提高预售款监管资金使用效率，加强事中事后监管，同时发挥行业协会协同治理作用，加强行业自律，推进社会共治，市住建局将依托市房地产业协会的“东莞市房地产企业诚信联盟”平台（以下简称“诚信联盟”），建立基于承诺制和企业信用的商品房预售款使用差异化管理制度，完善相关扶优罚劣措施。现将有关事项通知如下：
一、加强差异化管理
对自愿加入“诚信联盟”，向社会公开承诺诚信守法经营的房地产开发企业，对其商品房预售款使用实行“扶优”政策。根据开发企业在莞经营规模、诚信履约等情况，对其商品房预售款使用实行A、B、C 三级差异化监管模式。
（一）A级监管
已加入“诚信联盟”、上一年度（自公历1月1日起至12月31日止，下同）销售金额达到10亿元及以上的开发企业（包含控股或实际控制的项目公司销售金额。本通知所称“销售金额”均指在本市网签销售金额），实行“打包”式A级监管模式。
实行A级监管的开发企业，应承诺规范和完善其“打包”的所有项目公司的建设开发及经营销售行为，并对其负有连带责任。市住建局将简化A级监管开发企业的申请资料要求，缩短办结时限，对其商品房预售款申请使用事项，在正式受理后3个工作日内办结。具体分为A1级监管和A2级监管：
1. A1级监管：对上一年度销售金额达到50亿元及以上的开发企业，由其“打包”的所有预售商品房项目可按照已售商品房销售金额的5%预留工程建设保证金，申请使用的其余预售款监管资金应确保用于相关项目的工程建设。
2. A2级监管：对上一年度销售金额在10-50亿元间（含10亿元）的开发企业，由其“打包”的所有预售商品房项目可按照已售商品房销售金额的10%预留工程建设保证金，申请使用的其余预售款监管资金应确保用于相关项目的工程建设。
3. A级监管开发企业“打包”的项目公司，可凭已接入“东莞市商品房预售款监管系统”的银行出具的现金保函直接置换同等额度的商品房预售款监管资金（含工程建设保证金）。相关实施细则由市住建局另行制定。
4. A级监管开发企业应于每月5日（遇法定节假日的，截止日期为5日前一个工作日）前向市住建局提交所有“打包”项目当前工程建设施工进度及支付情况等材料，以确保各项目不存在拖欠工程款、工程停工、延期交楼等不稳定因素。
（二）B级监管
除本条第（一）款以外的其余已加入“诚信联盟”的开发企业，实行“先用款、后核实”的监管模式，对其商品房预售款申请使用事项，在正式受理后5个工作日内办结。
1. 企业申请使用商品房预售款时，按已售商品房销售金额的20%预留工程建设保证金；当已售商品房销售金额累计达到10亿元及以上的，按销售金额的15%预留工程建设保证金。
    2. 首次申请使用商品房预售款时，预留足额工程建设保证金的，企业可按要求提交本项目当前建设支付情况及相关票据、工程建设费用支付计划，一次性申请回笼企业前期已支付相应监管楼宇的总承包施工进度款及法定税费。
3. 企业再次申请使用商品房预售款时，预留足额工程建设保证金的，其余预售款监管资金可按“先用款、后核实”的流程申请，用于支付建筑施工、设备安装、材料购置、配套建设、前期勘察设计等相关建设费用及法定税费。市住建局核实该项目不存在拖欠工程款、工程停工、延期交楼等不稳定因素及违法违规销售行为后，将按企业提供的工程建设费用、税费支付计划直接同意其款项使用；企业下次申请用款时，应提交上期工程建设费用、税费支付计划的落实情况等材料。经审核，上期支付计划已落实的，按本期工程建设费用、税费支付计划直接同意其款项使用。
4. 企业已预留足额工程建设保证金，在按期支付工程建设费用和税费后监管账户内仍有资金剩余的，可凭已接入“东莞市商品房预售款监管系统”的银行出具的现金保函，直接置换同等额度的商品房预售款监管资金（不含工程建设保证金）。相关实施细则由市住建局另行制定。
（三）C级监管
未加入“诚信联盟”的开发企业，或存在拖欠工程款、工程停工、延期交楼等不稳定因素及违法违规销售行为的开发企业，实行“先审批、后用款”的监管模式。对其商品房预售款申请使用事项，在正式受理后5个工作日内办结。
1. 企业申请使用商品房预售款时，按已售商品房销售金额的20%预留工程建设保证金，并根据商品房预售款使用用途（包括建筑施工、设备安装、材料购置、配套建设、前期勘察设计等相关建设费用及法定税费）提交申请资料。市住建局将按规定审核每笔请款的用途，对符合要求的款项同意使用。
2. 对于已取得预售许可证、存在拖欠工人工资问题的房地产项目，同一施工单位的未完施工工程量小于3000万元（含3000万元）时，经开发企业、总承包施工单位出具书面材料，市、园区、镇（街）住建部门确认建设单位存在拖欠工程款的，工程建设保证金可按不低于1000万元的未完施工工程量金额预留，其余保证金仅可用于支付拖欠的总承包施工单位工程进度款，解决工人工资问题。
3. 对于逾期交付商品房的房地产项目，经核实开发企业的商品房预售款存在风险，可能导致已预售的商品房项目无法完成后续工程建设的，市住建局在协调推进项目继续建设过程中，经与属地园区管委会、镇人民政府、街道办事处会商，可允许开发企业全额使用其预留工程建设保证金用于支付施工单位工程进度款。
二、进一步简化审批
（一）A级监管
实行A级监管的开发企业，其“打包”项目的预售款监管账户所监管的楼宇达到以下施工节点时，可进一步降低该项目工程建设保证金的预留额度。
1. 部分楼宇已取得《工程质量监督报告》或《东莞市房屋建筑工程和市政基础设施工程竣工验收备案证书》（以下简称《工程竣工验收备案证书》）的，其预留保证金大于2000万元以上的，可按未取得《工程质量监督报告》或《工程竣工验收备案证书》的楼宇的已售商品房销售总额计算工程建设保证金。
2. 全部楼宇（含地下室）已取得工程质量监督机构签发的《工程质量监督报告》的，可按照该项目已售商品房销售金额的5%或不小于1000万元预留工程建设保证金。
3. 全部楼宇（含地下室）已取得《工程竣工验收备案证书》的，可按照该项目已售商品房销售金额的5%或不小于500万元预留工程建设保证金。
（二）B级监管
实行B级监管的开发企业，预售款监管账户所监管的部分楼宇已取得《工程质量监督报告》或《工程竣工验收备案证书》，其预留保证金大于2000万元以上的，可按未取得《工程质量监督报告》或《工程竣工验收备案证书》的楼宇的已售商品房销售总额计算工程建设保证金。
当预售款监管账户所监管的全部楼宇（含地下室）达到以下施工节点时，可简化企业所提交的申请资料及降低该项目工程建设保证金的预留额度。
1. 已全部取得《主体结构分部工程质量验收记录表》的，可按照已售商品房销售金额的15%预留工程建设保证金；当已售商品房销售金额累计达到10亿元及以上的，可按销售金额的10%预留工程建设保证金。
2. 已全部取得工程安全监督机构签发的《终止施工安全监督告知书》的，可按照已售商品房销售金额的10%预留工程建设保证金；当已售商品房销售金额累计达到10亿元及以上的，可按销售金额的5%预留工程建设保证金。
3. 已全部取得工程质量监督机构签发的《工程质量监督报告》的，可按照已售商品房销售金额的5%或不小于1000万元预留工程建设保证金。
4. 已全部取得《工程竣工验收备案证书》的，可按照已售商品房销售金额的5%或不小于500万元预留工程建设保证金。
（三）C级监管
实行C级监管的开发企业，预售款监管账户所监管的部分或全部楼宇（含地下室）达到本条第（二）款的施工节点时，可参照B级监管同等条件执行。
对于存在拖欠工程款、工程停工、延期交楼等不稳定因素及违法违规销售行为等问题的C级监管开发企业，须待相关问题得到妥善处理或明确解决方案后，方可享受上述相关“简化审批”政策待遇。
三、核定企业监管等级
实行新的差异化管理模式后，开发企业应按东莞建设网上公示办事指南要求，重新申请核定预售款监管等级。
（一）已加入“诚信联盟”的开发企业，上一年度全年销售金额达到10亿元以上（包含控股或实际控制的项目公司销售金额）的，可申请核定其“打包”的项目为A级监管，有效期为一年，到期后应重新申请核定预售款监管等级。
（二）除本条第（一）款以外其余已加入“诚信联盟”的企业，可申请核定其开发项目为B级监管。
（三）未加入“诚信联盟”的企业，或存在拖欠工程款、工程停工、延期交楼等不稳定因素及违法违规销售行为等问题的企业，经核实后其开发项目列入C级监管。
四、加强“扶优罚劣”监管
（一）市住建局支持市房地产业协会建立行业协同治理机制，加强与行业协会的沟通协调与信息互通。市房地产业协会及时向市住建局通报开发企业加入“诚信联盟”的情况，并在其官方网站公示已加入“诚信联盟” 的企业及其开发项目的情况，接受行业监督和社会监督。
（二）各园区、镇（街）住房规划建设局对辖区预售商品房项目加强日常监督和检查，负责核实B级、C级监管的开发企业在申请商品房预售款使用时是否存在拖欠工程款、工程停工、延期交楼等不稳定因素及违法违规销售行为，在企业提交《商品房预售款使用申请表》3个工作日内出具审查意见并发送至市住建局。对存在因开发企业恶意拖欠工程款、工程无故停工、延期交楼未妥善处理矛盾纠纷导致集体上访或存在违法违规销售行为的预售商品房项目，应及时介入协调处理并将有关情况上报市住建局，涉及A级、B级监管的开发企业，提请市住建局降为C级监管。
（三）实行A级、B级监管的开发企业，一旦发生以下违法违规或失信经营行为的，将失去享受相关“扶优”政策待遇，被列入C级监管，其申请商品房预售款使用时按照C级监管模式执行。
1. 因开发企业拖欠工程款导致施工单位拖欠工人工资，引发工人集体上访，未能及时妥善处理的；
2. 在建设过程中因资金链断裂停工，并造成延期交楼的；
3. 未能按照合同约定时间和条件向业主交楼，未能妥善处理矛盾纠纷，导致业主群访群诉，严重影响社会稳定的；
4. 发生违法违规销售行为，被房地产主管部门依法作出行政处罚的；
5. 发生重大质量安全事故的，或经质量监督机构确认项目存在严重质量问题，在责令整改期间，不落实整改工作或不配合主管部门协调处理问题的；
6. A级监管开发企业未按规定每月报送所有“打包”项目的工程建设施工进度及支付情况等材料；
7. 加入“诚信联盟”的开发企业未按承诺使用市住建局、市市场监管局联合制定的《东莞市商品房认购书（范本）》的；
8. 未按规定在商品房销售现场公示有关信息，或信息公示不完整、不规范、未及时更新或存在误导、虚假信息，未按房地产主管部门及相关部门提出的整改意见完成整改或拒不整改的；
9. 私自截留、直接收存商品房预售款的；
10. 未按规定在预售款监管系统核对和报送监管账户的交易数据，或报送虚假数据的；
11. 其他违反商品房预售款监管相关法律、法规、规章的行为。
A级监管的开发企业或其“打包”的项目公司及B级监管的开发企业，发生上述1-5项任何一种情形的，该开发企业或项目公司将被列入C级监管。A级监管的开发企业及其“打包”的项目公司在监管等级核定的有效期内，发生上述1-5项任何一种情形累计达到3次以上（含3次）的，该开发企业及其“打包”的所有项目公司将被取消A级监管资格，全部列入C级监管。
A级监管的开发企业或其“打包”的项目公司，发生上述6-11项任何一种情形的；或B级监管的开发企业，发生上述7-11项任何一种情形的，市住建局将对相关企业作出警告并责令限期整改，暂停受理涉案项目的商品房预售款使用申请，直至其按要求整改完毕。未按要求完成整改或拒不整改的，相关企业将被列入C级监管。A级监管的开发企业及其“打包”的项目公司在监管等级核定的有效期内，发生上述6-11项任何一种情形累计达到5次以上（含5次）的，该开发企业及其“打包”的所有项目公司将被取消A级监管资格，全部列入C级监管。
实行A级、B级监管的开发企业被列入C级监管的，及实行C级监管的开发企业存在拖欠工程款、工程停工、延期交楼等不稳定因素及违法违规销售行为未能妥善解决的，市住建局将相关情况通报市房地产业协会。市房地产业协会将被通报企业列入“失信企业黑名单”，并向社会公示，为期一年。上述被列入C级监管的企业须待“失信企业黑名单”公示满一年后，方可按有关规定重新申请核定预售款监管等级。
五、其他有关事项
（一）本通知自发文之日起施行，有效期至2022年5月31日。发文之日起首次办理预售许可证的商品房项目，开发企业办理“商品房预售款监管协议”时，须按本通知要求同步申请核定预售款监管等级；尚未解除预售款监管的预售商品房项目，开发企业须于2019年5月31日前按本通知要求重新核定预售款监管等级，逾期未重新核定预售款监管等级的，暂按C级监管审批预售款使用申请。自2019年6月1日起，开发企业一律按其核定（或重新核定）的监管等级申请使用商品房预售款。
（二）自2019年6月1日起，原《关于商品房预售款使用实施差异化管理的通知》（东建房〔2013〕35号）、《关于商品房预售款使用实施差异化管理的补充通知》（东建房〔2015〕9号）、《关于促进开发企业使用商品房预售款支付工程施工进度款的通知》（东建房〔2016〕3号）废止。
 
 
                               东莞市住房和城乡建设局
                    2019年5月14日
各房地产开发企业:为贯彻落实市委市政府关于奋力推动东莞高质量发展再上新台阶的工作部署要求,稳步推进商品房建筑品质提升,进一步探索优化营商环境,结合《关于进一步明确东莞市装配式建筑实施标准和范围等有关工作要求的通知》(东建节能〔2022〕8号)要求,根据我市实际情况,现对我市实施装配式建筑的商品房项目预售许可申办条件进一步优化。有关事项和要求通知如下:

一、我市实施装配式建筑的预售商品房项目,地上建筑层数大于七层(不含本数)的楼栋,当主体结构完成三分之一时,符合以下条件的,可向住建行政主管部门申请办理预售许可证。
(一)2023年1月1日前(不含本日)签订建设用地使用权出让合同(协议)的商品房项目(城市更新类项目以《成交结果确认书》签订的时间为准,下同),申请预售的建筑单体应符合国家或者广东省《装配式建筑评价标准》相关技术要求,并通过住建行政主管部门组织的装配式建筑项目预评价认定。(二)2023年1月1日后(含本日)签订建设用地使用权出让合同(协议)的商品房项目需同时符合以下条件:1.申请预售的建筑单体符合东建节能〔2022〕8号文规定的装配式建筑实施标准,并通过住建行政主管部门组织的装配式建筑项目预评价认定；2.申请预售的建筑单体应按国家《绿色建筑评价标准》(GB/T50378-2019)二星级或以上标准建设,属于超高层建筑的,应按三星级标准建设。以上符合第(一)或第(二)条申请预售的建筑单体均应采用建筑信息模型(BIM)技术,至少应满足设计阶段与施工阶段应用要求,建筑信息模型(BIM)技术应用情况需在项目开展装配式建筑预评价认定时进行审查。开发企业需承诺申请预售的项目获得东莞市级以上(含)工程质量或广东省级以上(含)施工安全奖项,并满足建设工程项目质量评价等相关要求。二、其他装配式建筑预售商品房项目地上建筑层数为七层以下(含本数)的,仍需在结构工程封顶后方可申请办理预售许可证。三、符合条件的装配式建筑商品房项目,建设单位办理预售许可证时,除现有办理商品房预售许可证要求的资料外,还需提供装配式建筑商品房项目建设承诺函(详见附件)及施工许可变更手续(如有),承诺在后续的建设中按照预评价通过的装配式建筑设计方案等要求实施。四、建设单位应在申办预售许可证前向住建行政主管部门申请对项目实施装配式建筑的情况进行现场核实,核实的主要内容包括:建筑单体工程规划许可证、首个标准层验收记录、装配式各项技术(部品部件)检测报告、施工许可变更手续(如有)等相关资料及现场各施工方案落实情况。五、建设、设计、施工、监理等参建单位应严格落实各方主体责任,落实装配式建筑、绿色建筑设计方案各项技术内容,向购房人承诺且实际交付标准为精装修的,应按经审查通过的精装修设计文件办理施工报建或变更手续,并组织进行竣工验收。建设单位应与施工企业在施工合同中明确约定项目实施装配式建筑、绿色建筑、质量安全创优等相关要求,并明确违约责任条款,施工单位不按约定履行合同有关义务的,建设单位可申请住建行政主管部门对其作出不良行为记录并予以扣分处理。住建行政主管部门将严格按照相关法律法规及文件要求加强监督检查,企业未按承诺要求开展项目建设的,对该项目商品房预售资金从严监管,对后续建设单位开发及其关联企业开发的装配式建筑预售商品房项目不予按完成主体结构三分之一核发预售许可证,对施工企业未按合同履约等不良行为实施信用记分处理；违反《中华人民共和国建筑法》《建设工程质量管理条例》《广东省绿色建筑条例》等相关法律法规的,按照有关规定进行处理。六、本通知自发文之日起实施。与以往政策文件不一致的,以本通知内容为准。东莞市住房和城乡建设局2023年3月31日 

各镇街(园区)住房和城乡建设局,各房地产开发企业,各商业银行:
??为进一步规范商品房预售资金监督管理,保证商品房预售资金优先用于工程建设,督促房地产开发企业切实履行合同约定交付责任,维护购房人合法权益,促进房地产市场平稳健康发展,现结合我市实际,根据《广东省商品房预售管理条例》以及住房和城乡建设部、人民银行和银保监会发布的有关规定,对商品房预售资金收存和使用监管通知如下:
??一、商品房预售资金监管账户的设立管理
??房地产开发企业申请商品房预售许可前,按照一个预售许可证对应一个账户的原则开设商品房预售资金监管账户(以下简称监管账户),监管账户需为新开设的银行账户。房地产开发企业与住建部门、监管银行三方签署的《商品房预售资金监管协议书》(2022示范文本,见附件),应在东莞市商品房预售资金监管系统(以下简称预售资金监管系统)上申报,并由企业在商品房销售现场显著位置进行公示。经审批通过的监管账户原则上不能办理变更或注销。
??二、商品房预售资金的收存管理
??对已取得商品房预售许可的项目,由购房人根据预售资金监管系统生成的《房屋缴款通知单》信息,通过关联预售资金监管系统的POS机刷卡、银行柜台转账、网上银行转账等方式,将购房款(含定金、首期款、分期付款、一次性付款等)直接存入相应房屋的商品房预售资金监管子账户(子账户是由监管银行针对每套房屋在商品房预售资金监管账户下分设的、唯一收存对应房屋购房款的银行账户),房地产开发企业不得以其他任何形式私自截留、收存购房款；按揭银行应按商品房抵押合同约定将银行按揭贷款、住房公积金贷款等直接存入相应房屋的商品房预售资金监管子账户。预售资金监管系统将自动检测房屋的预售资金是否已足额缴存,首期款未足额缴存的房屋,将无法办理商品房买卖合同备案。
??三、商品房预售资金的使用管理
??

(一)根据预售商品房项目建设工程造价、施工合同金额以及项目交付使用条件等因素,设定项目建设资金监管额度(监管额度=项目建筑面积�本市房屋建筑工程造价单价�120%)及工程预留资金。

监管额度内的资金,应当专款专用,在商品房项目完成房屋所有权首次登记前,商业银行不得擅自扣划,设立子公司的房地产开发企业,集团公司不得抽调,只能用于购买项目建设必需的建筑材料、设备和支付项目建设的施工进度款及法定税费。具体用途包括但不限于以下内容:土建工程(基坑、地基与基础、主体结构、建筑装饰装修)、机电工程(给排水、电气、通风与空调)、室外工程(小区用地范围内的道路工程、给排水工程、土石方工程、园建绿化工程)、消防工程、建筑材料设备费、勘察设计费、工程监理费、工程咨询费等及与项目建设有关的其他费用。

??(二)房地产开发企业在申请使用商品房预售资金前,应当在预售资金监管系统中申报项目建设资金监管额度,提交工程合同、完税凭证等材料,并将合同金额及税费分配至各个预售许可证对应楼宇,作为其申请商品房预售资金使用的依据。
??(三)对同一个预售许可范围内的楼宇,房地产开发企业根据以下工程建设进度按比例预留资金后,可凭本项目相关发票等资料按用途提取使用商品房预售资金。


??1.取得《主体结构分部工程质量验收记录表》前,按监管额度的50%预留资金。
??2.取得《主体结构分部工程质量验收记录表》的,按监管额度的40%预留资金。
??3.取得工程安全监督机构签发的《终止施工安全监督告知书》的,按监管额度的20%预留资金。
??4.取得工程质量监督机构签发的《工程质量监督报告》的,按监管额度的10%预留资金。
??5.取得《东莞市房屋建筑工程和市政基础设施工程竣工验收备案证书》(以下简称工程竣工验收备案证书)的,按监管额度的5%预留资金。
??6.当监管账户内的累计进账金额未达到监管额度时,可按监管账户内累计进账资金的50%预留资金,或已取得上述第2至第5条款所列材料的,可根据相应工程建设进度按比例预留资金。


??7.结合房地产开发企业诚信经营情况,对其工程预留资金在上述基础实行进一步差异化监管,具体实施细则另行制定。
??(四)当监管账户内的累计进账金额达到监管额度后,超出监管额度的资金可由房地产开发企业提取使用。
??(五)对自愿加入“诚信联盟”,向社会公开承诺诚信守法经营的房地产开发企业,对其商品房预售资金使用实行“扶优”政策。
??1.对同一个预售许可范围内的楼宇,首次申请使用商品房预售资金时,已按第(三)款规则预留资金的,提供本项目相关发票等材料,企业可申请回笼前期已支付对应监管楼宇的总承包施工进度款。该回笼的总承包施工进度款在对应楼宇的总承包合同金额内核减。

??2.对同一个预售许可范围内的楼宇,全部取得《工程竣工验收备案证书》时,已按第(三)款规则预留资金的,提供本项目相关发票等材料,企业可申请回笼前期用自有资金已支付的工程相关建设费用。
??3.企业已按第(三)款规则预留资金的,可凭相关银行出具的现金保函置换同等金额的商品房预售资金,在担保期限内不能提前申请撤回现金保函。现金保函的担保期限不得早于相应楼宇商品房买卖合同上约定的最晚交付日期。
??四、强化各方监管职责
??(一)各镇街(园区)住房和城乡建设局对辖区预售商品房项目加强日常监督和检查,负责核实房地产开发企业在申请商品房预售资金使用时是否存在拖欠工程款、劳资纠纷、工程停工、延期交楼等不稳定因素及违法违规销售行为,在规定时限内对企业“申请商品房预售资金使用”事项出具审查意见。
??(二)房地产开发企业应与购房人及时签署商品房认购书、商品房买卖合同,确保购房款直接存入相应房屋的商品房预售资金监管子账户中,保障购房人的合法权益。在申请办理商品房预售资金相关业务时应如实提供证明材料、相关票据,确保填报的信息真实有效。
??房地产开发企业有下列情形之一的,由市住建部门责令其限期整改。逾期未完成整改的,依照有关法律、法规予以处罚；涉嫌犯罪的,移送司法机关依法处理。
??1.未按规定收存和使用商品房预售资金；
??2.提供虚假资料申请办理商品房预售资金相关业务；
??3.其他违反商品房预售资金监管相关法律、法规等行为。
??(三)各商业银行对其开设监管账户的预售商品房项目做好金融服务和资金风险监管,通过对接预售资金监管系统将监管账户内预售资金的收存、拨付交易明细、账户余额、冻结划扣情况及为房地产开发企业发放的开发贷款信息等实时推送给住建部门,并对其推送的电子信息真实性负责。
??商业银行违反预售资金三方监管协议,未经住建部门核实同意,擅自拨付或转移监管额度内资金的,应当负责追回资金,无法追回的依法承担相应赔偿责任。
??五、其他有关事项
??本通知自印发之日起施行,有效期至2027年11月1日。发文之日起办理首批商品房预售许可的商品房项目,应按照本通知上述条款执行,已有楼宇取得商品房预售许可的商品房项目,按《关于进一步加强我市商品房预售款收存管理的通知》(东建房〔2018〕50号)、《东莞市住房和城乡建设局关于进一步加强商品房预售款使用差异化管理的通知》(东建房〔2019〕24号)、《关于我市商品房预售款收存管理工作有关事项的通知》(东建房〔2019〕44号)等文件执行。
??附件:商品房预售资金监管协议书(2022示范文本).docx
??东莞市住房和城乡建设局
??2022年11月3日


各房地产开发企业:
为防范房地产市场领域风险,保证预售资金优先用于商品房项目建设,维护购房人合法权益,根据《城市商品房预售管理办法》(建设部令第131号)、《广东省商品房预售管理条例》等有关要求,结合我市实际,现就加强商品房预售款收存管理工作有关事项通知如下:
一、 各房地产开发企业要在项目销售现场明显位置张贴购房支付提示牌,标注“为保证专款专用,维护买卖双方权益,请预购人将商品房预售款存入预售许可登记的预售款专用账户”的提示信息。
二、各房地产开发企业要按照有关规定,将商品房预售资金,包括购房人按照认购协议、合同等约定支付的全部房价款(含定金、首付款、分期款、全款及按揭贷款等所有预售款)全部存入预售款专用账户。
三、各房地产开发企业不按规定交存、使用商品房预售资金的,我局将暂停监管资金拨付和商品房网签,并依法依规作出行政处罚处理。
东莞市住房和城乡建设局
2021年9月14日东莞市住房和城乡建设局关于进一步规范商品房预售资金收存和使用管理的通知
2022-11-03
分类:  规范性文件

各镇街（园区）住房和城乡建设局，各房地产开发企业，各商业银行：
为进一步规范商品房预售资金监督管理，保证商品房预售资金优先用于工程建设，督促房地产开发企业切实履行合同约定交付责任，维护购房人合法权益，促进房地产市场平稳健康发展，现结合我市实际，根据《广东省商品房预售管理条例》以及住房和城乡建设部、人民银行和银保监会发布的有关规定，对商品房预售资金收存和使用监管通知如下：
一、商品房预售资金监管账户的设立管理
房地产开发企业申请商品房预售许可前，按照一个预售许可证对应一个账户的原则开设商品房预售资金监管账户（以下简称监管账户），监管账户需为新开设的银行账户。房地产开发企业与住建部门、监管银行三方签署的《商品房预售资金监管协议书》（2022示范文本，见附件），应在东莞市商品房预售资金监管系统（以下简称预售资金监管系统）上申报，并由企业在商品房销售现场显著位置进行公示。经审批通过的监管账户原则上不能办理变更或注销。
二、商品房预售资金的收存管理
对已取得商品房预售许可的项目，由购房人根据预售资金监管系统生成的《房屋缴款通知单》信息，通过关联预售资金监管系统的POS机刷卡、银行柜台转账、网上银行转账等方式，将购房款（含定金、首期款、分期付款、一次性付款等）直接存入相应房屋的商品房预售资金监管子账户（子账户是由监管银行针对每套房屋在商品房预售资金监管账户下分设的、唯一收存对应房屋购房款的银行账户），房地产开发企业不得以其他任何形式私自截留、收存购房款；按揭银行应按商品房抵押合同约定将银行按揭贷款、住房公积金贷款等直接存入相应房屋的商品房预售资金监管子账户。预售资金监管系统将自动检测房屋的预售资金是否已足额缴存，首期款未足额缴存的房屋，将无法办理商品房买卖合同备案。
三、商品房预售资金的使用管理
（一）根据预售商品房项目建设工程造价、施工合同金额以及项目交付使用条件等因素，设定项目建设资金监管额度（监管额度=项目建筑面积×本市房屋建筑工程造价单价×120%）及工程预留资金。监管额度内的资金，应当专款专用，在商品房项目完成房屋所有权首次登记前，商业银行不得擅自扣划，设立子公司的房地产开发企业，集团公司不得抽调，只能用于购买项目建设必需的建筑材料、设备和支付项目建设的施工进度款及法定税费。具体用途包括但不限于以下内容：土建工程（基坑、地基与基础、主体结构、建筑装饰装修）、机电工程（给排水、电气、通风与空调）、室外工程（小区用地范围内的道路工程、给排水工程、土石方工程、园建绿化工程）、消防工程、建筑材料设备费、勘察设计费、工程监理费、工程咨询费等及与项目建设有关的其他费用。
（二）房地产开发企业在申请使用商品房预售资金前，应当在预售资金监管系统中申报项目建设资金监管额度，提交工程合同、完税凭证等材料，并将合同金额及税费分配至各个预售许可证对应楼宇，作为其申请商品房预售资金使用的依据。
（三）对同一个预售许可范围内的楼宇，房地产开发企业根据以下工程建设进度按比例预留资金后，可凭本项目相关发票等资料按用途提取使用商品房预售资金。

1.取得《主体结构分部工程质量验收记录表》前，按监管额度的50%预留资金。
2.取得《主体结构分部工程质量验收记录表》的，按监管额度的40%预留资金。
3.取得工程安全监督机构签发的《终止施工安全监督告知书》的，按监管额度的20%预留资金。
4.取得工程质量监督机构签发的《工程质量监督报告》的，按监管额度的10%预留资金。
5.取得《东莞市房屋建筑工程和市政基础设施工程竣工验收备案证书》（以下简称工程竣工验收备案证书）的，按监管额度的5%预留资金。
6.当监管账户内的累计进账金额未达到监管额度时，可按监管账户内累计进账资金的50%预留资金，或已取得上述第2至第5条款所列材料的，可根据相应工程建设进度按比例预留资金。
7.结合房地产开发企业诚信经营情况，对其工程预留资金在上述基础实行进一步差异化监管，具体实施细则另行制定。

（四）当监管账户内的累计进账金额达到监管额度后，超出监管额度的资金可由房地产开发企业提取使用。
（五）对自愿加入“诚信联盟”，向社会公开承诺诚信守法经营的房地产开发企业，对其商品房预售资金使用实行“扶优”政策。
1.对同一个预售许可范围内的楼宇，首次申请使用商品房预售资金时，已按第（三）款规则预留资金的，提供本项目相关发票等材料，企业可申请回笼前期已支付对应监管楼宇的总承包施工进度款。该回笼的总承包施工进度款在对应楼宇的总承包合同金额内核减。
2.对同一个预售许可范围内的楼宇，全部取得《工程竣工验收备案证书》时，已按第（三）款规则预留资金的，提供本项目相关发票等材料，企业可申请回笼前期用自有资金已支付的工程相关建设费用。
3.企业已按第（三）款规则预留资金的，可凭相关银行出具的现金保函置换同等金额的商品房预售资金，在担保期限内不能提前申请撤回现金保函。现金保函的担保期限不得早于相应楼宇商品房买卖合同上约定的最晚交付日期。
四、强化各方监管职责
（一）各镇街（园区）住房和城乡建设局对辖区预售商品房项目加强日常监督和检查，负责核实房地产开发企业在申请商品房预售资金使用时是否存在拖欠工程款、劳资纠纷、工程停工、延期交楼等不稳定因素及违法违规销售行为，在规定时限内对企业“申请商品房预售资金使用”事项出具审查意见。
（二）房地产开发企业应与购房人及时签署商品房认购书、商品房买卖合同，确保购房款直接存入相应房屋的商品房预售资金监管子账户中，保障购房人的合法权益。在申请办理商品房预售资金相关业务时应如实提供证明材料、相关票据，确保填报的信息真实有效。
房地产开发企业有下列情形之一的，由市住建部门责令其限期整改。逾期未完成整改的，依照有关法律、法规予以处罚；涉嫌犯罪的，移送司法机关依法处理。
1.未按规定收存和使用商品房预售资金；
2.提供虚假资料申请办理商品房预售资金相关业务；
3.其他违反商品房预售资金监管相关法律、法规等行为。
（三）各商业银行对其开设监管账户的预售商品房项目做好金融服务和资金风险监管，通过对接预售资金监管系统将监管账户内预售资金的收存、拨付交易明细、账户余额、冻结划扣情况及为房地产开发企业发放的开发贷款信息等实时推送给住建部门，并对其推送的电子信息真实性负责。
商业银行违反预售资金三方监管协议，未经住建部门核实同意，擅自拨付或转移监管额度内资金的，应当负责追回资金，无法追回的依法承担相应赔偿责任。
五、其他有关事项
本通知自印发之日起施行，有效期至2027年11月1日。发文之日起办理首批商品房预售许可的商品房项目，应按照本通知上述条款执行，已有楼宇取得商品房预售许可的商品房项目，按《关于进一步加强我市商品房预售款收存管理的通知》（东建房〔2018〕50号）、《东莞市住房和城乡建设局关于进一步加强商品房预售款使用差异化管理的通知》（东建房〔2019〕24号）、《关于我市商品房预售款收存管理工作有关事项的通知》（东建房〔2019〕44号）等文件执行。",东莞市 住房 城乡 建设局 关于 进一步 加强 商品房 预售 使用 差异化 管理 通知 莞建宣 东莞市 住房 城乡 建设局 发表 广东 园区 住房 规划 建设局 房地产业 协会 房地产 开发 企业 进一步 优化 商品房 预售 差异化 管理 提高 预售 监管 资金 使用 效率 加强 事中 事后 监管 同时 发挥 行业协会 协同 治理 作用 加强 行业 自律 推进 社会 共治 市住 建局 依托 房地产业 协会 东莞市 房地产 企业 诚信 联盟 平台 以下 简称 诚信 联盟 建立 基于 承诺制 企业信用 商品房 预售 使用 差异化 管理制度 完善 相关 优罚劣 措施 现将 有关 事项 通知 如下 加强 差异化 管理 自愿 加入 诚信 联盟 社会 公开 承诺 诚信 守法 经营 房地产 开发 企业 商品房 预售 使用 实行 扶优 政策 根据 开发 企业 经营规模 诚信 履约 情况 商品房 预售 使用 实行 三级 差异化 监管 模式 监管 加入 诚信 联盟 年度 公历 日起 日止 下同 销售 金额 达到 亿元 以上 开发 企业 包含 控股 实际 控制 项目 公司 销售 金额 通知 销售 金额 本市 网签 销售 金额 实行 打包 监管 模式 实行 监管 开发 企业 承诺 规范 完善 打包 所有 项目 公司 建设 开发 经营 销售 行为 负有 连带责任 市住 建局 简化 监管 开发 企业 申请 资料 要求 缩短 办结 时限 商品房 预售 申请 使用 事项 正式 受理 工作日内 办结 具体 分为 监管 监管 监管 年度 销售 金额 达到 亿元 以上 开发 企业 打包 所有 预售 商品房 项目 按照 已售 商品房 销售 金额 预留 工程建设 保证金 申请 使用 其余 预售 监管 资金 确保 用于 相关 项目 工程建设 监管 年度 销售 金额 亿元 亿元 开发 企业 打包 所有 预售 商品房 项目 按照 已售 商品房 销售 金额 预留 工程建设 保证金 申请 使用 其余 预售 监管 资金 确保 用于 相关 项目 工程建设 监管 开发 企业 打包 项目 公司 接入 东莞市 商品房 预售 监管 系统 银行 出具 现金 保函 直接 置换 同等 额度 商品房 预售 监管 资金 工程建设 保证金 相关 实施细则 由市 建局 另行 制定 监管 开发 企业 每月 法定 节假日 截止 日期 日前 一个 工作日 前向市 建局 提交 所有 打包 项目 当前 工程建设 施工进度 支付 情况 材料 确保 项目 存在 拖欠 工程款 工程 停工 延期 交楼 稳定 因素 监管 本条 以外 其余 加入 诚信 联盟 开发 企业 实行 用款 核实 监管 模式 商品房 预售 申请 使用 事项 正式 受理 工作日内 办结 企业 申请 使用 商品房 预售 款时 已售 商品房 销售 金额 预留 工程建设 保证金 已售 商品房 销售 金额 累计 达到 亿元 以上 销售 金额 预留 工程建设 保证金 首次 申请 使用 商品房 预售 款时 预留 足额 工程建设 保证金 企业 要求 提交 项目 当前 建设 支付 情况 相关 票据 工程建设 费用 支付 计划 一次性 申请 回笼 企业 前期 支付 相应 监管 楼宇 承包 施工进度 款及 法定 税费 企业 再次 申请 使用 商品房 预售 款时 预留 足额 工程建设 保证金 其余 预售 监管 资金 用款 核实 流程 申请 用于 支付 建筑施工 设备 安装 材料 购置 配套 建设 前期 勘察 设计 相关 建设 费用 法定 税费 市住 建局 核实 项目 存在 拖欠 工程款 工程 停工 延期 交楼 稳定 因素 违法 违规 销售 行为 企业 提供 工程建设 费用 税费 支付 计划 直接 同意 款项 使用 企业 下次 申请 用款 提交 上期 工程建设 费用 税费 支付 计划 落实 情况 材料 审核 上期 支付 计划 落实 本期 工程建设 费用 税费 支付 计划 直接 同意 款项 使用 企业 预留 足额 工程建设 保证金 按期 支付 工程建设 费用 税费 监管 账户 资金 剩余 接入 东莞市 商品房 预售 监管 系统 银行 出具 现金 保函 直接 置换 同等 额度 商品房 预售 监管 资金 工程建设 保证金 相关 实施细则 由市 建局 另行 制定 监管 加入 诚信 联盟 开发 企业 存在 拖欠 工程款 工程 停工 延期 交楼 稳定 因素 违法 违规 销售 行为 开发 企业 实行 审批 用款 监管 模式 商品房 预售 申请 使用 事项 正式 受理 工作日内 办结 企业 申请 使用 商品房 预售 款时 已售 商品房 销售 金额 预留 工程建设 保证金 根据 商品房 预售 使用 用途 包括 建筑施工 设备 安装 材料 购置 配套 建设 前期 勘察 设计 相关 建设 费用 法定 税费 提交 申请 资料 市住 建局 按规定 审核 每笔 请款 用途 符合要求 款项 同意 使用 对于 取得 预售 许可证 存在 拖欠 工人工资 问题 房地产 项目 同一 施工单位 施工 工程量 小于 万元 万元 开发 企业 承包 施工单位 出具 书面材料 园区 住建 部门 确认 建设 单位 存在 拖欠 工程款 工程建设 保证金 低于 万元 施工 工程量 金额 预留 其余 保证金 用于 支付 拖欠 承包 施工单位 工程进度 解决 工人工资 问题 对于 逾期 交付 商品房 房地产 项目 核实 开发 企业 商品房 预售 存在 风险 可能 导致 预售 商品房 项目 无法 完成 后续 工程建设 市住 建局 协调 推进 项目 继续 建设 过程 属地 园区 管委会 人民政府 街道 办事处 会商 允许 开发 企业 全额 使用 预留 工程建设 保证金 用于 支付 施工单位 工程进度 进一步 简化 审批 监管 实行 监管 开发 企业 打包 项目 预售 监管 账户 监管 楼宇 达到 以下 施工 节点 进一步 降低 项目 工程建设 保证金 预留 额度 部分 楼宇 取得 工程质量 监督 报告 东莞市 房屋建筑 工程 市政 基础设施 工程 竣工 验收 备案 证书 以下 简称 工程 竣工 验收 备案 证书 预留 保证金 大于 万元 以上 取得 工程质量 监督 报告 工程 竣工 验收 备案 证书 楼宇 已售 商品房 销售总额 计算 工程建设 保证金 全部 楼宇 地下室 取得 工程质量 监督机构 签发 工程质量 监督 报告 按照 项目 已售 商品房 销售 金额 小于 万元 预留 工程建设 保证金 全部 楼宇 地下室 取得 工程 竣工 验收 备案 证书 按照 项目 已售 商品房 销售 金额 小于 万元 预留 工程建设 保证金 监管 实行 监管 开发 企业 预售 监管 账户 监管 部分 楼宇 取得 工程质量 监督 报告 工程 竣工 验收 备案 证书 预留 保证金 大于 万元 以上 取得 工程质量 监督 报告 工程 竣工 验收 备案 证书 楼宇 已售 商品房 销售总额 计算 工程建设 保证金 预售 监管 账户 监管 全部 楼宇 地下室 达到 以下 施工 节点 可简化 企业 提交 申请 资料 降低 项目 工程建设 保证金 预留 额度 全部 取得 主体 结构 分部 工程质量 验收 记录表 按照 已售 商品房 销售 金额 预留 工程建设 保证金 已售 商品房 销售 金额 累计 达到 亿元 以上 销售 金额 预留 工程建设 保证金 全部 取得 工程 安全 监督机构 签发 终止 施工 安全 监督 告知 按照 已售 商品房 销售 金额 预留 工程建设 保证金 已售 商品房 销售 金额 累计 达到 亿元 以上 销售 金额 预留 工程建设 保证金 全部 取得 工程质量 监督机构 签发 工程质量 监督 报告 按照 已售 商品房 销售 金额 小于 万元 预留 工程建设 保证金 全部 取得 工程 竣工 验收 备案 证书 按照 已售 商品房 销售 金额 小于 万元 预留 工程建设 保证金 监管 实行 监管 开发 企业 预售 监管 账户 监管 部分 全部 楼宇 地下室 达到 本条 施工 节点 参照 监管 同等条件 执行 对于 存在 拖欠 工程款 工程 停工 延期 交楼 稳定 因素 违法 违规 销售 行为 问题 监管 开发 企业 须待 相关 问题 得到 妥善处理 明确 解决方案 方可 享受 上述 相关 简化 审批 政策 待遇 核定 企业 监管 等级 实行 差异化 管理模式 开发 企业 东莞 建设 网上 公示 办事 指南 要求 重新 申请 核定 预售 监管 等级 加入 诚信 联盟 开发 企业 年度 全年 销售 金额 达到 亿元 以上 包含 控股 实际 控制 项目 公司 销售 金额 申请 核定 打包 项目 监管 有效期 一年 到期 后应 重新 申请 核定 预售 监管 等级 本条 以外 其余 加入 诚信 联盟 企业 申请 核定 开发 项目 监管 加入 诚信 联盟 企业 存在 拖欠 工程款 工程 停工 延期 交楼 稳定 因素 违法 违规 销售 行为 问题 企业 核实 开发 项目 列入 监管 加强 优罚劣 监管 市住 建局 支持 房地产业 协会 建立 行业 协同 治理 机制 加强 行业协会 沟通 协调 信息 互通 房地产业 协会 及时 向市 建局 通报 开发 企业 加入 诚信 联盟 情况 官方网站 公示 加入 诚信 联盟 企业 及其 开发 项目 情况 接受 行业 监督 社会 监督 园区 住房 规划 建设局 辖区 预售 商品房 项目 加强 日常 监督 检查 负责 核实 监管 开发 企业 申请 商品房 预售 使用 是否 存在 拖欠 工程款 工程 停工 延期 交楼 稳定 因素 违法 违规 销售 行为 企业 提交 商品房 预售 使用 申请表 工作日内 出具 审查 意见 发送至 市住 建局 存在 开发 企业 恶意 拖欠 工程款 工程 无故 停工 延期 交楼 妥善处理 矛盾 纠纷 导致 集体 上访 存在 违法 违规 销售 行为 预售 商品房 项目 及时 介入 协调 处理 有关 情况 上报 市住 建局 涉及 监管 开发 企业 提请 市住 建局 降为 监管 实行 监管 开发 企业 一旦 发生 以下 违法 违规 失信 经营 行为 失去 享受 相关 扶优 政策 待遇 列入 监管 申请 商品房 预售 使用 按照 监管 模式 执行 开发 企业 拖欠 工程款 导致 施工单位 拖欠 工人工资 引发 工人 集体 上访 未能 及时 妥善处理 建设 过程 中因 资金 链断裂 停工 造成 延期 交楼 未能 按照 合同 约定 时间 条件 业主 交楼 未能 妥善处理 矛盾 纠纷 导致 业主 群访 群诉 严重 影响 社会 稳定 发生 违法 违规 销售 行为 房地产 主管部门 依法 作出 行政处罚 发生 重大 质量 安全事故 或经 质量 监督机构 确认 项目 存在 严重 质量 问题 责令 整改 期间 落实 整改 工作 配合 主管部门 协调 处理 问题 监管 开发 企业 按规定 每月 报送 所有 打包 项目 工程建设 施工进度 支付 情况 材料 加入 诚信 联盟 开发 企业 承诺 使用 市住 建局 市场 监管局 联合 制定 东莞市 商品房 认购书 范本 按规定 商品房 销售 现场 公示 有关 信息 信息 公示 完整 规范 及时 更新 存在 误导 虚假 信息 房地产 主管部门 相关 部门 提出 整改意见 完成 整改 整改 私自 截留 直接 收存 商品房 预售 按规定 预售 监管 系统 核对 报送 监管 账户 交易 数据 报送 虚假 数据 其他 违反 商品房 预售 监管 相关 法律 法规 规章 行为 监管 开发 企业 打包 项目 公司 监管 开发 企业 发生 上述 任何 一种 情形 开发 企业 项目 公司 列入 监管 监管 开发 企业 及其 打包 项目 公司 监管 等级 核定 有效期 发生 上述 任何 一种 情形 累计 达到 以上 开发 企业 及其 打包 所有 项目 公司 取消 监管 资格 全部 列入 监管 监管 开发 企业 打包 项目 公司 发生 上述 任何 一种 情形 监管 开发 企业 发生 上述 任何 一种 情形 市住 建局 相关 企业 作出 警告 责令 限期 整改 暂停 受理 涉案 项目 商品房 预售 使用 申请 直至 要求 整改 完毕 要求 完成 整改 整改 相关 企业 列入 监管 监管 开发 企业 及其 打包 项目 公司 监管 等级 核定 有效期 发生 上述 任何 一种 情形 累计 达到 以上 开发 企业 及其 打包 所有 项目 公司 取消 监管 资格 全部 列入 监管 实行 监管 开发 企业 列入 监管 实行 监管 开发 企业 存在 拖欠 工程款 工程 停工 延期 交楼 稳定 因素 违法 违规 销售 行为 未能 妥善解决 市住 建局 相关 情况通报 房地产业 协会 房地产业 协会 通报 企业 列入 失信 企业 黑名单 社会 公示 为期 一年 上述 列入 监管 企业 须待 失信 企业 黑名单 公示 一年 方可 有关 规定 重新 申请 核定 预售 监管 等级 其他 有关 事项 通知 自发 之日起 施行 有效期 发文 之日起 首次 办理 预售 许可证 商品房 项目 开发 企业 办理 商品房 预售 监管 协议 按本 通知 要求 同步 申请 核定 预售 监管 等级 尚未 解除 预售 监管 预售 商品房 项目 开发 企业 须于 日前 按本 通知 要求 重新 核定 预售 监管 等级 逾期 重新 核定 预售 监管 等级 暂按 监管 审批 预售 使用 申请 日起 开发 企业 一律 核定 重新 核定 监管 等级 申请 使用 商品房 预售 日起 关于 商品房 预售 使用 实施 差异化 管理 通知 建房 关于 商品房 预售 使用 实施 差异化 管理 补充 通知 建房 关于 促进 开发 企业 使用 商品房 预售 支付 工程 施工进度 通知 建房 废止 东莞市 住房 城乡 建设局 房地产 开发 企业 贯彻落实 市委 市政府 关于 奋力 推动 东莞 高质量 发展 新台阶 工作 部署 要求 稳步 推进 商品房 建筑 品质 提升 进一步 探索 优化 营商 环境 结合 关于 进一步 明确 东莞市 装配式 建筑 实施 标准 范围 有关 工作 要求 通知 东建 节能 要求 根据 我市 实际 情况 现对 我市 实施 装配式 建筑 商品房 项目 预售 许可 申办 条件 进一步 优化 有关 事项 要求 通知 如下 我市 实施 装配式 建筑 预售 商品房 项目 地上 建筑 层数 大于 七层 不含 本数 楼栋 主体 结构 完成 三分之一 符合 以下 条件 可向 行政 主管部门 申请 办理 预售 许可证 日前 不含 本日 签订 建设 用地 使用权 出让 合同 协议 商品房 项目 城市更新 项目 成交 结果 确认书 签订 时间 为准 下同 申请 预售 建筑 单体 符合国家 或者 广东省 装配式 建筑评价 标准 相关 技术 要求 通过 住建 行政 主管部门 组织 装配式 建筑 项目 评价 认定 日后 含本 签订 建设 用地 使用权 出让 合同 协议 商品房 项目 同时 符合 以下 条件 申请 预售 建筑 单体 符合 东建 节能 号文 规定 装配式 建筑 实施 标准 通过 住建 行政 主管部门 组织 装配式 建筑 项目 评价 认定 申请 预售 建筑 单体 国家 绿色 建筑评价 标准 二星级 以上 标准 建设 属于 超高层 建筑 三星级 标准 建设 以上 符合 申请 预售 建筑 单体 采用 建筑 信息 模型 技术 至少 满足 设计阶段 施工 阶段 应用 要求 建筑 信息 模型 技术 应用 情况 需在 项目 开展 装配式 建筑 评价 认定 进行 审查 开发 企业 承诺 申请 预售 项目 获得 东莞市 以上 工程质量 广东 省级 以上 施工 安全 奖项 满足 建设 工程项目 质量 评价 相关 要求 其他 装配式 建筑 预售 商品房 项目 地上 建筑 层数 七层 以下 含本数 结构 工程 封顶 后方 申请 办理 预售 许可证 符合条件 装配式 建筑 商品房 项目 建设 单位 办理 预售 许可证 现有 办理 商品房 预售 许可证 要求 资料 提供 装配式 建筑 商品房 项目 建设 承诺函 详见 附件 施工 许可 变更 手续 承诺 后续 建设 按照 评价 通过 装配式 建筑设计 方案 要求 实施 建设 单位 申办 预售 许可证 行政 主管部门 申请 项目 实施 装配式 建筑 情况 进行 现场 核实 核实 主要 内容 包括 建筑 单体 工程规划 许可证 首个 标准 验收 记录 装配式 各项 技术 部品 部件 检测 报告 施工 许可 变更 手续 相关 资料 现场 施工 方案 落实 情况 建设 设计 施工 监理 参建 单位 严格 落实 各方 主体 责任 落实 装配式 建筑 绿色 建筑设计 方案 各项 技术 内容 购房人 承诺 实际 交付 标准 精装修 经审查 通过 精装修 设计 文件 办理 施工 报建 变更 手续 组织 进行 竣工 验收 建设 单位 施工 企业 施工 合同 明确 约定 项目 实施 装配式 建筑 绿色 建筑 质量 安全 创优 相关 要求 明确 违约责任 条款 施工单位 约定 履行合同 有关 义务 建设 单位 申请 住建 行政 主管部门 作出 不良行为 记录 予以 扣分 处理 住建 行政 主管部门 严格 按照 相关 法律法规 文件 要求 加强监督 检查 企业 承诺 要求 开展 项目 建设 项目 商品房 预售 资金 从严 监管 后续 建设 单位 开发 及其 关联 企业 开发 装配式 建筑 预售 商品房 项目 不予 完成 主体 结构 三分之一 核发 预售 许可证 施工 企业 合同 履约 不良行为 实施 信用 记分 处理 违反 中华人民共和国 建筑 建设工程 质量 管理条例 广东省 绿色 建筑 条例 相关 法律法规 按照 有关 规定 进行 处理 通知 自发 之日起 实施 以往 政策 文件 一致 以本 通知 内容 为准 东莞市 住房 城乡 建设局 各镇 园区 住房 城乡 建设局 房地产 开发 企业 商业银行 进一步 规范 商品房 预售 资金 监督管理 保证 商品房 预售 资金 优先 用于 工程建设 督促 房地产 开发 企业 切实 履行合同 约定 交付 责任 维护 购房人 合法权益 促进 房地产 市场 平稳 健康 发展 结合 我市 实际 根据 广东省 商品房 预售 管理条例 以及 住房 城乡 建设部 人民银行 保监会 发布 有关 规定 商品房 预售 资金 收存 使用 监管 通知 如下 商品房 预售 资金 监管 账户 设立 管理 房地产 开发 企业 申请 商品房 预售 许可 按照 一个 预售 许可证 对应 一个 账户 原则 开设 商品房 预售 资金 监管 账户 以下 简称 监管 账户 监管 账户 需为 新开设 银行 账户 房地产 开发 企业 部门 监管 银行 三方 签署 商品房 预售 资金 监管 协议书 示范 文本 附件 东莞市 商品房 预售 资金 监管 系统 以下 简称 预售 资金 监管 系统 申报 企业 商品房 销售 现场 显著 位置 进行 公示 审批 通过 监管 账户 原则上 不能 办理 变更 注销 商品房 预售 资金 收存 管理 取得 商品房 预售 许可 项目 购房人 根据 预售 资金 监管 系统生成 房屋 缴款通知 信息 通过 关联 预售 资金 监管 系统 刷卡 银行 柜台 转账 网上银行 转账 方式 购房款 定金 首期款 分期付款 一次性 付款 直接 存入 相应 房屋 商品房 预售 资金 监管 账户 账户 监管 银行 针对 每套 房屋 商品房 预售 资金 监管 账户 分设 唯一 收存 对应 房屋 购房款 银行 账户 房地产 开发 企业 不得 其他 任何 形式 私自 截留 收存 购房款 按揭 银行 商品房 抵押 合同 约定 银行 按揭 贷款 住房 公积金 贷款 直接 存入 相应 房屋 商品房 预售 资金 监管 账户 预售 资金 监管 系统 自动检测 房屋 预售 资金 是否 足额 缴存 首期款 足额 缴存 房屋 无法 办理 商品房 买卖合同 备案 商品房 预售 资金 使用 管理 根据 预售 商品房 项目 建设 工程造价 施工 合同 金额 以及 项目 交付使用 条件 因素 设定 项目 建设 资金 监管 额度 监管 额度 项目 建筑面积 本市 房屋建筑 工程造价 单价 工程 预留 资金 监管 额度 资金 应当 专款专用 商品房 项目 完成 房屋 所有权 首次 登记 商业银行 不得 擅自 扣划 设立 子公司 房地产 开发 企业 集团公司 不得 抽调 只能 用于 购买 项目 建设 必需 建筑材料 设备 支付 项目 建设 施工进度 款及 法定 税费 具体 用途 包括 限于 以下内容 土建工程 基坑 地基 基础 主体 结构 建筑 装饰 装修 机电工程 给排水 电气 通风 空调 室外工程 小区 用地 范围 道路 工程 给排水 工程 土石方 工程 园建 绿化 工程 消防工程 建筑材料 设备 勘察 设计费 工程 监理 工程 咨询 项目 建设 有关 其他费用 房地产 开发 企业 申请 使用 商品房 预售 资金 应当 预售 资金 监管 系统 申报 项目 建设 资金 监管 额度 提交 工程 合同 完税 凭证 材料 合同 金额 税费 分配 各个 预售 许可证 对应 楼宇 作为 申请 商品房 预售 资金 使用 依据 同一个 预售 许可 范围 楼宇 房地产 开发 企业 根据 以下 工程建设 进度 比例 预留 资金 项目 相关 发票 资料 用途 提取 使用 商品房 预售 资金 取得 主体 结构 分部 工程质量 验收 记录表 监管 额度 预留 资金 取得 主体 结构 分部 工程质量 验收 记录表 监管 额度 预留 资金 取得 工程 安全 监督机构 签发 终止 施工 安全 监督 告知 监管 额度 预留 资金 取得 工程质量 监督机构 签发 工程质量 监督 报告 监管 额度 预留 资金 取得 东莞市 房屋建筑 工程 市政 基础设施 工程 竣工 验收 备案 证书 以下 简称 工程 竣工 验收 备案 证书 监管 额度 预留 资金 监管 账户 累计 进账 金额 达到 监管 额度 监管 账户 累计 进账 资金 预留 资金 取得 上述 条款 材料 根据 相应 工程建设 进度 比例 预留 资金 结合 房地产 开发 企业 诚信 经营 情况 工程 预留 资金 上述 基础 实行 进一步 差异化 监管 具体 实施细则 另行 制定 监管 账户 累计 进账 金额 达到 监管 额度 超出 监管 额度 资金 房地产 开发 企业 提取 使用 自愿 加入 诚信 联盟 社会 公开 承诺 诚信 守法 经营 房地产 开发 企业 商品房 预售 资金 使用 实行 扶优 政策 同一个 预售 许可 范围 楼宇 首次 申请 使用 商品房 预售 资金 规则 预留 资金 提供 项目 相关 发票 材料 企业 申请 回笼 前期 支付 对应 监管 楼宇 承包 施工进度 回笼 承包 施工进度 对应 楼宇 承包合同 金额 核减 同一个 预售 许可 范围 楼宇 全部 取得 工程 竣工 验收 备案 证书 规则 预留 资金 提供 项目 相关 发票 材料 企业 申请 回笼 前期 自有 资金 支付 工程 相关 建设 费用 企业 规则 预留 资金 相关 银行 出具 现金 保函 置换 同等 金额 商品房 预售 资金 担保 期限内 不能 提前 申请 撤回 现金 保函 现金 保函 担保 期限 不得 相应 楼宇 商品房 买卖合同 约定 最晚 交付 日期 强化 各方 监管 职责 各镇 园区 住房 城乡 建设局 辖区 预售 商品房 项目 加强 日常 监督 检查 负责 核实 房地产 开发 企业 申请 商品房 预售 资金 使用 是否 存在 拖欠 工程款 劳资纠纷 工程 停工 延期 交楼 稳定 因素 违法 违规 销售 行为 规定 时限 企业 申请 商品房 预售 资金 使用 事项 出具 审查 意见 房地产 开发 企业 购房人 及时 签署 商品房 认购书 商品房 买卖合同 确保 购房款 直接 存入 相应 房屋 商品房 预售 资金 监管 账户 保障 购房人 合法权益 申请 办理 商品房 预售 资金 相关 业务 时应 如实 提供 证明 材料 相关 票据 确保 填报 信息 真实有效 房地产 开发 企业 下列 情形 之一 由市 部门 责令 限期 整改 逾期 完成 整改 依照 有关 法律 法规 予以 处罚 涉嫌犯罪 移送 司法机关 依法处理 按规定 收存 使用 商品房 预售 资金 提供 虚假 资料 申请 办理 商品房 预售 资金 相关 业务 其他 违反 商品房 预售 资金 监管 相关 法律 法规 行为 商业银行 开设 监管 账户 预售 商品房 项目 做好 金融服务 资金 风险 监管 通过 对接 预售 资金 监管 系统 监管 账户 预售 资金 收存 拨付 交易 明细 账户 余额 冻结 划扣 情况 房地产 开发 企业 发放 开发 贷款 信息 实时 推送 部门 推送 电子信息 真实性 负责 商业银行 违反 预售 资金 三方 监管 协议 未经 住建 部门 核实 同意 擅自 拨付 转移 监管 额度 资金 应当 负责 追回 资金 无法 追回 依法 承担 相应 赔偿 责任 其他 有关 事项 通知 印发 之日起 施行 有效期 发文 之日起 办理 首批 商品房 预售 许可 商品房 项目 按照 通知 上述 条款 执行 已有 楼宇 取得 商品房 预售 许可 商品房 项目 关于 进一步 加强 我市 商品房 预售 收存 管理 通知 建房 东莞市 住房 城乡 建设局 关于 进一步 加强 商品房 预售 使用 差异化 管理 通知 建房 关于 我市 商品房 预售 收存 管理工作 有关 事项 通知 建房 文件 执行 附件 商品房 预售 资金 监管 协议书 示范 文本 东莞市 住房 城乡 建设局 房地产 开发 企业 防范 房地产 市场 领域 风险 保证 预售 资金 优先 用于 商品房 项目 建设 维护 购房人 合法权益 根据 城市 商品房 预售 管理 办法 建设部 广东省 商品房 预售 管理条例 有关 要求 结合 我市 实际 加强 商品房 预售 收存 管理工作 有关 事项 通知 如下 房地产 开发 企业 项目 销售 现场 明显 位置 张贴 购房 支付 提示牌 标注 保证 专款专用 维护 买卖双方 权益 预购 商品房 预售 存入 预售 许可 登记 预售 专用 账户 提示信息 房地产 开发 企业 按照 有关 规定 商品房 预售 资金 包括 购房人 按照 认购 协议 合同 约定 支付 全部 房价 定金 首付款 分期 全款 按揭 贷款 所有 预售 全部 存入 预售 专用 账户 房地产 开发 企业 按规定 交存 使用 商品房 预售 资金 我局 暂停 监管 资金 拨付 商品房 网签 依法 依规 作出 行政处罚 处理 东莞市 住房 城乡 建设局 东莞市 住房 城乡 建设局 关于 进一步 规范 商品房 预售 资金 收存 使用 管理 通知 分类 规范性 文件 各镇 园区 住房 城乡 建设局 房地产 开发 企业 商业银行 进一步 规范 商品房 预售 资金 监督管理 保证 商品房 预售 资金 优先 用于 工程建设 督促 房地产 开发 企业 切实 履行合同 约定 交付 责任 维护 购房人 合法权益 促进 房地产 市场 平稳 健康 发展 结合 我市 实际 根据 广东省 商品房 预售 管理条例 以及 住房 城乡 建设部 人民银行 保监会 发布 有关 规定 商品房 预售 资金 收存 使用 监管 通知 如下 商品房 预售 资金 监管 账户 设立 管理 房地产 开发 企业 申请 商品房 预售 许可 按照 一个 预售 许可证 对应 一个 账户 原则 开设 商品房 预售 资金 监管 账户 以下 简称 监管 账户 监管 账户 需为 新开设 银行 账户 房地产 开发 企业 部门 监管 银行 三方 签署 商品房 预售 资金 监管 协议书 示范 文本 附件 东莞市 商品房 预售 资金 监管 系统 以下 简称 预售 资金 监管 系统 申报 企业 商品房 销售 现场 显著 位置 进行 公示 审批 通过 监管 账户 原则上 不能 办理 变更 注销 商品房 预售 资金 收存 管理 取得 商品房 预售 许可 项目 购房人 根据 预售 资金 监管 系统生成 房屋 缴款通知 信息 通过 关联 预售 资金 监管 系统 刷卡 银行 柜台 转账 网上银行 转账 方式 购房款 定金 首期款 分期付款 一次性 付款 直接 存入 相应 房屋 商品房 预售 资金 监管 账户 账户 监管 银行 针对 每套 房屋 商品房 预售 资金 监管 账户 分设 唯一 收存 对应 房屋 购房款 银行 账户 房地产 开发 企业 不得 其他 任何 形式 私自 截留 收存 购房款 按揭 银行 商品房 抵押 合同 约定 银行 按揭 贷款 住房 公积金 贷款 直接 存入 相应 房屋 商品房 预售 资金 监管 账户 预售 资金 监管 系统 自动检测 房屋 预售 资金 是否 足额 缴存 首期款 足额 缴存 房屋 无法 办理 商品房 买卖合同 备案 商品房 预售 资金 使用 管理 根据 预售 商品房 项目 建设 工程造价 施工 合同 金额 以及 项目 交付使用 条件 因素 设定 项目 建设 资金 监管 额度 监管 额度 项目 建筑面积 本市 房屋建筑 工程造价 单价 工程 预留 资金 监管 额度 资金 应当 专款专用 商品房 项目 完成 房屋 所有权 首次 登记 商业银行 不得 擅自 扣划 设立 子公司 房地产 开发 企业 集团公司 不得 抽调 只能 用于 购买 项目 建设 必需 建筑材料 设备 支付 项目 建设 施工进度 款及 法定 税费 具体 用途 包括 限于 以下内容 土建工程 基坑 地基 基础 主体 结构 建筑 装饰 装修 机电工程 给排水 电气 通风 空调 室外工程 小区 用地 范围 道路 工程 给排水 工程 土石方 工程 园建 绿化 工程 消防工程 建筑材料 设备 勘察 设计费 工程 监理 工程 咨询 项目 建设 有关 其他费用 房地产 开发 企业 申请 使用 商品房 预售 资金 应当 预售 资金 监管 系统 申报 项目 建设 资金 监管 额度 提交 工程 合同 完税 凭证 材料 合同 金额 税费 分配 各个 预售 许可证 对应 楼宇 作为 申请 商品房 预售 资金 使用 依据 同一个 预售 许可 范围 楼宇 房地产 开发 企业 根据 以下 工程建设 进度 比例 预留 资金 项目 相关 发票 资料 用途 提取 使用 商品房 预售 资金 取得 主体 结构 分部 工程质量 验收 记录表 监管 额度 预留 资金 取得 主体 结构 分部 工程质量 验收 记录表 监管 额度 预留 资金 取得 工程 安全 监督机构 签发 终止 施工 安全 监督 告知 监管 额度 预留 资金 取得 工程质量 监督机构 签发 工程质量 监督 报告 监管 额度 预留 资金 取得 东莞市 房屋建筑 工程 市政 基础设施 工程 竣工 验收 备案 证书 以下 简称 工程 竣工 验收 备案 证书 监管 额度 预留 资金 监管 账户 累计 进账 金额 达到 监管 额度 监管 账户 累计 进账 资金 预留 资金 取得 上述 条款 材料 根据 相应 工程建设 进度 比例 预留 资金 结合 房地产 开发 企业 诚信 经营 情况 工程 预留 资金 上述 基础 实行 进一步 差异化 监管 具体 实施细则 另行 制定 监管 账户 累计 进账 金额 达到 监管 额度 超出 监管 额度 资金 房地产 开发 企业 提取 使用 自愿 加入 诚信 联盟 社会 公开 承诺 诚信 守法 经营 房地产 开发 企业 商品房 预售 资金 使用 实行 扶优 政策 同一个 预售 许可 范围 楼宇 首次 申请 使用 商品房 预售 资金 规则 预留 资金 提供 项目 相关 发票 材料 企业 申请 回笼 前期 支付 对应 监管 楼宇 承包 施工进度 回笼 承包 施工进度 对应 楼宇 承包合同 金额 核减 同一个 预售 许可 范围 楼宇 全部 取得 工程 竣工 验收 备案 证书 规则 预留 资金 提供 项目 相关 发票 材料 企业 申请 回笼 前期 自有 资金 支付 工程 相关 建设 费用 企业 规则 预留 资金 相关 银行 出具 现金 保函 置换 同等 金额 商品房 预售 资金 担保 期限内 不能 提前 申请 撤回 现金 保函 现金 保函 担保 期限 不得 相应 楼宇 商品房 买卖合同 约定 最晚 交付 日期 强化 各方 监管 职责 各镇 园区 住房 城乡 建设局 辖区 预售 商品房 项目 加强 日常 监督 检查 负责 核实 房地产 开发 企业 申请 商品房 预售 资金 使用 是否 存在 拖欠 工程款 劳资纠纷 工程 停工 延期 交楼 稳定 因素 违法 违规 销售 行为 规定 时限 企业 申请 商品房 预售 资金 使用 事项 出具 审查 意见 房地产 开发 企业 购房人 及时 签署 商品房 认购书 商品房 买卖合同 确保 购房款 直接 存入 相应 房屋 商品房 预售 资金 监管 账户 保障 购房人 合法权益 申请 办理 商品房 预售 资金 相关 业务 时应 如实 提供 证明 材料 相关 票据 确保 填报 信息 真实有效 房地产 开发 企业 下列 情形 之一 由市 部门 责令 限期 整改 逾期 完成 整改 依照 有关 法律 法规 予以 处罚 涉嫌犯罪 移送 司法机关 依法处理 按规定 收存 使用 商品房 预售 资金 提供 虚假 资料 申请 办理 商品房 预售 资金 相关 业务 其他 违反 商品房 预售 资金 监管 相关 法律 法规 行为 商业银行 开设 监管 账户 预售 商品房 项目 做好 金融服务 资金 风险 监管 通过 对接 预售 资金 监管 系统 监管 账户 预售 资金 收存 拨付 交易 明细 账户 余额 冻结 划扣 情况 房地产 开发 企业 发放 开发 贷款 信息 实时 推送 部门 推送 电子信息 真实性 负责 商业银行 违反 预售 资金 三方 监管 协议 未经 住建 部门 核实 同意 擅自 拨付 转移 监管 额度 资金 应当 负责 追回 资金 无法 追回 依法 承担 相应 赔偿 责任 其他 有关 事项 通知 印发 之日起 施行 有效期 发文 之日起 办理 首批 商品房 预售 许可 商品房 项目 按照 通知 上述 条款 执行 已有 楼宇 取得 商品房 预售 许可 商品房 项目 关于 进一步 加强 我市 商品房 预售 收存 管理 通知 建房 东莞市 住房 城乡 建设局 关于 进一步 加强 商品房 预售 使用 差异化 管理 通知 建房 关于 我市 商品房 预售 收存 管理工作 有关 事项 通知 建房 文件 执行,6.202943225343957,8.447453512937065,6.116666666666667,9.05,36305,25.6,27.14166666666667,14819.814453125,307.5424744318183,999.3270336914065,4560.791666666667,23.71502556818182,5,3,0.008625,0.5,阶段1,15.0,19.0,26.35002840909091,3.5,0.4,阶段2,15.0,22.0,9.034295454545456,4.5,0.3,竣备,15.0,27.0,11.29286931818182,6.5,0.25,阶段4,15.0,35.0,217.387734375,11.0,0.05,阶段5,15.0,35.0,43.47754687499999,11.0,2,4,999.3270336914065
东营,东营,Dongying-3,approved construction cost,,verified physical milestones,retained balance,specified but count unavailable,other / unclear,False,False,,0.3500000000000001,,not explicitly countable from retained excerpt,explicit percentage near 主体结构封顶; midpoint used for a stated range,not explicitly parseable from retained excerpt,监管额度、违约责任等内容，协议主要内容要在预售方案中明确并在预售合同中体现 | 监管账户内预售资金未达到既定监管额度时，预售人需通过监管系统向监管部门提交退款申请，监管部门自受理之日起1个工作日内完成审核 | 完成房屋所有权首次登记后终止,True,policy_identification_filled.xlsx,City_audit,5stage_Pcost,5,5,stage_1|stage_2|stage_3|stage_4|stage_5,阶段1|主体|竣备|竣备|阶段5,阶段1|主体|竣备|竣备|阶段5,partial_named_milestones,stage_2,,5,0.5,,cumulative_same_denominator_stage_shares,not_estimable:registration_stage_name_unmapped,expert_calibrated_operational_proxy_pending_source_mapping,monthly-revenue stage ratio or within-cohort amount share; not automatically a policy percentage,external/Modelling Dep/41_Cities_Dep/city_catalog.json,data/pmc_data.xlsx,dep-operational-h1-v1,Dongying-3,2023,三线,东营,Shandong,"关于印发《东营市商品房预售资金监管办法》的通知
发布日期：：2023-02-20
信息来源：东营市住房和城乡建设管理局
东建发〔2023〕2号
各县区（市属开发区）住房城乡建设局、行政审批服务局、公积金管理中心，人民银行各（县）支行：
为进一步加强我市商品房预售资金监管工作，保护购房人的合法权益，降低房地产开发项目预售资金使用风险，促进房地产市场健康发展，市住房和城乡建设管理局会同中国人民银行东营市中心支行、中国银行保险监督管理委员会东营监管分局、市行政审批服务局、市住房公积金管理中心研究制定了《东营市商品房预售资金监管办法》。现印发给你们，请认真贯彻执行。


东营市住房和城乡建设管理局    东营市行政审批服务局
东营市住房公积金管理中心 中国人民银行东营市中心支行
中国银行保险监督管理委员会东营监管分局
2023年2月20日
（此件主动公开）


东营市商品房预售资金监管办法

第一章  总则
第一条  为进一步加强商品房预售资金监督管理，保护预售商品房交易双方合法权益，促进房地产市场健康发展，根据《中华人民共和国城市房地产管理法》《山东省城市房地产开发经营管理条例》《山东省商品房销售条例》《山东省商品房预售资金监管办法》和住房和城乡建设部、人民银行、银保监会《关于规范商品房预售资金监管的意见》（建房〔2022〕16号）等法律、法规及有关政策规定，结合我市实际，制定本办法。
第二条  凡在本市行政区域内经批准预售的商品房预售资金的收存、支出、使用及其监督管理，适用本办法。
本办法所称商品房预售资金，是指预售人依法将其开发的商品房进行预售，由预购人按商品房预售合同约定支付的全部购房款项。
本办法所称预售人，是指依法取得《商品房预售许可证》进行商品房预售的房地产开发企业。
本办法所称预购人，是指购买预售商品房的单位或者个人。
第三条  市住房和城乡建设管理局负责指导和监督全市商品房预售资金监管工作。
各县区（市属开发区）住房城乡建设主管部门(以下简称监管部门)按照职责分工负责本行政区域内商品房预售资金监管工作。
中国人民银行东营市中心支行及其分支机构、中国银行保险监督管理委员会东营监管分局及其分支机构、市住房公积金管理中心及其分支机构按照各自职责，做好商品房预售资金监管工作。
第四条  预售资金监管，遵循政府监管、专户专存、专款专用、全程监管、节点控制的原则。预售资金应全部直接存入预售资金监管专用账户（以下简称监管账户），优先用于与预售商品房有关的工程建设和农民工工资拨付。
第五条  预售资金监管期限，自房地产开发项目取得商品房预售许可证开始，至项目完成房屋所有权首次登记后终止。
第六条  监管部门应当建立健全以楼盘表为索引的监管系统，实现预售资金监管信息化、自动化。
第二章   监管银行及账户设立
第七条  监管部门应当会同人民银行分支机构、银保监部门通过公开招标方式，综合商业银行资信状况、监管能力、服务水平等因素，确定本辖区内商品房预售资金监管合作银行名录（以下简称合作银行名录），并及时在监管部门网站公示。合作银行名录确定后10日内报市住房城建管理局。合作银行名录内的银行应具备将按揭贷款直接发放到监管账户的能力后方可从事商品房预售资金监管业务。商品房预售资金监管银行（以下简称监管银行）有关信息系统应当实现与预售资金监管系统联网，并实现信息即时传递与交换，互通共享，确保预售资金监管业务办理连续、安全、便捷。
合作银行名录实行动态管理，存在违规行为或不具备资金监管安全规范运行能力的商业银行不得纳入合作银行名录，已纳入的，清出合作银行名录。
第八条  预售人申请商品房预售许可前，应当从合作银行名录中选择商业银行开设监管账户，并与商业银行和监管部门三方签订商品房预售资金监管协议，明确预售资金收存、使用方式、监管额度、违约责任等内容，协议主要内容要在预售方案中明确并在预售合同中体现。监管协议示范文本由监管部门制定。
第九条  预售人开设监管账户，一般按照一次商品房预售许可申请对应一个监管账户的原则，按幢或者多幢开立。监管账户禁止开通企业网上银行转账业务。《商品房预售许可证》应当载明监管银行、监管账户等信息。
第十条  预售人在通过预售资金监管系统申请预售资金监管时，需向监管部门提供以下材料，并对材料的真实性负责：
（一）预售人、监管银行、监管部门三方签订的监管协议；
（二）商品房预售方案；
（三）已签订的与项目建设有关的合同（协议）；
（四）经监理单位确认的项目形象进度说明；
（五）根据合同（协议）约定的付款节点制定的资金使用计划；
（六）新旧楼号对照表；
（七）监管部门认为必要的其他资料。
监管部门对预售人提供的材料在3个工作日内进行审核。审核通过的，即时在监管系统中予以确认。
第十一条  监管账户开设后，监管部门、监管银行、监管账号等预售资金监管信息自动进入监管系统，作为网上签订预售合同的固定条款。预售人应当将预售资金监管相关规定告知预购人，并将监管银行、监管账户等信息在商品房预售场所显著位置公示。
第十二条  项目预售过程中，监管账户原则上不得变更，但因特殊原因确需变更的，经监管部门同意后，监管银行应予配合。监管账户变更后，预售人、原监管银行须将原监管账户的结余资金转入新监管账户，同时书面告知预购人账户变更情况。办理变更手续期间，暂停办理预售资金的拨付业务。
第三章  预售资金收存
第十三条  预售资金包括预购人缴交的定金、首付款、分期付款、按揭贷款（含商业贷款和住房公积金贷款）和一次性购房款等，必须全部直接存入预售资金监管账户，预售人不得用公司其他账户收款后再转入预售资金监管账户。
第十四条  预售人与预购人需通过监管系统完成预售合同网签。预购人凭预售人出具的商品房预售款交款通知书将首付款（含一次性购房款）直接存入监管账户，经监管部门确认后，方可办理预售合同网签及备案。
预售人与按揭贷款银行签订《房地产项目按揭贷款合作协议》时，应在协议中明确监管银行、监管账户，并约定将按揭贷款全部直接发放至监管账户。
预购人申请按揭贷款（含商业贷款和住房公积金贷款）的，贷款合同中应当明确监管银行和监管账户，并约定将按揭贷款全部直接发放至监管账户。
预购人实行分期付款的，预售人应协助预购人及时将分期余款按照预售合同约定直接存入监管账户。
预售人通过监管系统确认交款信息，提交至监管银行。监管银行确定预售资金存入监管账户后，会同预售人和贷款银行，及时将入账资金明确到具体房屋，并将相关信息传至监管部门。
第四章  预售资金使用和退还
第十五条  预售资金监管额度，是指预售项目楼栋完成建筑安装和区内配套等工程建设达到交付条件所需资金。监管部门结合本地实际，根据预售项目工程进度、工程造价、施工合同金额以及项目交付使用条件等因素确定。
既定监管额度是指根据预售资金留存比例确定的预售资金监管额度。
既定监管额度以内的预售资金，应优先向农民工工资专用账户及时足额拨付农民工工资，剩余资金原则上应当直接拨付至项目对应的施工单位、材料设备供应单位及水、电、气、热等配套设施建设单位和预售人共同指定的银行账户。监管账户资金总额达到既定监管额度后，超出既定监管额度的资金可由预售人提取使用，并优先用于预售项目工程建设。
第十六条  既定监管额度内的资金应按照工程建设进度予以拨付。监管部门要优化预售资金的核拨流程，保证及时用于商品房预售项目工程建设。
第十七条  按照监管协议，监管部门应当对既定监管额度内预售资金使用申请进行必要的现场查勘，对收款单位、用途、金额等内容与企业申报内容是否一致进行审核，并对预售资金拨付后的资金使用进行监管。
用款单位需明确一个专用账户接收和使用商品房预售资金。
第十八条  预售资金监管按照工程建设进度，

一般分为4个控制节点，分别为建成层数达到地上规划层数一半、主体结构封顶、单体竣工验收合格、商品房项目完成房屋所有权首次登记。


预售资金留存比例，是指监管账户中的资金余额占商品房预售资金监管额度的百分比。当建成层数达到规划层数一半时，监管资金留存比例为60%-70%；当主体结构封顶时，监管资金留存比例为30%-35%；当单体竣工验收合格时，监管资金留存比例为15-18%；当商品房项目完成房屋所有权首次登记时，监管终止。

对于高层、超高层或者大体量建筑，监管部门可以视情增加1-2个控制节点，但预售资金监管留存比例不得突破上述规定。

第十九条  监管部门可以根据预售人信用状况、资质等级等情况，适当降低商品房预售资金留存比例，但最多不得超过5个百分点。AAA级信用企业预售资金监管留存比例可降低5个百分点；AA级信用企业预售资金监管留存比例可降低3个百分点；B级信用企业预售资金监管留存比例提高10个百分点；C级信用企业预售资金监管留存比例提高20个百分点。
第二十条  在主体结构封顶控制节点之前，预售人可以凭银行出具的保函抵顶部分资金监管额度，但不得突破既定监管额度的30%。
第二十一条  预售人可用无抵押、未查封自有房屋作为租赁房源经评估后按一定比例抵顶部分资金监管额度，但不得突破既定监管额度的30%。
第二十二条  预售商品房项目达到工程建设进度控制节点，预售人可凭以下材料向监管部门申请调整监管资金留存比例。
（一）监管资金留存比例调整申请表；
（二）建成层数达到规划层数一半时，提交建设、施工、监理单位签字(章)的施工进度证明和楼体外立面施工的彩色照片；
（三）主体结构封顶时，提交《主体结构工程质量验收报告》；
（四）单体竣工验收合格的，提交五方主体验收报告；
（五）完成项目房屋所有权首次登记的，提交《不动产产权情况表》；
增加控制节点的，应提交建设、施工、监理单位签字(章)的施工进度证明和楼体内外立面施工的彩色照片。
第二十三条  监管部门收到预售人申请调整监管资金留存比例的，经核实符合条件的，3个工作日内核发《商品房预售资金监管比例调整通知书》。监管银行收到监管部门核发的《商品房预售资金监管比例调整通知书》后，3个工作日内调整商品房预售资金监管比例。
第二十四条  预售人向监管部门申请使用既定监管额度以内的预售资金时，需提供以下材料，并对材料的真实性负责：
（一）商品房预售资金用款申请书；
（二）上次申请用款支付证明（收据、发票、支票存根、网上转账凭据、用款单位专用账户银行流水）复印件1份（需提供原件核对）；
（三）监管银行出具并加盖印鉴的从上次申请用款到本次申请用款之日的监管账户资金明细表；
（四）项目资金拨付明细表（含预售资金用款明细和自有资金支付明细，需监理单位和用款单位盖章）；
（五）工程形象进度一览表（附彩色现场照片，表格需监理单位盖章）；
（六）预售合同总金额与监管账户差额情况说明，并提供未收取的分期付款和未放款的按揭贷款明细；
（七）监管资金支付通知单；
（八）用于支付施工单位工程款的，提供施工合同。涉及分包的，提供分包合同；
（九）用于发放农民工工资的，提供按月拨付专户资金凭证；
（十）用于支付设备材料款的，提供设备材料购销合同；
（十一）用于支付法定税费、服务性收费的，提供相关证明材料、合同；
（十二）用于支付其他相关费用的，提供相关材料。
第二十五条  申请使用既定监管额度以内的预售资金的，监管部门应自受理之日起3个工作日内完成对预售人用款申请的审核。经审核符合要求的，出具《预售资金拨付通知单》，载明资金拨付额度及用款单位，同时通过监管系统将拨款信息传递给监管银行。不符合条件的，不予拨付。
监管银行必须凭监管部门出具的《预售资金拨付通知单》及监管系统的确认信息拨付款项。未经监管部门书面同意，监管银行不得拨付既定监管额度以内的资金。
第二十六条  监管银行按照监管协议，定期与监管部门进行对账，发现预售人存在违规挪用监管额度内资金的，应当停止拨付，并告知监管部门。
第二十七条  预售人与预购人协商一致或者凭生效法律文书判决解除预售合同的，监管账户内预售资金未达到既定监管额度时，预售人需通过监管系统向监管部门提交退款申请，监管部门自受理之日起1个工作日内完成审核。核实情况属实的，通过监管系统将退款电子信息传递给监管银行，监管银行将该部分购房款直接拨付给预购人。监管账户内预售资金已达到既定监管额度的，预售人及时向预购人退回相应购房款。
第五章  预售资金监管终止
第二十八条  商品房项目完成房屋所有权首次登记，方可申请终止预售资金监管。预售人通过监管系统向监管部门提出申请，同时提供以下纸质材料，并对材料真实性负责：
（一）终止（核减）监管申请书；
（二）不动产产权情况表；
（三）监管账户对账单
第二十九条  解除监管前，监管部门应当将即将解除监管的信息告知施工总承包企业。预售人申请终止预售资金监管的，监管部门应当自受理之日起3个工作日内进行审核，出具预售资金监管终止通知书，并将预售资金监管账户终止信息传递给监管银行。监管银行应当凭预售资金监管终止通知书及监管系统确认信息终止监管。
第六章  监督检查及管理措施
第三十条  监管部门应当加强对预售资金收存、使用情况的监督检查，定期对预售合同网签备案情况跟踪查询，及时掌握商品房销售情况，核查监管账户收支和按揭贷款（含商业贷款和住房公积金贷款）发放情况，督促预售人按时交存预售资金。商品房项目完成房屋所有权首次登记前，商业银行不得擅自扣划既定监管额度以内的资金；集团公司或母公司不得抽调既定监管额度以内的资金。各监管银行及相关按揭银行应积极配合做好预售资金监管工作。
监管部门应定期进行工程进度现场巡查，加强动态监管。凡无正当理由停工半年以上的，作为重点监管项目，暂时停止申请使用预售资金。
第三十一条  预售人有下列行为之一的，由监管部门责令限期整改，整改期间，暂停该项目后续工程预售许可发放，暂停其预售监管资金拨付和网签备案工作。逾期未整改或整改不到位的，暂停该企业所有项目预售许可发放，暂停其所有项目预售监管资金拨付和网签备案工作并计入企业信用档案。
（一）未按规定将预售资金全部直接存入监管账户的；
（二）未按照规定办理网签备案的；
（三）使用虚假证明材料套取预售资金
（四）未按照规定使用预售资金的；
（五）其它违反本办法或者监管协议的行为。
第三十二条  按照监管协议约定，未经监管部门同意，监管银行擅自拨付既定监管额度内资金的，监管银行应当负责追回资金，无法追回的依法承担相应赔偿责任，清出合作银行名录，2年内不得参与合作银行招标，同时通报金融管理部门。
第三十三条  按揭银行未按规定将按揭贷款直接发放到购买房屋预售资金监管账户的，责令限期整改，情节严重的，清出合作银行名录，2年内不得参与合作银行招标。
第三十四条  施工、监理、勘察、设计等单位提供虚假证明或采取其他方式协助预售人违规使用预售资金，监管部门将其违规行为通报有关主管部门，并记入企业不良行为记录。
第三十五条  施工企业挪用预售资金的，责令限期整改，整改期间暂停该企业用款申请。
第三十六条  监管部门、监管银行和按揭银行工作人员在预售资金监管工作中玩忽职守、徇私舞弊、滥用职权的，依法给予处分；构成犯罪的，依法追究刑事责任。
第三十七条  各县区（市属开发区）可依据本办法，结合当地实际，制定本行政区域内的商品房预售资金监管办法实施细则。
第三十八条  本办法自2023年4月1日起施行，有效期至2028年3月31日。本办法实施前已经批准预售许可的商品房项目，可按原办法监管，不再进行调整。本办法实施后批准预售许可的商品房项目，按照本办法规定执行。



市住房城乡建设局答复：商品房预售应符合下列条件：1.已交纳全部土地使用权出让金，取得土地使用权证书；2.持有房地产项目开发经营权证明、建设工程规划许可证和施工许可证；3.按提供的预售商品房计算，投入开发建设的资金达到工程建设总投资的百分之二十五以上且已完成基础工程，并确定施工进度和竣工交付日期。 
2015-3-7 
==================================


关于印发《东营市商品房预售资金监管办法》的通知
发布日期：：2023-02-20
浏览次数: 595
信息来源：东营市住房和城乡建设管理局
东建发〔2023〕2号
各县区（市属开发区）住房城乡建设局、行政审批服务局、公积金管理中心，人民银行各（县）支行：
为进一步加强我市商品房预售资金监管工作，保护购房人的合法权益，降低房地产开发项目预售资金使用风险，促进房地产市场健康发展，市住房和城乡建设管理局会同中国人民银行东营市中心支行、中国银行保险监督管理委员会东营监管分局、市行政审批服务局、市住房公积金管理中心研究制定了《东营市商品房预售资金监管办法》。现印发给你们，请认真贯彻执行。




东营市住房和城乡建设管理局    东营市行政审批服务局
东营市住房公积金管理中心 中国人民银行东营市中心支行
中国银行保险监督管理委员会东营监管分局
2023年2月20日
（此件主动公开）




东营市商品房预售资金监管办法


第一章  总则
第一条  为进一步加强商品房预售资金监督管理，保护预售商品房交易双方合法权益，促进房地产市场健康发展，根据《中华人民共和国城市房地产管理法》《山东省城市房地产开发经营管理条例》《山东省商品房销售条例》《山东省商品房预售资金监管办法》和住房和城乡建设部、人民银行、银保监会《关于规范商品房预售资金监管的意见》（建房〔2022〕16号）等法律、法规及有关政策规定，结合我市实际，制定本办法。
第二条  凡在本市行政区域内经批准预售的商品房预售资金的收存、支出、使用及其监督管理，适用本办法。
本办法所称商品房预售资金，是指预售人依法将其开发的商品房进行预售，由预购人按商品房预售合同约定支付的全部购房款项。
本办法所称预售人，是指依法取得《商品房预售许可证》进行商品房预售的房地产开发企业。
本办法所称预购人，是指购买预售商品房的单位或者个人。
第三条  市住房和城乡建设管理局负责指导和监督全市商品房预售资金监管工作。
各县区（市属开发区）住房城乡建设主管部门(以下简称监管部门)按照职责分工负责本行政区域内商品房预售资金监管工作。
中国人民银行东营市中心支行及其分支机构、中国银行保险监督管理委员会东营监管分局及其分支机构、市住房公积金管理中心及其分支机构按照各自职责，做好商品房预售资金监管工作。
第四条  预售资金监管，遵循政府监管、专户专存、专款专用、全程监管、节点控制的原则。预售资金应全部直接存入预售资金监管专用账户（以下简称监管账户），优先用于与预售商品房有关的工程建设和农民工工资拨付。
第五条  预售资金监管期限，自房地产开发项目取得商品房预售许可证开始，至项目完成房屋所有权首次登记后终止。
第六条  监管部门应当建立健全以楼盘表为索引的监管系统，实现预售资金监管信息化、自动化。
第二章   监管银行及账户设立
第七条  监管部门应当会同人民银行分支机构、银保监部门通过公开招标方式，综合商业银行资信状况、监管能力、服务水平等因素，确定本辖区内商品房预售资金监管合作银行名录（以下简称合作银行名录），并及时在监管部门网站公示。合作银行名录确定后10日内报市住房城建管理局。合作银行名录内的银行应具备将按揭贷款直接发放到监管账户的能力后方可从事商品房预售资金监管业务。商品房预售资金监管银行（以下简称监管银行）有关信息系统应当实现与预售资金监管系统联网，并实现信息即时传递与交换，互通共享，确保预售资金监管业务办理连续、安全、便捷。
合作银行名录实行动态管理，存在违规行为或不具备资金监管安全规范运行能力的商业银行不得纳入合作银行名录，已纳入的，清出合作银行名录。
第八条  预售人申请商品房预售许可前，应当从合作银行名录中选择商业银行开设监管账户，并与商业银行和监管部门三方签订商品房预售资金监管协议，明确预售资金收存、使用方式、监管额度、违约责任等内容，协议主要内容要在预售方案中明确并在预售合同中体现。监管协议示范文本由监管部门制定。
第九条  预售人开设监管账户，一般按照一次商品房预售许可申请对应一个监管账户的原则，按幢或者多幢开立。监管账户禁止开通企业网上银行转账业务。《商品房预售许可证》应当载明监管银行、监管账户等信息。
第十条  预售人在通过预售资金监管系统申请预售资金监管时，需向监管部门提供以下材料，并对材料的真实性负责：
（一）预售人、监管银行、监管部门三方签订的监管协议；
（二）商品房预售方案；
（三）已签订的与项目建设有关的合同（协议）；
（四）经监理单位确认的项目形象进度说明；
（五）根据合同（协议）约定的付款节点制定的资金使用计划；
（六）新旧楼号对照表；
（七）监管部门认为必要的其他资料。
监管部门对预售人提供的材料在3个工作日内进行审核。审核通过的，即时在监管系统中予以确认。
第十一条  监管账户开设后，监管部门、监管银行、监管账号等预售资金监管信息自动进入监管系统，作为网上签订预售合同的固定条款。预售人应当将预售资金监管相关规定告知预购人，并将监管银行、监管账户等信息在商品房预售场所显著位置公示。
第十二条  项目预售过程中，监管账户原则上不得变更，但因特殊原因确需变更的，经监管部门同意后，监管银行应予配合。监管账户变更后，预售人、原监管银行须将原监管账户的结余资金转入新监管账户，同时书面告知预购人账户变更情况。办理变更手续期间，暂停办理预售资金的拨付业务。
第三章  预售资金收存
第十三条  预售资金包括预购人缴交的定金、首付款、分期付款、按揭贷款（含商业贷款和住房公积金贷款）和一次性购房款等，必须全部直接存入预售资金监管账户，预售人不得用公司其他账户收款后再转入预售资金监管账户。
第十四条  预售人与预购人需通过监管系统完成预售合同网签。预购人凭预售人出具的商品房预售款交款通知书将首付款（含一次性购房款）直接存入监管账户，经监管部门确认后，方可办理预售合同网签及备案。
预售人与按揭贷款银行签订《房地产项目按揭贷款合作协议》时，应在协议中明确监管银行、监管账户，并约定将按揭贷款全部直接发放至监管账户。
预购人申请按揭贷款（含商业贷款和住房公积金贷款）的，贷款合同中应当明确监管银行和监管账户，并约定将按揭贷款全部直接发放至监管账户。
预购人实行分期付款的，预售人应协助预购人及时将分期余款按照预售合同约定直接存入监管账户。
预售人通过监管系统确认交款信息，提交至监管银行。监管银行确定预售资金存入监管账户后，会同预售人和贷款银行，及时将入账资金明确到具体房屋，并将相关信息传至监管部门。
第四章  预售资金使用和退还
第十五条  预售资金监管额度，是指预售项目楼栋完成建筑安装和区内配套等工程建设达到交付条件所需资金。监管部门结合本地实际，根据预售项目工程进度、工程造价、施工合同金额以及项目交付使用条件等因素确定。
既定监管额度是指根据预售资金留存比例确定的预售资金监管额度。
既定监管额度以内的预售资金，应优先向农民工工资专用账户及时足额拨付农民工工资，剩余资金原则上应当直接拨付至项目对应的施工单位、材料设备供应单位及水、电、气、热等配套设施建设单位和预售人共同指定的银行账户。监管账户资金总额达到既定监管额度后，超出既定监管额度的资金可由预售人提取使用，并优先用于预售项目工程建设。
第十六条  既定监管额度内的资金应按照工程建设进度予以拨付。监管部门要优化预售资金的核拨流程，保证及时用于商品房预售项目工程建设。
第十七条  按照监管协议，监管部门应当对既定监管额度内预售资金使用申请进行必要的现场查勘，对收款单位、用途、金额等内容与企业申报内容是否一致进行审核，并对预售资金拨付后的资金使用进行监管。
用款单位需明确一个专用账户接收和使用商品房预售资金。
第十八条  预售资金监管按照工程建设进度，一般分为4个控制节点，分别为建成层数达到地上规划层数一半、主体结构封顶、单体竣工验收合格、商品房项目完成房屋所有权首次登记。
预售资金留存比例，是指监管账户中的资金余额占商品房预售资金监管额度的百分比。当建成层数达到规划层数一半时，监管资金留存比例为60%-70%；当主体结构封顶时，监管资金留存比例为30%-35%；当单体竣工验收合格时，监管资金留存比例为15-18%；当商品房项目完成房屋所有权首次登记时，监管终止。
对于高层、超高层或者大体量建筑，监管部门可以视情增加1-2个控制节点，但预售资金监管留存比例不得突破上述规定。
第十九条  监管部门可以根据预售人信用状况、资质等级等情况，适当降低商品房预售资金留存比例，但最多不得超过5个百分点。AAA级信用企业预售资金监管留存比例可降低5个百分点；AA级信用企业预售资金监管留存比例可降低3个百分点；B级信用企业预售资金监管留存比例提高10个百分点；C级信用企业预售资金监管留存比例提高20个百分点。
第二十条  在主体结构封顶控制节点之前，预售人可以凭银行出具的保函抵顶部分资金监管额度，但不得突破既定监管额度的30%。
第二十一条  预售人可用无抵押、未查封自有房屋作为租赁房源经评估后按一定比例抵顶部分资金监管额度，但不得突破既定监管额度的30%。
第二十二条  预售商品房项目达到工程建设进度控制节点，预售人可凭以下材料向监管部门申请调整监管资金留存比例。
（一）监管资金留存比例调整申请表；
（二）建成层数达到规划层数一半时，提交建设、施工、监理单位签字(章)的施工进度证明和楼体外立面施工的彩色照片；
（三）主体结构封顶时，提交《主体结构工程质量验收报告》；
（四）单体竣工验收合格的，提交五方主体验收报告；
（五）完成项目房屋所有权首次登记的，提交《不动产产权情况表》；
增加控制节点的，应提交建设、施工、监理单位签字(章)的施工进度证明和楼体内外立面施工的彩色照片。
第二十三条  监管部门收到预售人申请调整监管资金留存比例的，经核实符合条件的，3个工作日内核发《商品房预售资金监管比例调整通知书》。监管银行收到监管部门核发的《商品房预售资金监管比例调整通知书》后，3个工作日内调整商品房预售资金监管比例。
第二十四条  预售人向监管部门申请使用既定监管额度以内的预售资金时，需提供以下材料，并对材料的真实性负责：
（一）商品房预售资金用款申请书；
（二）上次申请用款支付证明（收据、发票、支票存根、网上转账凭据、用款单位专用账户银行流水）复印件1份（需提供原件核对）；
（三）监管银行出具并加盖印鉴的从上次申请用款到本次申请用款之日的监管账户资金明细表；
（四）项目资金拨付明细表（含预售资金用款明细和自有资金支付明细，需监理单位和用款单位盖章）；
（五）工程形象进度一览表（附彩色现场照片，表格需监理单位盖章）；
（六）预售合同总金额与监管账户差额情况说明，并提供未收取的分期付款和未放款的按揭贷款明细；
（七）监管资金支付通知单；
（八）用于支付施工单位工程款的，提供施工合同。涉及分包的，提供分包合同；
（九）用于发放农民工工资的，提供按月拨付专户资金凭证；
（十）用于支付设备材料款的，提供设备材料购销合同；
（十一）用于支付法定税费、服务性收费的，提供相关证明材料、合同；
（十二）用于支付其他相关费用的，提供相关材料。
第二十五条  申请使用既定监管额度以内的预售资金的，监管部门应自受理之日起3个工作日内完成对预售人用款申请的审核。经审核符合要求的，出具《预售资金拨付通知单》，载明资金拨付额度及用款单位，同时通过监管系统将拨款信息传递给监管银行。不符合条件的，不予拨付。
监管银行必须凭监管部门出具的《预售资金拨付通知单》及监管系统的确认信息拨付款项。未经监管部门书面同意，监管银行不得拨付既定监管额度以内的资金。
第二十六条  监管银行按照监管协议，定期与监管部门进行对账，发现预售人存在违规挪用监管额度内资金的，应当停止拨付，并告知监管部门。
第二十七条  预售人与预购人协商一致或者凭生效法律文书判决解除预售合同的，监管账户内预售资金未达到既定监管额度时，预售人需通过监管系统向监管部门提交退款申请，监管部门自受理之日起1个工作日内完成审核。核实情况属实的，通过监管系统将退款电子信息传递给监管银行，监管银行将该部分购房款直接拨付给预购人。监管账户内预售资金已达到既定监管额度的，预售人及时向预购人退回相应购房款。
第五章  预售资金监管终止
第二十八条  商品房项目完成房屋所有权首次登记，方可申请终止预售资金监管。预售人通过监管系统向监管部门提出申请，同时提供以下纸质材料，并对材料真实性负责：
（一）终止（核减）监管申请书；
（二）不动产产权情况表；
（三）监管账户对账单
第二十九条  解除监管前，监管部门应当将即将解除监管的信息告知施工总承包企业。预售人申请终止预售资金监管的，监管部门应当自受理之日起3个工作日内进行审核，出具预售资金监管终止通知书，并将预售资金监管账户终止信息传递给监管银行。监管银行应当凭预售资金监管终止通知书及监管系统确认信息终止监管。
第六章  监督检查及管理措施
第三十条  监管部门应当加强对预售资金收存、使用情况的监督检查，定期对预售合同网签备案情况跟踪查询，及时掌握商品房销售情况，核查监管账户收支和按揭贷款（含商业贷款和住房公积金贷款）发放情况，督促预售人按时交存预售资金。商品房项目完成房屋所有权首次登记前，商业银行不得擅自扣划既定监管额度以内的资金；集团公司或母公司不得抽调既定监管额度以内的资金。各监管银行及相关按揭银行应积极配合做好预售资金监管工作。
监管部门应定期进行工程进度现场巡查，加强动态监管。凡无正当理由停工半年以上的，作为重点监管项目，暂时停止申请使用预售资金。
第三十一条  预售人有下列行为之一的，由监管部门责令限期整改，整改期间，暂停该项目后续工程预售许可发放，暂停其预售监管资金拨付和网签备案工作。逾期未整改或整改不到位的，暂停该企业所有项目预售许可发放，暂停其所有项目预售监管资金拨付和网签备案工作并计入企业信用档案。
（一）未按规定将预售资金全部直接存入监管账户的；
（二）未按照规定办理网签备案的；
（三）使用虚假证明材料套取预售资金
（四）未按照规定使用预售资金的；
（五）其它违反本办法或者监管协议的行为。
第三十二条  按照监管协议约定，未经监管部门同意，监管银行擅自拨付既定监管额度内资金的，监管银行应当负责追回资金，无法追回的依法承担相应赔偿责任，清出合作银行名录，2年内不得参与合作银行招标，同时通报金融管理部门。
第三十三条  按揭银行未按规定将按揭贷款直接发放到购买房屋预售资金监管账户的，责令限期整改，情节严重的，清出合作银行名录，2年内不得参与合作银行招标。
第三十四条  施工、监理、勘察、设计等单位提供虚假证明或采取其他方式协助预售人违规使用预售资金，监管部门将其违规行为通报有关主管部门，并记入企业不良行为记录。
第三十五条  施工企业挪用预售资金的，责令限期整改，整改期间暂停该企业用款申请。
第三十六条  监管部门、监管银行和按揭银行工作人员在预售资金监管工作中玩忽职守、徇私舞弊、滥用职权的，依法给予处分；构成犯罪的，依法追究刑事责任。
第三十七条  各县区（市属开发区）可依据本办法，结合当地实际，制定本行政区域内的商品房预售资金监管办法实施细则。
第三十八条  本办法自2023年4月1日起施行，有效期至2028年3月31日。本办法实施前已经批准预售许可的商品房项目，可按原办法监管，不再进行调整。本办法实施后批准预售许可的商品房项目，按照本办法规定执行。
      
政策解读：关于《东营市商品房预售资金监督管理办法》的政策解读

关于《东营市商品房预售资金监督管理办法》的政策解读
发布日期：：2023-02-20
浏览次数: 81
信息来源：东营市住房和城乡建设管理局
一、制定背景
2019年出台的《东营市商品房预售资金监管办法》（东建发〔2012〕12号）对于规范我市商品房预售资金监管工作，保护购房人合法权益，减少预售资金使用不规范带来的项目风险，保持房地产业平稳健康发展发挥了重要作用。随着我市房地产行业的发展，该《办法》一些规定已不适应当前我市房地产市场发展需要，急需出台新的《办法》来加强我市商品房预售资金监督管理。为进一步加强商品房预售资金监督管理，保护预售商品房交易双方合法权益，促进房地产市场健康发展，结合我市实际，制定了《东营市商品房预售资金监管办法》
二、起草依据
根据《中华人民共和国城市房地产管理法》《山东省城市房地产开发经营管理条例》《山东省商品房销售条例》《山东省商品房预售资金监管办法》和住房和城乡建设部、人民银行、银保监会《关于规范商品房预售资金监管的意见》（建房〔2022〕16号）等法律、法规及有关政策规定。
三、主要内容
《办法》分总则、监管银行及账户设立、预售资金收存、预售资金使用和退还、预售资金监管终止、监督检查及管理措施共六章三十八条。
（一）总则。共6条。主要规定了商品房预售资金监管工作的依据、适用范围、责任分工、监管原则、信息化建设等有关内容。
（二）监管银行及账户设立。共6条。主要规定了一是建立预售资金监管合作银行名录。采取公开招标方式确定辖区内商品房预售资金监管合作银行名录。商品房预售资金监管合作银行名录实行动态管理。二是监管账户设立的时间、原则及所需提供材料。三是对监管账户公示及变更作出要求。
（三）预售资金收存。共2条。主要规定了一是预售资金全部直接存入资金监管账户。二是预售人与按揭贷款银行签订《房地产项目按揭贷款合作协议》时，在协议中明确监管银行、监管账户，并约定将按揭贷款全部直接发放至监管账户。三是交款信息通过监管系统实时传递。
（四）预售资金使用和退还。共13条。

主要规定了一是预售资金的监管标准、监管额度、留存比例、控制节点。二是监管账户资金达到既定监管额度后预售人可自行提取监管额度以外资金，并优先用于项目工程建设，提高资金审批效率。三是监管账户资金首次达到既定监管额度前，允许开发企业申请使用监管账户资金，减少项目风险。四是开发企业可用保函、租赁房源等方式抵顶监管额度，降低企业资金使用成本。五是监管额度随着工程进度逐步调减监管资金。六是解除合同时购房资金退还方式。
（五）预售资金监管终止。共2条。主要规定了一是开发项目商品房项目完成房屋所有权首次登记后方可申请预售资金监管终止。二是解除监管前，监管部门将即将解除监管的信息告知施工总承包企业。三是预售资金监管终止需提交的材料。四是预售资金监管终止的流程。
（六）监督、检查及管理措施。共9条。主要一是对加强监管做出规定。二是对开发企业、商业银行、参建单位、监管部门违反本办法规定制定了相应处理措施。三是规定各县区（市属开发区）可根据本地实际，制定具体实施细则。四是规定了办法有效期限。
政策咨询电话：市住房城建管理局房地产市场监管科科，0546-8328722。
原文件：关于印发《东营市商品房预售资金监管办法》的通知

直接实施责任: 
1.监督责任。建立健全监督制度，对被许可人从事行政许可事项的活动进行监督检查，对未经行政许可，擅自从事相关活动的，依法采取措施予以制止 
1.【法律】《中华人民共和国城市房地产管理法》（1994年7月5日主席令第二十九号，2009年8月27日予以修改）第七十一条：“房产管理部门、土地管理部门工作人员玩忽职守、滥用职权，构成犯罪的，依法追究刑事责任；不构成犯罪的，给予行政处分。房产管理部门、土地管理部门工作人员利用职务上的便利，索取他人财物，或者非法收受他人财物为他人谋取利益，构成犯罪的，依法追究刑事责任；不构成犯罪的，给予行政处分。”
2.【其他法律法规规章】《监察法》《行政许可法》《国家赔偿法》《公务员法》《行政机关公务员处分条例》《政府信息公开条例》《山东省行政执法监督条例》等规定的追责情形。 

1.【法律】《中华人民共和国城市房地产管理法》（1994年7月5日主席令第二十九号，2009年8月27日予以修改）第四十五条：“商品房预售，应当符合下列条件：（一）已交付全部土地使用权出让金，取得土地使用权证书；（二）持有建设工程规划许可证；（三）按提供预售的商品房计算，投入开发建设的资金达到工程建设总投资的百分之二十五以上，并已经确定施工进度和竣工交付日期；（四）向县级以上人民政府房产管理部门办理预售登记，取得商品房预售许可证明。……”
2.【部委规章】《城市商品房预售管理办法》（建设部令第131号）第六条：“商品房预售实行许可制度。开发企业进行商品房预售，应当向房地产管理部门申请预售许可，取得《商品房预售许可证》。未取得《商品房预售许可证》的，不得进行商品房预售。” 

东营市区、广饶
项目重点监管资金按照1800元/平方米
当工程承重结构封顶时，预售资金监管留存比例为70%；当主体工程完成时,预售资金监管留存比例为50%；当工程内外装饰完成时,预售资金监管留存比例为30%；当单体工程竣工验收备案完成时,预售资金监管留存比例为10%；当项目不动产初始登记完成时,该项目预售资金监管终止。
东营垦利区
项目2023年前预售楼栋重点监管资金按照900元/平方米，2023年以后新开预售楼栋重点监管资金按照1800元/平方米
当主体工程完成时,预售资金监管留存比例为50%；当工程内外装饰完成时,预售资金监管留存比例为30%；当单体工程竣工验收备案完成时,预售资金监管留存比例为10%；当项目不动产初始登记完成时,该项目预售资金监管终止。
东营利津
项目重点监管资金按照1800元/平方米
当工程承重结构封顶时，预售资金监管留存比例为70%；当主体工程完成时,预售资金监管留存比例为50%；当工程内外装饰完成时,预售资金监管留存比例为30%；当单体工程竣工验收备案完成时,预售资金监管留存比例为10%；当项目取得竣备并综合验收后一年,该项目预售资金监管终止。


  预售资金监管额度，是指预售项目楼栋完成建筑安装和区内配套等工程建设达到交付条件所需资金。监管部门结合本地实际，根据预售项目工程进度、工程造价、施工合同金额以及项目交付使用条件等因素确定。

既定监管额度是指根据预售资金留存比例确定的预售资金监管额度。

既定监管额度以内的预售资金，应优先向农民工工资专用账户及时足额拨付农民工工资，剩余资金原则上应当直接拨付至项目对应的施工单位、材料设备供应单位及水、电、气、热等配套设施建设单位和预售人共同指定的银行账户。监管账户资金总额达到既定监管额度后，超出既定监管额度的资金可由预售人提取使用，并优先用于预售项目工程建设。

既定监管额度内的资金应按照工程建设进度予以拨付。监管部门要优化预售资金的核拨流程，保证及时用于商品房预售项目工程建设。

按照监管协议，监管部门应当对既定监管额度内预售资金使用申请进行必要的现场查勘，对收款单位、用途、金额等内容与企业申报内容是否一致进行审核，并对预售资金拨付后的资金使用进行监管。

用款单位需明确一个专用账户接收和使用商品房预售资金。

预售资金监管按照工程建设进度，一般分为4个控制节点，分别为建成层数达到地上规划层数一半、主体结构封顶、单体竣工验收合格、商品房项目完成房屋所有权首次登记。

预售资金留存比例，是指监管账户中的资金余额占商品房预售资金监管额度的百分比。当建成层数达到规划层数一半时，监管资金留存比例为60%-70%；当主体结构封顶时，监管资金留存比例为30%-35%；当单体竣工验收合格时，监管资金留存比例为15-18%；当商品房项目完成房屋所有权首次登记时，监管终止。

对于高层、超高层或者大体量建筑，监管部门可以视情增加1-2个控制节点，但预售资金监管留存比例不得突破上述规定。监管部门可以根据预售人信用状况、资质等级等情况，适当降低商品房预售资金留存比例，但最多不得超过5个百分点。AAA级信用企业预售资金监管留存比例可降低5个百分点；AA级信用企业预售资金监管留存比例可降低3个百分点；B级信用企业预售资金监管留存比例提高10个百分点；C级信用企业预售资金监管留存比例提高20个百分点。

在主体结构封顶控制节点之前，预售人可以凭银行出具的保函抵顶部分资金监管额度，但不得突破既定监管额度的30%。

预售人可用无抵押、未查封自有房屋作为租赁房源经评估后按一定比例抵顶部分资金监管额度，但不得突破既定监管额度的30%。

 预售商品房项目达到工程建设进度控制节点，预售人可凭以下材料向监管部门申请调整监管资金留存比例。

（一）监管资金留存比例调整申请表；

（二）建成层数达到规划层数一半时，提交建设、施工、监理单位签字(章)的施工进度证明和楼体外立面施工的彩色照片；

（三）主体结构封顶时，提交《主体结构工程质量验收报告》；

（四）单体竣工验收合格的，提交五方主体验收报告；

（五）完成项目房屋所有权首次登记的，提交《不动产产权情况表》；

增加控制节点的，应提交建设、施工、监理单位签字(章)的施工进度证明和楼体内外立面施工的彩色照片。

监管部门收到预售人申请调整监管资金留存比例的，经核实符合条件的，3个工作日内核发《商品房预售资金监管比例调整通知书》。监管银行收到监管部门核发的《商品房预售资金监管比例调整通知书》后，3个工作日内调整商品房预售资金监管比例。

预售人向监管部门申请使用既定监管额度以内的预售资金时，需提供以下材料，并对材料的真实性负责：

（一）商品房预售资金用款申请书；

（二）上次申请用款支付证明（收据、发票、支票存根、网上转账凭据、用款单位专用账户银行流水）复印件1份（需提供原件核对）；

（三）监管银行出具并加盖印鉴的从上次申请用款到本次申请用款之日的监管账户资金明细表；

（四）项目资金拨付明细表（含预售资金用款明细和自有资金支付明细，需监理单位和用款单位盖章）；

（五）工程形象进度一览表（附彩色现场照片，表格需监理单位盖章）；

（六）预售合同总金额与监管账户差额情况说明，并提供未收取的分期付款和未放款的按揭贷款明细；

（七）监管资金支付通知单；

（八）用于支付施工单位工程款的，提供施工合同。涉及分包的，提供分包合同；

（九）用于发放农民工工资的，提供按月拨付专户资金凭证；

（十）用于支付设备材料款的，提供设备材料购销合同；

（十一）用于支付法定税费、服务性收费的，提供相关证明材料、合同；

（十二）用于支付其他相关费用的，提供相关材料。

申请使用既定监管额度以内的预售资金的，监管部门应自受理之日起3个工作日内完成对预售人用款申请的审核。经审核符合要求的，出具《预售资金拨付通知单》，载明资金拨付额度及用款单位，同时通过监管系统将拨款信息传递给监管银行。不符合条件的，不予拨付。

监管银行必须凭监管部门出具的《预售资金拨付通知单》及监管系统的确认信息拨付款项。未经监管部门书面同意，监管银行不得拨付既定监管额度以内的资金。

监管银行按照监管协议，定期与监管部门进行对账，发现预售人存在违规挪用监管额度内资金的，应当停止拨付，并告知监管部门。

预售人与预购人协商一致或者凭生效法律文书判决解除预售合同的，监管账户内预售资金未达到既定监管额度时，预售人需通过监管系统向监管部门提交退款申请，监管部门自受理之日起1个工作日内完成审核。核实情况属实的，通过监管系统将退款电子信息传递给监管银行，监管银行将该部分购房款直接拨付给预购人。监管账户内预售资金已达到既定监管额度的，预售人及时向预购人退回相应购房款。",关于 印发 东营市 商品房 预售 资金 监管 办法 通知 发布 日期 信息 来源 东营市 住房 城乡建设 管理局 东建 各县区 市属 开发区 住房 城乡 建设局 行政 审批 服务局 公积金 管理中心 人民银行 支行 进一步 加强 我市 商品房 预售 资金 监管 工作 保护 购房人 合法权益 降低 房地产 开发 项目 预售 资金 使用 风险 促进 房地产 市场 健康 发展 住房 城乡建设 管理局 会同 中国人民银行 东营市 中心 支行 中国银行 保险 监督管理 委员会 东营 监管 分局 行政 审批 服务局 住房 公积金 管理中心 研究 制定 东营市 商品房 预售 资金 监管 办法 印发 你们 认真贯彻 执行 东营市 住房 城乡建设 管理局 东营市 行政 审批 服务局 东营市 住房 公积金 管理中心 中国人民银行 东营市 中心 支行 中国银行 保险 监督管理 委员会 东营 监管 分局 此件 主动 公开 东营市 商品房 预售 资金 监管 办法 第一章 总则 第一条 进一步 加强 商品房 预售 资金 监督管理 保护 预售 商品房 交易 双方 合法权益 促进 房地产 市场 健康 发展 根据 中华人民共和国 城市 房地产 管理法 山东省 城市 房地产 开发 经营 管理条例 山东省 商品房 销售 条例 山东省 商品房 预售 资金 监管 办法 住房 城乡 建设部 人民银行 保监会 关于 规范 商品房 预售 资金 监管 意见 建房 法律 法规 有关 政策 规定 结合 我市 实际 制定 办法 第二条 本市 行政区域 内经 批准 预售 商品房 预售 资金 收存 支出 使用 及其 监督管理 适用 办法 办法 商品房 预售 资金 预售 依法 开发 商品房 进行 预售 预购 商品房 预售 合同 约定 支付 全部 购房 款项 办法 预售 依法 取得 商品房 预售 许可证 进行 商品房 预售 房地产 开发 企业 办法 预购 购买 预售 商品房 单位 或者 个人 第三条 住房 城乡建设 管理局 负责 指导 监督 全市 商品房 预售 资金 监管 工作 各县区 市属 开发区 住房 城乡建设 主管部门 以下 简称 监管部门 按照 职责 分工负责 本行政区域 商品房 预售 资金 监管 工作 中国人民银行 东营市 中心 支行 及其 分支机构 中国银行 保险 监督管理 委员会 东营 监管 分局 及其 分支机构 住房 公积金 管理中心 及其 分支机构 按照 各自 职责 做好 商品房 预售 资金 监管 工作 第四条 预售 资金 监管 遵循 政府 监管 专户 专存 专款专用 全程 监管 节点 控制 原则 预售 资金 全部 直接 存入 预售 资金 监管 专用 账户 以下 简称 监管 账户 优先 用于 预售 商品房 有关 工程建设 农民工 工资 拨付 第五条 预售 资金 监管 期限 房地产 开发 项目 取得 商品房 预售 许可证 开始 项目 完成 房屋 所有权 首次 登记 终止 第六条 监管部门 应当 建立健全 楼盘 表为 索引 监管 系统 实现 预售 资金 监管 信息化 自动化 第二章 监管 银行 账户 设立 第七条 监管部门 应当 会同 人民银行 分支机构 银保监 部门 通过 公开招标 方式 综合 商业银行 资信 状况 监管 能力 服务水平 因素 确定 辖区 商品房 预售 资金 监管 合作 银行 名录 以下 简称 合作 银行 名录 及时 监管部门 网站 公示 合作 银行 名录 确定 日内 报市 住房 城建 管理局 合作 银行 名录 银行 具备 按揭 贷款 直接 发放 监管 账户 能力 后方 从事 商品房 预售 资金 监管 业务 商品房 预售 资金 监管 银行 以下 简称 监管 银行 有关 信息系统 应当 实现 预售 资金 监管 系统 联网 实现 信息 即时 传递 交换 互通 共享 确保 预售 资金 监管 业务 办理 连续 安全 便捷 合作 银行 名录 实行 动态 管理 存在 违规行为 具备 资金 监管 安全 规范 运行 能力 商业银行 不得 纳入 合作 银行 名录 纳入 合作 银行 名录 第八条 预售 申请 商品房 预售 许可 应当 合作 银行 名录 选择 商业银行 开设 监管 账户 商业银行 监管部门 三方 签订 商品房 预售 资金 监管 协议 明确 预售 资金 收存 使用 方式 监管 额度 违约责任 内容 协议 主要 内容 预售 方案 明确 预售 合同 体现 监管 协议 示范 文本 监管部门 制定 第九条 预售 开设 监管 账户 一般 按照 一次 商品房 预售 许可 申请 对应 一个 监管 账户 原则 按幢 或者 多幢 开立 监管 账户 禁止 开通 企业 网上银行 转账 业务 商品房 预售 许可证 应当 载明 监管 银行 监管 账户 信息 第十条 预售 通过 预售 资金 监管 系统 申请 预售 资金 监管 需向 监管部门 提供 以下 材料 材料 真实性 负责 预售 监管 银行 监管部门 三方 签订 监管 协议 商品房 预售 方案 签订 项目 建设 有关 合同 协议 监理 单位 确认 项目 形象 进度 说明 根据 合同 协议 约定 付款 节点 制定 资金 使用 计划 新旧 对照表 监管部门 认为 必要 其他 资料 监管部门 预售 提供 材料 工作日内 进行 审核 审核 通过 即时 监管 系统 予以 确认 第十一条 监管 账户 开设 监管部门 监管 银行 监管 账号 预售 资金 监管 信息 自动 进入 监管 系统 作为 网上 签订 预售 合同 固定 条款 预售 应当 预售 资金 监管 相关 规定 告知 预购 监管 银行 监管 账户 信息 商品房 预售 场所 显著 位置 公示 第十二条 项目 预售 过程 监管 账户 原则上 不得 变更 特殊 原因 确需 变更 监管部门 同意 监管 银行 应予 配合 监管 账户 变更 预售 监管 银行 监管 账户 结余 资金 转入 监管 账户 同时 书面 告知 预购 账户 变更 情况 办理 变更 手续 期间 暂停 办理 预售 资金 拨付 业务 第三章 预售 资金 收存 第十三条 预售 资金 包括 预购 缴交 定金 首付款 分期付款 按揭 贷款 商业贷款 住房 公积金 贷款 一次性 购房款 必须 全部 直接 存入 预售 资金 监管 账户 预售 不得 公司 其他 账户 收款 转入 预售 资金 监管 账户 第十四条 预售 预购 通过 监管 系统 完成 预售 合同 网签 预购 预售 出具 商品房 预售 交款 通知书 首付款 一次性 购房款 直接 存入 监管 账户 监管部门 确认 方可 办理 预售 合同 网签 备案 预售 按揭 贷款 银行 签订 房地产 项目 按揭 贷款 合作 协议 协议 明确 监管 银行 监管 账户 约定 按揭 贷款 全部 直接 发放 监管 账户 预购 申请 按揭 贷款 商业贷款 住房 公积金 贷款 贷款 合同 应当 明确 监管 银行 监管 账户 约定 按揭 贷款 全部 直接 发放 监管 账户 预购 实行 分期付款 预售 人应 协助 预购 及时 分期 余款 按照 预售 合同 约定 直接 存入 监管 账户 预售 通过 监管 系统 确认 交款 信息 提交 监管 银行 监管 银行 确定 预售 资金 存入 监管 账户 会同 预售 贷款 银行 及时 入账 资金 明确 具体 房屋 相关 信息 传至 监管部门 第四章 预售 资金 使用 退还 第十五条 预售 资金 监管 额度 预售 项目 楼栋 完成 建筑安装 区内 配套 工程建设 达到 交付 条件 资金 监管部门 结合 本地 实际 根据 预售 项目 工程进度 工程造价 施工 合同 金额 以及 项目 交付使用 条件 因素 确定 既定 监管 额度 根据 预售 资金 留存 比例 确定 预售 资金 监管 额度 既定 监管 额度 以内 预售 资金 优先 农民工 工资 专用 账户 及时 足额 拨付 农民工 工资 剩余 资金 原则上 应当 直接 拨付 项目 对应 施工单位 材料 设备 供应 单位 及水 配套 设施 建设 单位 预售 共同 指定 银行 账户 监管 账户 资金 总额 达到 既定 监管 额度 超出 既定 监管 额度 资金 预售 提取 使用 优先 用于 预售 项目 工程建设 第十六条 既定 监管 额度 资金 按照 工程建设 进度 予以 拨付 监管部门 优化 预售 资金 核拨 流程 保证 及时 用于 商品房 预售 项目 工程建设 第十七条 按照 监管 协议 监管部门 应当 既定 监管 额度 预售 资金 使用 申请 进行 必要 现场 查勘 收款 单位 用途 金额 内容 企业 申报 内容 是否 一致 进行 审核 预售 资金 拨付 资金 使用 进行 监管 用款 单位 明确 一个 专用 账户 接收 使用 商品房 预售 资金 第十八条 预售 资金 监管 按照 工程建设 进度 一般 分为 控制 节点 分别 建成 层数 达到 地上 规划 层数 一半 主体 结构 封顶 单体 竣工 验收 合格 商品房 项目 完成 房屋 所有权 首次 登记 预售 资金 留存 比例 监管 账户 资金 余额 商品房 预售 资金 监管 额度 百分比 建成 层数 达到 规划 层数 一半 监管 资金 留存 比例 主体 结构 封顶 监管 资金 留存 比例 单体 竣工 验收 合格 监管 资金 留存 比例 商品房 项目 完成 房屋 所有权 首次 登记 监管 终止 对于 高层 超高层 或者 大体 建筑 监管部门 可以 视情 增加 控制 节点 预售 资金 监管 留存 比例 不得 突破 上述 规定 第十九条 监管部门 可以 根据 预售 信用 状况 资质等级 情况 适当 降低 商品房 预售 资金 留存 比例 不得 超过 百分点 信用 企业 预售 资金 监管 留存 比例 降低 百分点 信用 企业 预售 资金 监管 留存 比例 降低 百分点 信用 企业 预售 资金 监管 留存 比例 提高 百分点 信用 企业 预售 资金 监管 留存 比例 提高 百分点 第二十条 主体 结构 封顶 控制 节点 之前 预售 可以 银行 出具 保函 抵顶 部分 资金 监管 额度 不得 突破 既定 监管 额度 第二十一条 预售 可用 抵押 查封 自有 房屋 作为 租赁 房源 评估 一定 比例 抵顶 部分 资金 监管 额度 不得 突破 既定 监管 额度 第二十二条 预售 商品房 项目 达到 工程建设 进度 控制 节点 预售 以下 材料 监管部门 申请 调整 监管 资金 留存 比例 监管 资金 留存 比例 调整 申请表 建成 层数 达到 规划 层数 一半 提交 建设 施工 监理 单位 签字 施工进度 证明 楼体 外立面 施工 彩色照片 主体 结构 封顶 提交 主体 结构 工程质量 验收报告 单体 竣工 验收 合格 提交 五方 主体 验收报告 完成 项目 房屋 所有权 首次 登记 提交 不动产 产权 情况表 增加 控制 节点 提交 建设 施工 监理 单位 签字 施工进度 证明 体内 外立面 施工 彩色照片 第二十三条 监管部门 收到 预售 申请 调整 监管 资金 留存 比例 核实 符合条件 工作日内 核发 商品房 预售 资金 监管 比例 调整 通知书 监管 银行 收到 监管部门 核发 商品房 预售 资金 监管 比例 调整 通知书 工作日内 调整 商品房 预售 资金 监管 比例 第二十四条 预售 人向 监管部门 申请 使用 既定 监管 额度 以内 预售 资金 提供 以下 材料 材料 真实性 负责 商品房 预售 资金 用款 申请书 上次 申请 用款 支付 证明 收据 发票 支票 存根 网上 转账 凭据 用款 单位 专用 账户 银行 流水 复印件 提供 原件 核对 监管 银行 出具 加盖 印鉴 上次 申请 用款 本次 申请 用款 之日 监管 账户 资金 明细表 项目 资金 拨付 明细表 预售 资金 用款 明细 自有 资金 支付 明细 监理 单位 用款 单位 盖章 工程 形象 进度 一览表 彩色 现场 照片 表格 监理 单位 盖章 预售 合同 总金额 监管 账户 差额 情况 说明 提供 收取 分期付款 放款 按揭 贷款 明细 监管 资金 支付 通知单 用于 支付 施工单位 工程款 提供 施工 合同 涉及 分包 提供 分包 合同 用于 发放 农民工 工资 提供 拨付 专户 资金 凭证 用于 支付 设备 材料 提供 设备 材料 购销 合同 十一 用于 支付 法定 税费 服务性 收费 提供 相关 证明 材料 合同 十二 用于 支付 其他 相关 费用 提供 相关 材料 第二十五条 申请 使用 既定 监管 额度 以内 预售 资金 监管部门 应自 受理 之日起 工作日内 完成 预售 用款 申请 审核 审核 符合要求 出具 预售 资金 拨付 通知单 载明 资金 拨付 额度 用款 单位 同时 通过 监管 系统 拨款 信息 传递 监管 银行 符合条件 不予 拨付 监管 银行 必须 监管部门 出具 预售 资金 拨付 通知单 监管 系统 确认 信息 拨付 款项 未经 监管部门 书面 同意 监管 银行 不得 拨付 既定 监管 额度 以内 资金 第二十六条 监管 银行 按照 监管 协议 定期 监管部门 进行 对账 发现 预售 存在 违规 挪用 监管 额度 资金 应当 停止 拨付 告知 监管部门 第二十七条 预售 预购 协商一致 或者 生效 法律文书 判决 解除 预售 合同 监管 账户 预售 资金 达到 既定 监管 额度 预售 通过 监管 系统 监管部门 提交 退款 申请 监管部门 受理 之日起 工作日内 完成 审核 核实 情况 属实 通过 监管 系统 退款 电子信息 传递 监管 银行 监管 银行 部分 购房款 直接 拨付 预购 监管 账户 预售 资金 达到 既定 监管 额度 预售 及时 预购 退回 相应 购房款 第五章 预售 资金 监管 终止 第二十八条 商品房 项目 完成 房屋 所有权 首次 登记 方可 申请 终止 预售 资金 监管 预售 通过 监管 系统 监管部门 提出申请 同时 提供 以下 纸质 材料 材料 真实性 负责 终止 核减 监管 申请书 不动产 产权 情况表 监管 账户 账单 第二十九条 解除 监管 监管部门 应当 即将 解除 监管 信息 告知 施工 承包 企业 预售 申请 终止 预售 资金 监管 监管部门 应当 受理 之日起 工作日内 进行 审核 出具 预售 资金 监管 终止 通知书 预售 资金 监管 账户 终止 信息 传递 监管 银行 监管 银行 应当 预售 资金 监管 终止 通知书 监管 系统 确认 信息 终止 监管 第六章 监督 检查 管理 措施 第三十条 监管部门 应当 加强 预售 资金 收存 使用 情况 监督 检查 定期 预售 合同 网签 备案 情况 跟踪 查询 及时 掌握 商品房 销售 情况 核查 监管 账户 收支 按揭 贷款 商业贷款 住房 公积金 贷款 发放 情况 督促 预售 按时 交存 预售 资金 商品房 项目 完成 房屋 所有权 首次 登记 商业银行 不得 擅自 扣划 既定 监管 额度 以内 资金 集团公司 母公司 不得 抽调 既定 监管 额度 以内 资金 监管 银行 相关 按揭 银行 积极 配合 做好 预售 资金 监管 工作 监管部门 定期 进行 工程进度 现场 巡查 加强 动态 监管 正当理由 停工 半年 以上 作为 重点 监管 项目 暂时 停止 申请 使用 预售 资金 第三十一条 预售 人有 下列 行为 之一 监管部门 责令 限期 整改 整改 期间 暂停 项目 后续 工程 预售 许可 发放 暂停 预售 监管 资金 拨付 网签 备案 工作 逾期 整改 整改 到位 暂停 企业 所有 项目 预售 许可 发放 暂停 所有 项目 预售 监管 资金 拨付 网签 备案 工作 计入 企业信用 档案 按规定 预售 资金 全部 直接 存入 监管 账户 按照 规定 办理 网签 备案 使用 虚假 证明 材料 套取 预售 资金 按照 规定 使用 预售 资金 其它 违反 办法 或者 监管 协议 行为 第三十二条 按照 监管 协议 约定 未经 监管部门 同意 监管 银行 擅自 拨付 既定 监管 额度 资金 监管 银行 应当 负责 追回 资金 无法 追回 依法 承担 相应 赔偿 责任 合作 银行 名录 年内 不得 参与 合作 银行 招标 同时 通报 金融管理 部门 第三十三条 按揭 银行 按规定 按揭 贷款 直接 发放 购买 房屋 预售 资金 监管 账户 责令 限期 整改 情节严重 合作 银行 名录 年内 不得 参与 合作 银行 招标 第三十四条 施工 监理 勘察 设计 单位 提供 虚假 证明 采取 其他 方式 协助 预售 违规 使用 预售 资金 监管部门 违规行为 通报 有关 主管部门 记入 企业 不良行为 记录 第三十五条 施工 企业 挪用 预售 资金 责令 限期 整改 整改 期间 暂停 企业 用款 申请 第三十六条 监管部门 监管 银行 按揭 银行 工作人员 预售 资金 监管 工作 玩忽职守 徇私舞弊 滥用职权 依法 给予 处分 构成犯罪 依法追究 刑事责任 第三十七条 各县区 市属 开发区 依据 办法 结合 当地 实际 制定 本行政区域 商品房 预售 资金 监管 办法 实施细则 第三十八条 办法 日起 施行 有效期 办法 实施 已经 批准 预售 许可 商品房 项目 按原 办法 监管 不再 进行 调整 办法 实施 批准 预售 许可 商品房 项目 按照 办法 规定 执行 住房 城乡 建设局 答复 商品房 预售 符合 下列 条件 交纳 全部 土地 使用权 出让金 取得 土地 使用权 证书 持有 房地产 项目 开发 经营权 证明 建设工程 规划 许可证 施工 许可证 提供 预售 商品房 计算 投入 开发 建设 资金 达到 工程建设 投资 百分之二十五 以上 完成 基础 工程 确定 施工进度 竣工 交付 日期 关于 印发 东营市 商品房 预售 资金 监管 办法 通知 发布 日期 浏览 次数 信息 来源 东营市 住房 城乡建设 管理局 东建 各县区 市属 开发区 住房 城乡 建设局 行政 审批 服务局 公积金 管理中心 人民银行 支行 进一步 加强 我市 商品房 预售 资金 监管 工作 保护 购房人 合法权益 降低 房地产 开发 项目 预售 资金 使用 风险 促进 房地产 市场 健康 发展 住房 城乡建设 管理局 会同 中国人民银行 东营市 中心 支行 中国银行 保险 监督管理 委员会 东营 监管 分局 行政 审批 服务局 住房 公积金 管理中心 研究 制定 东营市 商品房 预售 资金 监管 办法 印发 你们 认真贯彻 执行 东营市 住房 城乡建设 管理局 东营市 行政 审批 服务局 东营市 住房 公积金 管理中心 中国人民银行 东营市 中心 支行 中国银行 保险 监督管理 委员会 东营 监管 分局 此件 主动 公开 东营市 商品房 预售 资金 监管 办法 第一章 总则 第一条 进一步 加强 商品房 预售 资金 监督管理 保护 预售 商品房 交易 双方 合法权益 促进 房地产 市场 健康 发展 根据 中华人民共和国 城市 房地产 管理法 山东省 城市 房地产 开发 经营 管理条例 山东省 商品房 销售 条例 山东省 商品房 预售 资金 监管 办法 住房 城乡 建设部 人民银行 保监会 关于 规范 商品房 预售 资金 监管 意见 建房 法律 法规 有关 政策 规定 结合 我市 实际 制定 办法 第二条 本市 行政区域 内经 批准 预售 商品房 预售 资金 收存 支出 使用 及其 监督管理 适用 办法 办法 商品房 预售 资金 预售 依法 开发 商品房 进行 预售 预购 商品房 预售 合同 约定 支付 全部 购房 款项 办法 预售 依法 取得 商品房 预售 许可证 进行 商品房 预售 房地产 开发 企业 办法 预购 购买 预售 商品房 单位 或者 个人 第三条 住房 城乡建设 管理局 负责 指导 监督 全市 商品房 预售 资金 监管 工作 各县区 市属 开发区 住房 城乡建设 主管部门 以下 简称 监管部门 按照 职责 分工负责 本行政区域 商品房 预售 资金 监管 工作 中国人民银行 东营市 中心 支行 及其 分支机构 中国银行 保险 监督管理 委员会 东营 监管 分局 及其 分支机构 住房 公积金 管理中心 及其 分支机构 按照 各自 职责 做好 商品房 预售 资金 监管 工作 第四条 预售 资金 监管 遵循 政府 监管 专户 专存 专款专用 全程 监管 节点 控制 原则 预售 资金 全部 直接 存入 预售 资金 监管 专用 账户 以下 简称 监管 账户 优先 用于 预售 商品房 有关 工程建设 农民工 工资 拨付 第五条 预售 资金 监管 期限 房地产 开发 项目 取得 商品房 预售 许可证 开始 项目 完成 房屋 所有权 首次 登记 终止 第六条 监管部门 应当 建立健全 楼盘 表为 索引 监管 系统 实现 预售 资金 监管 信息化 自动化 第二章 监管 银行 账户 设立 第七条 监管部门 应当 会同 人民银行 分支机构 银保监 部门 通过 公开招标 方式 综合 商业银行 资信 状况 监管 能力 服务水平 因素 确定 辖区 商品房 预售 资金 监管 合作 银行 名录 以下 简称 合作 银行 名录 及时 监管部门 网站 公示 合作 银行 名录 确定 日内 报市 住房 城建 管理局 合作 银行 名录 银行 具备 按揭 贷款 直接 发放 监管 账户 能力 后方 从事 商品房 预售 资金 监管 业务 商品房 预售 资金 监管 银行 以下 简称 监管 银行 有关 信息系统 应当 实现 预售 资金 监管 系统 联网 实现 信息 即时 传递 交换 互通 共享 确保 预售 资金 监管 业务 办理 连续 安全 便捷 合作 银行 名录 实行 动态 管理 存在 违规行为 具备 资金 监管 安全 规范 运行 能力 商业银行 不得 纳入 合作 银行 名录 纳入 合作 银行 名录 第八条 预售 申请 商品房 预售 许可 应当 合作 银行 名录 选择 商业银行 开设 监管 账户 商业银行 监管部门 三方 签订 商品房 预售 资金 监管 协议 明确 预售 资金 收存 使用 方式 监管 额度 违约责任 内容 协议 主要 内容 预售 方案 明确 预售 合同 体现 监管 协议 示范 文本 监管部门 制定 第九条 预售 开设 监管 账户 一般 按照 一次 商品房 预售 许可 申请 对应 一个 监管 账户 原则 按幢 或者 多幢 开立 监管 账户 禁止 开通 企业 网上银行 转账 业务 商品房 预售 许可证 应当 载明 监管 银行 监管 账户 信息 第十条 预售 通过 预售 资金 监管 系统 申请 预售 资金 监管 需向 监管部门 提供 以下 材料 材料 真实性 负责 预售 监管 银行 监管部门 三方 签订 监管 协议 商品房 预售 方案 签订 项目 建设 有关 合同 协议 监理 单位 确认 项目 形象 进度 说明 根据 合同 协议 约定 付款 节点 制定 资金 使用 计划 新旧 对照表 监管部门 认为 必要 其他 资料 监管部门 预售 提供 材料 工作日内 进行 审核 审核 通过 即时 监管 系统 予以 确认 第十一条 监管 账户 开设 监管部门 监管 银行 监管 账号 预售 资金 监管 信息 自动 进入 监管 系统 作为 网上 签订 预售 合同 固定 条款 预售 应当 预售 资金 监管 相关 规定 告知 预购 监管 银行 监管 账户 信息 商品房 预售 场所 显著 位置 公示 第十二条 项目 预售 过程 监管 账户 原则上 不得 变更 特殊 原因 确需 变更 监管部门 同意 监管 银行 应予 配合 监管 账户 变更 预售 监管 银行 监管 账户 结余 资金 转入 监管 账户 同时 书面 告知 预购 账户 变更 情况 办理 变更 手续 期间 暂停 办理 预售 资金 拨付 业务 第三章 预售 资金 收存 第十三条 预售 资金 包括 预购 缴交 定金 首付款 分期付款 按揭 贷款 商业贷款 住房 公积金 贷款 一次性 购房款 必须 全部 直接 存入 预售 资金 监管 账户 预售 不得 公司 其他 账户 收款 转入 预售 资金 监管 账户 第十四条 预售 预购 通过 监管 系统 完成 预售 合同 网签 预购 预售 出具 商品房 预售 交款 通知书 首付款 一次性 购房款 直接 存入 监管 账户 监管部门 确认 方可 办理 预售 合同 网签 备案 预售 按揭 贷款 银行 签订 房地产 项目 按揭 贷款 合作 协议 协议 明确 监管 银行 监管 账户 约定 按揭 贷款 全部 直接 发放 监管 账户 预购 申请 按揭 贷款 商业贷款 住房 公积金 贷款 贷款 合同 应当 明确 监管 银行 监管 账户 约定 按揭 贷款 全部 直接 发放 监管 账户 预购 实行 分期付款 预售 人应 协助 预购 及时 分期 余款 按照 预售 合同 约定 直接 存入 监管 账户 预售 通过 监管 系统 确认 交款 信息 提交 监管 银行 监管 银行 确定 预售 资金 存入 监管 账户 会同 预售 贷款 银行 及时 入账 资金 明确 具体 房屋 相关 信息 传至 监管部门 第四章 预售 资金 使用 退还 第十五条 预售 资金 监管 额度 预售 项目 楼栋 完成 建筑安装 区内 配套 工程建设 达到 交付 条件 资金 监管部门 结合 本地 实际 根据 预售 项目 工程进度 工程造价 施工 合同 金额 以及 项目 交付使用 条件 因素 确定 既定 监管 额度 根据 预售 资金 留存 比例 确定 预售 资金 监管 额度 既定 监管 额度 以内 预售 资金 优先 农民工 工资 专用 账户 及时 足额 拨付 农民工 工资 剩余 资金 原则上 应当 直接 拨付 项目 对应 施工单位 材料 设备 供应 单位 及水 配套 设施 建设 单位 预售 共同 指定 银行 账户 监管 账户 资金 总额 达到 既定 监管 额度 超出 既定 监管 额度 资金 预售 提取 使用 优先 用于 预售 项目 工程建设 第十六条 既定 监管 额度 资金 按照 工程建设 进度 予以 拨付 监管部门 优化 预售 资金 核拨 流程 保证 及时 用于 商品房 预售 项目 工程建设 第十七条 按照 监管 协议 监管部门 应当 既定 监管 额度 预售 资金 使用 申请 进行 必要 现场 查勘 收款 单位 用途 金额 内容 企业 申报 内容 是否 一致 进行 审核 预售 资金 拨付 资金 使用 进行 监管 用款 单位 明确 一个 专用 账户 接收 使用 商品房 预售 资金 第十八条 预售 资金 监管 按照 工程建设 进度 一般 分为 控制 节点 分别 建成 层数 达到 地上 规划 层数 一半 主体 结构 封顶 单体 竣工 验收 合格 商品房 项目 完成 房屋 所有权 首次 登记 预售 资金 留存 比例 监管 账户 资金 余额 商品房 预售 资金 监管 额度 百分比 建成 层数 达到 规划 层数 一半 监管 资金 留存 比例 主体 结构 封顶 监管 资金 留存 比例 单体 竣工 验收 合格 监管 资金 留存 比例 商品房 项目 完成 房屋 所有权 首次 登记 监管 终止 对于 高层 超高层 或者 大体 建筑 监管部门 可以 视情 增加 控制 节点 预售 资金 监管 留存 比例 不得 突破 上述 规定 第十九条 监管部门 可以 根据 预售 信用 状况 资质等级 情况 适当 降低 商品房 预售 资金 留存 比例 不得 超过 百分点 信用 企业 预售 资金 监管 留存 比例 降低 百分点 信用 企业 预售 资金 监管 留存 比例 降低 百分点 信用 企业 预售 资金 监管 留存 比例 提高 百分点 信用 企业 预售 资金 监管 留存 比例 提高 百分点 第二十条 主体 结构 封顶 控制 节点 之前 预售 可以 银行 出具 保函 抵顶 部分 资金 监管 额度 不得 突破 既定 监管 额度 第二十一条 预售 可用 抵押 查封 自有 房屋 作为 租赁 房源 评估 一定 比例 抵顶 部分 资金 监管 额度 不得 突破 既定 监管 额度 第二十二条 预售 商品房 项目 达到 工程建设 进度 控制 节点 预售 以下 材料 监管部门 申请 调整 监管 资金 留存 比例 监管 资金 留存 比例 调整 申请表 建成 层数 达到 规划 层数 一半 提交 建设 施工 监理 单位 签字 施工进度 证明 楼体 外立面 施工 彩色照片 主体 结构 封顶 提交 主体 结构 工程质量 验收报告 单体 竣工 验收 合格 提交 五方 主体 验收报告 完成 项目 房屋 所有权 首次 登记 提交 不动产 产权 情况表 增加 控制 节点 提交 建设 施工 监理 单位 签字 施工进度 证明 体内 外立面 施工 彩色照片 第二十三条 监管部门 收到 预售 申请 调整 监管 资金 留存 比例 核实 符合条件 工作日内 核发 商品房 预售 资金 监管 比例 调整 通知书 监管 银行 收到 监管部门 核发 商品房 预售 资金 监管 比例 调整 通知书 工作日内 调整 商品房 预售 资金 监管 比例 第二十四条 预售 人向 监管部门 申请 使用 既定 监管 额度 以内 预售 资金 提供 以下 材料 材料 真实性 负责 商品房 预售 资金 用款 申请书 上次 申请 用款 支付 证明 收据 发票 支票 存根 网上 转账 凭据 用款 单位 专用 账户 银行 流水 复印件 提供 原件 核对 监管 银行 出具 加盖 印鉴 上次 申请 用款 本次 申请 用款 之日 监管 账户 资金 明细表 项目 资金 拨付 明细表 预售 资金 用款 明细 自有 资金 支付 明细 监理 单位 用款 单位 盖章 工程 形象 进度 一览表 彩色 现场 照片 表格 监理 单位 盖章 预售 合同 总金额 监管 账户 差额 情况 说明 提供 收取 分期付款 放款 按揭 贷款 明细 监管 资金 支付 通知单 用于 支付 施工单位 工程款 提供 施工 合同 涉及 分包 提供 分包 合同 用于 发放 农民工 工资 提供 拨付 专户 资金 凭证 用于 支付 设备 材料 提供 设备 材料 购销 合同 十一 用于 支付 法定 税费 服务性 收费 提供 相关 证明 材料 合同 十二 用于 支付 其他 相关 费用 提供 相关 材料 第二十五条 申请 使用 既定 监管 额度 以内 预售 资金 监管部门 应自 受理 之日起 工作日内 完成 预售 用款 申请 审核 审核 符合要求 出具 预售 资金 拨付 通知单 载明 资金 拨付 额度 用款 单位 同时 通过 监管 系统 拨款 信息 传递 监管 银行 符合条件 不予 拨付 监管 银行 必须 监管部门 出具 预售 资金 拨付 通知单 监管 系统 确认 信息 拨付 款项 未经 监管部门 书面 同意 监管 银行 不得 拨付 既定 监管 额度 以内 资金 第二十六条 监管 银行 按照 监管 协议 定期 监管部门 进行 对账 发现 预售 存在 违规 挪用 监管 额度 资金 应当 停止 拨付 告知 监管部门 第二十七条 预售 预购 协商一致 或者 生效 法律文书 判决 解除 预售 合同 监管 账户 预售 资金 达到 既定 监管 额度 预售 通过 监管 系统 监管部门 提交 退款 申请 监管部门 受理 之日起 工作日内 完成 审核 核实 情况 属实 通过 监管 系统 退款 电子信息 传递 监管 银行 监管 银行 部分 购房款 直接 拨付 预购 监管 账户 预售 资金 达到 既定 监管 额度 预售 及时 预购 退回 相应 购房款 第五章 预售 资金 监管 终止 第二十八条 商品房 项目 完成 房屋 所有权 首次 登记 方可 申请 终止 预售 资金 监管 预售 通过 监管 系统 监管部门 提出申请 同时 提供 以下 纸质 材料 材料 真实性 负责 终止 核减 监管 申请书 不动产 产权 情况表 监管 账户 账单 第二十九条 解除 监管 监管部门 应当 即将 解除 监管 信息 告知 施工 承包 企业 预售 申请 终止 预售 资金 监管 监管部门 应当 受理 之日起 工作日内 进行 审核 出具 预售 资金 监管 终止 通知书 预售 资金 监管 账户 终止 信息 传递 监管 银行 监管 银行 应当 预售 资金 监管 终止 通知书 监管 系统 确认 信息 终止 监管 第六章 监督 检查 管理 措施 第三十条 监管部门 应当 加强 预售 资金 收存 使用 情况 监督 检查 定期 预售 合同 网签 备案 情况 跟踪 查询 及时 掌握 商品房 销售 情况 核查 监管 账户 收支 按揭 贷款 商业贷款 住房 公积金 贷款 发放 情况 督促 预售 按时 交存 预售 资金 商品房 项目 完成 房屋 所有权 首次 登记 商业银行 不得 擅自 扣划 既定 监管 额度 以内 资金 集团公司 母公司 不得 抽调 既定 监管 额度 以内 资金 监管 银行 相关 按揭 银行 积极 配合 做好 预售 资金 监管 工作 监管部门 定期 进行 工程进度 现场 巡查 加强 动态 监管 正当理由 停工 半年 以上 作为 重点 监管 项目 暂时 停止 申请 使用 预售 资金 第三十一条 预售 人有 下列 行为 之一 监管部门 责令 限期 整改 整改 期间 暂停 项目 后续 工程 预售 许可 发放 暂停 预售 监管 资金 拨付 网签 备案 工作 逾期 整改 整改 到位 暂停 企业 所有 项目 预售 许可 发放 暂停 所有 项目 预售 监管 资金 拨付 网签 备案 工作 计入 企业信用 档案 按规定 预售 资金 全部 直接 存入 监管 账户 按照 规定 办理 网签 备案 使用 虚假 证明 材料 套取 预售 资金 按照 规定 使用 预售 资金 其它 违反 办法 或者 监管 协议 行为 第三十二条 按照 监管 协议 约定 未经 监管部门 同意 监管 银行 擅自 拨付 既定 监管 额度 资金 监管 银行 应当 负责 追回 资金 无法 追回 依法 承担 相应 赔偿 责任 合作 银行 名录 年内 不得 参与 合作 银行 招标 同时 通报 金融管理 部门 第三十三条 按揭 银行 按规定 按揭 贷款 直接 发放 购买 房屋 预售 资金 监管 账户 责令 限期 整改 情节严重 合作 银行 名录 年内 不得 参与 合作 银行 招标 第三十四条 施工 监理 勘察 设计 单位 提供 虚假 证明 采取 其他 方式 协助 预售 违规 使用 预售 资金 监管部门 违规行为 通报 有关 主管部门 记入 企业 不良行为 记录 第三十五条 施工 企业 挪用 预售 资金 责令 限期 整改 整改 期间 暂停 企业 用款 申请 第三十六条 监管部门 监管 银行 按揭 银行 工作人员 预售 资金 监管 工作 玩忽职守 徇私舞弊 滥用职权 依法 给予 处分 构成犯罪 依法追究 刑事责任 第三十七条 各县区 市属 开发区 依据 办法 结合 当地 实际 制定 本行政区域 商品房 预售 资金 监管 办法 实施细则 第三十八条 办法 日起 施行 有效期 办法 实施 已经 批准 预售 许可 商品房 项目 按原 办法 监管 不再 进行 调整 办法 实施 批准 预售 许可 商品房 项目 按照 办法 规定 执行 政策 解读 关于 东营市 商品房 预售 资金 监督管理 办法 政策 解读 关于 东营市 商品房 预售 资金 监督管理 办法 政策 解读 发布 日期 浏览 次数 信息 来源 东营市 住房 城乡建设 管理局 制定 背景 出台 东营市 商品房 预售 资金 监管 办法 东建 对于 规范 我市 商品房 预售 资金 监管 工作 保护 购房人 合法权益 减少 预售 资金 使用 规范 带来 项目风险 保持 房地产业 平稳 健康 发展 发挥 重要 作用 随着 我市 房地产 行业 发展 办法 一些 规定 适应 当前 我市 房地产 市场 发展 需要 急需 出台 办法 加强 我市 商品房 预售 资金 监督管理 进一步 加强 商品房 预售 资金 监督管理 保护 预售 商品房 交易 双方 合法权益 促进 房地产 市场 健康 发展 结合 我市 实际 制定 东营市 商品房 预售 资金 监管 办法 起草 依据 根据 中华人民共和国 城市 房地产 管理法 山东省 城市 房地产 开发 经营 管理条例 山东省 商品房 销售 条例 山东省 商品房 预售 资金 监管 办法 住房 城乡 建设部 人民银行 保监会 关于 规范 商品房 预售 资金 监管 意见 建房 法律 法规 有关 政策 规定 主要 内容 办法 总则 监管 银行 账户 设立 预售 资金 收存 预售 资金 使用 退还 预售 资金 监管 终止 监督 检查 管理 措施 六章 三十八 总则 主要 规定 商品房 预售 资金 监管 工作 依据 适用范围 责任 分工 监管 原则 信息化 建设 有关 内容 监管 银行 账户 设立 主要 规定 建立 预售 资金 监管 合作 银行 名录 采取 公开招标 方式 确定 辖区 商品房 预售 资金 监管 合作 银行 名录 商品房 预售 资金 监管 合作 银行 名录 实行 动态 管理 二是 监管 账户 设立 时间 原则 提供 材料 三是 监管 账户 公示 变更 作出 要求 预售 资金 收存 主要 规定 预售 资金 全部 直接 存入 资金 监管 账户 二是 预售 按揭 贷款 银行 签订 房地产 项目 按揭 贷款 合作 协议 协议 明确 监管 银行 监管 账户 约定 按揭 贷款 全部 直接 发放 监管 账户 三是 交款 信息 通过 监管 系统 实时 传递 预售 资金 使用 退还 主要 规定 预售 资金 监管 标准 监管 额度 留存 比例 控制 节点 二是 监管 账户 资金 达到 既定 监管 额度 预售 自行 提取 监管 额度 以外 资金 优先 用于 项目 工程建设 提高 资金 审批 效率 三是 监管 账户 资金 首次 达到 既定 监管 额度 允许 开发 企业 申请 使用 监管 账户 资金 减少 项目风险 四是 开发 企业 可用 保函 租赁 房源 方式 抵顶 监管 额度 降低 企业 资金 使用 成本 五是 监管 额度 随着 工程进度 逐步 调减 监管 资金 六是 解除合同 购房 资金 退还 方式 预售 资金 监管 终止 主要 规定 开发 项目 商品房 项目 完成 房屋 所有权 首次 登记 后方 申请 预售 资金 监管 终止 二是 解除 监管 监管部门 即将 解除 监管 信息 告知 施工 承包 企业 三是 预售 资金 监管 终止 需提交 材料 四是 预售 资金 监管 终止 流程 监督 检查 管理 措施 主要 一是 加强 监管 做出 规定 二是 开发 企业 商业银行 参建 单位 监管部门 违反 办法 规定 制定 相应 处理 措施 三是 规定 各县区 市属 开发区 根据 本地 实际 制定 具体 实施细则 四是 规定 办法 有效期限 政策 咨询电话 住房 城建 管理局 房地产 市场监管 科科 原文件 关于 印发 东营市 商品房 预售 资金 监管 办法 通知 直接 实施 责任 监督 责任 建立健全 监督制度 许可 从事 行政许可 事项 活动 进行 监督 检查 未经 行政许可 擅自 从事 相关 活动 依法 采取措施 予以 制止 法律 中华人民共和国 城市 房地产 管理法 主席令 第二十九 予以 修改 第七十 一条 房产 管理 部门 土地 管理 部门 工作人员 玩忽职守 滥用职权 构成犯罪 依法追究 刑事责任 构成犯罪 给予 行政处分 房产 管理 部门 土地 管理 部门 工作人员 利用 职务 便利 索取 人财物 或者 非法 收受 人财物 他人 谋取 利益 构成犯罪 依法追究 刑事责任 构成犯罪 给予 行政处分 其他 法律法规 规章 监察 行政 许可法 国家 赔偿法 公务员法 行政 机关 公务员 处分 条例 政府 信息 公开 条例 山东省 行政 执法监督 条例 规定 追责 情形 法律 中华人民共和国 城市 房地产 管理法 主席令 第二十九 予以 修改 第四十五 商品房 预售 应当 符合 下列 条件 交付 全部 土地 使用权 出让金 取得 土地 使用权 证书 持有 建设工程 规划 许可证 提供 预售 商品房 计算 投入 开发 建设 资金 达到 工程建设 投资 百分之二十五 以上 已经 确定 施工进度 竣工 交付 日期 县级 以上 人民政府 房产 管理 部门 办理 预售 登记 取得 商品房 预售 许可证 部委 规章 城市 商品房 预售 管理 办法 建设部 第六条 商品房 预售 实行 许可 制度 开发 企业 进行 商品房 预售 应当 房地产 管理 部门 申请 预售 许可 取得 商品房 预售 许可证 取得 商品房 预售 许可证 不得 进行 商品房 预售 东营市 广饶 项目 重点 监管 资金 按照 平方米 工程 承重 结构 封顶 预售 资金 监管 留存 比例 主体工程 完成 预售 资金 监管 留存 比例 工程 内外 装饰 完成 预售 资金 监管 留存 比例 单体 工程 竣工 验收 备案 完成 预售 资金 监管 留存 比例 项目 不动产 初始 登记 完成 项目 预售 资金 监管 终止 东营 垦利 项目 年前 预售 楼栋 重点 监管 资金 按照 平方米 以后 新开 预售 楼栋 重点 监管 资金 按照 平方米 主体工程 完成 预售 资金 监管 留存 比例 工程 内外 装饰 完成 预售 资金 监管 留存 比例 单体 工程 竣工 验收 备案 完成 预售 资金 监管 留存 比例 项目 不动产 初始 登记 完成 项目 预售 资金 监管 终止 东营 利津 项目 重点 监管 资金 按照 平方米 工程 承重 结构 封顶 预售 资金 监管 留存 比例 主体工程 完成 预售 资金 监管 留存 比例 工程 内外 装饰 完成 预售 资金 监管 留存 比例 单体 工程 竣工 验收 备案 完成 预售 资金 监管 留存 比例 项目 取得 竣备 综合 验收 一年 项目 预售 资金 监管 终止 预售 资金 监管 额度 预售 项目 楼栋 完成 建筑安装 区内 配套 工程建设 达到 交付 条件 资金 监管部门 结合 本地 实际 根据 预售 项目 工程进度 工程造价 施工 合同 金额 以及 项目 交付使用 条件 因素 确定 既定 监管 额度 根据 预售 资金 留存 比例 确定 预售 资金 监管 额度 既定 监管 额度 以内 预售 资金 优先 农民工 工资 专用 账户 及时 足额 拨付 农民工 工资 剩余 资金 原则上 应当 直接 拨付 项目 对应 施工单位 材料 设备 供应 单位 及水 配套 设施 建设 单位 预售 共同 指定 银行 账户 监管 账户 资金 总额 达到 既定 监管 额度 超出 既定 监管 额度 资金 预售 提取 使用 优先 用于 预售 项目 工程建设 既定 监管 额度 资金 按照 工程建设 进度 予以 拨付 监管部门 优化 预售 资金 核拨 流程 保证 及时 用于 商品房 预售 项目 工程建设 按照 监管 协议 监管部门 应当 既定 监管 额度 预售 资金 使用 申请 进行 必要 现场 查勘 收款 单位 用途 金额 内容 企业 申报 内容 是否 一致 进行 审核 预售 资金 拨付 资金 使用 进行 监管 用款 单位 明确 一个 专用 账户 接收 使用 商品房 预售 资金 预售 资金 监管 按照 工程建设 进度 一般 分为 控制 节点 分别 建成 层数 达到 地上 规划 层数 一半 主体 结构 封顶 单体 竣工 验收 合格 商品房 项目 完成 房屋 所有权 首次 登记 预售 资金 留存 比例 监管 账户 资金 余额 商品房 预售 资金 监管 额度 百分比 建成 层数 达到 规划 层数 一半 监管 资金 留存 比例 主体 结构 封顶 监管 资金 留存 比例 单体 竣工 验收 合格 监管 资金 留存 比例 商品房 项目 完成 房屋 所有权 首次 登记 监管 终止 对于 高层 超高层 或者 大体 建筑 监管部门 可以 视情 增加 控制 节点 预售 资金 监管 留存 比例 不得 突破 上述 规定 监管部门 可以 根据 预售 信用 状况 资质等级 情况 适当 降低 商品房 预售 资金 留存 比例 不得 超过 百分点 信用 企业 预售 资金 监管 留存 比例 降低 百分点 信用 企业 预售 资金 监管 留存 比例 降低 百分点 信用 企业 预售 资金 监管 留存 比例 提高 百分点 信用 企业 预售 资金 监管 留存 比例 提高 百分点 主体 结构 封顶 控制 节点 之前 预售 可以 银行 出具 保函 抵顶 部分 资金 监管 额度 不得 突破 既定 监管 额度 预售 可用 抵押 查封 自有 房屋 作为 租赁 房源 评估 一定 比例 抵顶 部分 资金 监管 额度 不得 突破 既定 监管 额度 预售 商品房 项目 达到 工程建设 进度 控制 节点 预售 以下 材料 监管部门 申请 调整 监管 资金 留存 比例 监管 资金 留存 比例 调整 申请表 建成 层数 达到 规划 层数 一半 提交 建设 施工 监理 单位 签字 施工进度 证明 楼体 外立面 施工 彩色照片 主体 结构 封顶 提交 主体 结构 工程质量 验收报告 单体 竣工 验收 合格 提交 五方 主体 验收报告 完成 项目 房屋 所有权 首次 登记 提交 不动产 产权 情况表 增加 控制 节点 提交 建设 施工 监理 单位 签字 施工进度 证明 体内 外立面 施工 彩色照片 监管部门 收到 预售 申请 调整 监管 资金 留存 比例 核实 符合条件 工作日内 核发 商品房 预售 资金 监管 比例 调整 通知书 监管 银行 收到 监管部门 核发 商品房 预售 资金 监管 比例 调整 通知书 工作日内 调整 商品房 预售 资金 监管 比例 预售 人向 监管部门 申请 使用 既定 监管 额度 以内 预售 资金 提供 以下 材料 材料 真实性 负责 商品房 预售 资金 用款 申请书 上次 申请 用款 支付 证明 收据 发票 支票 存根 网上 转账 凭据 用款 单位 专用 账户 银行 流水 复印件 提供 原件 核对 监管 银行 出具 加盖 印鉴 上次 申请 用款 本次 申请 用款 之日 监管 账户 资金 明细表 项目 资金 拨付 明细表 预售 资金 用款 明细 自有 资金 支付 明细 监理 单位 用款 单位 盖章 工程 形象 进度 一览表 彩色 现场 照片 表格 监理 单位 盖章 预售 合同 总金额 监管 账户 差额 情况 说明 提供 收取 分期付款 放款 按揭 贷款 明细 监管 资金 支付 通知单 用于 支付 施工单位 工程款 提供 施工 合同 涉及 分包 提供 分包 合同 用于 发放 农民工 工资 提供 拨付 专户 资金 凭证 用于 支付 设备 材料 提供 设备 材料 购销 合同 十一 用于 支付 法定 税费 服务性 收费 提供 相关 证明 材料 合同 十二 用于 支付 其他 相关 费用 提供 相关 材料 申请 使用 既定 监管 额度 以内 预售 资金 监管部门 应自 受理 之日起 工作日内 完成 预售 用款 申请 审核 审核 符合要求 出具 预售 资金 拨付 通知单 载明 资金 拨付 额度 用款 单位 同时 通过 监管 系统 拨款 信息 传递 监管 银行 符合条件 不予 拨付 监管 银行 必须 监管部门 出具 预售 资金 拨付 通知单 监管 系统 确认 信息 拨付 款项 未经 监管部门 书面 同意 监管 银行 不得 拨付 既定 监管 额度 以内 资金 监管 银行 按照 监管 协议 定期 监管部门 进行 对账 发现 预售 存在 违规 挪用 监管 额度 资金 应当 停止 拨付 告知 监管部门 预售 预购 协商一致 或者 生效 法律文书 判决 解除 预售 合同 监管 账户 预售 资金 达到 既定 监管 额度 预售 通过 监管 系统 监管部门 提交 退款 申请 监管部门 受理 之日起 工作日内 完成 审核 核实 情况 属实 通过 监管 系统 退款 电子信息 传递 监管 银行 监管 银行 部分 购房款 直接 拨付 预购 监管 账户 预售 资金 达到 既定 监管 额度 预售 及时 预购 退回 相应 购房款,10.0,6.859361549631319,5.183333333333334,6.316666666666666,8079,52.3,28.00833333333333,1668.321223709369,425.3271014204544,133.5004545889102,4713.545454545456,37.64289772727275,5,3,0.008625,0.3,阶段1,17.0,28.0,152.1149497159091,5.855434782608698,0.2,主体,17.0,28.0,101.4099664772728,5.855434782608698,0.2,竣备,17.0,28.0,47.41122968749999,5.725000000000001,0.2,竣备,17.0,28.0,47.41122968749999,5.725000000000001,0.1,阶段5,17.0,40.0,76.97972585227275,10.225,3,5,133.5004545889102
中卫,中卫,Zhongwei-3,approved construction cost,,verified physical milestones,drawdown ceiling,specified,other / unclear,False,False,5.0,,,explicit Chinese count in evidence excerpt,not explicitly parseable from retained excerpt,not explicitly parseable from retained excerpt,监管额度内资金，银行机构开展保函置换预售监管资金业务需要按照《中国银保监会办公厅 住房和城乡建设部办公厅 中国人民银行办公厅关于商业银行出具保函置换预售监管资金有关规定的通知》（银保监办发〔2022〕104号）文件要求办理 | 监管账户内能确保项目竣工交付使用所需要的工程建设资金 | 累计申请使用重点监管资金的比例不超过45％ | 完成不动产首次登记前进行预售，由购房人按商品房买卖合同约定支付的全部购房款（包括定金、首付款、一次性付款、银行按揭贷款、住房公积金贷款或其他方式的付款等）,True,policy_identification_filled.xlsx,City_audit,4stage_Mcost,4,4,stage_1|stage_2|stage_3|stage_4,三分之二|阶段2|竣备|确权,三分之二|阶段2|竣备|确权,partial_named_milestones,,stage_4,4,,0.1454545454545454,not_estimable:topout_stage_name_unmapped,terminal_stage_share:within_cohort_amount_share,expert_calibrated_operational_proxy_pending_source_mapping,monthly-revenue stage ratio or within-cohort amount share; not automatically a policy percentage,external/Modelling Dep/41_Cities_Dep/city_catalog.json,data/pmc_data.xlsx,dep-operational-h1-v1,Zhongwei-3,2023,三线,中卫,Ningxia,"索 引 号：
640501013/2023-00432
效力状态：
有效
发布机构：
中卫市住房和城乡建设局
成文日期：
2023-12-11
责任部门：
中卫市住房和城乡建设局
发布日期：
2023-12-11

关于印发《中卫市商品房预售资金监管实施细则》的通知
卫住建规发〔2023〕2号
中宁县、海原县住房和城乡建设局，沙坡头区住房城乡建设和交通局，市自然资源和不动产确权登记中心，各商业银行、开发企业：
现将《中卫市商品房预售资金监管实施细则》印发给你们，请认真执行。




中卫市住房和城乡建设局 
中国人民银行中卫市分行 
国家金融监督管理总局中卫监管分局 
2023年12月11日 
（此件公开发布）


中卫市商品房预售资金监管实施细则

为加强商品房预售资金监管，确保商品房预售资金用于项目建设，切实维护购房人的合法权益，根据《住房和城乡建设部 人民银行 银保监会关于规范商品房预售资金监管的意见》（建房〔2022〕16号）《自治区住房和城乡建设厅等3部门关于印发<宁夏回族自治区商品房预售资金监管办法>的通知》（宁建规发〔2023〕5号）等文件精神，结合我市实际，制定本细则。
一、部门职责

（一）市住房和城乡建设局是本市商品房预售资金监管的主管部门（以下简称住建部门），负责本细则的组织实施及市辖区商品房预售资金监管的日常工作，监督指导开发企业、商业银行按照本细则及三方监管协议约定进行预售资金的收支和使用工作，对房地产开发企业的违规违约行为按有关规定责处。
人民银行中卫市分行负责指导商业银行做好监管账户的管理工作。国家金融监督管理总局中卫监管分局负责对商业银行预售资金监管的操作风险和合规性进行监督检查。市住房公积金管理中心负责监督指导公积金各分支机构做好住房公积金贷款发放工作。
监管银行（即房地产开发企业开立监管账户的商业银行）负责做好监管账户和资金管理工作，按住建部门拨付通知办理资金拨付。发现房地产开发企业违规抽调监管资金、违规开支等行为的，应当停止拨付，并立即告知住建部门。
二、监管范围
（二）新建商品房预售资金，是指房地产开发企业将其开发的商品房在完成不动产首次登记前进行预售，由购房人按商品房买卖合同约定支付的全部购房款（包括定金、首付款、一次性付款、银行按揭贷款、住房公积金贷款或其他方式的付款等）。
（三）凡在市辖区办理预售许可的新建商品房项目，均应接受预售资金监管。
三、监管银行确定与管理
（四）市住房和城乡建设局会同人民银行中卫市分行、国家金融监督管理总局中卫监管分局，综合商业银行的资信状况、监管能力、服务水平、网络技术条件等因素，通过公开招标方式，确定能够承接商品房预售资金监管业务的商业银行。中标的商业银行名录在中卫市人民政府门户网站向社会公示。
（五）市住房和城乡建设局与监管银行签订商品房预售资金监管金融服务协议，明确双方权利义务关系，定期对监管银行的预售资金监管工作进行综合评判，符合要求的，保留监管银行资格，对未履行预售资金监管职责、无法承担预售资金监管工作的商业银行，不再入选监管银行名录。监管银行应对承接新建商品房预售资金监管业务的支行严格管理，定期检查，及时处置违规行为，并上报住建部门。
四、开设监管账户
（六）房地产开发企业申请商品房预售许可前，应当选择本地区公示的监管银行名录中及市住房公积金管理中心签订合作协议的商业银行开设监管账户。房地产开发企业应当将监管账户在商品房预售许可证、商品房买卖合同，并在商品房销售现场显著位置进行公示。
（七）申请开设监管账户操作流程
1.网上申请。房地产开发企业登录房地产开发项目预售资金监管系统（以下简称监管系统），填写相关信息并上传以下资料：
（1）营业执照，法定代表人身份证。
（2）委托书、经办人身份证。
2.要件审核。住建部门自受理申请后5个工作日内完成审核。
3.经审核通过的，住建部门发送商品房预售资金监管账户开户通知到监管银行，房地产开发企业到监管银行开设监管账户。
4.住建部门对监管账户复核后，生成《中卫市新建商品房预售资金监管协议书》（以下简称《三方协议》）。
五、签订监管协议
（八）住建部门打印《三方协议》并盖章，经房地产开发企业及监管银行盖章后，并将《三方协议》及下列资料一同报送住建部门。
1.施工合同及建筑材料、设施设备采购合同等。
2.由第三方造价咨询机构出具的项目成本预算书。
3.需要提交的其他资料。

六、购房款交存和监管资金入账
（九）房地产开发企业应当告知并协助购房人将购房款全部交存到监管账户中，监管账户中每笔预售资金入账应载明对应楼幢号、房号、买受人，以幢为基本单位分别记账管理，保证每套商品房预售资金有账可查。房地产开发企业应及时通过宁夏互联网智慧房产平台和监管系统完成合同网签和资金入账，并为购房人办理商品房买卖合同备案手续。
1.房地产开发企业上传相关首付款、一次性付款及按揭贷款转账凭证、银行回单、网签合同信息明细表等资料至监管系统并完成监管资金入账。
2.签订分期付款购房合同购买房屋的，房地产开发企业应当督促并协助购房人按商品房买卖合同约定的时间及金额将尾款转入监管账户。
3.市自然资源和不动产确权登记中心在对首付款、一次性付款、分期付款等对应款项的银行回单核对无误后，对网签合同信息明细表中的商品房买卖合同完成备案。
七、监管资金额度核定
（十）监管资金分为重点监管资金和非重点监管资金。
重点监管资金是指监管账户内能确保项目竣工交付使用所需要的工程建设资金。重点监管资金直接拨付到与项目主体、消防及配套工程建设相关的施工企业、建筑材料及设施设备采购等供应商。监管存续期间，重点监管资金不得挪用，房地产开发企业不得将其用于支付任何借（贷）款本息，不得用于缴纳土地价款、罚金、支付营销费用及房地产开发企业员工工资等。
进入监管账户的资金优先作为重点监管资金，达到重点监管资金额度后再进入监管账户的资金为非重点监管资金。非重点监管资金优先用于本项目借（贷）款本息、土地价款、罚金、缴纳税费、营销费用及房地产开发企业员工工资等。房地产开发企业不得将其用于偿还开发贷、购地、提前分配利润、跨界投资等。
集团公司在市辖区设立分（子）公司的房地产开发企业，在预售商品房交付使用前，严禁集团公司抽调监管资金。
（十一）根据商品房项目建设工程造价、施工合同金额及项目交付使用标准等因素，合理确定重点监管资金额度。原则上按预售许可楼栋对应的施工许可面积乘以市辖区上年度商品房项目工程（包括建筑主体工程、安装工程、小区市政配套与绿化景观工程等）综合平均造价确定，商品房买卖合同约定的交付使用标准为精装修房的，应考虑精装修建设成本。市辖区上年度商品房项目工程综合平均造价由住建部门委托第三方造价机构核定。
出现风险隐患的预售商品房项目，可以根据“保交楼”的需要适度上浮重点监管资金，上浮比例由住建部门确定。
八、监管资金的使用
（十二）重点监管资金的拨付。监管银行依据住建部门的拨付通知办理拨付使用手续。
（十三）非重点监管资金的拨付。房地产开发企业可通过监管系统申请，由监管银行直接为房地产开发企业办理使用手续。
（十四）住建部门根据项目属性、企业信用、资产负债情况，对监管资金实行差别化动态管理。信用等级为AA级的开发企业，在每个拨付节点的最低留存比例可降低5%。信用等级为A级的开发企业，在每个拨付节点的最低留存比例可降低3%。信用等级为B级的开发企业不享受降低比例优惠政策。
因开发企业信用等级正常升、降级变化，导致预售资金监管比例不一致的，已签订三方监管协议的项目原则上按原协议执行，新签订监管协议的项目，按照开发企业信用等级评定公示结果核定预售资金监管政策。
（十五）房地产开发企业申请使用重点监管资金的前提条件为：进入监管账户内的资金总额必须达到重点监管资金规定额度标准、工程进度达到本细则规定的要求。
（十六）房地产开发企业应根据项目工程建设进度申请使用重点监管资金。在提出申请时，应通过监管系统上传项目工程建设进度等相关资料。
住建部门根据工程建设进度，按以下五个阶段拨付重点监管资金：
1.建筑主体施工阶段。
项目建筑主体楼层数完成设计楼层数的三分之二以上时，由房地产开发企业通过监管系统提出申请，经住建部门工作人员现场核实后办理拨付手续，申请使用重点监管资金的比例不超过30%。
2.建筑主体结构封顶阶段。
项目建筑主体结构施工至封顶后，由房地产开发企业通过监管系统提出申请，经住建部门工作人员现场核实后办理拨付手续，累计申请使用重点监管资金的比例不超过45％。
3.项目五方责任主体竣工验收阶段。
项目工程五方责任主体竣工验收合格后，由房地产开发企业通过监管系统上传该项目五方责任主体验收资料，经住建部门工作人员核实后办理拨付手续，累计申请使用重点监管资金的比例不超过85％。
4.项目竣工验收备案阶段。
项目经联合竣工验收合格后，由房地产开发企业通过监管系统上传该项目联竣工验收备案表，经住建部门工作人员核实后办理拨付手续，累计申请使用重点监管资金的比例不超过92％。
5.不动产初始登记阶段。
在完成预售许可对应房屋的不动产首次登记后，由房地产开发企业通过监管系统上传不动产首次登记资料等资料，项目解除监管，可使用监管账户剩余资金。
单个预售许可包含多栋房屋且工程进度不一致的，以施工进度较慢的楼栋为标准审核拨付资金。
（十七）工程进度未达到预售资金提取节点，因不可抗力因素和处理突发事件、维护社会稳定的需要，确需使用重点监管资金用于项目工程建设，对无不良信用记录的房地产开发企业可采取“一事一议”方式予以支持。
房地产开发企业在商品房预售项目资金监管期间，项目发生重大安全生产事故、群体性上访等事件的，按住建部门意见，可对非重点监管资金进行管控。
（十八）住建部门在受理房地产开发企业用款申请后，应于受理之日起5个工作日内进行核实，对符合重点监管资金拨付条件的，住建部门向监管银行发送同意拨付商品房重点监管资金的通知。有下列情形之一，不符合使用条件的，予以驳回，并说明理由。
1.工程进度未达到本细则规定要求或申请使用额度超出规定比例的。
2.收款单位与合同约定不符的。
3.其他不符合使用规定的情形。
（十九）监管银行依据住建部门同意拨付商品房预售重点监管资金的通知，在1个工作日内，将资金直接转入住建部门同意拨付的收款账户。
人民法院保全、执行商品房预售资金的，按照《最高人民法院 住房和城乡建设部 中国人民银行关于规范人民法院保全执行措施确保商品房预售资金用于项目建设的通知》（法〔2022〕12号）执行。在人民法院对监管账户资金进行冻结或扣划时，监管银行应说明新建商品房预售资金及监管账户的性质，并及时将相关情况告知住建部门。
九、监管账户变更
（二十）监管协议签订后，原则上不予办理监管银行、监管账户的变更。确需变更的，房地产开发企业应与住建部门、监管银行重新开设监管账户并签订《三方协议》。
（二十一）监管银行、监管账号等信息只能变更一次。变更期间该监管账户对应的新建商品房不得销售，不予办理预售资金收存、拨付等业务。变更后，房地产开发企业应将原监管银行账户的结余资金全部转入新的监管账户，及时办理预售许可证证载账户信息变更手续，并在销售现场公示并告知购房人。
（二十二）房地产开发企业申请变更监管账户，应当在监管系统上传以下资料：
1.监管账户变更申请。
2.原监管账户的监管银行出具同意变更监管账户的资料。
3.需要提交的其他资料。
（二十三）住建部门自受理监管账户变更申请后3个工作日内完成审核，并向监管银行发送解除商品房预售资金监管的通知，开发企业按照监管账户设立程序重新办理资金监管。
十、不明入账的处理
（二十四）购房人通过电汇、网上银行转账等方式交存购房款或者各商业银行发放个人抵押贷款形成的不明入账，房地产开发企业应当及时划分到购房人名下。
十一、冲正处理
（二十五）属于资金错误划入监管账户的，房地产开发企业应当上传以下资料到监管系统申请办理账务冲正：
1.冲正申请。
2.监管银行出具的资料。
3.由于发放购房按揭贷款或者银行汇款等原因造成资金错误划入监管账户的，还应当提供相关发起银行出具的资料。
（二十六）住建部门自受理申请后3个工作日内完成核实，并向监管银行发送商品房预售资金监管账户冲正通知。房地产开发企业到监管银行办理冲正手续。
（二十七）因银行误传数据、拨付失败等原因，形成的不明入账导致账务问题的，可参照上述冲正流程处理。
十二、退款处理
（二十八）房地产开发企业与购房人已办理退房手续申请退款的，由交易双方共同申请，并在监管系统上传以下资料：
1.退房退款申请。
2.房地产开发企业授权委托书、法定代表人及经办人身份证复印件。
3.购房人身份证复印件（核实原件）。
4.需要提交的其他资料。
住建部门核实后，在5个工作日内办理业务合同撤销、变更、通知监管银行退款等手续。原则上应使用非重点监管资金中列支，未拨付过监管资金的可使用重点监管资金支付。
十三、解除监管
（二十九）房地产开发企业在办理监管项目不动产首次登记后，应及时申请解除监管账户的监管。
（三十）房地产开发企业申请办理解除监管的，在监管系统上传以下资料：
1.解除监管申请。
2.监管项目不动产首次登记资料扫描文件。
住建部门自受理申请后3个工作日内完成核实。核实通过的，向监管银行发送解除商品房预售资金监管通知。
十四、银行保函管理
（三十一）监管账户内资金达到重点监管资金额度后，房地产开发企业可向商业银行申请出具保函置换商品房监管额度内资金，银行机构开展保函置换预售监管资金业务需要按照《中国银保监会办公厅 住房和城乡建设部办公厅 中国人民银行办公厅关于商业银行出具保函置换预售监管资金有关规定的通知》（银保监办发〔2022〕104号）文件要求办理。
十五、违规行为处理
（三十二）房地产开发企业有下列行为之一的，一经查实，由住建部门责令其限期改正，并可采取商品房网签备案、监管资金使用审核、预售许可审批等管控措施。逾期不改的，由住建部门按照有关规定予以处理，同时记入房地产开发企业信用信息档案，向社会公示。
1.未按规定将商品房买卖合同全部购房款交存到监管账户的。
2.未按规定使用重点监管资金的。
3.未按规定提供真实的申请资料办理新建商品房预售资金监管相关手续的。
4.以收取其他款项为名，或变相逃避监管、违规挪用或抽调资金的。
房地产开发企业作为新建商品房预售项目建设主体，应当承担由于盲目投资、非法集资、违法违规经营、挪用及抽逃预售资金引发的工程项目烂尾、违规交房、逾期交房等产生的法律责任。
施工企业、建筑材料及设施设备采购等供应商，出具虚假资料协助房地产开发企业违规支取重点监管资金的，应当承担相应的法律责任。
（三十三）监管银行不认真履行监管义务，违反合作协议、三方协议及本细则相关规定的；按揭银行未将按揭贷款直接发放至商品房买卖合同注明的监管账户的，住建部门可取消其监管银行资格，并将监管银行、按揭银行上述违规违约行为通报人民银行中卫市分行、国家金融监督管理总局中卫监管分局，由人民银行中卫市分行、国家金融监督管理总局中卫监管分局按相关规定进行处理。
（三十四）预售资金监管的住建部门、人民银行中卫市分行、国家金融监督管理总局中卫监管分局、市住房公积金管理中心、监管银行、按揭银行及本细则规定配合监管工作的人员在预售资金监管工作中玩忽职守、滥用职权、徇私舞弊的，依法依规予以处理。
十六、实施时间
（三十五）本细则自2023年12月11日起施行，有效期至2028年12月10日。对本细则出台前处于监管中的项目，按原有政策执行。国家、自治区有新规定的，按新规定执行。中宁县、海原县可参照执行。


===================

近日，中卫市住房公积金管理中心贯彻落实市委、市政府“稳经济、保增长、促发展”精神，推出九项举措，支持住房公积金缴存人员解决刚性和改善性住房需求，促本市房地产市场良性循环和健康平稳发展。一是试行大家庭成员共同购房提取住房公积金。购买自住住房未使用个人住房贷款的，在签订合同5年内，可以提取本人及配偶、子女及配偶、本人父母、配偶父母的住房公积金个人账户存储余额用于支付购房款，累计提取金额不得超过所购房屋总价款；偿还自住住房贷款的，可以提取本人及配偶、子女及配偶、本人父母、配偶父母的住房公积金个人账户存储余额用于直接偿还贷款本息，合计提取金额不得超过应偿还贷款余额，同时累计提取金额不得超过贷款金额及已还利息之和。二是全面推行按月划转住房公积金冲还贷款本息业务（以下简称“按月对冲还贷”）。本市缴存人员使用本市住房公积金个人住房贷款的，在还完第一期贷款后，即可签约办理“按月对冲还贷”，不受提取住房公积金个人账户存储余额偿还本次贷款的时间间隔影响。积极协调区内兄弟中心，推行区内跨市“按月对冲还贷”。鼓励本市受托银行对接商业性个人住房贷款的“按月对冲还贷”。三是灵活住房公积金个人住房贷款提前结清方式。借款人（含共同借款人）使用本人住房公积金个人账户存储余额提前结清住房公积金个人住房贷款的，提取时间不再受与上一次提取间隔一年期限的限制。四是第二次申请贷款不再受提取间隔限制。首次使用住房公积金个人住房贷款的借款人，结清贷款后，再次申请住房公积金个人住房贷款的，申请时间不再受提取间隔限制。五是统一本市购房住房公积金个人住房贷款政策。凡在本市购房申请住房公积金个人住房贷款的，非本市缴存人员与本市缴存人员同等享有贷款权益，执行统一贷款政策。实现全国范围缴存人员在本市购房申请住房公积金个人住房贷款全覆盖。六是协调受托银行，推行个人住房组合贷款。缴存人员在本市购买自住住房，住房公积金个人住房贷款满足不了贷款需求的，可申请住房公积金个人住房贷款和商业性个人住房贷款的组合贷款。七是降低住房公积金贷款楼盘准入标准。在本市开发有楼盘的房地产开发企业，取得《商品房预售许可证》后即可申请预售楼盘住房公积金贷款准入，开办住房公积金个人住房贷款。八是探索实行“带押过户”贷款。积极协调有关部门，推动“带押过户”在住房公积金贷款方面落地落实。对在抵押状态的房产，不用提前还清贷款就可以交易和过户，并发放新的贷款，降低商品住宅交易的时间成本、资金成本和交易风险，便利贷款办理，加快房地产交易速度，进一步激活房地产市场。九是支持受托银行承办、代办住房公积金业务。支持受托银行进驻当地政务服务中心承办住房公积金业务。受托银行可以利用自身网点多的优势，特别是偏远乡镇网点优势，代办住房公积金相关业务，进一步方便缴存人。 
新推九项举措 聚焦“为民办实事”
2022-11-15 来源：中卫市住房公积金管理中心 阅读量：213 
==================

关于开展全市房地产领域突出问题专项治理工作的通知
卫住建发〔2018〕105号
沙坡头区建设交通局，中宁县、海原县住建局，海兴开发区规划国土建设局，各房地产开发企业：
为切实做好我市房地产领域易发问题专项治理工作，促进房地产市场持续健康稳定发展，根据自治区住建厅《关于加快房地产领域矛盾纠纷化解工作的通知》（宁建房发〔2018〕4号）、《关于转发<住房城乡建设部办公厅关于开展房地产领域购房矛盾纠纷排查化解工作的通知>的通知》（宁建（房）发〔2018〕7号）及市综治委《2018年综治（平安中卫建设）工作实施方案》文件精神，现就开展全市房地产领域突出问题专项治理工作通知如下:
一、总体目标
以党的十九大和中央经济工作会议、中央城市工作会议精神为指导，坚持“统筹协调、标本兼治、建章立制、惩防并举”，重点治理非法强拆、补偿款不按标准及时足额兑现、烂尾楼盘难处置、房屋交付不合规、交易监管不到位和国有土地上房屋征收程序不规范等房地产领域易发问题，进一步规范市场、强化管理、防范风险，切实维护群众合法权益，促进社会和谐稳定。
二、治理重点
（一）烂尾楼盘难处置等问题。开发企业经营困难，资金链断裂，无力续建或陷入债务纠纷，项目停工1年以上，导致楼盘烂尾；项目债权债务复杂，司法查封，融资重启困难等突出问题。
（二）商品房交付不合规问题。开发企业将未达到竣工验收标准的商品房强制交房；开发企业逾期交房达到6个月以上，不按合同约定承担相应责任；住宅专项维修资金、新建物业质量保修金未应收尽收。
（三）房屋交易监管不到位问题。开发企业未取得预售许可违规售房，非法挪用商品房预售资金；一房多卖、面积缩水、已抵押或冻结房产违规出售；二手房交易资金监管存在空白；房产中介机构和从业人员脱离监管，中介非法监管和挪用交易资金；开发企业违反规定进行售后返租，或委托第三方进行售后返租。
（四）国有土地上房屋征收不规范问题。未严格执行国家、省、市有关政策法规规定，存在非法强拆、补偿款不按标准及时足额兑现等不规范行为；未及时公布房屋征收相关信息，侵犯被征收群众的知情权、参与权和监督权；未及时排查、化解房屋征收矛盾纠纷，解决群众合理诉求不力。
三、治理措施
（一）依法妥善处置烂尾楼盘。坚持依法依规、理性务实、积极稳妥，逐个楼盘研究拟定处置方案。对挪用预售资金造成的烂尾项目，可督促开发企业筹措资金，恢复项目建设；对企业自身无力实施的项目，可协调其他有实力的开发企业接盘，尽快复工并达到竣工交付条件；对债权债务复杂、难以协调接盘的项目，按照“购房者债权优先受偿”，通过司法途径妥善解决。
（二）严格商品房交付使用条件。凡未足额缴存首期住宅专项维修资金、新建物业质量保修金的项目，不予办理竣工综合验收备案，不得交付使用。因未达到交付条件逾期交房的，开发企业应按照合同约定承担逾期责任，制定违约金赔付方案；有关部门要建立预警台账，督促开发企业采取有效措施，尽快验收交付使用。严肃查处开发企业在商品住宅交付使用时，未提供《住宅质量保证书》和《住宅使用说明书》等违法违规行为。
（三）加强房屋交易监管。一是严格商品房预售管理。及时向社会公开预售许可等相关信息；未进行房产预测绘、提供拟售商品房精确位置和面积的，不予受理预售许可；依法严肃查处未取得预售许可内部认购、违规预售等行为；严禁返本销售或委托第三方售后返租，严厉打击非法首付贷、过桥贷及非法监管和挪用资金等行为；严把新建商品房预售许可条件，鼓励推行现房销售。二是推进房屋买卖合同在线签订和备案制度全覆盖。运用房屋买卖合同在线签订和备案系统当事人主体资格、房源真实性和他项权利的查核功能，进行购房资格审核和房源核验；严肃查处开发商或个人一房多卖、隐瞒抵押担保事项、分割销售等违法行为。加强房屋交易与产权档案管理及信息平台建设。三是完善房屋交易资金监管机制。房地产主管部门要设立房屋交易资金监管专用账户；全面加强新建商品房预售资金监管，重点查处未按规定缴存预售资金、逃避预售资金监管等行为，避免造成资金链断裂、楼盘烂尾等风险；优化预售监管资金核拨流程，留足保证工程竣工交付所需资金。全面实施存量房（二手房）交易资金监管，确保房屋和交易资金按照约定安全交付。四是提高中介机构管理水平。全面落实房地产中介机构备案制度和中介人员实名服务制度，加强经纪人、经纪人协理登记，建立中介行业信用管理平台。
（四）规范国有土地上房屋征收。认真贯彻执行国家、省、市国有土地上房屋征收有关政策法规，加强行政司法联动，注重运用法治思维和法治方式推进房屋征收。严格房屋征收信息公开制度，推广完善“公开听证”、“裁执分离”、“律师参与”等经验做法。强化房屋征收协调调度，完善信息统计监测。定期开展房屋征收矛盾纠纷排查，做到早发现、早预防、早化解。健全房屋征收突发事件应急处置机制，增强风险防范意识和突发事件处置能力。
四、方法步骤
（一）自查自纠阶段（6月10日至7月31日）。沙坡头区建设交通局负责沙坡头区房地产领域突出问题治理工作，认真组织企业进行自查自纠，建立台账，制定措施，确保底数清楚，措施到位，自查自纠情况于7月20日前报我局房地产市场管理科。中宁县、海原县、海兴开发区要结合各自实际，分别制定具体方案，进一步明确目标、落实责任、强化措施，于7月10日前报我局房地产市场管理科。
（二）摸底排查阶段（8月01日至9月30日）。两县、两区要对照专项治理内容，对辖区进行拉网式排查，全面摸清在建、在售房地产项目情况。对发现的问题要逐项建立台账，明确治理时限。对取得施工许可证后，因开发商资金链断裂或陷入经济纠纷停建一年以上的烂尾项目，要建立重点监管台账。9月30日前将排查台账、报告和整改措施，报我局房地产市场管理科。
（三）治理整顿阶段（10月1日至11月30日）。两县、两区要根据专项治理方案要求，对辖区内房地产领域易发问题进行集中治理。违规情节较轻的，限期整改，拒不整改或违规情节较重的要依法依规处置；治理难度大短期难以解决的，制定完善规章制度；对债权债务复杂的烂尾楼项目，逐项建立“一个包靠班子、一套处理机制、一个解决方案”的工作机制，研究解决措施，实行定期调度和销号制度，确保取得阶段性成果。
（四）评估验收阶段（12月1日至12月31日）。两县、两区对辖区内专项治理工作进行检查验收，形成总结报告（包括排查摸底、治理整顿情况、遇到的问题及工作建议），于12月15日前报我局房地产市场管理科。我局将组织对重点领域和重点项目进行专项督查，总结推广好的经验做法和成功案例；对专项治理组织不力、落实不到位、成效不明显的县、区进行重点督办。
五、工作要求
（一）统一思想，强化组织领导。两县、两区要把思想和行动迅速统一到国家、自治区关于促进促进房地产业平稳健康发展各项重大决策部署上来，充分认识规范有序的房地产市场秩序对稳定房地产市场的重大意义，牢固树立大局意识、责任意识和风险意识，按照属地管理的原则积极落实地方主体责任，分别成立专项整治活动领导小组，结合本地市实际，进一步明确工作职责，分解工作任务，制定切实可行、行之有效的工作措施，认真履行职责，扎实开展治理活动，积极落实专项整治活动的相关要求。
（二）强化监管，规范企业行为。两县、两区房地产主管部门要扎实开展日常巡查和集中专项整治，始终保持高压态势，严厉打击违法违规行为，做到有案必查，严查严办，加大房地产市场违法违规行为的曝光和处罚力度，涉嫌犯罪的，移交司法机关依法追究刑事责任，不断规范和优化我市房地产市场环境，切实维护群众合法权益，促进我市房地产市场平稳健康发展。
（三）有效防控，化解市场风险。两县、两区房地产主管部门要加强对本地区房地产市场动态监管分析，强化风险意识，进一步加大与国土、统计、物价、金融、税务、公安、信访等部门的联合协作力度，积极构建信息共享、情况互通、违法违规行为共查的工作机制。建立风险台账，发现有重大风险隐患的，及时上报所在地人民政府，及时启动应急预案和应急处置机制，积极稳妥处置和化解风险，防止风险扩大蔓延。
（四）巩固成果，建立长效机制。各县、区房地产主管部门要加强监督管理，加快构建事中事后监管体系，督导房地产企业遵纪守法，诚实守信，恪守对消费者在商品和服务质量方面作出的承诺。同时，不断加强日常巡查，畅通举报投诉渠道，及时发现和查处房地产企业违法违规问题，有效规范企业经营行为，长期维护良好市场秩序，促进我市房地产市场平稳健康发展。
 
中卫市住房和城乡建设局   
2018年6月7日  
===============================

宁夏回族自治区城市房地产开发经营管理条例
发布人：发布时间：2019年05月09日 14:36:00文章来源：宁夏人大网阅读量：156
我要打印         关闭
 
（2002年9月6日宁夏回族自治区第八届人民代表大会常务委员会第二十八次会议通过  根据2006年3月31日宁夏回族自治区第九届人民代表大会常务委员会第二十一次会议《关于修改〈宁夏回族自治区矿产资源管理条例〉等12件地方性法规的决定》修正  根据2008年11月28日宁夏回族自治区第十届人民代表大会常务委员会第六次会议《关于修改〈宁夏回族自治区城市房地产开发经营管理条例〉的决定》第二次修正  根据2011年12月1日宁夏回族自治区第十届人民代表大会常务委员会第二十七次会议《关于修改六件地方性法规的决定》第三次修正  根据2016年5月27日宁夏回族自治区第十一届人民代表大会常务委员会第二十四次会议《关于修改〈宁夏回族自治区公路路政管理条例〉等四件地方性法规的决定》第四次修正  根据2019年3月26日宁夏回族自治区第十二届人民代表大会常务委员会第十一次会议《关于修改〈宁夏回族自治区商品交易市场管理条例〉等18件地方性法规的决定》第五次修正）
 
目    录
   第一章  总则
   第二章  房地产开发企业
   第三章  房地产开发建设
   第四章  房地产经营
   第五章  法律责任
   第六章  附则
 
第一章  总  则
第一条  为了规范房地产开发经营行为，加强对城市房地产开发经营活动的监督管理，维护房地产市场秩序，促进和保障房地产业的健康发展，根据《中华人民共和国城市房地产管理法》、国务院《城市房地产开发经营管理条例》以及有关法律、行政法规的规定，结合自治区实际，制定本条例。
第二条  凡在自治区城市规划区内国有土地上从事房地产开发经营活动，对房地产开发经营活动进行监督管理，应当遵守本条例。
第三条  房地产开发经营应当符合城市规划以及土地利用总体规划，按照经济效益、社会效益、环境效益相统一的原则，实行全面规划、合理布局、综合开发、配套建设。
第四条  自治区人民政府建设行政主管部门负责本行政区域内房地产开发经营活动的监督管理工作。
   市、县人民政府房地产开发主管部门负责本行政区域内房地产开发经营活动的监督管理工作。
   县级以上人民政府负责土地管理工作的部门负责与房地产开发经营有关的土地管理工作。
第二章  房地产开发企业
第五条  房地产开发企业，是指以营利为目的，从事房地产开发经营活动的企业。
第六条  设立房地产开发企业，应当具备下列条件:
   （一）有十一名以上持有资格证书的房地产专业、建筑工程专业的专职技术人员，二名以上专职会计人员，一名以上专职统计人员；
   （二）与专业技术人员签订了劳动合同并缴纳了社会保险费；
   （三）法律、行政法规规定的其他条件。
第七条  设立房地产开发企业，应当向市场监督管理部门申请登记注册。
   市场监督管理部门在对设立房地产开发企业申请登记进行审查时，应当听取同级房地产开发主管部门的意见。
第八条  房地产开发企业实行资质管理制度。未取得资质证书的，不得从事房地产开发经营活动。
   房地产开发企业不得隐瞒真实情况，弄虚作假骗取资质证书；不得伪造、涂改、转让、出租、出借资质证书。
第九条  新设立的房地产开发企业应当申请核发暂定资质证书。
   暂定资质证书有效期为一年。开发项目未完成的，可以延长有效期，但延长期限不得超过二年。
   房地产开发企业应当在暂定资质证书有效期满前三十日内向房地产开发主管部门提出核定资质等级申请；房地产开发主管部门应当根据企业开发经营业绩核定相应的资质等级。
第十条  房地产开发企业申请核定资质等级，应当提交下列文件:
   （一）资质等级申报表；
   （二）暂定资质证书；
   （三）营业执照复印件；
   （四）法定代表人的身份证明和专业技术人员的资格证书及聘用合同；
   （五）房地产开发项目手册及住宅质量保证书、住宅使用说明书的执行情况报告；
   （六）已开发经营项目的有关证明材料。
第十一条  房地产开发企业资质按照企业条件分为一级资质、二级资质、三级资质、四级资质，承担相应规模的房地产开发项目:
   （一）一级资质的房地产开发企业承担的开发项目规模不受限制；
   （二）二级资质的房地产开发企业承担的开发项目建筑面积不得超过二十五万平方米；
   （三）三级资质的房地产开发企业承担的开发项目建筑面积不得超过十万平方米；
   （四）四级资质的房地产开发企业承担的开发项目建筑面积不得超过三万平方米。
   暂定资质的房地产开发企业应当依据资质证书的要求承担相应规模的开发项目。
   房地产开发项目分期开发的，其建筑面积按总规模计算。
   房地产开发企业不得越级承担开发项目。
   房地产开发企业的资质等级核定标准，按照国家和自治区有关规定执行。
第十二条  房地产开发企业资质等级按照下列规定核定:
   （一）一级资质，由自治区建设行政主管部门初审同意后，按照有关规定报国务院建设行政主管部门办理审批；
   （二）二级资质及二级资质以下企业的审批办法由自治区人民政府建设行政主管部门制定。
第十三条  房地产开发企业分立、合并，变更名称、地址、法定代表人的，应当在营业执照变更后三十日内，向原资质审批部门办理变更手续。
   房地产开发企业终止业务活动的，应当向原资质审批部门办理注销资质证书。
第十四条  对资质条件发生变化或者有不良经营行为的房地产开发企业，原资质审批部门应当按照有关规定调整其资质等级或者注销其资质证书。
第十五条  自治区外房地产开发企业进入自治区行政区域内从事房地产开发经营活动，应当持资质证书到自治区建设行政主管部门办理登记、备案手续，并接受房地产开发项目所在地房地产开发主管部门的监督管理。
第十六条  从事房地产开发经营活动的专业技术人员，实行执业资格注册管理制度。
   专业技术人员执业资格注册及管理，由自治区建设行政主管部门按照国家和自治区有关规定办理。
第十七条  房地产开发企业的合法权益受法律保护。任何单位和个人不得非法向企业收取费用，不得无偿占用或者强迫压价购买开发企业的商品房。
第三章  房地产开发建设
第十八条 房地产开发，是指房地产开发企业在依法取得的房地产开发项目用地上进行基础设施建设、房屋建设的行为。
第十九条 确定房地产开发项目，应当符合土地利用总体规划、年度建设用地计划和城市规划、房地产开发年度计划的要求。
   确定房地产开发项目，应当控制零星项目建设，坚持旧区改建和新区建设相结合的原则，注重开发基础设施薄弱、交通拥挤、环境污染严重以及危旧房屋集中的区域，保护和改善城市生态环境，保护历史文化遗产。
   房地产开发主管部门应当会同有关部门编制本行政区域的房地产开发规划和城市危（旧）房屋改造规划，报本级人民政府批准；未列入规划的，不得进行开发建设。
第二十条  房地产开发企业从事房地产开发建设，应当依法办理土地使用权审批手续。
   房地产开发用地应当以出让方式取得；法律和国务院规定可以采用划拨方式的除外。
第二十一条  房地产开发用地使用权出让，应当依法实行招标、拍卖。确实不能采用招标、拍卖的，可以采用协议方式。采用协议方式的，必须进行地价评估，集体审核确定协议价格，并向社会公布协议结果。
   市、县人民政府应当建立房地产开发建设用地收购储备制度。
第二十二条  房地产开发项目应当建立资本金制度，资本金占项目总投资的比例不得低于百分之二十。
   房地产开发主管部门应当按照国家有关规定，对项目资本金投入使用情况实施监督管理。
第二十三条  房地产开发项目建设工程应当依法进行招标。
第二十四条  房地产开发企业应当在土地使用权出让合同签订之日起十五日内，或者收到划拨土地使用权批准文件之日起十五日内，到开发项目所在地房地产开发主管部门领取房地产开发项目手册，并依法办理其他手续后，方可进行房地产项目开发建设。
第二十五条  房地产开发企业应当按照土地使用权出让合同约定的土地用途、动工开发期限进行项目开发建设。出让合同约定的动工开发期限满一年未动工开发的，可以由土地管理部门征收相当于土地使用权出让金百分之二十以下的土地闲置费；满二年未动工开发的，可以由土地管理部门无偿收回土地使用权；因不可抗力或者政府、政府有关部门的行为造成动工迟延的除外。
第二十六条  房地产开发企业应当将房地产开发项目建设过程中的主要事项和有关部门对房地产开发活动的审查处理意见，记录在房地产开发项目手册中，并每半年向房地产开发项目所在地房地产开发主管部门报送备案。
   房地产开发主管部门应当对房地产开发项目手册记录的内容进行监督检查，并将检查结果作为房地产开发企业资质评定的依据之一。
第二十七条  房地产开发主管部门应当组织、指导房地产开发企业和施工单位在房地产开发项目建设中，推广使用新技术、新材料、新设备和新工艺。
第二十八条  房地产开发企业应当对其开发建设的房地产开发项目的质量承担责任。
   勘察、设计、施工、监理等单位应当依照有关法律、法规的规定或者合同的约定，承担相应的责任。
第二十九条  房地产开发项目竣工，依照《建设工程质量管理条例》的规定验收合格后，方可交付使用。
第三十条  房地产开发企业应当收集、整理房地产开发项目各环节的文件资料，建立、健全房地产开发项目档案，并在房地产开发项目验收合格后十五日内，向项目所在地房地产开发主管部门或者有关部门移交房地产开发项目档案。
第四章  房地产经营
第三十一条  房地产经营，是指房地产开发企业将其开发的房地产开发项目或者商品房依法转让或者销售、出租给他人的行为。
第三十二条  以出让方式取得土地使用权的，转让房地产时，应当符合下列条件:
   （一）按照出让合同约定已经支付全部土地使用权出让金，并取得土地使用权证书；
   （二）按照出让合同约定进行投资开发，属于房屋建设工程的，完成开发投资总额的百分之二十五以上，属于成片开发土地的，形成工业用地或者其他建设用地条件。
   转让房地产时房屋已经建成的，应当持有房屋所有权证书。
   以出让方式取得土地使用权的，转让房地产时，土地收益的缴纳和处理按照国家有关规定办理。
第三十三条  以划拨方式取得土地使用权的，转让房地产时，应当按照国务院规定，报有批准权的人民政府审批。有批准权的人民政府准于转让的，应当由受让人办理土地使用权出让手续，并依照国家有关规定缴纳土地使用权出让金。
   以划拨方式取得土地使用权的，转让房地产项目报批时，有批准权的人民政府按照国务院规定决定可以不办理土地使用权出让手续的，转让人应当按照国务院规定将转让房地产项目所获得收益中的土地收益上缴国家或者作其他处理。
第三十四条  转让房地产开发项目，转让人和受让人应当签订房地产开发项目转让合同，并自办理土地使用权变更登记之日起三十日内，持下列材料到项目所在地房地产开发主管部门备案:
   （一）房地产开发项目转让合同；
   （二）土地使用权变更批准文件；
   （三）项目的立项计划、规划、建设用地等审批文件；
   （四）项目进展情况的证明材料；
   （五）双方房地产开发企业的资质证书；
   （六）房地产开发主管部门需要提供的其他证明材料。
第三十五条 销售商品房，包括预售商品房和现售商品房。
   房地产开发企业可以自行销售商品房，也可以委托依法成立的房地产中介服务机构销售商品房。房地产中介服务机构销售商品房的，应当向商品房购买人出具商品房的有关证明文件和商品房销售委托书。
第三十六条  预售商品房，实行预售许可制度。
   预售商品房，房地产开发企业应当向商品房所在地房地产开发主管部门申请办理预售登记，取得商品房预售许可证。未取得商品房预售许可证的，不得有任何性质预售行为，不得向预购人收取任何预定性质的费用。
   预售商品房，房地产开发企业应当向预购人出示商品房预售许可证，并与预购人签订商品房预售合同。
第三十七条  预售商品房，应当符合下列条件:
   （一）具有企业法人营业执照和房地产开发企业资质证书；
   （二）已交付全部土地使用权出让金，取得土地使用权证书；
   （三）持有建设工程规划许可证和施工许可证；
   （四）按提供的预售商品房工程施工进度计算，地上建筑设计层数三层以下的建筑主体完工，地上建筑设计层数四层以上七层以下的完成建筑主体的三分之二，地上建筑设计层数八层以上的完成建筑主体的二分之一，并已确定施工进度和竣工交付日期；
   （五）已办理预售登记，取得商品房预售许可证。
第三十八条  现售商品房，应当符合下列条件:
   （一）具有企业法人营业执照和房地产开发企业资质证书；
   （二）取得土地使用权证书；
   （三）持有建设工程规划许可证和施工许可证；
   （四）已通过竣工验收；
   （五）配套基础设施和公共设施具备交付使用条件或者已确定施工进度和交付日期；
   （六）前期物业管理方案已经落实。
第三十九条 销售商品房，房地产开发企业应当与购买人签订商品房销售合同，并将商品房销售合同、房地产开发项目手册及符合商品房销售条件的有关证明文件，报商品房所在地房地产开发主管部门备案。
   商品房销售合同应当载明所售商品房的位置、结构、建筑面积、分摊面积、价格、交付日期、质量要求、前期物业管理方式以及违约责任等。
第四十条  房地产开发企业、房地产中介服务机构不得进行虚假广告宣传，商品房预售广告中必须载明商品房预售许可证的文号。
第四十一条  房地产开发项目转让和商品房销售价格，由当事人协商议定。经济适用住房实行政府指导价或者政府定价。
第四十二条  房地产开发企业应当按照商品房买卖合同的约定，将符合交付使用的商品房按期交付购买人。未能按期交付使用的，房地产开发企业应当承担违约责任。
   因不可抗力或者双方当事人在合同中约定的其他原因，确需延期交付的，房地产开发企业应当通知购买人。
第四十三条  房地产开发企业应当在商品房交付使用前，委托具有房地产测绘资格的单位对商品房面积实施测绘，并将测绘结果及有关房屋权属登记的资料报送商品房所在地房地产开发主管部门备案，并向购买人出示测绘结果。
第四十四条  房地产开发企业交付商品房时，应当向购买人提供住宅质量保证书和住宅使用说明书。
   房地产开发企业应当按照住宅质量保证书的内容，对所销售的商品房承担质量保修责任。保修期内，因房地产开发企业对商品房进行维修，造成房屋原有功能的损害，给购买人造成损失的，应当依法承担赔偿责任。商品房购买人应当按照住宅使用说明书的要求使用商品房。
   商品房质量保修期从商品房交付之日起计算。
   商品房购买人认为商品房主体结构质量不合格的，可以向工程质量监督管理机构申请核验；经核验，原商品房主体结构质量不合格的，购买人有权退房；给购买人造成损失的，房地产开发企业应当依法承担赔偿责任。
第四十五条  购买人购买商品房后，应当依法办理土地使用权变更和房屋所有权登记手续。具体办法由自治区人民政府另行制定。
第五章  法律责任
第四十六条  违反本条例规定，未取得营业执照，擅自从事房地产开发经营的，由市场监督管理部门责令其停止房地产开发经营活动，没收违法所得，可以并处违法所得五倍以下的罚款。
第四十七条  违反本条例规定，未取得资质证书或者超越资质等级从事房地产开发经营的，由县级以上人民政府房地产开发主管部门责令限期改正，处五万元以上十万元以下的罚款；逾期不改正的，由市场监督管理部门依照国务院《城市房地产开发经营管理条例》的规定，吊销营业执照。
第四十八条  违反本条例规定，擅自转让房地产开发项目的，由县级以上人民政府负责土地管理工作的部门责令停止违法行为，没收违法所得，可以并处违法所得五倍以下的罚款。
第四十九条  违反本条例规定，房地产开发企业有下列行为之一的，由县级以上人民政府房地产开发主管部门责令停止违法行为，没收违法所得，并处一万元以上三万元以下的罚款:
   （一）隐瞒真实情况，弄虚作假骗取资质证书的；
   （二）伪造、涂改、出租、出借、转让、出卖资质证书的。
第五十条  违反本条例规定，擅自预售商品房的，由县级以上人民政府房地产开发主管部门责令停止违法行为，没收违法所得，可以并处已收取的预付款百分之一以下的罚款。
第五十一条  违反本条例规定，房地产开发企业不履行保修义务或者拖延履行保修义务的，由县级以上人民政府房地产开发主管部门责令限期改正，处五千元以上一万元以下的罚款。
第五十二条  当事人对行政处罚决定不服的，可以依法申请行政复议或者向人民法院提起行政诉讼。当事人逾期不申请行政复议，也不提起行政诉讼，又不履行处罚决定的，由作出行政处罚决定的机关申请人民法院强制执行。
第五十三条  国家工作人员在房地产开发经营管理工作中，玩忽职守，滥用职权，徇私舞弊，构成犯罪的，依法追究刑事责任；尚不构成犯罪的，依法给予行政处分。
第六章  附  则
第五十四条  在城市规划区外国有土地上从事房地产开发经营，实施房地产开发经营监督管理，参照本条例执行。
第五十五条  城市规划区内集体所有的土地，经依法征用转为国有土地后，方可用于房地产开发经营。
第五十六条  本条例自2002年10月15日起施行。",效力 状态 有效 发布 机构 中卫市 住房 城乡 建设局 成文 日期 责任 部门 中卫市 住房 城乡 建设局 发布 日期 关于 印发 中卫市 商品房 预售 资金 监管 实施细则 通知 卫住 建规发 中宁县 海原县 住房 城乡 建设局 沙坡头区 住房 城乡建设 交通局 自然资源 不动产 确权 登记 中心 商业银行 开发 企业 现将 中卫市 商品房 预售 资金 监管 实施细则 印发 你们 认真执行 中卫市 住房 城乡 建设局 中国人民银行 中卫市 分行 国家 金融 监督管理 总局 中卫 监管 分局 此件 公开 发布 中卫市 商品房 预售 资金 监管 实施细则 加强 商品房 预售 资金 监管 确保 商品房 预售 资金 用于 项目 建设 切实 维护 购房人 合法权益 根据 住房 城乡 建设部 人民银行 保监会 关于 规范 商品房 预售 资金 监管 意见 建房 自治区 住房 城乡 建设厅 部门 关于 印发 宁夏回族自治区 商品房 预售 资金 监管 办法 通知 宁建 规发 文件精神 结合 我市 实际 制定 本细则 部门 职责 住房 城乡 建设局 本市 商品房 预售 资金 监管 主管部门 以下 简称 住建 部门 负责 本细则 组织 实施 市辖区 商品房 预售 资金 监管 日常 工作 监督 指导 开发 企业 商业银行 按照 本细则 三方 监管 协议 约定 进行 预售 资金 收支 使用 工作 房地产 开发 企业 违规 违约 行为 有关 规定 责处 人民银行 中卫市 分行 负责 指导 商业银行 做好 监管 账户 管理工作 国家 金融 监督管理 总局 中卫 监管 分局 负责 商业银行 预售 资金 监管 操作 风险 合规性 进行 监督 检查 住房 公积金 管理中心 负责 监督 指导 公积金 分支机构 做好 住房 公积金 贷款 发放 工作 监管 银行 房地产 开发 企业 开立 监管 账户 商业银行 负责 做好 监管 账户 资金 管理工作 按住 部门 拨付 通知 办理 资金 拨付 发现 房地产 开发 企业 违规 抽调 监管 资金 违规 开支 行为 应当 停止 拨付 立即 告知 住建 部门 监管 范围 新建 商品房 预售 资金 房地产 开发 企业 开发 商品房 完成 不动产 首次 登记 进行 预售 购房人 商品房 买卖合同 约定 支付 全部 购房款 包括 定金 首付款 一次性 付款 银行 按揭 贷款 住房 公积金 贷款 其他 方式 付款 市辖区 办理 预售 许可 新建 商品房 项目 接受 预售 资金 监管 监管 银行 确定 管理 住房 城乡 建设局 会同 人民银行 中卫市 分行 国家 金融 监督管理 总局 中卫 监管 分局 综合 商业银行 资信 状况 监管 能力 服务水平 网络 技术 条件 因素 通过 公开招标 方式 确定 能够 承接 商品房 预售 资金 监管 业务 商业银行 标的 商业银行 名录 中卫市 人民政府 门户网站 社会 公示 住房 城乡 建设局 监管 银行 签订 商品房 预售 资金 监管 金融服务 协议 明确 双方 权利义务 关系 定期 监管 银行 预售 资金 监管 工作 进行 综合 评判 符合要求 保留 监管 银行 资格 履行 预售 资金 监管 职责 无法 承担 预售 资金 监管 工作 商业银行 不再 入选 监管 银行 名录 监管 银行 应对 承接 新建 商品房 预售 资金 监管 业务 支行 严格管理 定期检查 及时 处置 违规行为 上报 住建 部门 开设 监管 账户 房地产 开发 企业 申请 商品房 预售 许可 应当 选择 地区 公示 监管 银行 名录 中及 住房 公积金 管理中心 签订 合作 协议 商业银行 开设 监管 账户 房地产 开发 企业 应当 监管 账户 商品房 预售 许可证 商品房 买卖合同 商品房 销售 现场 显著 位置 进行 公示 申请 开设 监管 账户 操作 流程 网上 申请 房地产 开发 企业 登录 房地产 开发 项目 预售 资金 监管 系统 以下 简称 监管 系统 填写 相关 信息 上传 以下 资料 营业执照 法定代表 身份证 委托书 经办人 身份证 要件 审核 住建 部门 受理 申请 工作日内 完成 审核 审核 通过 住建 部门 发送 商品房 预售 资金 监管 账户 开户 通知 监管 银行 房地产 开发 企业 监管 银行 开设 监管 账户 住建 部门 监管 账户 复核 生成 中卫市 新建 商品房 预售 资金 监管 协议书 以下 简称 三方 协议 签订 监管 协议 住建 部门 打印 三方 协议 盖章 房地产 开发 企业 监管 银行 盖章 三方 协议 下列 资料 一同 报送 住建 部门 施工 合同 建筑材料 设施 设备 采购 合同 第三方 造价 咨询机构 出具 项目 成本 预算书 需要 提交 其他 资料 购房款 交存 监管 资金 入账 房地产 开发 企业 应当 告知 协助 购房人 购房款 全部 交存 监管 账户 监管 账户 每笔 预售 资金 入账 载明 对应 楼幢 房号 买受人 以幢 基本 单位 分别 记账 管理 保证 每套 商品房 预售 资金 有账 可查 房地产 开发 企业 及时 通过 宁夏 互联网 智慧 房产 平台 监管 系统 完成 合同 网签 资金 入账 购房人 办理 商品房 买卖合同 备案 手续 房地产 开发 企业 上传 相关 首付款 一次性 付款 按揭 贷款 转账 凭证 银行 回单 签合同 信息 明细表 资料 监管 系统 完成 监管 资金 入账 签订 分期付款 购房 合同 购买 房屋 房地产 开发 企业 应当 督促 协助 购房人 商品房 买卖合同 约定 时间 金额 尾款 转入 监管 账户 自然资源 不动产 确权 登记 中心 首付款 一次性 付款 分期付款 对应 款项 银行 单核 无误 对网 签合同 信息 明细表 商品房 买卖合同 完成 备案 监管 资金 额度 核定 监管 资金 分为 重点 监管 资金 重点 监管 资金 重点 监管 资金 监管 账户 内能 确保 项目 竣工 交付使用 需要 工程建设 资金 重点 监管 资金 直接 拨付 项目 主体 消防 配套工程 建设 相关 施工 企业 建筑材料 设施 设备 采购 供应商 监管 存续 期间 重点 监管 资金 不得 挪用 房地产 开发 企业 不得 用于 支付 任何 本息 不得 用于 缴纳 土地 价款 罚金 支付 营销 费用 房地产 开发 企业 员工工资 进入 监管 账户 资金 优先 作为 重点 监管 资金 达到 重点 监管 资金 额度 进入 监管 账户 资金 重点 监管 资金 重点 监管 资金 优先 用于 项目 本息 土地 价款 罚金 缴纳 税费 营销 费用 房地产 开发 企业 员工工资 房地产 开发 企业 不得 用于 偿还 开发 购地 提前 分配利润 跨界 投资 集团公司 市辖区 设立 公司 房地产 开发 企业 预售 商品房 交付使用 严禁 集团公司 抽调 监管 资金 十一 根据 商品房 项目 建设 工程造价 施工 合同 金额 项目 交付使用 标准 因素 合理 确定 重点 监管 资金 额度 原则上 预售 许可 楼栋 对应 施工 许可 面积 乘以 市辖区 年度 商品房 项目 工程 包括 建筑 主体工程 安装 工程 小区 市政 配套 绿化 景观 工程 综合 平均 造价 确定 商品房 买卖合同 约定 交付使用 标准 精装修 考虑 精装修 建设 成本 市辖区 年度 商品房 项目 工程 综合 平均 造价 由住 部门 委托 第三方 造价 机构 核定 出现 风险 隐患 预售 商品房 项目 可以 根据 保交楼 需要 适度 上浮 重点 监管 资金 上浮 比例 由住 部门 确定 监管 资金 使用 十二 重点 监管 资金 拨付 监管 银行 依据 住建 部门 拨付 通知 办理 拨付 使用 手续 十三 重点 监管 资金 拨付 房地产 开发 企业 通过 监管 系统 申请 监管 银行 直接 房地产 开发 企业 办理 使用 手续 十四 住建 部门 根据 项目 属性 企业信用 资产负债 情况 监管 资金 实行 差别化 动态 管理 信用等级 开发 企业 每个 拨付 节点 最低 留存 比例 降低 信用等级 开发 企业 每个 拨付 节点 最低 留存 比例 降低 信用等级 开发 企业 享受 降低 比例 优惠政策 开发 企业 信用等级 正常 降级 变化 导致 预售 资金 监管 比例 一致 签订 三方 监管 协议 项目 原则上 按原 协议 执行 签订 监管 协议 项目 按照 开发 企业 信用等级 评定 公示 结果 核定 预售 资金 监管 政策 十五 房地产 开发 企业 申请 使用 重点 监管 资金 前提条件 进入 监管 账户 资金 总额 必须 达到 重点 监管 资金 规定 额度 标准 工程进度 达到 本细则 规定 要求 十六 房地产 开发 企业 根据 项目 工程建设 进度 申请 使用 重点 监管 资金 提出申请 通过 监管 系统 上传 项目 工程建设 进度 相关 资料 住建 部门 根据 工程建设 进度 以下 五个 阶段 拨付 重点 监管 资金 建筑 主体 施工 阶段 项目 建筑 主体 楼层 完成 设计 楼层 三分之二 以上 房地产 开发 企业 通过 监管 系统 提出申请 经住 部门 工作人员 现场 核实 办理 拨付 手续 申请 使用 重点 监管 资金 比例 超过 建筑 主体 结构 封顶 阶段 项目 建筑 主体 结构 施工 封顶 房地产 开发 企业 通过 监管 系统 提出申请 经住 部门 工作人员 现场 核实 办理 拨付 手续 累计 申请 使用 重点 监管 资金 比例 超过 项目 五方 责任 主体 竣工 验收 阶段 项目 工程 五方 责任 主体 竣工 验收 合格 房地产 开发 企业 通过 监管 系统 上传 项目 五方 责任 主体 验收 资料 经住 部门 工作人员 核实 办理 拨付 手续 累计 申请 使用 重点 监管 资金 比例 超过 项目 竣工 验收 备案 阶段 项目 联合 竣工 验收 合格 房地产 开发 企业 通过 监管 系统 上传 项目 竣工 验收 备案 经住 部门 工作人员 核实 办理 拨付 手续 累计 申请 使用 重点 监管 资金 比例 超过 不动产 初始 登记 阶段 完成 预售 许可 对应 房屋 不动产 首次 登记 房地产 开发 企业 通过 监管 系统 上传 不动产 首次 登记 资料 资料 项目 解除 监管 使用 监管 账户 剩余 资金 单个 预售 许可 包含 多栋 房屋 工程进度 一致 施工进度 较慢 楼栋 标准 审核 拨付 资金 十七 工程进度 达到 预售 资金 提取 节点 不可抗力 因素 处理 突发事件 维护 社会 稳定 需要 确需 使用 重点 监管 资金 用于 项目 工程建设 不良 信用 记录 房地产 开发 企业 采取 一事 方式 予以 支持 房地产 开发 企业 商品房 预售 项目 资金 监管 期间 项目 发生 重大 安全 生产 事故 群体性 上访 事件 按住 部门 意见 重点 监管 资金 进行 管控 十八 住建 部门 受理 房地产 开发 企业 用款 申请 受理 之日起 工作日内 进行 核实 符合 重点 监管 资金 拨付 条件 住建 部门 监管 银行 发送 同意 拨付 商品房 重点 监管 资金 通知 下列 情形 之一 符合 使用 条件 予以 驳回 说明 理由 工程进度 达到 本细则 规定 要求 申请 使用 额度 超出 规定 比例 收款 单位 合同 约定 不符 其他 符合 使用 规定 情形 十九 监管 银行 依据 住建 部门 同意 拨付 商品房 预售 重点 监管 资金 通知 工作日内 资金 直接 转入 住建 部门 同意 拨付 收款 账户 人民法院 保全 执行 商品房 预售 资金 按照 最高人民法院 住房 城乡 建设部 中国人民银行 关于 规范 人民法院 保全 执行 措施 确保 商品房 预售 资金 用于 项目 建设 通知 执行 人民法院 监管 账户 资金 进行 冻结 扣划 监管 银行 说明 新建 商品房 预售 资金 监管 账户 性质 及时 相关 情况 告知 住建 部门 监管 账户 变更 二十 监管 协议 签订 原则上 不予 办理 监管 银行 监管 账户 变更 确需 变更 房地产 开发 企业 部门 监管 银行 重新 开设 监管 账户 签订 三方 协议 二十一 监管 银行 监管 账号 信息 只能 变更 一次 变更 期间 监管 账户 对应 新建 商品房 不得 销售 不予 办理 预售 资金 收存 拨付 业务 变更 房地产 开发 企业 监管 银行 账户 结余 资金 全部 转入 监管 账户 及时 办理 预售 许可证 证载 账户 信息 变更 手续 销售 现场 公示 告知 购房人 二十二 房地产 开发 企业 申请 变更 监管 账户 应当 监管 系统 上传 以下 资料 监管 账户 变更 申请 监管 账户 监管 银行 出具 同意 变更 监管 账户 资料 需要 提交 其他 资料 二十三 住建 部门 受理 监管 账户 变更 申请 工作日内 完成 审核 监管 银行 发送 解除 商品房 预售 资金 监管 通知 开发 企业 按照 监管 账户 设立 程序 重新 办理 资金 监管 不明 入账 处理 二十四 购房人 通过 电汇 网上银行 转账 方式 交存 购房款 或者 商业银行 发放 个人 抵押 贷款 形成 不明 入账 房地产 开发 企业 应当 及时 划分 购房人 名下 十一 冲正 处理 二十五 属于 资金 错误 划入 监管 账户 房地产 开发 企业 应当 上传 以下 资料 监管 系统 申请 办理 账务 冲正 冲正 申请 监管 银行 出具 资料 由于 发放 购房 按揭 贷款 或者 银行 汇款 原因 造成 资金 错误 划入 监管 账户 应当 提供 相关 发起 银行 出具 资料 二十六 住建 部门 受理 申请 工作日内 完成 核实 监管 银行 发送 商品房 预售 资金 监管 账户 冲正 通知 房地产 开发 企业 监管 银行 办理 冲正 手续 二十七 银行 误传 数据 拨付 失败 原因 形成 不明 入账 导致 账务 问题 参照 上述 冲正 流程 处理 十二 退款 处理 二十八 房地产 开发 企业 购房人 办理 退房 手续 申请 退款 交易 双方 共同 申请 监管 系统 上传 以下 资料 退房 退款 申请 房地产 开发 企业 授权 委托书 法定代表 人及 经办人 身份证 复印件 购房人 身份证 复印件 核实 原件 需要 提交 其他 资料 住建 部门 核实 工作日内 办理 业务 合同 撤销 变更 通知 监管 银行 退款 手续 原则上 使用 重点 监管 资金 列支 拨付 监管 资金 使用 重点 监管 资金 支付 十三 解除 监管 二十九 房地产 开发 企业 办理 监管 项目 不动产 首次 登记 及时 申请 解除 监管 账户 监管 三十 房地产 开发 企业 申请 办理 解除 监管 监管 系统 上传 以下 资料 解除 监管 申请 监管 项目 不动产 首次 登记 资料 扫描 文件 住建 部门 受理 申请 工作日内 完成 核实 核实 通过 监管 银行 发送 解除 商品房 预售 资金 监管 通知 十四 银行 保函 管理 三十一 监管 账户 资金 达到 重点 监管 资金 额度 房地产 开发 企业 商业银行 申请 出具 保函 置换 商品房 监管 额度 资金 银行 机构 开展 保函 置换 预售 监管 资金 业务 需要 按照 中国 保监会 办公厅 住房 城乡 建设部 办公厅 中国人民银行 办公厅 关于 商业银行 出具 保函 置换 预售 监管 资金 有关 规定 通知 银保监 办发 文件 要求 办理 十五 违规行为 处理 三十二 房地产 开发 企业 下列 行为 之一 一经 查实 由住 部门 责令 限期 改正 采取 商品房 网签 备案 监管 资金 使用 审核 预售 许可 审批 管控 措施 逾期 不改 由住 部门 按照 有关 规定 予以 处理 同时 记入 房地产 开发 企业信用 信息 档案 社会 公示 按规定 商品房 买卖合同 全部 购房款 交存 监管 账户 按规定 使用 重点 监管 资金 按规定 提供 真实 申请 资料 办理 新建 商品房 预售 资金 监管 相关 手续 收取 其他 款项 为名 变相 逃避 监管 违规 挪用 抽调 资金 房地产 开发 企业 作为 新建 商品房 预售 项目 建设 主体 应当 承担 由于 盲目投资 非法 集资 违法 违规 经营 挪用 预售 资金 引发 工程项目 烂尾 违规 交房 逾期 交房 产生 法律责任 施工 企业 建筑材料 设施 设备 采购 供应商 出具 虚假 资料 协助 房地产 开发 企业 违规 支取 重点 监管 资金 应当 承担 相应 法律责任 三十三 监管 银行 认真 履行 监管 义务 违反 合作 协议 三方 协议 本细则 相关 规定 按揭 银行 按揭 贷款 直接 发放 商品房 买卖合同 注明 监管 账户 住建 部门 取消 监管 银行 资格 监管 银行 按揭 银行 上述 违规 违约 行为 通报 人民银行 中卫市 分行 国家 金融 监督管理 总局 中卫 监管 分局 人民银行 中卫市 分行 国家 金融 监督管理 总局 中卫 监管 分局 相关 规定 进行 处理 三十四 预售 资金 监管 部门 人民银行 中卫市 分行 国家 金融 监督管理 总局 中卫 监管 分局 住房 公积金 管理中心 监管 银行 按揭 银行 本细则 规定 配合 监管 工作 人员 预售 资金 监管 工作 玩忽职守 滥用职权 徇私舞弊 依法 依规 予以 处理 十六 实施 时间 三十五 本细则 日起 施行 有效期 本细则 出台 处于 监管 项目 原有 政策 执行 国家 自治区 规定 按新 规定 执行 中宁县 海原县 参照 执行 近日 中卫市 住房 公积金 管理中心 贯彻落实 市委 市政府 经济 增长 促发展 精神 推出 九项 举措 支持 住房 公积金 缴存 人员 解决 刚性 改善 住房 需求 本市 房地产 市场 良性循环 健康 平稳 发展 一是 试行 大家庭 成员 共同 购房 提取 住房 公积金 购买 住房 使用 个人 住房贷款 签订合同 年内 可以 提取 本人 配偶 子女 配偶 本人 父母 配偶 父母 住房 公积金 个人账户 存储 余额 用于 支付 购房款 累计 提取 金额 不得 超过 所购 房屋 价款 偿还 住房贷款 可以 提取 本人 配偶 子女 配偶 本人 父母 配偶 父母 住房 公积金 个人账户 存储 余额 用于 直接 偿还 贷款 本息 合计 提取 金额 不得 超过 偿还 贷款 余额 同时 累计 提取 金额 不得 超过 贷款 金额 利息 二是 全面推行 划转 住房 公积金 贷款 本息 业务 以下 简称 对冲 还贷 本市 缴存 人员 使用 本市 住房 公积金 个人 住房贷款 第一期 贷款 即可 签约 办理 对冲 还贷 提取 住房 公积金 个人账户 存储 余额 偿还 本次 贷款 时间 间隔 影响 积极 协调 区内 兄弟 中心 推行 区内 跨市 对冲 还贷 鼓励 本市 受托 银行 对接 商业性 个人 住房贷款 对冲 还贷 三是 灵活 住房 公积金 个人 住房贷款 提前 结清 方式 借款人 共同 借款人 使用 本人 住房 公积金 个人账户 存储 余额 提前 结清 住房 公积金 个人 住房贷款 提取 时间 不再 一次 提取 间隔 一年 期限 限制 四是 第二次 申请 贷款 不再 提取 间隔 限制 首次 使用 住房 公积金 个人 住房贷款 借款人 结清 贷款 再次 申请 住房 公积金 个人 住房贷款 申请 时间 不再 提取 间隔 限制 五是 统一 本市 购房 住房 公积金 个人 住房贷款 政策 本市 购房 申请 住房 公积金 个人 住房贷款 本市 缴存 人员 本市 缴存 人员 同等 享有 贷款 权益 执行 统一 贷款 政策 实现 全国 范围 缴存 人员 本市 购房 申请 住房 公积金 个人 住房贷款 覆盖 六是 协调 受托 银行 推行 个人住房 组合 贷款 缴存 人员 本市 购买 住房 住房 公积金 个人 住房贷款 满足 不了 贷款 需求 申请 住房 公积金 个人 住房贷款 商业性 个人 住房贷款 组合 贷款 七是 降低 住房 公积金 贷款 楼盘 准入 标准 本市 开发 楼盘 房地产 开发 企业 取得 商品房 预售 许可证 即可 申请 预售 楼盘 住房 公积金 贷款 准入 开办 住房 公积金 个人 住房贷款 八是 探索 实行 带押 过户 贷款 积极 协调 有关 部门 推动 带押 过户 住房 公积金 贷款 方面 落地 落实 抵押 状态 房产 不用 提前 还清 贷款 可以 交易 过户 发放 贷款 降低 商品住宅 交易 时间 成本 资金 成本 交易 风险 便利 贷款 办理 加快 房地产 交易 速度 进一步 激活 房地产 市场 九是 支持 受托 银行 承办 代办 住房 公积金 业务 支持 受托 银行 进驻 当地 政务 服务中心 承办 住房 公积金 业务 受托 银行 可以 利用自身 网点 优势 特别 偏远 乡镇 网点 优势 代办 住房 公积金 相关 业务 进一步 方便 缴存 九项 举措 聚焦 为民 办实事 来源 中卫市 住房 公积金 管理中心 阅读 关于 开展 全市 房地产 领域 突出 问题 专项 治理 工作 通知 卫住 建发 沙坡头区 建设 交通局 中宁县 海原县 建局 海兴 开发区 规划 国土 建设局 房地产 开发 企业 切实做好 我市 房地产 领域 易发 问题 专项 治理 工作 促进 房地产 市场 持续 健康 稳定 发展 根据 自治区 建厅 关于 加快 房地产 领域 矛盾 纠纷 化解 工作 通知 建房 关于 转发 住房 城乡 建设部 办公厅 关于 开展 房地产 领域 购房 矛盾 纠纷 排查 化解 工作 通知 通知 宁建 及市 综治委 综治 平安 中卫 建设 工作 实施方案 文件精神 开展 全市 房地产 领域 突出 问题 专项 治理 工作 通知 如下 总体目标 以党 十九 中央 经济 工作 会议 中央 城市 工作 会议 精神 指导 坚持 统筹 协调 标本兼治 建章立制 惩防 并举 重点 治理 非法 强拆 补偿款 标准 及时 足额 兑现 烂尾楼 盘难 处置 房屋 交付 合规 交易 监管 到位 国有土地 房屋 征收 程序 规范 房地产 领域 易发 问题 进一步 规范市场 强化 管理 防范 风险 切实 维护 群众 合法权益 促进 社会 和谐 稳定 治理 重点 烂尾楼 盘难 处置 问题 开发 企业 经营 困难 资金 链断裂 无力 续建 陷入 债务纠纷 项目 停工 以上 导致 楼盘 烂尾 项目 债权债务 复杂 司法 查封 融资 重启 困难 突出 问题 商品房 交付 合规 问题 开发 企业 达到 竣工 验收 标准 商品房 强制 交房 开发 企业 逾期 交房 达到 以上 合同 约定 承担 相应 责任 住宅 专项 维修 资金 新建 物业 质量 保修 金未 应收 尽收 房屋交易 监管 到位 问题 开发 企业 取得 预售 许可 违规 售房 非法 挪用 商品房 预售 资金 一房 面积 缩水 抵押 冻结 房产 违规 出售 二手房 交易 资金 监管 存在 空白 房产 中介机构 从业人员 脱离 监管 中介 非法 监管 挪用 交易 资金 开发 企业 违反规定 进行 售后 返租 委托 第三方 进行 售后 返租 国有土地 房屋 征收 规范 问题 严格执行 国家 有关 政策法规 规定 存在 非法 强拆 补偿款 标准 及时 足额 兑现 规范 行为 及时 公布 房屋 征收 相关 信息 侵犯 征收 群众 知情权 参与权 监督权 及时 排查 化解 房屋 征收 矛盾 纠纷 解决 群众 合理 诉求 不力 治理 措施 依法 妥善处置 烂尾楼 坚持 依法 依规 理性 务实 积极 稳妥 逐个 楼盘 研究 拟定 处置 方案 挪用 预售 资金 造成 烂尾 项目 督促 开发 企业 筹措 资金 恢复 项目 建设 企业 自身 无力 实施 项目 协调 其他 实力 开发 企业 接盘 尽快 复工 达到 竣工 交付 条件 债权债务 复杂 难以 协调 接盘 项目 按照 购房者 债权 优先 受偿 通过 司法 途径 妥善解决 严格 商品房 交付使用 条件 凡未 足额 缴存 首期 住宅 专项 维修 资金 新建 物业 质量 保修 项目 不予 办理 竣工 综合 验收 备案 不得 交付使用 因未 达到 交付 条件 逾期 交房 开发 企业 按照 合同 约定 承担 逾期 责任 制定 违约金 赔付 方案 有关 部门 建立 预警 台账 督促 开发 企业 采取有效 措施 尽快 验收 交付使用 严肃查处 开发 企业 商品住宅 交付使用 提供 住宅 质量 保证书 住宅 使用 说明书 违法 违规行为 加强 房屋交易 监管 一是 严格 商品房 预售 管理 及时 社会 公开 预售 许可 相关 信息 进行 房产 预测 提供 拟售 商品房 精确 位置 面积 不予 受理 预售 许可 依法 严肃查处 取得 预售 许可 内部 认购 违规 预售 行为 严禁 返本 销售 委托 第三方 售后 返租 严厉打击 非法 首付 过桥 贷及 非法 监管 挪用资金 行为 严把 新建 商品房 预售 许可 条件 鼓励 推行 现房 销售 二是 推进 房屋买卖 合同 在线 签订 备案 制度 覆盖 运用 房屋买卖 合同 在线 签订 备案 系统 当事人 主体资格 房源 真实性 权利 查核 功能 进行 购房 资格 审核 房源 核验 严肃查处 开发商 个人 一房 隐瞒 抵押 担保 事项 分割 销售 违法行为 加强 房屋交易 产权 档案管理 信息 平台 建设 三是 完善 房屋交易 资金 监管 机制 房地产 主管部门 设立 房屋交易 资金 监管 专用 账户 全面 加强 新建 商品房 预售 资金 监管 重点 查处 按规定 缴存 预售 资金 逃避 预售 资金 监管 行为 避免 造成 资金 链断裂 楼盘 烂尾 风险 优化 预售 监管 资金 核拨 流程 留足 保证 工程 竣工 交付 资金 全面实施 存量房 二手房 交易 资金 监管 确保 房屋 交易 资金 按照 约定 安全 交付 四是 提高 中介机构 管理水平 全面落实 房地产 中介机构 备案 制度 中介 人员 实名 服务 制度 加强 经纪人 经纪人 协理 登记 建立 中介 行业 信用 管理 平台 规范 国有土地 房屋 征收 认真贯彻 执行 国家 国有土地 房屋 征收 有关 政策法规 加强 行政 司法 联动 注重 运用 法治 思维 法治 方式 推进 房屋 征收 严格 房屋 征收 信息 公开 制度 推广 完善 公开 听证 裁执 分离 律师 参与 经验 做法 强化 房屋 征收 协调 调度 完善 信息 统计 监测 定期 开展 房屋 征收 矛盾 纠纷 排查 做到 发现 预防 化解 健全 房屋 征收 突发事件 应急 处置 机制 增强 风险 防范 意识 突发事件 处置 能力 方法 步骤 自查自纠 阶段 日至 沙坡头区 建设 交通局 负责 沙坡头区 房地产 领域 突出 问题 治理 工作 认真 组织 企业 进行 自查自纠 建立 台账 制定 措施 确保 底数 清楚 措施 到位 自查自纠 情况 日前 我局 房地产 市场 管理科 中宁县 海原县 海兴 开发区 结合 各自 实际 分别 制定 具体 方案 进一步 明确 目标 落实 责任 强化措施 日前 我局 房地产 市场 管理科 摸底 排查 阶段 日至 两县 两区 对照 专项 治理 内容 辖区 进行 拉网式 排查 全面 摸清 在建 在售 房地产 项目 情况 发现 问题 逐项 建立 台账 明确 治理 时限 取得 施工 许可证 开发商 资金 链断裂 陷入 经济纠纷 停建 一年 以上 烂尾 项目 建立 重点 监管 台账 日前 排查 台账 报告 整改措施 我局 房地产 市场 管理科 治理整顿 阶段 日至 两县 两区 根据 专项 治理 方案 要求 辖区 房地产 领域 易发 问题 进行 集中 治理 违规 情节 较轻 限期 整改 整改 违规 情节 较重 依法 依规 处置 治理 难度 短期 难以解决 制定 完善 规章制度 债权债务 复杂 烂尾楼 项目 逐项 建立 一个包 班子 一套 处理 机制 一个 解决方案 工作 机制 研究 解决 措施 实行 定期 调度 销号 制度 确保 取得 阶段性 成果 评估 验收 阶段 日至 两县 两区 辖区 专项 治理 工作 进行 检查 验收 形成 总结报告 包括 排查 摸底 治理整顿 情况 遇到 问题 工作 建议 日前 我局 房地产 市场 管理科 我局 组织 重点 领域 重点项目 进行 专项 督查 总结 推广 经验 做法 成功 案例 专项 治理 组织 不力 落实 到位 成效 明显 进行 重点 督办 工作 要求 统一 思想 强化 组织 领导 两县 两区 思想 行动 迅速 统一 国家 自治区 关于 促进 促进 房地产业 平稳 健康 发展 各项 重大 决策 部署 上来 充分认识 规范 有序 房地产 市场秩序 稳定 房地产 市场 重大意义 牢固 树立 大局意识 责任意识 风险意识 按照 属地 管理 原则 积极 落实 地方 主体 责任 分别 成立 专项 整治 活动 领导小组 结合 本地 实际 进一步 明确 工作 职责 分解 工作 任务 制定 切实可行 行之有效 工作 措施 认真 履行职责 扎实 开展 治理 活动 积极 落实 专项 整治 活动 相关 要求 强化 监管 规范 企业 行为 两县 两区 房地产 主管部门 扎实 开展 日常 巡查 集中 专项 整治 始终保持 高压 态势 严厉打击 违法 违规行为 做到 有案必查 严查 严办 加大 房地产 市场 违法 违规行为 曝光 处罚 力度 涉嫌犯罪 移交 司法机关 依法追究 刑事责任 不断 规范 优化 我市 房地产 市场 环境 切实 维护 群众 合法权益 促进 我市 房地产 市场 平稳 健康 发展 有效 防控 化解 市场 风险 两县 两区 房地产 主管部门 加强 对本 地区 房地产 市场动态 监管 分析 强化 风险意识 进一步 加大 国土 统计 物价 金融 税务 公安 信访 部门 联合 协作 力度 积极 构建 信息 共享 情况 互通 违法 违规行为 共查 工作 机制 建立 风险 台账 发现 重大 风险 隐患 及时 上报 所在地 人民政府 及时 启动 应急 预案 应急 处置 机制 积极 稳妥 处置 化解 风险 防止 风险 扩大 蔓延 巩固 成果 建立 长效机制 各县 房地产 主管部门 加强 监督管理 加快 构建 事中 事后 监管 体系 督导 房地产 企业 遵纪守法 诚实 守信 恪守 消费者 商品 服务质量 方面 作出 承诺 同时 不断加强 日常 巡查 畅通 举报 投诉 渠道 及时发现 查处 房地产 企业 违法 违规 问题 有效 规范 企业 经营 行为 长期 维护 良好 市场秩序 促进 我市 房地产 市场 平稳 健康 发展 中卫市 住房 城乡 建设局 宁夏回族自治区 城市 房地产 开发 经营 管理条例 发布 发布 时间 文章 来源 宁夏 人大网 阅读 我要 打印 关闭 宁夏回族自治区 第八届 人民代表大会常务委员会 第二十八 会议 通过 根据 宁夏回族自治区 第九届 人民代表大会常务委员会 第二十一次 会议 关于 修改 宁夏回族自治区 矿产资源 管理条例 地方性 法规 决定 修正 根据 宁夏回族自治区 第十届 人民代表大会常务委员会 第六次 会议 关于 修改 宁夏回族自治区 城市 房地产 开发 经营 管理条例 决定 第二次 修正 根据 宁夏回族自治区 第十届 人民代表大会常务委员会 第二十七次 会议 关于 修改 六件 地方性 法规 决定 第三次 修正 根据 宁夏回族自治区 第十一届 人民代表大会常务委员会 第二十四 会议 关于 修改 宁夏回族自治区 公路 路政 管理条例 四件 地方性 法规 决定 第四次 修正 根据 宁夏回族自治区 第十二届 人民代表大会常务委员会 第十一次 会议 关于 修改 宁夏回族自治区 商品交易 市场 管理条例 地方性 法规 决定 第五次 修正 第一章 总则 第二章 房地产 开发 企业 第三章 房地产 开发 建设 第四章 房地产 经营 第五章 法律责任 第六章 附则 第一章 第一条 为了 规范 房地产 开发 经营 行为 加强 城市 房地产 开发 经营 活动 监督管理 维护 房地产 市场秩序 促进 保障 房地产业 健康 发展 根据 中华人民共和国 城市 房地产 管理法 国务院 城市 房地产 开发 经营 管理条例 以及 有关 法律 行政 法规 规定 结合 自治区 实际 制定 条例 第二条 自治区 城市规划 区内 国有土地 从事 房地产 开发 经营 活动 房地产 开发 经营 活动 进行 监督管理 应当 遵守 条例 第三条 房地产 开发 经营 应当 符合 城市规划 以及 土地利用 总体规划 按照 经济效益 社会效益 环境效益 统一 原则 实行 全面规划 合理布局 综合 开发 配套 建设 第四条 自治区 人民政府 建设 行政 主管部门 负责 本行政区域 房地产 开发 经营 活动 监督管理 工作 人民政府 房地产 开发 主管部门 负责 本行政区域 房地产 开发 经营 活动 监督管理 工作 县级 以上 人民政府 负责 土地 管理工作 部门 负责 房地产 开发 经营 有关 土地 管理工作 第二章 房地产 开发 企业 第五条 房地产 开发 企业 指以 营利 目的 从事 房地产 开发 经营 活动 企业 第六条 设立 房地产 开发 企业 应当 具备 下列 条件 十一名 以上 持有 资格证书 房地产 专业 建筑工程 专业 专职 技术人员 二名 以上 专职 会计人员 一名 以上 专职 统计人员 专业 技术人员 签订 劳动合同 缴纳 社会保险费 法律 行政 法规 规定 其他 条件 第七条 设立 房地产 开发 企业 应当 市场 监督管理 部门 申请 登记注册 市场 监督管理 部门 设立 房地产 开发 企业 申请 登记 进行 审查 应当 听取 同级 房地产 开发 主管部门 意见 第八条 房地产 开发 企业 实行 资质 管理制度 取得 资质证书 不得 从事 房地产 开发 经营 活动 房地产 开发 企业 不得 隐瞒 真实情况 弄虚作假 骗取 资质证书 不得 伪造 涂改 转让 出租 出借 资质证书 第九条 设立 房地产 开发 企业 应当 申请 核发 暂定 资质证书 暂定 资质证书 有效期 一年 开发 项目 完成 可以 延长 有效期 延长 期限 不得 超过 二年 房地产 开发 企业 应当 暂定 资质证书 有效 期满 三十日 内向 房地产 开发 主管部门 提出 核定 资质等级 申请 房地产 开发 主管部门 应当 根据 企业 开发 经营 业绩 核定 相应 资质等级 第十条 房地产 开发 企业 申请 核定 资质等级 应当 提交 下列 文件 资质等级 申报表 暂定 资质证书 营业执照 复印件 法定代表 身份证明 专业 技术人员 资格证书 聘用 合同 房地产 开发 项目 手册 住宅 质量 保证书 住宅 使用 说明书 执行 情况 报告 开发 经营项目 有关 证明 材料 第十一条 房地产 开发 企业资质 按照 企业 条件 分为 一级 资质 二级 资质 三级 资质 四级 资质 承担 相应 规模 房地产 开发 项目 一级 资质 房地产 开发 企业 承担 开发 项目 规模 受限制 二级 资质 房地产 开发 企业 承担 开发 项目 建筑面积 不得 超过 二十五 万平方米 三级 资质 房地产 开发 企业 承担 开发 项目 建筑面积 不得 超过 万平方米 四级 资质 房地产 开发 企业 承担 开发 项目 建筑面积 不得 超过 万平方米 暂定 资质 房地产 开发 企业 应当 依据 资质证书 要求 承担 相应 规模 开发 项目 房地产 开发 项目 分期 开发 建筑面积 规模 计算 房地产 开发 企业 不得 越级 承担 开发 项目 房地产 开发 企业 资质等级 核定 标准 按照 国家 自治区 有关 规定 执行 第十二条 房地产 开发 企业 资质等级 按照 下列 规定 核定 一级 资质 自治区 建设 行政 主管部门 初审 同意 按照 有关 规定 国务院 建设 行政 主管部门 办理 审批 二级 资质 二级 资质 以下 企业 审批 办法 自治区 人民政府 建设 行政 主管部门 制定 第十三条 房地产 开发 企业 分立 合并 变更 名称 地址 法定代表 应当 营业执照 变更 三十日 资质 审批 部门 办理 变更 手续 房地产 开发 企业 终止 业务 活动 应当 资质 审批 部门 办理 注销 资质证书 第十四条 资质 条件 发生变化 或者 不良 经营 行为 房地产 开发 企业 资质 审批 部门 应当 按照 有关 规定 调整 资质等级 或者 注销 资质证书 第十五条 自治区 房地产 开发 企业 进入 自治区 行政区域 从事 房地产 开发 经营 活动 应当 资质证书 自治区 建设 行政 主管部门 办理 登记 备案 手续 接受 房地产 开发 项目 所在地 房地产 开发 主管部门 监督管理 第十六条 从事 房地产 开发 经营 活动 专业 技术人员 实行 执业资格 注册 管理制度 专业 技术人员 执业资格 注册 管理 自治区 建设 行政 主管部门 按照 国家 自治区 有关 规定 办理 第十七条 房地产 开发 企业 合法权益 法律 保护 任何 单位 个人 不得 非法 企业 收取 费用 不得 无偿 占用 或者 强迫 压价 购买 开发 企业 商品房 第三章 房地产 开发 建设 第十八条 房地产 开发 房地产 开发 企业 依法 取得 房地产 开发 项目 地上 进行 基础设施 建设 房屋 建设 行为 第十九条 确定 房地产 开发 项目 应当 符合 土地利用 总体规划 年度 建设 用地 计划 城市规划 房地产 开发 年度计划 要求 确定 房地产 开发 项目 应当 控制 零星 项目 建设 坚持 旧区 改建 新区 建设 相结合 原则 注重 开发 基础设施 薄弱 交通 拥挤 环境污染 严重 以及 危旧房屋 集中 区域 保护 改善 城市 生态环境 保护 历史 文化遗产 房地产 开发 主管部门 应当 会同 有关 部门 编制 本行政区域 房地产 开发 规划 城市 房屋 改造 规划 本级 人民政府 批准 列入 规划 不得 进行 开发 建设 第二十条 房地产 开发 企业 从事 房地产 开发 建设 应当 依法办理 土地 使用权 审批 手续 房地产 开发 用地 应当 出让 方式 取得 法律 国务院 规定 可以 采用 划拨 方式 除外 第二十一条 房地产 开发 用地 使用权 出让 应当 依法 实行 招标 拍卖 确实 不能 采用 招标 拍卖 可以 采用 协议 方式 采用 协议 方式 必须 进行 地价 评估 集体 审核 确定 协议 价格 社会 公布 协议 结果 人民政府 应当 建立 房地产 开发 建设 用地 收购 储备 制度 第二十二条 房地产 开发 项目 应当 建立 资本金 制度 资本金 项目 投资 比例 不得 低于 百分之二十 房地产 开发 主管部门 应当 按照 国家有关 规定 项目 资本金 投入使用 情况 实施 监督管理 第二十三条 房地产 开发 项目 建设工程 应当 依法 进行 招标 第二十四条 房地产 开发 企业 应当 土地 使用权 出让 合同 签订 之日起 十五日 或者 收到 划拨 土地 使用权 批准 文件 之日起 十五日 开发 项目 所在地 房地产 开发 主管部门 领取 房地产 开发 项目 手册 依法办理 其他 手续 方可 进行 房地产 项目 开发 建设 第二十五条 房地产 开发 企业 应当 按照 土地 使用权 出让 合同 约定 土地 用途 动工 开发 期限 进行 项目 开发 建设 出让 合同 约定 动工 开发 期限 一年 动工 开发 可以 土地 管理 部门 征收 相当于 土地 使用权 出让金 百分之二十 以下 土地 闲置费 二年 动工 开发 可以 土地 管理 部门 无偿 收回 土地 使用权 不可抗力 或者 政府 政府 有关 部门 行为 造成 动工 迟延 除外 第二十六条 房地产 开发 企业 应当 房地产 开发 项目 建设 过程 主要 事项 有关 部门 房地产 开发 活动 审查 处理意见 记录 房地产 开发 项目 手册 每半年 房地产 开发 项目 所在地 房地产 开发 主管部门 报送 备案 房地产 开发 主管部门 应当 房地产 开发 项目 手册 记录 内容 进行 监督 检查 检查 结果 作为 房地产 开发 企业资质 评定 依据 之一 第二十七条 房地产 开发 主管部门 应当 组织 指导 房地产 开发 企业 施工单位 房地产 开发 项目 建设 推广 使用 技术 材料 设备 新工艺 第二十八条 房地产 开发 企业 应当 开发 建设 房地产 开发 项目 质量 承担责任 勘察 设计 施工 监理 单位 应当 依照 有关 法律 法规 规定 或者 合同 约定 承担 相应 责任 第二十九条 房地产 开发 项目 竣工 依照 建设工程 质量 管理条例 规定 验收 合格 方可 交付使用 第三十条 房地产 开发 企业 应当 收集 整理 房地产 开发 项目 环节 文件 资料 建立 健全 房地产 开发 项目 档案 房地产 开发 项目 验收 合格 十五日 项目 所在地 房地产 开发 主管部门 或者 有关 部门 移交 房地产 开发 项目 档案 第四章 房地产 经营 第三十一条 房地产 经营 房地产 开发 企业 开发 房地产 开发 项目 或者 商品房 依法 转让 或者 销售 出租 他人 行为 第三十二条 出让 方式 取得 土地 使用权 转让 房地产 应当 符合 下列 条件 按照 出让 合同 约定 已经 支付 全部 土地 使用权 出让金 取得 土地 使用权 证书 按照 出让 合同 约定 进行 投资 开发 属于 房屋 建设工程 完成 开发 投资总额 百分之二十五 以上 属于 成片 开发 土地 形成 工业用地 或者 其他 建设 用地 条件 转让 房地产 房屋 已经 建成 应当 持有 房屋 所有权 证书 出让 方式 取得 土地 使用权 转让 房地产 土地 收益 缴纳 处理 按照 国家有关 规定 办理 第三十三条 划拨 方式 取得 土地 使用权 转让 房地产 应当 按照 国务院 规定 报有 批准权 人民政府 审批 批准权 人民政府 准于 转让 应当 受让人 办理 土地 使用权 出让 手续 依照 国家有关 规定 缴纳 土地 使用权 出让金 划拨 方式 取得 土地 使用权 转让 房地产 项目 报批 批准权 人民政府 按照 国务院 规定 决定 可以 办理 土地 使用权 出让 手续 转让 应当 按照 国务院 规定 转让 房地产 项目 获得 收益 土地 收益 上缴 国家 或者 其他 处理 第三十四条 转让 房地产 开发 项目 转让 受让人 应当 签订 房地产 开发 项目 转让 合同 办理 土地 使用权 变更 登记 之日起 三十日 下列 材料 项目 所在地 房地产 开发 主管部门 备案 房地产 开发 项目 转让 合同 土地 使用权 变更 批准 文件 项目 立项 计划 规划 建设 用地 审批 文件 项目 进展 情况 证明 材料 双方 房地产 开发 企业 资质证书 房地产 开发 主管部门 需要 提供 其他 证明 材料 第三十五条 销售 商品房 包括 预售 商品房 现售 商品房 房地产 开发 企业 可以 自行 销售 商品房 可以 委托 依法 成立 房地产 中介 服务 机构 销售 商品房 房地产 中介 服务 机构 销售 商品房 应当 商品房 购买 出具 商品房 有关 证明文件 商品房 销售 委托书 第三十六条 预售 商品房 实行 预售 许可 制度 预售 商品房 房地产 开发 企业 应当 商品房 所在地 房地产 开发 主管部门 申请 办理 预售 登记 取得 商品房 预售 许可证 取得 商品房 预售 许可证 不得 任何 性质 预售 行为 不得 预购 收取 任何 预定 性质 费用 预售 商品房 房地产 开发 企业 应当 预购 出示 商品房 预售 许可证 预购 签订 商品房 预售 合同 第三十七条 预售 商品房 应当 符合 下列 条件 具有 企业法人 营业执照 房地产 开发 企业 资质证书 交付 全部 土地 使用权 出让金 取得 土地 使用权 证书 持有 建设工程 规划 许可证 施工 许可证 提供 预售 商品房 工程 施工进度 计算 地上 建筑设计 层数 三层 以下 建筑 主体 完工 地上 建筑设计 层数 四层 以上 七层 以下 完成 建筑 主体 三分之二 地上 建筑设计 层数 八层 以上 完成 建筑 主体 二分之一 确定 施工进度 竣工 交付 日期 办理 预售 登记 取得 商品房 预售 许可证 第三十八条 现售 商品房 应当 符合 下列 条件 具有 企业法人 营业执照 房地产 开发 企业 资质证书 取得 土地 使用权 证书 持有 建设工程 规划 许可证 施工 许可证 通过 竣工 验收 配套 基础设施 公共设施 具备 交付使用 条件 或者 确定 施工进度 交付 日期 前期 物业管理 方案 已经 落实 第三十九条 销售 商品房 房地产 开发 企业 应当 购买 签订 商品房 销售 合同 商品房 销售 合同 房地产 开发 项目 手册 符合 商品房 销售 条件 有关 证明文件 商品房 所在地 房地产 开发 主管部门 备案 商品房 销售 合同 应当 载明 所售 商品房 位置 结构 建筑面积 分摊 面积 价格 交付 日期 质量 要求 前期 物业管理 方式 以及 违约责任 第四十条 房地产 开发 企业 房地产 中介 服务 机构 不得 进行 虚假 广告宣传 商品房 预售 广告 必须 载明 商品房 预售 许可证 文号 第四十一条 房地产 开发 项目 转让 商品房 销售价格 当事人 协商 议定 经济 适用 住房 实行 政府 指导价 或者 政府 定价 第四十二条 房地产 开发 企业 应当 按照 商品房 买卖合同 约定 符合 交付使用 商品房 按期 交付 购买 未能 按期 交付使用 房地产 开发 企业 应当 承担 违约责任 不可抗力 或者 双方 当事人 合同 约定 其他 原因 确需 延期 交付 房地产 开发 企业 应当 通知 购买 第四十三条 房地产 开发 企业 应当 商品房 交付使用 委托 具有 房地产 测绘 资格 单位 商品房 面积 实施 测绘 测绘 结果 有关 房屋 权属 登记 资料 报送 商品房 所在地 房地产 开发 主管部门 备案 购买 出示 测绘 结果 第四十四条 房地产 开发 企业 交付 商品房 应当 购买 提供 住宅 质量 保证书 住宅 使用 说明书 房地产 开发 企业 应当 按照 住宅 质量 保证书 内容 销售 商品房 承担 质量 保修 责任 保修期 房地产 开发 企业 商品房 进行 维修 造成 房屋 原有 功能 损害 购买 造成 损失 应当 依法 承担 赔偿 责任 商品房 购买 应当 按照 住宅 使用 说明书 要求 使用 商品房 商品房 质量 保修期 商品房 交付 之日起 计算 商品房 购买 认为 商品房 主体 结构 质量 合格 可以 工程质量 监督管理 机构 申请 核验 核验 商品房 主体 结构 质量 合格 购买 有权 退房 购买 造成 损失 房地产 开发 企业 应当 依法 承担 赔偿 责任 第四十五 购买 购买 商品房 应当 依法办理 土地 使用权 变更 房屋 所有权 登记手续 具体办法 自治区 人民政府 另行 制定 第五章 法律责任 第四十六 违反 条例 规定 取得 营业执照 擅自 从事 房地产 开发 经营 市场 监督管理 部门 责令 停止 房地产 开发 经营 活动 没收 违法 所得 可以 并处 违法 所得 五倍 以下 罚款 第四十七条 违反 条例 规定 取得 资质证书 或者 超越 资质等级 从事 房地产 开发 经营 县级 以上 人民政府 房地产 开发 主管部门 责令 限期 改正 五万元 以上 十万元 以下 罚款 逾期 改正 市场 监督管理 部门 依照 国务院 城市 房地产 开发 经营 管理条例 规定 吊销 营业执照 四十八条 违反 条例 规定 擅自 转让 房地产 开发 项目 县级 以上 人民政府 负责 土地 管理工作 部门 责令 停止 违法行为 没收 违法 所得 可以 并处 违法 所得 五倍 以下 罚款 第四十九条 违反 条例 规定 房地产 开发 企业 下列 行为 之一 县级 以上 人民政府 房地产 开发 主管部门 责令 停止 违法行为 没收 违法 所得 并处 一万元 以上 三万元 以下 罚款 隐瞒 真实情况 弄虚作假 骗取 资质证书 伪造 涂改 出租 出借 转让 出卖 资质证书 第五十 违反 条例 规定 擅自 预售 商品房 县级 以上 人民政府 房地产 开发 主管部门 责令 停止 违法行为 没收 违法 所得 可以 并处 收取 预付款 百分之一 以下 罚款 第五十一条 违反 条例 规定 房地产 开发 企业 履行 保修 义务 或者 拖延 履行 保修 义务 县级 以上 人民政府 房地产 开发 主管部门 责令 限期 改正 五千元 以上 一万元 以下 罚款 第五十二 当事人 行政处罚 决定 不服 可以 依法 申请 行政复议 或者 人民法院 提起 行政诉讼 当事人 逾期 申请 行政复议 提起 行政诉讼 履行 处罚 决定 作出 行政处罚 决定 机关 申请 人民法院 强制执行 第五十三条 国家 工作人员 房地产 开发 经营 管理工作 玩忽职守 滥用职权 徇私舞弊 构成犯罪 依法追究 刑事责任 构成犯罪 依法 给予 行政处分 第六章 第五十四条 城市 规划区 外国 土地 从事 房地产 开发 经营 实施 房地产 开发 经营 监督管理 参照 条例 执行 第五十五 城市规划 区内 集体所有 土地 依法 征用 转为 国有土地 方可 用于 房地产 开发 经营 第五十六条 条例 日起 施行,4.01954787841474,7.044585953063184,5.783333333333333,6.383333333333333,4898,55.1,28.00833333333333,978.7110707803993,31.05198382826678,70.22218598003629,978.7110707803993,3.795172186932849,4,3,0.008625,1.0,三分之二,13.0,15.0,0.5922768715970961,1.2875,1.0,阶段2,13.0,18.0,0.0,,1.0,竣备,13.0,27.0,19.05348945666969,5.2875,1.0,确权,13.0,39.0,11.4062175,9.7875,,,,,,,3,5,70.22218598003629
中山,中山,Zhongshan-2,approved construction cost,,successive inspection stages,retained balance,specified,5% retained,True,False,4.0,0.95,0.05,explicit Chinese count in evidence excerpt,explicit percentage near 封顶; midpoint used for a stated range,manual 5% retained flag,监管额度是专用账户中确保项目商品房首次登记并交付使用所需的资金额度，由市、镇街住房城乡建设部门根据商品房项目建设工程造价、施工合同金额以及项目交付使用条件等因素确定 | 监管账户内资金的，应征得市住房城乡建设局的同意，未经允许不得对预售资金监管账户内的款项采取强制扣划措施 | 完成首次登记四个节点三个阶段编制《商品房预售项目用款计划书》,True,policy_identification_filled.xlsx,City_audit,5stage_Pcost,5,4,stage_1|stage_2|stage_3|stage_4|stage_5,阶段1|阶段2|竣备|确权|阶段5,阶段1|阶段2|竣备|确权,partial_named_milestones,,stage_4,4,,1.0,not_estimable:topout_stage_name_unmapped,terminal_stage_share:monthly_revenue_stage_ratio,expert_calibrated_operational_proxy_pending_source_mapping,monthly-revenue stage ratio or within-cohort amount share; not automatically a policy percentage,external/Modelling Dep/41_Cities_Dep/city_catalog.json,data/pmc_data.xlsx,dep-operational-h1-v1,Zhongshan-2,2021,二线,中山,Guangdong,"火炬开发区管委会,翠亨新区管委会,各镇政府、区办事处,市各有关单位:
现将《中山市商品房预售款监管办法》印发给你们,请认真贯彻执行。执行过程中遇到的问题,请径向市住房城乡建设局反映。
中山市人民政府办公室
2019年10月23日
中山市商品房预售款监管办法
第一章 总 则
第一条 为加强商品房预售款监督管理,维护房地产市场健康有序发展,保障预售商品房购房人的合法权益,根据《中华人民共和国城市房地产管理法》《城市商品房预售管理办法》《广东省商品房预售管理条例》等法律、法规及政策规定,结合我市实际情况,制定本办法。
第二条 凡在本市行政区域内经批准预售的商品房项目,其预售款的收存、使用和监督管理,适用本办法。
第三条 本办法所称预售人,是指预售商品房的房地产开发企业。
本办法所称预购人,是指购买预售商品房的单位和个人。
本办法所称监管银行,是指开设商品房预售款专用账户并与预售人签订《商品房预售款监管协议书》的项目所在地商业银行。
本办法所称商品房预售款,是指预售人将其开发的商品房,在获得预售许可后、交付使用前依法出售,由预购人按合同约定支付的首付款、购房贷款以及其他形式的全部购房款。
本办法所称商品房预售款专用账户,是指预售人在监管银行设立的专门用于存取商品房预售款的账户。
第四条 中山市房地产交易管理事务中心为商品房预售款监管部门,其职责为:
(一)负责组织实施本市商品房预售款收存和使用的监督管理工作；
(二)负责审核预售人的用款申请资料并作出答复；
(三)受理预购人及其他组织和个人对商品房预售款违法违规行为的投诉,会同相关部门处理各种违法违规收取和使用商品房预售款的行为。
第五条 对我市商品房预售款监管工作建立共同责任机制。中山市住房城乡建设局、中山银保监分局、中国人民银行中山市中心支行按照各自职责共同做好商品房预售款监管工作,并对监管中发现的违法、违规行为进行处理。
第六条 监管银行应按本办法的规定,配合做好商品房预售款监管工作,其职责为:
(一)建立商品房预售款的收入、支出台账,并进行日常管理；
(二)协助履行商品房预售款的收取和划拨义务；
(三)配合预售人做好商品房预售款收取和划拨情况的月报表,并及时报商品房预售款监管部门备案；
(四)《商品房预售款监管协议书》规定的其他事项。
第二章 设立商品房预售款专用账户
第七条 预售人申请商品房预售许可前,应当在监管银行设立商品房预售款专用账户。
一个预售许可原则上可设立1-3个商品房预售款专用账户。取得商品房预售许可后,对应商品房预售款专用账户不足3个的,可增加设立。
第八条 预售人应在商品房买卖合同中注明监管银行及商品房预售款专用账户信息,并在售楼场所予以公示,以便相关部门和预购人查询、使用和监督。
第九条 项目预售过程中,监管银行及商品房预售款专用账户原则上不得变更。因预售项目转让确需变更的,凭已办理变更手续的《商品房预售许可证》等资料向预售款监管部门申请办理相关变更手续,其他情况需要变更的,应征得全部预购人同意。
商品房预售款监管部门批准账户变更的,预售人必须将原账户的结余资金全部划转到新账户,相关银行配合做好有关交接工作。
第十条 预售人在开始销售商品房前,应与商品房预售款监管部门及监管银行签订《商品房预售款监管协议书》,明确各自的权利义务。《商品房预售款监管协议书》格式文本由中山市住房城乡建设局拟定。
第三章 商品房预售款监督管理
第十一条 商品房预售款应直接存入相应的商品房预售款专用账户,预售人不得以其他任何形式收存商品房预售款,变相逃避监管。
第十二条 预售人为预购人办理商品房预售合同网上备案手续前,由预购人按合同约定支付的首付款、购房贷款以及其他形式的全部购房款需进行进账审核。
商品房预售款的首期款占总房价的比例应不低于国家办理商品房银行按揭规定进账。
第十三条 预购人申请贷款购买商品房的,发放贷款的银行应将贷款直接划入商品房买卖合同中注明的商品房预售款专用账户。
第十四条 商品房预售款只能通过银行转账支取。商品房预售款在项目竣工之前,只能用于购买项目建设必需的建筑材料、设备和支付项目建设的施工进度款及法定税费,不得挪作他用。
具体费用范围为:土建工程、电气工程(动力、照明、弱电)、卫生技术(水、暖、通风)工程、工业管道工程、绿化苗木工程、市政工程(小区用地范围内的市政道路、给、排水工程、土石方工程)及特殊构筑物工程费用；材料设备、装修成本费用；设计费、工程监理费及与项目建设有关的其他费用；为项目建设和销售所缴纳的税款。
第十五条 预售人首次申请使用商品房预售款前,应当明确预售项目的工程建设费用和法定税费,并根据项目建设方案及施工进度按取得预售许可、结构封顶、竣工验收、完成首次登记四个节点三个阶段编制《商品房预售项目用款计划书》。
《商品房预售项目用款计划书》由监理单位审核后,作为申请拨付商品房预售资金的依据。
第十六条 预售人可在完成相应节点建设任务后申请支取该节点的用款额度,在预售项目办理商品房首次登记前,预售款专用账户结余金额不得少于已收存商品房预售款总额的5%。
第十七条 预售人申请使用商品房预售款时,应当向商品房预售款监管部门提交下列材料,并对所提交材料的真实性负责:
(一)《商品房预售项目用款计划书》(首次提供)；
(二)《中山市商品房预售款使用申请表》；
(三)监管银行出具加盖印鉴的专用账户银行对账单；
(四)用于支付施工单位工程款的,应当提供施工合同(首次提供)、相关证明材料以及施工单位和监理单位确认的监管项目《施工进度款使用证明》；
(五)用于支付购买建筑材料、设备的,提供《其它材料、设备费使用证明》和材料、设备的购销合同、相关证明材料；
(六)用于支付设计、监理费用、行政事业性收费及缴纳税费的,须提供合同或相关证明材料；
(七)项目规划总平面图(首次提供)；
(八)《中山市预售项目施工现场查勘表》(结构封顶阶段需监理单位确认,并提供现场图片)；
(九)《中山市商品房预售款拨付申请确认表》；
(十)施工方《收款凭证》；
(十一)《中山市商品房预售许可证》、《中山市规划许可证》、《中山市建设施工许可证》复印件；
(十二)提供企业工商营业执照复印件(原件核对)、法定代表人或负责人身份证明书及身份证明复印件；企业委托办事人员的委托书及受托人身份证明原件及复印件。
第十八条 预售项目结构封顶前,预售人应按照本办法第十七条规定的方式支取预售款。
预售项目结构封顶,施工现场完成全部外墙工程且外排架及垂直运输设备离场后,经施工单位确认预售人按照约定支付工程进度款的,预售人可选择根据中山市房地产企业管理和诚信平台上的诚信等级差异化管理方式支取预售款,具体措施如下:
(一)经建设、监理、施工单位书面确认,由住房城乡建设部门核实施工现场进度情况属实的,预售人提交预售款用款申请经商品房预售款监管部门同意,专用账户内金额按一定比例预留后,可支取预售款用于支付工程进度费用。其中,预售项目在取得《中山市建设工程竣工验收备案登记证》前,被评为房地产企业信用等级A级的预售人,专用账户内金额按已备案金额的10%预留,被评为房地产企业信用等级B级的预售人,专用账户内金额按已备案金额的15%预留；预售项目在取得《中山市建设工程竣工验收备案登记证》后,被评为房地产企业信用等级A级或B级的预售人,专用账户内金额按已备案金额的5%预留。
(二)被评为房地产企业信用等级C级及以下的和纳入“中山市问题楼盘名单”以及涉维稳问题的预售人,需严格按本办法第十七条规定的方式申请用款。
(三)预售人申报缴纳房地产项目开发过程的相关税收,经主营税务机关审核并出具协办函,预售人可以申请专用账户应预留金额以外的款项清缴税款。
第十九条 企业可凭项目所在地商业银行出具的无条件的“见索即付”现金保函免除同等额度的商品房预售款监管资金,并在达到保函约定注销条款前,不可撤销。
第二十条 办理预售商品房买卖合同注销备案手续的,可申请将专用账户内相应款项退回。
第二十一条 预售款监管部门应当在受理预售人申请用款之日起5个工作日内完成审核工作。审核通过的,向预售人核发《中山市商品房预售款使用(核准)证明书》,由预售人送监管银行办理预售款拨付手续,监管银行按核准数额拨付。
第二十二条 有下列情形之一的,监管部门不予核准用款申请:
(一)预售人存在违法违规行为导致项目停工的；
(二)预售项目工程建设存在严重质量问题的；
(三)收款单位营业范围与申请用款用途不符的；
(四)预售人未将预售款全部转入专用账户的；
(五)专用账户扣除用款后账户余额少于已收存商品房预售款总金额5%的；
(六)预售人提供虚假材料或不符合审核标准材料的；
(七)预售款监管部门认定应当暂停拨付的其他情形。
第二十三条 预售人及监管银行应按月将项目预售资金的收入、支出情况制定月度报表,报商品房预售款监管部门备案。
第二十四条 预售人对《商品房预售许可证》范围内的商品房预售项目办理商品房首次登记后,凭《关于核准国有建设用地使用权/房屋所有权首次登记的通知》及《中山市商品房预售款账户解除监管申请表》到监管部门申请解除专用账户的监管,监管部门应书面通知预售人和监管银行解除对专用账户的监管。
第四章 责任追究
第二十五条 预售人违反本办法第十四条规定使用商品房预售款和违反本办法第十一条规定直接收存商品房预售款的,主管部门应当责令其改正,降低或注销其房地产开发资质,可以处以违法使用款项10%-20%罚款。
第二十六条 银行违反本条例第二十一条支付商品房预售款的,上一级主管部门应当责令其改正和追回流失款项；给预购人造成损失的,依法承担连带责任。
第二十七条 预售人违反第十四条规定给对方造成损失的,应当依法承担赔偿责任。涉嫌犯罪的,由司法机关依法处理。
第二十八条 预售款监管部门和其他有关行政管理部门工作人员玩忽职守、滥用职权、徇私舞弊的,依法追究行政责任；涉嫌犯罪的,由司法机关依法处理。
第五章 附 则
第二十九条 本办法自2019年11月23日起实施,有效期5年。原《中山市商品房预售款监管办法》(中府办〔2015〕58号)同时废止。


各开发企业:
由于疫情影响,港澳居民在我市购买商品房后无法前来缴纳购房款以及结汇等手续,导致购房人无法办理网签备案,影响开发商资金回笼。为疏通堵点,落实“我为群众办实事”实践活动,优化营商环境,我局决定以中国建设银行股份有限公司中山市分行为试点,对港澳居民跨境购买商品房预售款进账核查流程进行优化,现将有关事项通知如下:
2021年9月1日起,对于符合购房政策的港澳居民,如需要办理购房款结汇的,开发商可凭结汇银行出具的购房款到账文书办理商品房预售款进账核查及网签备案。商品房预售款进入结汇银行后,由结汇银行负责监管管控,并保证结汇后资金直接转入监管账户。具体办理流程及办理材料详见附件。
特此通知。
附件:港澳居民跨境购买商品房预售款进账核查流程及办理材料
中山市住房和城乡建设局
2021年8月31日



原文第九条：第九条 办理预售商品房在建工程抵押登记的预售人向金融机构贷款，贷款用途用于在建工程继续建造。抵押所得款项应直接存入相应的商品房预售款专用账户，专项用于工程建设。
银行开发贷款一般为受托支付方式使用，直接由银行放款至对应的工程合同或材料合同对应施工方和材料商账户，贷款不停留在项目公司账户，因此该条描述款项直接存入预售款专用账户不符合实际情况，且按照专款专用原则，开发贷款由贷款账户支付施工方使用，而预售款专用户由销售回款使用，正常也应该把销售回款用于归还开发贷款而不是相反，建议删除此条。

采纳

《中山市商品房预售款监管办法（修订版）
（征求意见稿）》意见征集情况
为贯彻落实《关于规范人民法院保全执行措施 确保商品房预售资金用于项目建设的通知》（法〔2022〕12号）、《关于规范商品房预售资金监管的意见》（建房〔2022〕16号）要求，进一步加强商品房预售资金监管，促进我市房地产行业健康发展，我局结合本市实际，拟定了《中山市商品房预售款监管办法（修订版）（征求意见稿）》，同时，按有关规定要求，于2023年4月26日-5月11日期间在我局政务网公布，公开征求社会公众意见。截至2023年5月11日，我局共收到1个人的反馈意见（详见附件）。


附件：《中山市商品房预售款监管办法（修订版）》征求意见及反馈意见采纳情况


中山市住房和城乡建设局
2023年5月25日


===========================

中山市商品房预售款监管办法
（修订版）
（征求意见稿）

第一章  总则
    第一条  为加强商品房预售款监督管理，维护房地产市场健康有序发展，保障预售商品房预购人、预售人的合法权益，根据《中华人民共和国城市房地产管理法》《城市商品房预售管理办法》《广东省商品房预售管理条例》《住房和城乡建设部 人民银行 银保监会关于规范商品房预售资金监管的意见》等法律、法规及政策规定，结合我市实际情况，制定本办法。
    第二条  凡在本市行政区域内经批准预售的商品房项目，其预售款的收存、支取、使用和监督管理，适用本办法。
第三条  本办法所称预售人，是指预售商品房的房地产开发企业。
本办法所称预购人，是指购买预售商品房的单位和个人。
本办法所称监管银行，是指开设商品房预售款专用账户并与商品房预售款监管部门、预售人签订商品房预售款监管协议的项目所在地商业银行。
本办法所称商品房预售款，是指预售人将其开发的商品房，在获得预售许可后，于商品房首次登记前依法出售，由预购人按购房协议（包括认购书、商品房买卖合同）约定支付的定金、首期款、购房贷款以及其他形式的全部购房款。带装修交付的商品房，购房款应包含装修款。
本办法所称商品房预售款专用账户，是指预售人在监管银行设立的专门用于存取商品房预售款的账户。
本办法所称监管额度是专用账户中确保项目商品房首次登记并交付使用所需的资金额度，由市、镇街住房城乡建设部门根据商品房项目建设工程造价、施工合同金额以及项目交付使用条件等因素确定。
本办法所称用款计划是预售人根据项目建设方案以及施工进度制定的商品房预售款支取使用计划。 
中山市住房和城乡建设局是商品房预售款监管的主管部门，负责组织实施本办法。
中山市房地产交易管理事务中心为商品房预售款监管部门，负责组织实施本市商品房预售款收存、支取和使用的监督管理工作。
镇街住房城乡建设行政主管部门对辖区内预售商品房项目加强日常监督和检查，负责组织人员现场查看项目工程进度，核实预售人在申请商品房预售款时是否存在拖欠工程款、劳资纠纷、工程停工、延期交付等不稳定因素，在收到预售人申请之日起五日内加具审查意见。
    监管银行应按本办法的规定，配合做好商品房预售款监管工作，其职责为： 
做好商品房预售款收入、支出的日常管理；
协助履行商品房预售款的收存和划拨义务，按商品房预售款监管部门的意见划拨商品房预售款；
（三）建立与商品房预售款监管部门现有端口相匹配的数据传输系统，并按照系统数据接口规范传输数据；
（四）对商品房预售款专用账户进行标识，发生商品房预售款专用账户被查封、冻结、强制扣划等情况时，应明确告知法院等执行机关，该账户为商品房预售款专用账户，不得擅自扣划，并即时将相关系统数据交换至商品房预售款监管部门指定的信息系统，同时在收到冻结、强制扣划文书的五日内将相关文书复印件送达市商品房预售款监管部门；
（五）商品房预售款监管协议规定的其他事项。
中国银行保险监督管理委员会中山监管分局、中国人民银行中山市中心支行依职能监督监管银行在预售款监管过程中的行为。
中山市住房公积金管理中心负责核实预购人公积金首期款及贷款发放、结算等情况。
    
第二章  设立商品房预售款专用账户
第五条  预售人申请商品房预售许可前，应当在监管银行设立商品房预售款专用账户，与商品房预售款监管部门及监管银行签订商品房预售款监管协议，明确各自的权利义务。商品房预售款监管协议格式文本由商品房预售款监管部门制定。
预售人和监管银行不得在商品房预售款监管协议基础上通过担保、质押等任何形式设置附加条款或补充协议，影响商品房预售款专用账户内资金的划拨和使用。
第六条 预售人按照一次预售许可申请对应一个账户的原则开设商品房预售款专用账户。
第七条  预售人应在商品房买卖合同中注明监管银行及商品房预售款专用账户信息，并在售楼场所予以公示，以便相关部门和预购人查询、使用和监督。 
  
第三章  商品房预售款监督管理
第八条 商品房预售款应直接存入相应的商品房预售款专用账户，预售人不得以其他任何形式收存商品房预售款，变相逃避监管。
第九条 办理预售商品房在建工程抵押登记的预售人向金融机构贷款，贷款用途用于在建工程继续建造。抵押所得款项应直接存入相应的商品房预售款专用账户，专项用于工程建设。
第十条  预购人应按照购房协议（包括认购书、商品房买卖合同）约定的付款时间，通过商业银行转账或商品房预售款专用pos机将商品房预售款直接存入专用账户。预购人缴交的商品房预售款由商品房预售款监管部门进行进账审核。
预购人将首期款足额存入商品房预售款专用账户后，预售人和预购人可办理商品房买卖合同网签备案手续。
    预购人申请贷款购买商品房的，发放贷款的银行应确认预购人首期款已足额存入预售款专用账户后，将贷款直接划入商品房买卖合同中注明的商品房预售款专用账户。
第十一条  商品房预售款只能通过监管银行转账支取。
母公司设立子公司以子公司名义开发建设项目的，母公司不得抽调子公司商品房预售款专用账户资金。
 预售人可以采用用款计划方式或监管额度方式支取商品房预售款。
预售人采用用款计划方式支取商品房预售款的，在项目竣工并交付使用之前，商品房预售款只能用于购买项目建设必需的建筑材料、设备和支付项目建设的施工进度款及法定税费，不得挪作他用。商品房预售款直接拨付至施工单位收款账户。


在预售项目办理商品房首次登记前，预售款专用账户结余金额不得少于商品房应进账额的10%。
预售人采用监管额度方式支取商品房预售款的，商品房预售款专用账户内资金达到监管额度后，超出监管额度的资金可由预售人提取使用。每次申请支取，必须满足以下条件：
在建项目（包括项目所在地块及项目对应预售证）没有未售房屋的抵押、查封。
项目施工单位出具的项目没有拖欠工程款、工人工资的情况说明以及同意预售人采取监管额度方式支取商品房预售款的支取确认书。
商品房预售款监管部门根据预售人申请，并结合属地政府的意见可以变更支取预售款的方式。项目建设中，出现抵押、查封、工程质量、工人工资拖欠、维稳等问题时，需按第十三条处理。
预售人采用用款计划方式支取商品房预售款前，应当向商品房预售款监管部门报送有关工程合同，总包合同价格与施工许可证上合同价格一致，经审核后根据项目建设方案制定用款计划。用款计划应当明确预售项目的工程建设费用和法定税费，并经属地政府审核后，作为申请支取商品房预售款的依据。
预售人采用用款计划方式支取商品房预售款时，应当向商品房预售款监管部门提交下列材料，并对所提交材料的真实性负责：
（一）项目预售款拨付申请表；
（二）监管银行确认的专用账户银行对账单；
（三）预售款支取确认书；
（四）项目规划总平面图（首次提供）；
（五）《中山市商品房预售许可证》《中山市规划许可证》《中山市建设施工许可证》复印件（首次提供）；
（六）提供预售人工商营业执照复印件、法定代表人或负责人身份证明书及身份证明复印件；预售人委托办事人员的委托书及受托人身份证明原件及复印件（首次提供）
（七）施工单位对应施工项目的收款凭证，收款凭证须明确载明预售款支取对应的商品房项目名称（首次提供）；
（八）用于支付施工单位工程款的，提供施工合同（首次提供）、施工单位和监理单位确认的项目施工进度相关证明材料；用于支付购买建筑材料、设备的，提供材料、设备的购销合同以及相关款项支付证明材料；用于支付法定税费的，提供税务部门缴税的凭证或相关文书；用于支付行政事业性收费的，提供相关证明材料；
（九）监管部门要求提供的其他材料。
第十四条  当预售款专用账户内累计进账金额未达到监管额度时，可按照用款计划方式预留资金，当预售款专用账户内累计进账金额达到监管额度时，根据相应工程建设进度按监管额度预留资金。

预售人采用监管额度方式支取商品房预售款的，商品房预售款专用账户内的留存金额与中山市房地产企业管理和诚信平台上的诚信等级挂钩，A级、B级、C级、D级预售人，分别按监管额度的90%、100%、110%、120%留存，装配式建筑项目可按照其诚信等级提升一级的监管额度留存，A级、B级、C级预售人，分别按监管额度的80%、90%、100%留存，D级预售人仍按监管额度的120%留存，其余资金可以提取使用。
具体预售款监管额度如下：

（一）项目取得预售许可后，到完成主体结构封顶前，毛坯房监管额度为3500元/每平方米乘以预售面积，精装房监管额度为4500元/每平方米乘以预售面积；
（二）项目完成主体结构封顶后，到施工现场完成全部外墙工程且外排架及垂直运输设备离场前，毛坯房监管额度为2500元/每平方米乘以预售面积，精装房监管额度为3500元/每平方米乘以预售面积；
（三）项目结构封顶，施工现场完成全部外墙工程且外排架及垂直运输设备离场后，到完成单位（子单位）工程验收前，毛坯房监管额度为2000元/每平方米乘以预售面积，精装房监管额度为3000元/每平方米乘以预售面积；
（四）项目完成单位（子单位）工程验收后，到完成工程竣工验收备案登记前，毛坯房监管额度为1500元/每平方米乘以预售面积，精装房监管额度为2500元/每平方米乘以预售面积；
（五）项目完成工程竣工验收备案登记后，毛坯房监管额度为1000元/每平方米乘以预售面积，精装房监管额度为2000元/每平方米乘以预售面积，项目施工许可含户内装修工程且装修工程已完工的，监管额度为1000元/每平方米乘以预售面积，其余资金可以提取使用。
第十五条 预售款专用账户内资金达到监管额度后，预售人提供本市商业银行或全国性股份制商业银行广东省一级分行出具的保函置换预售款专用账户监管额度内资金的，按照《关于商业银行出具保函置换预售监管资金有关工作的通知》（银保监办发〔2022〕104号）相关条款执行。
预售人及其控股企业连续3个年度内未受到住房城乡建设行政主管部门行政处罚，且未发生监管账户司法冻结、司法扣划、税收保全措施或强制执行措施的，可凭银行保函等额替换商品房预售资金。
出具保函的商业银行，应当严格按照《商品房预售款现金保函》的约定履行责任。作为商品房预售款的监管银行，应当积极配合住房城乡建设行政主管部门开展银行保函等额替换商品房预售资金工作。
预售人办理保函业务时，须向住房城乡建设行政主管部门提供不可撤销的见索即付保函。保函出具银行按照承诺在保函期限内承担不可撤销的连带责任，不得以任何理由对抗索赔请求。保函的担保期限不得早于相应项目商品房买卖合同上约定的最晚交付日期。
预售人出现如下情形之一时，保函出具银行须按《商品房预售款现金保函》的约定向住房城乡建设行政主管部门承担相应责任：
（一）未将支取的商品房预售款用于购买本项目建设所必需的建筑材料、设备和支付项目建设的施工进度款及法定税费等相关费用；
（二）项目出现质量或违约等问题，需承担相应的经济赔偿责任；
（三）保函到期前第15个工作日，预售人未办理保函延期或开立新的保函，且未将与本保函担保金额相等的资金存入预售款专用账户。
（四）受到监管部门行政处罚，或发生监管账户司法冻结、司法扣划、税收保全措施、强制执行措施。
预售人违反前款规定的，住房城乡建设行政主管部门应当向保函出具银行发起索赔。保函出具银行保证在收到住房城乡建设行政主管部门签署并加盖公章的书面索赔通知书原件之日起10个工作日内，无条件地向住房城乡建设行政主管部门支付累计总额不超过本保函担保金额的款项到住房城乡建设行政主管部门指定的账户。
具有以下情形之一的，预售人应当到住房城乡建设行政主管部门终止保函业务：
（一）预售项目办理商品房首次登记的；
（二）预售人已将与保函担保金额等额的商品房预售资金存入商品房预售款专用账户的；
（三）保函出具银行存入商品房预售款专用账户的索赔金额累计已达到保函担保总金额；
（四）监管部门认定的其他情形。
第十六条  经房地产主管部门核定的涉维稳项目，市住房城乡建设行政主管部门按照“一楼一策”方式实行专门管理，可委托属地政府对项目商品房预售款进行监管，预售款专用账户资金全部用于本项目工程建设。  
 商品房买卖协议经买卖双方协商解除或经生效法律文书确认解除的，在预售款专用账户结余金额不少于预留金额的前提下，预售人可申请直接退回预购人已缴存至预售款专用账户的相应款项。
预售人申请使用商品房预售款专用账户内资金用于退购房款的，应当提供以下材料：
项目预售款退款申请表，申请表应当载明预购人的收款账户；
预购人身份证明文件；
解除商品房买卖合同关系协议书，人民法院或仲裁机构确认买卖合同关系解除的生效法律文书；
购房款进入商品房预售款专用账户的凭证；
商品房预售款专用账户银行对账单；
住房城乡建设行政主管部门要求提供的其他资料。
  第十八条  商品房预售款监管部门应当在受理预售人申请用款之日起五日内完成对预售人申请用款的审核工作。审核通过的，向监管银行发出《中山市商品房预售款使用（核准）证明书》，监管银行两日内按照《中山市商品房预售款使用（核准）证明书》的核准数额划拨。
    第十九条  有下列情形之一的，监管部门不予核准用款申请：
（一）预售人存在违法违规行为导致项目停工的；
（二）预售项目工程建设存在严重质量问题的；
（三）收款单位营业范围与申请用款用途不符的； 
（四）未按规定收存和使用商品房预售款的；
（五）预售人提供虚假材料或不符合审核标准材料的；
（六）商品房预售款监管部门认定应当暂停支取的其他情形。
第二十条  在商品房建设项目办理商品房首次登记前，人民法院因执行建设该商品房项目而产生的工程建设进度款、材料款、设备款，预购人退房款等债权案件，需要扣划专用账户内资金的，按照《最高人民法院 住房和城乡建设部 中国人民银行关于规范人民法院保全执行措施 确保商品房预售资金用于项目建设的通知》（法[2022]12号）相关条款执行。
    第二十一条  预售人对商品房预售许可证范围内的商品房预售项目办理商品房首次登记并达到交付使用条件后，项目含室内装修工程交付且装修工程已完工的，可向商品房预售款监管部门申请解除专用账户的监管，商品房预售款监管部门应书面通知预售人和监管银行解除对专用账户的监管。
    第二十二条  存在以下情形之一的，商品房预售款监管部门可自发现之日起暂停与监管银行签订新的监管协议，为期一年：
（一）不按规定划拨商品房预售款的；
（二）以预售款专用账户资金设置担保权的；
（三）未经商品房预售款监管部门批准擅自注销专用账户的；
（四）数据传输系统对接不符合实际要求的。

 责任追究
   第二十三条  预售人违反本办法第八条规定直接收存商品房预售款、违反本办法第十一条和第十三条规定使用商品房预售款的，按照《广东省商品房预售管理条例》第四十条进行处理。
第二十四条  预售人违反本办法第十一条和第十三条规定使用商品房预售款，给预购人造成损失的，应当依法承担赔偿责任。涉嫌犯罪的，由司法机关依法处理。
第二十五条  勘察、设计、施工、监理单位提供虚假证明或采取其他方式协助预售人违规使用商品房预售款的，由市住房城乡建设行政主管部门将其违规行为录入企业信用信息系统，并依法对相关责任单位和责任人予以查处。
其他单位违反上述规定的，由市住房城乡建设行政主管部门移交相关管理部门处理。
   第二十六条  监管银行违反本办法第十八条、第二十二条规定的，市住房城乡建设行政主管部门应当将相关情况告知银行业监管部门，由其按照相关监管规定进行处罚；给预购人造成损失的，监管银行依法承担赔偿责任。
   第二十七条  商品房预售款监管部门和其他有关行政管理部门工作人员玩忽职守、滥用职权、徇私舞弊的，依法追究行政责任；涉嫌犯罪的，由主管部门移交司法机关依法处理。
    
第五章  附则
   第二十八条  本办法自2023年7月1日起实施，有效期至2028年6月30日。中山市人民政府办公室2019年10月23日发布的《中山市商品房预售款监管办法》（中府办〔2019〕7号）同时废止。


================

关于明确商品房预售款监管事项的通知
信息来源：中山市住房和城乡建设局 发布日期：2023-08-22
分享到：
各房地产开发企业：
为保障房地产市场平稳健康发展，防范房地产市场风险，保证预售资金优先用于商品房项目工程建设，保障购房人的合法权益，结合当前资金监管工作实际，经研究，现将相关事项通知如下：
一、2023年9月1日起，预购人购买预售商品房，只能通过银行转账或商品房预售款专用POS机将商品房预售款直接存入专用账户。
二、2023年9月1日起，开发商在申请办理预售款支取时，提交的收款凭证须明确载明对应的商品房项目名称及工程名称。
特此通知。


中山市住房和城乡建设局
2023年8月18日


抄送：市房协
======================================


关于“中山市商品房预售款现场勘验系统”上线运行的通知
各房地产开发企业：
根据《中山市人民政府办公室关于印发中山市商品房预售款监管办法的通知》（中府办［2019］37号）第十八条“预售项目结构封顶，施工现场完成全部外墙工程且外排架及垂直运输设备离场后，经施工单位确认预售人按照约定支付工程进度款的，预售人可选择根据中山市房地产企业管理和诚信平台上的诚信等级差异化管理方式支取预售款”要求，为优化“商品房预售款现场勘验”办理流程、提高勘验工作效率并实现无纸化、网上办，现我局已开发建设“中山市商品房预售款现场勘验系统”，并于2020年5月10日上线运行（网址：http://chengxin.zsjs.gov.cn:8092/）。各房地产开发企业申请“商品房预售款现场勘验”时，请按照《商品房预售款监管现场进度勘验申报操作手册》（详见附件）在网上进行申报，5月10日之后不再受理纸质申请。运行期间发现问题，请及时向我局反馈。（业务联系电话：0760-88300526，技术支护联系电话：0760-88231966，技术支持QQ：3256401262。技术支持咨询时间：星期一至五：08:10-12:00、14：00-17：30、星期六：09:00-12:00。）
特此通知。


附件：商品房预售款监管现场进度勘验申报操作手册


中山市住房和城乡建设局
2020年5月6日   


======================

关于严格落实规范人民法院保全执行措施 确保商品房预售资金用于项目建设的通知
文号：中建通〔2022〕60号 信息来源：中山市住房和城乡建设局 发布日期：2022-05-17 
市两级法院，开设预售资金专用账户的商业银行，各镇、街住房城乡建设主管部门：
为确保商品房预售资金用于有关项目建设，切实保护购房人与债权人合法权益，根据广东省高级人民法院 广东省住房和城乡建设厅 中国人民银行广州分行联合下发的《<关于规范人民法院保全执行措施 确保商品房预售资金用于项目建设的通知>实施意见》（粤高法〔2022〕17号，以下简称《实施意见》）精神，现将相关工作要求通知如下：
一、人民法院冻结预售资金监管账户的，应当及时函告中山市住房和城乡建设局（以下简称“市住房城乡建设局”）。人民法院需扣划预售资金监管账户内资金的，应征得市住房城乡建设局的同意，未经允许不得对预售资金监管账户内的款项采取强制扣划措施。
监管银行扣划资金须凭法院执行文书及市住房城乡建设局出具的同意扣划文书，方可执行扣划手续。
二、商品房预售资金监管账户被人民法院冻结后，市住房城乡建设局可按照《中山市商品房预售款监管办法》规定，核准拨付工程款并出具核准批复书，核准批复书应同时抄送人民法院。
监管银行收到市住房城乡建设局出具的核准批复书时，应当及时按要求支付相应款项，监管银行不得以任何形式阻碍或拒绝工程款的支付。
三、监管银行接到人民法院冻结预售资金监管账户指令时，应当立即办理冻结手续，并通过系统将冻结情况同步推送至中山市房地产交易和资金监管平台（以下简称“资金监管平台”）；预售资金监管账户冻结情况数据未完成与资金监管平台对接的，应在办理冻结手续五个工作日内，通过发函形式及时通知市住房城乡建设局，并尽快完成对接工作。
监管银行需按月排查预售资金监管账户冻结情况，并将冻结情况月报表于每月10日前报中山市房地产交易管理事务中心备案。
四、对于线上冻结、扣划的，监管银行应在与人民法院对接的系统中标注资金监管账户的性质，提示人民法院该账户为预售资金监管账户，需按《实施意见》要求办理。如监管银行未标注资金监管账户性质的，上述账户被人民法院冻结后，监管银行应当及时发函告知人民法院。人民法院接到监管银行告知函后，应将冻结监管账户情况及时函告市住房城乡建设局。
五、存在冻结情况的商品房预售项目完成房屋所有权首次登记后，市住房城乡建设局应当书面通知人民法院和监管银行解除对该商品房预售资金账户的监管。
六、严格执行《最高人民法院 住房和城乡建设部 中国人民银行关于规范人民法院保全执行措施 确保商品房预售资金用于项目建设的通知》以及《实施意见》相关规定。
附件：１.广东省高级人民法院 广东省住房和城乡建设厅 中国人民银行广州分行关于贯彻《最高人民法院 住房和城乡建设部 中国人民银行关于规范人民法院保全执行措施 确保商品房预售资金用于项目建设的通知》实施意见
           2.冻结情况月报表
中山市住房和城乡建设局          中山市中级人民法院
中国人民银行中山市中心支行
2022年5月6日
 
 ",火炬 开发区 管委会 翠亨 新区 管委会 镇政府 办事处 有关 单位 现将 中山市 商品房 预售 监管 办法 印发 你们 认真贯彻 执行 执行 过程 遇到 问题 径向 住房 城乡 建设局 反映 中山市 人民政府 办公室 中山市 商品房 预售 监管 办法 第一章 第一条 加强 商品房 预售 监督管理 维护 房地产 市场 健康 有序 发展 保障 预售 商品房 购房人 合法权益 根据 中华人民共和国 城市 房地产 管理法 城市 商品房 预售 管理 办法 广东省 商品房 预售 管理条例 法律 法规 政策 规定 结合 我市 实际 情况 制定 办法 第二条 本市 行政区域 内经 批准 预售 商品房 项目 预售 收存 使用 监督管理 适用 办法 第三条 办法 预售 预售 商品房 房地产 开发 企业 办法 预购 购买 预售 商品房 单位 个人 办法 监管 银行 开设 商品房 预售 专用 账户 预售 签订 商品房 预售 监管 协议书 项目 所在地 商业银行 办法 商品房 预售 预售 开发 商品房 获得 预售 许可 交付使用 依法 出售 预购 合同 约定 支付 首付款 购房 贷款 以及 其他 形式 全部 购房款 办法 商品房 预售 专用 账户 预售 监管 银行 设立 专门 用于 存取 商品房 预售 账户 第四条 中山市 房地产 交易 管理 事务 中心 商品房 预售 监管部门 职责 负责 组织 实施 本市 商品房 预售 收存 使用 监督管理 工作 负责 审核 预售 用款 申请 资料 作出 答复 受理 预购 及其 组织 个人 商品房 预售 违法 违规行为 投诉 会同 相关 部门 处理 各种 违法 违规 收取 使用 商品房 预售 行为 第五条 我市 商品房 预售 监管 工作 建立 共同 责任 机制 中山市 住房 城乡 建设局 中山 银保监 分局 中国人民银行 中山市 中心 支行 按照 各自 职责 共同 做好 商品房 预售 监管 工作 监管 发现 违法 违规行为 进行 处理 第六条 监管 银行 按本 办法 规定 配合 做好 商品房 预售 监管 工作 职责 建立 商品房 预售 收入 支出 台账 进行 日常 管理 协助 履行 商品房 预售 收取 划拨 义务 配合 预售 做好 商品房 预售 收取 划拨 情况 报表 及时 商品房 预售 监管部门 备案 商品房 预售 监管 协议书 规定 其他 事项 第二章 设立 商品房 预售 专用 账户 第七条 预售 申请 商品房 预售 许可 应当 监管 银行 设立 商品房 预售 专用 账户 一个 预售 许可 原则上 设立 商品房 预售 专用 账户 取得 商品房 预售 许可 对应 商品房 预售 专用 账户 不足 增加 设立 第八条 预售 人应 商品房 买卖合同 注明 监管 银行 商品房 预售 专用 账户 信息 售楼 场所 予以 公示 以便 相关 部门 预购 查询 使用 监督 第九条 项目 预售 过程 监管 银行 商品房 预售 专用 账户 原则上 不得 变更 预售 项目 转让 确需 变更 办理 变更 手续 商品房 预售 许可证 资料 预售 监管部门 申请 办理 相关 变更 手续 其他 情况 需要 变更 应征 全部 预购 同意 商品房 预售 监管部门 批准 账户 变更 预售 必须 账户 结余 资金 全部 划转 账户 相关 银行 配合 做好 有关 交接 工作 第十条 预售 开始 销售 商品房 商品房 预售 监管部门 监管 银行 签订 商品房 预售 监管 协议书 明确 各自 权利义务 商品房 预售 监管 协议书 格式 文本 中山市 住房 城乡 建设局 拟定 第三章 商品房 预售 监督管理 第十一条 商品房 预售 款应 直接 存入 相应 商品房 预售 专用 账户 预售 不得 其他 任何 形式 收存 商品房 预售 变相 逃避 监管 第十二条 预售 人为 预购 办理 商品房 预售 合同 网上 备案 手续 预购 合同 约定 支付 首付款 购房 贷款 以及 其他 形式 全部 购房款 进行 进账 审核 商品房 预售 首期款 房价 比例 低于 国家 办理 商品房 银行 按揭 规定 进账 第十三条 预购 申请 贷款 购买 商品房 发放贷款 银行 贷款 直接 划入 商品房 买卖合同 注明 商品房 预售 专用 账户 第十四条 商品房 预售 只能 通过 银行 转账 支取 商品房 预售 项目 竣工 之前 只能 用于 购买 项目 建设 必需 建筑材料 设备 支付 项目 建设 施工进度 款及 法定 税费 不得 挪作他用 具体 费用 范围 土建工程 电气工程 动力 照明 弱电 卫生 技术 通风 工程 工业 管道工程 绿化 苗木 工程 市政工程 小区 用地 范围 市政道路 排水工程 土石方 工程 特殊 构筑物 工程 费用 材料 设备 装修 成本费用 设计费 工程 监理 费及 项目 建设 有关 其他费用 项目 建设 销售 缴纳 税款 第十五条 预售 首次 申请 使用 商品房 预售 款前 应当 明确 预售 项目 工程建设 费用 法定 税费 根据 项目 建设 方案 施工进度 取得 预售 许可 结构 封顶 竣工 验收 完成 首次 登记 四个 节点 三个 阶段 编制 商品房 预售 项目 用款 计划书 商品房 预售 项目 用款 计划书 监理 单位 审核 作为 申请 拨付 商品房 预售 资金 依据 第十六条 预售 完成 相应 节点 建设 任务 申请 支取 节点 用款 额度 预售 项目 办理 商品房 首次 登记 预售 专用 账户 结余 金额 不得 少于 收存 商品房 预售 总额 第十七条 预售 申请 使用 商品房 预售 款时 应当 商品房 预售 监管部门 提交 下列 材料 提交 材料 真实性 负责 商品房 预售 项目 用款 计划书 首次 提供 中山市 商品房 预售 使用 申请表 监管 银行 出具 加盖 印鉴 专用 账户 银行 账单 用于 支付 施工单位 工程款 应当 提供 施工 合同 首次 提供 相关 证明 材料 以及 施工单位 监理 单位 确认 监管 项目 施工进度 使用 证明 用于 支付 购买 建筑材料 设备 提供 其它 材料 设备 使用 证明 材料 设备 购销 合同 相关 证明 材料 用于 支付 设计 监理 费用 行政 事业性 收费 缴纳 税费 提供 合同 相关 证明 材料 项目 规划 平面图 首次 提供 中山市 预售 项目 施工现场 查勘 结构 封顶 阶段 监理 单位 确认 提供 现场 图片 中山市 商品房 预售 拨付 申请 确认 施工方 收款 凭证 十一 中山市 商品房 预售 许可证 中山市 规划 许可证 中山市 建设 施工 许可证 复印件 十二 提供 企业 工商 营业执照 复印件 原件 核对 法定代表 负责人 身份 证明书 身份证明 复印件 企业 委托 办事 人员 委托书 受托人 身份证明 原件 复印件 第十八条 预售 项目 结构 封顶 预售 人应 按照 办法 第十七条 规定 方式 支取 预售 预售 项目 结构 封顶 施工现场 完成 全部 外墙 工程 排架 垂直 运输设备 离场 施工单位 确认 预售 按照 约定 支付 工程进度 预售 选择 根据 中山市 房地产 企业 管理 诚信 平台 诚信 等级 差异化 管理 方式 支取 预售 具体措施 如下 建设 监理 施工单位 书面 确认 住房 城乡建设 部门 核实 施工现场 进度 情况 属实 预售 提交 预售 用款 申请 商品房 预售 监管部门 同意 专用 账户 金额 一定 比例 预留 支取 预售 用于 支付 工程进度 费用 其中 预售 项目 取得 中山市 建设工程 竣工 验收 备案 登记证 评为 房地产 企业 信用等级 预售 专用 账户 金额 备案 金额 预留 评为 房地产 企业 信用等级 预售 专用 账户 金额 备案 金额 预留 预售 项目 取得 中山市 建设工程 竣工 验收 备案 登记证 评为 房地产 企业 信用等级 预售 专用 账户 金额 备案 金额 预留 评为 房地产 企业 信用等级 以下 纳入 中山市 问题 楼盘 名单 以及 涉维稳 问题 预售 严格 按本 办法 第十七条 规定 方式 申请 用款 预售 申报 缴纳 房地产 项目 开发 过程 相关 税收 主营 税务机关 审核 出具 协办 预售 可以 申请 专用 账户 预留 金额 以外 款项 清缴 税款 第十九条 企业 项目 所在地 商业银行 出具 无条件 见索 即付 现金 保函 免除 同等 额度 商品房 预售 监管 资金 达到 保函 约定 注销 条款 不可 撤销 第二十条 办理 预售 商品房 买卖合同 注销 备案 手续 申请 专用 账户 相应 款项 退回 第二十一条 预售 监管部门 应当 受理 预售 申请 用款 之日起 工作日内 完成 审核 工作 审核 通过 预售 核发 中山市 商品房 预售 使用 核准 证明书 预售 人送 监管 银行 办理 预售 拨付 手续 监管 银行 核准 数额 拨付 第二十二条 下列 情形 之一 监管部门 不予 核准 用款 申请 预售 存在 违法 违规行为 导致 项目 停工 预售 项目 工程建设 存在 严重 质量 问题 收款 单位 营业 范围 申请 用款 用途 不符 预售 人未 预售 全部 转入 专用 账户 专用 账户 扣除 用款 账户 余额 少于 收存 商品房 预售 总金额 预售 提供 虚假 材料 符合 审核 标准 材料 预售 监管部门 认定 应当 暂停 拨付 其他 情形 第二十三条 预售 人及 监管 银行 项目 预售 资金 收入 支出 情况 制定 月度 报表 商品房 预售 监管部门 备案 第二十四条 预售 商品房 预售 许可证 范围 商品房 预售 项目 办理 商品房 首次 登记 关于 核准 国有 建设 用地 使用权 房屋 所有权 首次 登记 通知 中山市 商品房 预售 账户 解除 监管 申请表 监管部门 申请 解除 专用 账户 监管 监管部门 书面通知 预售 监管 银行 解除 专用 账户 监管 第四章 责任 追究 第二十五条 预售 违反 办法 第十四条 规定 使用 商品房 预售 违反 办法 第十一条 规定 直接 收存 商品房 预售 主管部门 应当 责令 改正 降低 注销 房地产 开发 资质 可以 处以 违法 使用 款项 罚款 第二十六条 银行 违反 条例 第二十一条 支付 商品房 预售 一级 主管部门 应当 责令 改正 追回 流失 款项 预购 造成 损失 依法 承担 连带责任 第二十七条 预售 违反 第十四条 规定 对方 造成 损失 应当 依法 承担 赔偿 责任 涉嫌犯罪 司法机关 依法处理 第二十八条 预售 监管部门 其他 有关 行政 管理 部门 工作人员 玩忽职守 滥用职权 徇私舞弊 依法追究 行政责任 涉嫌犯罪 司法机关 依法处理 第五章 第二十九条 办法 日起 实施 有效期 中山市 商品房 预售 监管 办法 中府 同时 废止 开发 企业 由于 疫情 影响 港澳 居民 我市 购买 商品房 无法 前来 缴纳 购房款 以及 结汇 手续 导致 购房人 无法 办理 网签 备案 影响 开发商 资金回笼 疏通 堵点 落实 群众 办实事 实践 活动 优化 营商 环境 我局 决定 中国建设银行 股份 有限公司 中山市 行为 试点 港澳 居民 跨境 购买 商品房 预售 进账 核查 流程 进行 优化 现将 有关 事项 通知 如下 日起 对于 符合 购房 政策 港澳 居民 需要 办理 购房款 结汇 开发商 结汇 银行 出具 购房款 文书 办理 商品房 预售 进账 核查 网签 备案 商品房 预售 进入 结汇 银行 结汇 银行 负责 监管 管控 保证 结汇 资金 直接 转入 监管 账户 具体 办理 流程 办理 材料 详见 附件 特此通知 附件 港澳 居民 跨境 购买 商品房 预售 进账 核查 流程 办理 材料 中山市 住房 城乡 建设局 原文 第九条 第九条 办理 预售 商品房 在建 工程 抵押 登记 预售 人向 金融机构 贷款 贷款 用途 用于 在建 工程 继续 建造 抵押 所得 款项 直接 存入 相应 商品房 预售 专用 账户 专项 用于 工程建设 银行 开发 贷款 一般 受托 支付 方式 使用 直接 银行 放款 对应 工程 合同 材料 合同 对应 施工方 材料 账户 贷款 停留 项目 公司 账户 因此 该条 描述 款项 直接 存入 预售 专用 账户 符合实际 情况 按照 专款专用 原则 开发 贷款 贷款 账户 支付 施工方 使用 预售 用户 销售 回款 使用 正常 应该 销售 回款 用于 归还 开发 贷款 不是 相反 建议 删除 此条 采纳 中山市 商品房 预售 监管 办法 修订版 征求意见 意见 征集 情况 贯彻落实 关于 规范 人民法院 保全 执行 措施 确保 商品房 预售 资金 用于 项目 建设 通知 关于 规范 商品房 预售 资金 监管 意见 建房 要求 进一步 加强 商品房 预售 资金 监管 促进 我市 房地产 行业 健康 发展 我局 结合 本市 实际 拟定 中山市 商品房 预售 监管 办法 修订版 征求意见 同时 有关 规定 要求 期间 我局 政务网 公布 公开 征求 社会公众 意见 截至 我局 收到 个人 反馈 意见 详见 附件 附件 中山市 商品房 预售 监管 办法 修订版 征求意见 反馈 意见 采纳 情况 中山市 住房 城乡 建设局 中山市 商品房 预售 监管 办法 修订版 征求意见 第一章 总则 第一条 加强 商品房 预售 监督管理 维护 房地产 市场 健康 有序 发展 保障 预售 商品房 预购 预售 合法权益 根据 中华人民共和国 城市 房地产 管理法 城市 商品房 预售 管理 办法 广东省 商品房 预售 管理条例 住房 城乡 建设部 人民银行 保监会 关于 规范 商品房 预售 资金 监管 意见 法律 法规 政策 规定 结合 我市 实际 情况 制定 办法 第二条 本市 行政区域 内经 批准 预售 商品房 项目 预售 收存 支取 使用 监督管理 适用 办法 第三条 办法 预售 预售 商品房 房地产 开发 企业 办法 预购 购买 预售 商品房 单位 个人 办法 监管 银行 开设 商品房 预售 专用 账户 商品房 预售 监管部门 预售 签订 商品房 预售 监管 协议 项目 所在地 商业银行 办法 商品房 预售 预售 开发 商品房 获得 预售 许可 商品房 首次 登记 依法 出售 预购 购房 协议 包括 认购书 商品房 买卖合同 约定 支付 定金 首期款 购房 贷款 以及 其他 形式 全部 购房款 装修 交付 商品房 购房款 包含 装修 办法 商品房 预售 专用 账户 预售 监管 银行 设立 专门 用于 存取 商品房 预售 账户 办法 监管 额度 专用 账户 确保 项目 商品房 首次 登记 交付使用 资金 额度 由市 镇街 住房 城乡建设 部门 根据 商品房 项目 建设 工程造价 施工 合同 金额 以及 项目 交付使用 条件 因素 确定 办法 用款 计划 预售 根据 项目 建设 方案 以及 施工进度 制定 商品房 预售 支取 使用 计划 中山市 住房 城乡 建设局 商品房 预售 监管 主管部门 负责 组织 实施 办法 中山市 房地产 交易 管理 事务 中心 商品房 预售 监管部门 负责 组织 实施 本市 商品房 预售 收存 支取 使用 监督管理 工作 镇街 住房 城乡建设 行政 主管部门 辖区 预售 商品房 项目 加强 日常 监督 检查 负责 组织 人员 现场 查看 项目 工程进度 核实 预售 申请 商品房 预售 款时 是否 存在 拖欠 工程款 劳资纠纷 工程 停工 延期 交付 稳定 因素 收到 预售 申请 之日起 五日 内加具 审查 意见 监管 银行 按本 办法 规定 配合 做好 商品房 预售 监管 工作 职责 做好 商品房 预售 收入 支出 日常 管理 协助 履行 商品房 预售 收存 划拨 义务 商品房 预售 监管部门 意见 划拨 商品房 预售 建立 商品房 预售 监管部门 现有 端口 相匹配 数据传输 系统 按照 系统 数据 接口 规范 传输数据 商品房 预售 专用 账户 进行 标识 发生 商品房 预售 专用 账户 查封 冻结 强制 扣划 情况 明确 告知 法院 执行 机关 账户 商品房 预售 专用 账户 不得 擅自 扣划 即时 相关 系统 数据交换 商品房 预售 监管部门 指定 信息系统 同时 收到 冻结 强制 扣划 文书 五日 相关 文书 复印件 送达 商品房 预售 监管部门 商品房 预售 监管 协议 规定 其他 事项 中国银行 保险 监督管理 委员会 中山 监管 分局 中国人民银行 中山市 中心 支行 职能 监督 监管 银行 预售 监管 过程 行为 中山市 住房 公积金 管理中心 负责 核实 预购 公积金 首期款 贷款 发放 结算 情况 第二章 设立 商品房 预售 专用 账户 第五条 预售 申请 商品房 预售 许可 应当 监管 银行 设立 商品房 预售 专用 账户 商品房 预售 监管部门 监管 银行 签订 商品房 预售 监管 协议 明确 各自 权利义务 商品房 预售 监管 协议 格式 文本 商品房 预售 监管部门 制定 预售 监管 银行 不得 商品房 预售 监管 协议 基础 通过 担保 质押 任何 形式 设置 附加 条款 补充协议 影响 商品房 预售 专用 账户 资金 划拨 使用 第六条 预售 按照 一次 预售 许可 申请 对应 一个 账户 原则 开设 商品房 预售 专用 账户 第七条 预售 人应 商品房 买卖合同 注明 监管 银行 商品房 预售 专用 账户 信息 售楼 场所 予以 公示 以便 相关 部门 预购 查询 使用 监督 第三章 商品房 预售 监督管理 第八条 商品房 预售 款应 直接 存入 相应 商品房 预售 专用 账户 预售 不得 其他 任何 形式 收存 商品房 预售 变相 逃避 监管 第九条 办理 预售 商品房 在建 工程 抵押 登记 预售 人向 金融机构 贷款 贷款 用途 用于 在建 工程 继续 建造 抵押 所得 款项 直接 存入 相应 商品房 预售 专用 账户 专项 用于 工程建设 第十条 预购 人应 按照 购房 协议 包括 认购书 商品房 买卖合同 约定 付款 时间 通过 商业银行 转账 商品房 预售 专用 机将 商品房 预售 直接 存入 专用 账户 预购 缴交 商品房 预售 商品房 预售 监管部门 进行 进账 审核 预购 首期款 足额 存入 商品房 预售 专用 账户 预售 预购 办理 商品房 买卖合同 网签 备案 手续 预购 申请 贷款 购买 商品房 发放贷款 银行 确认 预购 首期款 足额 存入 预售 专用 账户 贷款 直接 划入 商品房 买卖合同 注明 商品房 预售 专用 账户 第十一条 商品房 预售 只能 通过 监管 银行 转账 支取 母公司 设立 子公司 子公司 名义 开发 建设项目 母公司 不得 抽调 子公司 商品房 预售 专用 账户 资金 预售 可以 采用 用款 计划 方式 监管 额度 方式 支取 商品房 预售 预售 采用 用款 计划 方式 支取 商品房 预售 项目 竣工 交付使用 之前 商品房 预售 只能 用于 购买 项目 建设 必需 建筑材料 设备 支付 项目 建设 施工进度 款及 法定 税费 不得 挪作他用 商品房 预售 直接 拨付 施工单位 收款 账户 预售 项目 办理 商品房 首次 登记 预售 专用 账户 结余 金额 不得 少于 商品房 进账 预售 采用 监管 额度 方式 支取 商品房 预售 商品房 预售 专用 账户 资金 达到 监管 额度 超出 监管 额度 资金 预售 提取 使用 每次 申请 支取 必须 满足 以下 条件 在建 项目 包括 项目 所在地 项目 对应 预售证 没有 未售 房屋 抵押 查封 项目 施工单位 出具 项目 没有 拖欠 工程款 工人工资 情况 说明 以及 同意 预售 采取 监管 额度 方式 支取 商品房 预售 支取 确认书 商品房 预售 监管部门 根据 预售 申请 结合 属地 政府 意见 可以 变更 支取 预售 方式 项目 建设 出现 抵押 查封 工程质量 工人工资 拖欠 维稳 问题 第十三条 处理 预售 采用 用款 计划 方式 支取 商品房 预售 款前 应当 商品房 预售 监管部门 报送 有关 工程 合同 总包 合同 价格 施工 许可证 合同 价格 一致 审核 根据 项目 建设 方案 制定 用款 计划 用款 计划 应当 明确 预售 项目 工程建设 费用 法定 税费 属地 政府 审核 作为 申请 支取 商品房 预售 依据 预售 采用 用款 计划 方式 支取 商品房 预售 款时 应当 商品房 预售 监管部门 提交 下列 材料 提交 材料 真实性 负责 项目 预售 拨付 申请表 监管 银行 确认 专用 账户 银行 账单 预售 支取 确认书 项目 规划 平面图 首次 提供 中山市 商品房 预售 许可证 中山市 规划 许可证 中山市 建设 施工 许可证 复印件 首次 提供 提供 预售 工商 营业执照 复印件 法定代表 负责人 身份 证明书 身份证明 复印件 预售 委托 办事 人员 委托书 受托人 身份证明 原件 复印件 首次 提供 施工单位 对应 施工 项目 收款 凭证 收款 凭证 明确 载明 预售 支取 对应 商品房 项目名称 首次 提供 用于 支付 施工单位 工程款 提供 施工 合同 首次 提供 施工单位 监理 单位 确认 项目 施工进度 相关 证明 材料 用于 支付 购买 建筑材料 设备 提供 材料 设备 购销 合同 以及 相关 款项 支付 证明 材料 用于 支付 法定 税费 提供 税务 部门 缴税 凭证 相关 文书 用于 支付 行政 事业性 收费 提供 相关 证明 材料 监管部门 要求 提供 其他 材料 第十四条 预售 专用 账户 累计 进账 金额 达到 监管 额度 按照 用款 计划 方式 预留 资金 预售 专用 账户 累计 进账 金额 达到 监管 额度 根据 相应 工程建设 进度 监管 额度 预留 资金 预售 采用 监管 额度 方式 支取 商品房 预售 商品房 预售 专用 账户 留存 金额 中山市 房地产 企业 管理 诚信 平台 诚信 等级 挂钩 预售 分别 监管 额度 留存 装配式 建筑 项目 按照 诚信 等级 提升 一级 监管 额度 留存 预售 分别 监管 额度 留存 预售 监管 额度 留存 其余 资金 可以 提取 使用 具体 预售 监管 额度 如下 项目 取得 预售 许可 完成 主体 结构 封顶 毛坯房 监管 额度 每平方米 乘以 预售 面积 精装 监管 额度 每平方米 乘以 预售 面积 项目 完成 主体 结构 封顶 施工现场 完成 全部 外墙 工程 排架 垂直 运输设备 离场 毛坯房 监管 额度 每平方米 乘以 预售 面积 精装 监管 额度 每平方米 乘以 预售 面积 项目 结构 封顶 施工现场 完成 全部 外墙 工程 排架 垂直 运输设备 离场 完成 单位 单位 工程验收 毛坯房 监管 额度 每平方米 乘以 预售 面积 精装 监管 额度 每平方米 乘以 预售 面积 项目 完成 单位 单位 工程验收 完成 工程 竣工 验收 备案 登记 毛坯房 监管 额度 每平方米 乘以 预售 面积 精装 监管 额度 每平方米 乘以 预售 面积 项目 完成 工程 竣工 验收 备案 登记 毛坯房 监管 额度 每平方米 乘以 预售 面积 精装 监管 额度 每平方米 乘以 预售 面积 项目 施工 许可 户内 装修 工程 装修 工程 完工 监管 额度 每平方米 乘以 预售 面积 其余 资金 可以 提取 使用 第十五条 预售 专用 账户 资金 达到 监管 额度 预售 提供 本市 商业银行 全国性 股份制 商业银行 广东省 一级 分行 出具 保函 置换 预售 专用 账户 监管 额度 资金 按照 关于 商业银行 出具 保函 置换 预售 监管 资金 有关 工作 通知 银保监 办发 相关 条款 执行 预售 及其 控股 企业 连续 年度 内未 受到 住房 城乡建设 行政 主管部门 行政处罚 发生 监管 账户 司法 冻结 司法 扣划 税收 保全 措施 强制执行 措施 银行 保函 等额 替换 商品房 预售 资金 出具 保函 商业银行 应当 严格 按照 商品房 预售 现金 保函 约定 履行 责任 作为 商品房 预售 监管 银行 应当 积极 配合 住房 城乡建设 行政 主管部门 开展 银行 保函 等额 替换 商品房 预售 资金 工作 预售 办理 保函 业务 住房 城乡建设 行政 主管部门 提供 不可 撤销 见索 即付 保函 保函 出具 银行 按照 承诺 保函 期限内 承担 不可 撤销 连带责任 不得 任何理由 对抗 索赔 请求 保函 担保 期限 不得 相应 项目 商品房 买卖合同 约定 最晚 交付 日期 预售 出现 如下 情形 之一 保函 出具 银行 商品房 预售 现金 保函 约定 住房 城乡建设 行政 主管部门 承担 相应 责任 支取 商品房 预售 用于 购买 项目 建设 必需 建筑材料 设备 支付 项目 建设 施工进度 款及 法定 税费 相关 费用 项目 出现 质量 违约 问题 需承担 相应 经济 赔偿 责任 保函 到期 工作日 预售 未办理 保函 延期 开立 保函 保函 担保 金额 相等 资金 存入 预售 专用 账户 受到 监管部门 行政处罚 发生 监管 账户 司法 冻结 司法 扣划 税收 保全 措施 强制执行 措施 预售 违反 前款 规定 住房 城乡建设 行政 主管部门 应当 保函 出具 银行 发起 索赔 保函 出具 银行 保证 收到 住房 城乡建设 行政 主管部门 签署 加盖 公章 书面 索赔 通知书 原件 之日起 工作日内 无条件 地向 住房 城乡建设 行政 主管部门 支付 累计 总额 超过 本保函 担保 金额 款项 住房 城乡建设 行政 主管部门 指定 账户 具有 以下 情形 之一 预售 应当 住房 城乡建设 行政 主管部门 终止 保函 业务 预售 项目 办理 商品房 首次 登记 预售 保函 担保 金额 等额 商品房 预售 资金 存入 商品房 预售 专用 账户 保函 出具 银行 存入 商品房 预售 专用 账户 索赔 金额 累计 达到 保函 担保 总金额 监管部门 认定 其他 情形 第十六条 房地产 主管部门 核定 涉维稳 项目 住房 城乡建设 行政 主管部门 按照 一楼 一策 方式 实行 专门 管理 委托 属地 政府 项目 商品房 预售 进行 监管 预售 专用 账户 资金 全部 用于 项目 工程建设 商品房 买卖 协议 买卖双方 协商 解除 或经 生效 法律文书 确认 解除 预售 专用 账户 结余 金额 不少 预留 金额 前提 预售 申请 直接 退回 预购 缴存 预售 专用 账户 相应 款项 预售 申请 使用 商品房 预售 专用 账户 资金 用于 购房款 应当 提供 以下 材料 项目 预售 退款 申请表 申请表 应当 载明 预购 收款 账户 预购 身份证明 文件 解除 商品房 买卖合同 关系 协议书 人民法院 仲裁 机构 确认 买卖合同 关系 解除 生效 法律文书 购房款 进入 商品房 预售 专用 账户 凭证 商品房 预售 专用 账户 银行 账单 住房 城乡建设 行政 主管部门 要求 提供 其他 资料 第十八条 商品房 预售 监管部门 应当 受理 预售 申请 用款 之日起 五日 完成 预售 申请 用款 审核 工作 审核 通过 监管 银行 发出 中山市 商品房 预售 使用 核准 证明书 监管 银行 两日 按照 中山市 商品房 预售 使用 核准 证明书 核准 数额 划拨 第十九条 下列 情形 之一 监管部门 不予 核准 用款 申请 预售 存在 违法 违规行为 导致 项目 停工 预售 项目 工程建设 存在 严重 质量 问题 收款 单位 营业 范围 申请 用款 用途 不符 按规定 收存 使用 商品房 预售 预售 提供 虚假 材料 符合 审核 标准 材料 商品房 预售 监管部门 认定 应当 暂停 支取 其他 情形 第二十条 商品房 建设项目 办理 商品房 首次 登记 人民法院 执行 建设 商品房 项目 产生 工程建设 进度 材料 设备 预购 人退 房款 债权 案件 需要 扣划 专用 账户 资金 按照 最高人民法院 住房 城乡 建设部 中国人民银行 关于 规范 人民法院 保全 执行 措施 确保 商品房 预售 资金 用于 项目 建设 通知 相关 条款 执行 第二十一条 预售 商品房 预售 许可证 范围 商品房 预售 项目 办理 商品房 首次 登记 达到 交付使用 条件 项目 室内 装修 工程 交付 装修 工程 完工 商品房 预售 监管部门 申请 解除 专用 账户 监管 商品房 预售 监管部门 书面通知 预售 监管 银行 解除 专用 账户 监管 第二十二条 存在 以下 情形 之一 商品房 预售 监管部门 可自 发现 之日起 暂停 监管 银行 签订 监管 协议 为期 一年 按规定 划拨 商品房 预售 预售 专用 账户 资金 设置 担保 未经 商品房 预售 监管部门 批准 擅自 注销 专用 账户 数据传输 系统 对接 符合实际 要求 责任 追究 第二十三条 预售 违反 办法 第八条 规定 直接 收存 商品房 预售 违反 办法 第十一条 第十三条 规定 使用 商品房 预售 按照 广东省 商品房 预售 管理条例 第四十条 进行 处理 第二十四条 预售 违反 办法 第十一条 第十三条 规定 使用 商品房 预售 预购 造成 损失 应当 依法 承担 赔偿 责任 涉嫌犯罪 司法机关 依法处理 第二十五条 勘察 设计 施工 监理 单位 提供 虚假 证明 采取 其他 方式 协助 预售 违规 使用 商品房 预售 由市 住房 城乡建设 行政 主管部门 违规行为 录入 企业信用 信息系统 依法 相关 责任 单位 责任人 予以 查处 其他 单位 违反 上述 规定 由市 住房 城乡建设 行政 主管部门 移交 相关 管理 部门 处理 第二十六条 监管 银行 违反 办法 第十八条 第二十二条 规定 住房 城乡建设 行政 主管部门 应当 相关 情况 告知 银行业 监管部门 按照 相关 监管 规定 进行 处罚 预购 造成 损失 监管 银行 依法 承担 赔偿 责任 第二十七条 商品房 预售 监管部门 其他 有关 行政 管理 部门 工作人员 玩忽职守 滥用职权 徇私舞弊 依法追究 行政责任 涉嫌犯罪 主管部门 移交 司法机关 依法处理 第五章 附则 第二十八条 办法 日起 实施 有效期 中山市 人民政府 办公室 发布 中山市 商品房 预售 监管 办法 中府 同时 废止 关于 明确 商品房 预售 监管 事项 通知 信息 来源 中山市 住房 城乡 建设局 发布 日期 分享 房地产 开发 企业 保障 房地产 市场 平稳 健康 发展 防范 房地产 市场 风险 保证 预售 资金 优先 用于 商品房 项目 工程建设 保障 购房人 合法权益 结合 当前 资金 监管 工作 实际 研究 现将 相关 事项 通知 如下 日起 预购 购买 预售 商品房 只能 通过 银行 转账 商品房 预售 专用 机将 商品房 预售 直接 存入 专用 账户 日起 开发商 申请 办理 预售 支取 提交 收款 凭证 明确 载明 对应 商品房 项目名称 工程 名称 特此通知 中山市 住房 城乡 建设局 抄送 市房协 关于 中山市 商品房 预售 现场 勘验 系统 上线 运行 通知 房地产 开发 企业 根据 中山市 人民政府 办公室 关于 印发 中山市 商品房 预售 监管 办法 通知 中府 第十八条 预售 项目 结构 封顶 施工现场 完成 全部 外墙 工程 排架 垂直 运输设备 离场 施工单位 确认 预售 按照 约定 支付 工程进度 预售 选择 根据 中山市 房地产 企业 管理 诚信 平台 诚信 等级 差异化 管理 方式 支取 预售 要求 优化 商品房 预售 现场 勘验 办理 流程 提高 勘验 工作效率 实现 无纸化 网上 现我局 开发 建设 中山市 商品房 预售 现场 勘验 系统 上线 运行 网址 房地产 开发 企业 申请 商品房 预售 现场 勘验 按照 商品房 预售 监管 现场 进度 勘验 申报 操作手册 详见 附件 网上 进行 申报 之后 不再 受理 纸质 申请 运行 期间 发现 问题 及时 我局 反馈 业务联系 电话 技术 支护 联系电话 技术支持 技术支持 咨询 时间 星期一 星期六 特此通知 附件 商品房 预售 监管 现场 进度 勘验 申报 操作手册 中山市 住房 城乡 建设局 关于 严格 落实 规范 人民法院 保全 执行 措施 确保 商品房 预售 资金 用于 项目 建设 通知 文号 中建 信息 来源 中山市 住房 城乡 建设局 发布 日期 两级 法院 开设 预售 资金 专用 账户 商业银行 各镇 住房 城乡建设 主管部门 确保 商品房 预售 资金 用于 有关 项目 建设 切实 保护 购房人 债权人 合法权益 根据 广东省高级人民法院 广东省 住房 城乡 建设厅 中国人民银行 广州 分行 联合 下发 关于 规范 人民法院 保全 执行 措施 确保 商品房 预售 资金 用于 项目 建设 通知 实施 意见 高法 以下 简称 实施 意见 精神 现将 相关 工作 要求 通知 如下 人民法院 冻结 预售 资金 监管 账户 应当 及时 函告 中山市 住房 城乡 建设局 以下 简称 住房 城乡 建设局 人民法院 扣划 预售 资金 监管 账户 资金 应征 得市 住房 城乡 建设局 同意 未经 允许 不得 预售 资金 监管 账户 款项 采取 强制 扣划 措施 监管 银行 扣划 资金 法院 执行 文书 及市 住房 城乡 建设局 出具 同意 扣划 文书 方可 执行 扣划 手续 商品房 预售 资金 监管 账户 人民法院 冻结 住房 城乡 建设局 按照 中山市 商品房 预售 监管 办法 规定 核准 拨付 工程款 出具 核准 批复 核准 批复 书应 同时 抄送 人民法院 监管 银行 收到 住房 城乡 建设局 出具 核准 批复 书时 应当 及时 要求 支付 相应 款项 监管 银行 不得 任何 形式 阻碍 拒绝 工程款 支付 监管 银行 接到 人民法院 冻结 预售 资金 监管 账户 指令 应当 立即 办理 冻结 手续 通过 系统 冻结 情况 同步 推送 中山市 房地产 交易 资金 监管 平台 以下 简称 资金 监管 平台 预售 资金 监管 账户 冻结 情况 数据 完成 资金 监管 平台 对接 办理 冻结 手续 五个 工作日内 通过 发函 形式 及时 通知 住房 城乡 建设局 尽快 完成 对接 工作 监管 银行 排查 预售 资金 监管 账户 冻结 情况 冻结 情况 报表 每月 日前 中山市 房地产 交易 管理 事务 中心 备案 对于 线上 冻结 扣划 监管 银行 人民法院 对接 系统 标注 资金 监管 账户 性质 提示 人民法院 账户 预售 资金 监管 账户 实施 意见 要求 办理 监管 银行 标注 资金 监管 账户 性质 上述 账户 人民法院 冻结 监管 银行 应当 及时 发函 告知 人民法院 人民法院 接到 监管 银行 告知 函后 冻结 监管 账户 情况 及时 函告 住房 城乡 建设局 存在 冻结 情况 商品房 预售 项目 完成 房屋 所有权 首次 登记 住房 城乡 建设局 应当 书面通知 人民法院 监管 银行 解除 商品房 预售 资金 账户 监管 严格执行 最高人民法院 住房 城乡 建设部 中国人民银行 关于 规范 人民法院 保全 执行 措施 确保 商品房 预售 资金 用于 项目 建设 通知 以及 实施 意见 相关 规定 附件 广东省高级人民法院 广东省 住房 城乡 建设厅 中国人民银行 广州 分行 关于 贯彻 最高人民法院 住房 城乡 建设部 中国人民银行 关于 规范 人民法院 保全 执行 措施 确保 商品房 预售 资金 用于 项目 建设 通知 实施 意见 冻结 情况 报表 中山市 住房 城乡 建设局 中山市 中级 人民法院 中国人民银行 中山市 中心 支行,5.08952154988603,9.358162430559181,4.883333333333334,7.716666666666666,13988,22.6,27.14166666666667,3500.0,89.11043759098708,336.375,302.4383948000226,13.82464213644162,5,3,0.008625,0.672576494137832,阶段1,20.0,21.0,2.531772818259806,1.0,1.0,阶段2,20.0,21.0,3.764289772727273,1.0,1.0,竣备,20.0,27.0,26.35002840909091,7.0,1.0,确权,20.0,35.0,56.46434659090909,15.0,0.0,阶段5,,,0.0,,2,3,336.375
临高,临高,Lingao-3,approved construction cost,with multiplier or floor,unspecified construction progress,找不到/未明确,specified,other / unclear,False,False,13.0,,,numbered clauses in evidence excerpt,not explicitly parseable from retained excerpt,not explicitly parseable from retained excerpt,监管额度 | 监管账户内的资金达到监管额度后，超出部分可由开发企业自行提取使用 | 完成房屋所有权首次登记前，商业银行不得擅自划扣,True,policy_identification_filled.xlsx,City_audit,4stage_Mcost,4,4,stage_1|stage_2|stage_3|stage_4,主体|装修|竣备|确权,主体|装修|竣备|确权,complete_named_milestones,stage_1,stage_4,4,0.3,0.25,cumulative_same_denominator_stage_shares,terminal_stage_share:within_cohort_amount_share,expert_calibrated_operational_proxy_pending_source_mapping,monthly-revenue stage ratio or within-cohort amount share; not automatically a policy percentage,external/Modelling Dep/41_Cities_Dep/city_catalog.json,data/pmc_data.xlsx,dep-operational-h1-v1,Lingao-3,2023,三线,临高,Hainan,"《中华人民共和国城市房地产管理法》（1994年7月5日主席令第二十九号，2009年8月27日予以修改）第四十五条：商品房预售，应当符合下列条件：（一）已交付全部土地使用权出让金，取得土地使用权证书；（二）持有建设工程规划许可证；（三）按提供预售的商品房计算，投入开发建设的资金达到工程建设总投资的百分之二十五以上，并已经确定施工进度和竣工交付日期；（四）向县级以上人民政府房产管理部门办理预售登记，取得商品房预售许可证明。 

（1）已交付全部土地使用权出让金，取得土地使用权证书；（2）持有建设用地规划许可证、建设工程规划许可证和施工许可证；（3）工程形象进度证明。八层以下（含八层）最低工程形象进度至少达到主体结构封顶；八层以上房屋施工进度应当达到三分之二以上楼层。2017年9月28日之日起，新取得出让用地开发建设的商品住宅项目中，除采取装配式建造方式建造的建筑可按达到2/3以上的证明办理，其余建筑应主体工程封顶证明，并已经确定施工进度和竣工交付日期。 


====================
临高多地加强房地产项目预售资金监管 严禁“体外循环”
时间：2023-05-31 14:19:52 来源：https://sxcjq.cn 点击：150次


近日，多地出台相关政策，加强房地产项目预售资金监管。
福建省住房和城乡建设厅日前发布的《关于进一步加强房地产项目预售资金监管的通知》明确，房地产开发企业不得要求购房款存入非监管账户，严禁预售资金“体外循环”。江苏宿迁、河南许昌、广西南宁等地近期也出台加强房地产项目预售资金监管相关政策。
实行专户管理
《通知》要求，房地产管理部门要结合本地实际，按项目按预售批次确定商品房预售资金监管额度。预售资金按项目管理，房地产开发企业申请使用监管额度内资金，专项用于工程建设支出，原则上应从预售资金监管账户直接转入施工单位账户、建材供应商账户、农民工工资专户等。监管额度内资金在商品房项目完成房屋所有权首次登记前，商业银行不得擅自划扣；设立子公司的房地产开发企业，集团公司不得抽调项目公司预售资金。
在实行专户管理方面，《通知》指出，房地产开发企业申请商品房预售许可前，应选择符合监管要求的商业银行作为商品房预售资金监管银行，并与所在地房地产管理部门共同签订三方监管协议。《商品房预售许可证》中应当载明监管账户信息，监管账户专用于商品房预售资金的收存和拨付，不得开通任何形式的自动扣款业务，不得作为其他贷款的还款账户或还款担保账户。
中国证券报记者观察到，除福建外，江苏宿迁、河南许昌、广西南宁等地近期也出台了加强房地产项目预售资金监管相关政策。其中，南宁市住房和城乡建设局要求，房地产开发企业在项目营销中心使用南宁市商品房预售资金监管专用pos机，确保商品房购房款安全、及时存入资金监管账户。
有效做到保交房
中指研究院企业研究总监刘水认为，福建对预售资金实行专户管理，规范资金缴存，完善使用管理，严格进行缴存和使用管理，明确了相关各方职责，有利于减少房地产市场风险，有效做到保交房、保民生、保稳定。
诸葛数据研究中心首席分析师王小嫱对记者表示，由于新房实行预售制度，一些项目发生了“烂尾楼”现象。由于预售监管账户没有起到监管作用，开发商出于自身的资金压力原因违规挪用预售资金。一旦房地产开发企业在挪用预售资金后仍无法缓解现金流紧张问题，导致项目后期建设资金不足，无法如期交付。
王小嫱表示，福建出台政策，严禁预售资金“体外循环”，目的是保证项目建设资金，避免“烂尾楼”现象的发生。福建的做法值得肯定，此举将监管措施落实到位，真正维护了购房者的合法权益，促进房地产市场的平稳发展。
中原地产首席分析师张大伟对记者表示，保交楼仍是政策关键，预售资金监管有利于保护购房者权益，各地针对预售资金的监管没有放松。对期房销售制度来说，预售资金监管能避免企业挪用资金过度加杠杆。
免责声明
本文为编辑转载，转载目的在于传递更多信息，并不代表赞同其观点和对其真实性负责。如涉及作品内容、版权和其它问题，请在30日内联系，我们将在第一时间删除内容。
文章版权归原作者所有，内容为作者个人观点，只提供参考并不构成任何投资及应用建议。
====================================

海南11个县市调整购房首付比例 楼市政策持续优化影响几何？
新京报2024-02-07 23:06
2月6日，中国人民银行海南省分行官网消息称，2月7日起，对于符合当地购房政策条件的海南省户籍居民家庭，贷款购买11个市县的商品住房最低首付比例进行调整，首套住房商业性个人住房贷款最低首付款比例调整为20%。
对此，业内人士表示，海南此次政策是一个很明显的风向标，对于当前的楼市发展具有深远影响，说明各地正逐渐对过去房地产过热过严时期的政策做调整，有助于进一步稳定预期，使得购房环境宽松，降低购房成本，激活合理住房消费需求，提升市场行情。
首套房最低首付比例调整为20%
根据中国人民银行海南省分行发布的消息，为促进房地产市场平稳健康发展，按照中国人民银行、国家金融监督管理总局有关文件精神，根据海口市等11个市县政府调控要求，结合当地房地产市场形势，经研究，海南省市场利率定价自律机制确定。
2月7日起，对于符合当地购房政策条件的海南省户籍居民家庭，贷款购买海口市、万宁市、文昌市、东方市、琼海市、陵水黎族自治县、乐东黎族自治县、屯昌县、保亭黎族苗族自治县、琼中黎族苗族自治县、五指山市等11个市县的商品住房，首套住房商业性个人住房贷款最低首付款比例调整为20%，二套住房商业性个人住房贷款最低首付款比例调整为30%；二套住房商业性个人住房贷款利率政策下限调整为不低于相应期限贷款市场报价利率加20个基点。
易居研究院研究总监严跃进表示，海南此次新政信号意义很强。近期，虽然海南一些地方放松限购政策，但没有公开发文，现在基本上也都全面放松。此次海南政策，进一步优化调整房地产政策，即在之前已经松绑的房地产限购政策基础上，对银行房贷利率和首付比例做了调整。其实就是房地产贷款方面的“双降”，即降首付比例、降利率。此次“双降”政策有一个显著的特点，就是涉及海南所有的县市，属于海南全面性政策放松，具有一定的深度和广度。
而今年以来，海南各地在房地产调控政策方面也是动作频频。此前的1月9日，新京报记者向海口市住房和城乡建设局获悉，海口二手房交易限售年限松绑，由5年变为2年。此后，海南儋州、陵水、澄迈、琼海、万宁、临高先后发布消息，优化楼市调控政策，内容涉及调整限售年限、认房不认贷、人才购房等。
海南楼市仍处缓慢复苏阶段
回顾过往，自2018年4月起，作为重要旅游度假胜地的海南省，全域执行限购政策，至今已有五年之久。在全域限购以后，海南省商品房销售面积大幅下降，2018年，海口、三亚商品住宅成交量同比跌幅分别在38%和60%左右。随着投资客群的减少，海口和三亚楼市均开启了长达五年的深度调整期。
海南省统计局数据显示，全省商品房销售面积从2017年2292万平方米的峰值下降至2023年1-10月的689万平方米；商品房销售额也从2017年的2714亿元降至2023年1-10月的1174亿元。
根据海南省统计局最新发布的数据，2023年海南楼市有所复苏，全年房地产销售面积899.69万平方米，房屋销售额1493.8亿元，同比分别增长39.7%和36%。
“近期，海南的房地产数据不容乐观。”海南省当地一位业内人士向记者透露，“海南全域已经开始逐步松绑之前的调控政策，个别区域正在等待完全放开限购政策以进一步刺激楼市复苏。最近一个月，海口、三亚新房价格都在下跌，分别下跌了0.6%和0.3%；二手房价格也在下跌，跌幅分别为1.2%和0.9%。”
据媒体报道，海南省住房和城乡建设厅厅长王鹏1月31日在海南省住房城乡建设工作会议上表示，2023年海南房地产市场明显“回暖”，2024年将精准、适度优化调整现行政策。王鹏表示，2023年海南房地产开发投资、销售面积、增加值增速均高于全国平均水平，商品住房销售价格保持稳定、去化期相对合理。今年海南省将采取积极稳妥措施促进房地产市场平稳健康发展，力争完成1500亿元的开发投资。
王鹏还表示，今年海南将继续统筹做好保交楼和保交付工作，加强预售资金监管，坚持现房销售制度，控制存量风险、遏制新增风险；用好房地产融资协调机制，支持房地产企业合理融资。
全国多地持续优化房地产政策
近期，楼市的利好消息不断。住建部、国家金融监督管理总局纷纷发声，支持房地产市场发展。除海南省外，目前已经有广州、上海、东莞、洛阳等多地陆续出台楼市新政，主要涉及住房公积金、房贷利率、调整限购、契税补贴、购房补贴等方面。
1月25日，国家金融监督管理总局副局长肖远企在国新办举行的新闻发布会上表示，近段时间以来，积极配合行业主管部门和地方政府从房地产市场供需两端综合施策，不断加大金融支持力度。在“继续做好个人住房贷款金融服务”方面，支持各地城市政府和住建部门因城施策，进一步优化首付比例、贷款利率等个人住房贷款政策，指导、督促银行更好服务广大人民群众刚性和改善性住房的融资需求。
1月26日，住建部召开城市房地产融资协调机制部署会，要求坚持因城施策，一城一策，充分赋予城市房地产调控自主权，各城市可因地制宜调整房地产政策。
严跃进认为，海南之前的房地产调控政策比较严格，现在全面放松，是一个很明显的风向标。这说明各地正逐渐对过去房地产过热过严时期的政策做出调整，有助于进一步稳定预期，使得购房环境宽松，降低购房成本，激活合理住房消费需求，提升市场行情。
新京报记者 张建
编辑 杨娟娟 校对 杨许丽

==============================

索  引 号：00817379-0/2022-16407主题分类：
发文机关：省住房和城乡建设厅成文日期：2022-09-26 17:38
标       题：关于印发《海南省商品房预售资金监管办法》的通知 
文       号：发布日期： 2022-09-26 17:38

时  效 性：有效

琼建房〔2022〕373号
海南省住房和城乡建设厅
中国人民银行海口中心支行
中国银行保险监督管理委员会海南监管局
关于印发《海南省商品房预售资金监管办法》的通知 
各市、县、自治县人民政府，省直各有关部门，各有关单位：
经省政府同意，现将《海南省商品房预售资金监管办法》印发给你们，请认真贯彻执行。
附件：海南省商品房预售资金三方监管协议参考文本
海南省住房和城乡建设厅  中国人民银行海口中心支行 
中国银行保险监督管理委员会海南监管局
2022年9月26日
（此件主动公开）
海南省商品房预售资金监管办法
第一章 总 则
第一条 为规范我省商品房预售资金(以下简称预售资金)的监督管理，保障房地产项目竣工交付，维护购房人合法权益，促进房地产市场平稳健康发展，根据《中华人民共和国城市房地产管理法》、《城市商品房预售管理办法》、《住房和城乡建设部 人民银行 银保监会关于规范商品房预售资金监管的意见》等有关规定，结合我省实际，制定本办法。
第二条 凡在我省行政区域内申请商品房预售许可的项目，其预售资金的收存、使用及监督管理，适用本办法。
第三条 我省预售资金的监督管理遵循专户存储、专款专用、全程监管、节点控制、多方监督的原则。
第四条 本办法所称预售资金，是指预售商品房的房地产开发企业(以下简称开发企业)依法将其开发的商品房出售，由购房人缴交的定金、首付款、住房公积金贷款、商业银行发放的按揭贷款和其他形式的购房款等各种款项。
第五条 预售资金监管期限自项目核发《商品房预售许可证》开始，至项目完成房屋所有权首次登记后终止。
第六条 省住房和城乡建设厅负责指导全省预售资金的收存、使用工作。人民银行分支机构指导商业银行做好监管账户管理工作。银保监部门负责对商业银行预售资金监管的操作风险和合规性进行监督检查。商业银行按照监管协议做好监管账户监控和拨付工作，并定期与市、县、自治县住房和城乡建设部门（以下称市县住建部门）对账，对发现的违法违规行为及时向市县住建部门反馈。
市县住建部门履行辖区内预售资金监管职责。具体为：
（一）会同本辖区内的人民银行分支机构、银保监部门通过公开招标方式，确定能够承接商品房预售资金监管业务的商业银行。
（二）制定本市县监管实施细则和三方监管协议文本。
（三）合理确定监管额度和拨付节点。
（四）与开发企业、商业银行共同签订预售资金三方监管协议（以下称监管协议），受理开发企业使用预售资金申请，出具审核意见。
（五）定期巡查预售项目，对开发企业管理使用预售资金的行为进行监督检查。
（六）受理预售资金收存、使用中违法违规行为的投诉，对预售资金监管相关矛盾纠纷进行调处化解。
（七）本办法规定的其他有关工作。
第二章 一般规定
第七条 市县住建部门会同属地人民银行分支机构、银保监部门通过公开招标方式，综合商业银行资信状况、监管能力、服务水平等因素，确定能够承接商品房预售资金监管业务的商业银行，并通过市县住建部门门户网站予以公示，开发企业应从公示的名单中选择商业银行作为监管银行。
第八条 开发企业在申请办理《商品房预售许可证》前，按一次预售许可开设一个监管账户的原则，与市县住建部门和监管银行签订监管协议，明确预售资金收存和使用方式、监管额度、违约责任等，监管协议主要内容要在预售方案中予以明确，并通过附件方式在《商品房买卖合同》中予以体现。
监管账户应当在《商品房预售许可证》《商品房买卖合同》上载明，并在商品房销售现场显著位置，以及所在市县住建部门的门户网站进行公示。
监管账户一经设立，原则上不得随意变更；确需变更的，应由市县住建部门、开发企业、监管银行三方协商同意后解除原监管协议，重新签订新的监管协议，并在5个工作日内将原监管账户中的预售资金全部转入变更后的监管账户。账户变更期间，原监管账户范围内的商品房暂停销售。
第九条 商品房预售资金应全部直接存入监管账户进行监管，开发企业不得直接收取或另设账户收存购房人的购房款。省住房和城乡建设厅建立健全房产管理信息系统，市县住建部门在办理房屋交易合同网签备案时，需确认商品房预售资金已按要求同步存入监管账户。
第十条 商品房预售资金实行全程监管，确保专款专用，对用于支付工程建设等费用的预售资金要实施重点监管，市县住建部门要根据商品房项目建设工程造价、施工合同金额以及项目交付使用条件等因素合理确定监管额度，并在监管协议中予以明确。
监管账户监管额度内的资金只能用于购买该项目建设必需的建筑材料、设备和支付施工进度款等相关支出。监管额度内的资金应按照工程进度予以拨付，首次拨付节点不得早于地下结构完成，最后拨付节点为项目完成房屋所有权首次登记。各市县住建部门可根据主体分部验收、装修分部验收、竣工验收、联合验收、房屋所有权首次登记等环节具体确定资金拨付节点以及相应的资金余额要求。

开发企业申请支取监管额度内的预售资金，须经所在市县住建部门核实同意。监管账户内的资金达到监管额度后，超出部分可由开发企业自行提取使用。监管额度内的资金，在解除预售资金监管前，监管银行不得擅自划扣。商品房预售资金监管账户不得开通网上银行功能和自动扣款等转账业务。设立子公司的房地产开发企业，集团公司不得抽调。
第十一条 各市县住建部门应建立商品房预售资金分类监管机制。对合法依规经营，一定年限内未受到房地产市场监管部门行政处罚,且未发生监管账户被采取冻结、划拨、税收保全措施或强制执行措施、拖欠工程款和拖欠农民工工资等情况的开发企业,可申请以提交符合要求的银行保函等方式替代一定额度的预售资金监管。各市县住建部门可根据全省住房和城乡建设领域信用体系建设情况，强化信用评价结果共享应用，根据开发企业信用等级和保函情况，适当降低或上浮预售资金的监管额度。
第三章 预售资金收存和使用管理
第十二条 由购房人缴交的定金、首付款、住房公积金贷款、商业银行发放的按揭贷款和其他形式的购房款存入相应的监管账户后，开发企业凭相应的监管账户缴款回单，为购房人开具售房发票。购房人按揭贷款购买商品房的，其按揭贷款由贷款银行按开发企业提供的监管账户直接划入。
开发企业不得向购房人以集资、借款、会员费、工程抵押等形式变相预售商品房，逃避资金监管。
第十三条 开发企业应按照监管协议所确定的资金使用节点向市县住建部门提出使用预售资金申请，并提交相应材料：
（一）商品房预售资金使用申请书。
（二）用于支付工程款的，提供工程建设合同及工程监理机构出具的施工进度资料及影像资料。
（三）用于支付工程建设所需的建筑材料、设备款项的，提供与供应商签订的购销合同。
（四）用于支付工程监理或其他行政事业性收费的，提供合同或缴费通知。
（五）其他应当提供的材料。
首次拨付款后，每次申请拨款时还应当提交上一次申请用款事项的转款回单。如支付工程款的，则需提交监理单位对相应款项使用情况的证明材料。
第十四条 在销售中若发生退款的，开发企业可以向市县住建部门申请解除退款部分的监管，市县住建部门应在3个工作日内核实，书面通知监管银行。
第十五条 市县住建部门受理开发企业使用商品房预售资金的申请后，应严格依据本办法相关规定进行审核，需要确认开发项目建设进度的，应结合工程进度资料现场核查或通过信息系统比对，审核工作不得超过3个工作日。
第十六条 监管银行收到市县住建部门同意拨付意见后，应在2个工作日内将资金拨付给与开发企业签订合同的相关当事人或单位。商业银行违反监管协议，未经所在市县住建部门核实同意，擅自拨付监管额度内资金的，应当负责追回资金，无法追回的依法承担相应赔偿责任。
第十七条 开发企业办理完成项目房屋所有权首次登记后，可以凭相关证明文件向市县住建部门申请解除预售资金监管。市县住建部门应在5个工作日内核实，出具解除预售资金监管证明，并书面通知开发企业和监管银行。开发企业和监管银行接到通知后，按规定办理解除预售资金监管手续。
第十八条 有下列情形之一的，市县住建部门可书面通知监管银行暂停拨付监管账户内的预售资金，并启动应急措施，协调相关部门监督监管账户内资金的使用：
（一）开发企业存在违法违规行为导致工程停工的。
（二）预售项目发生质量事故或存在严重质量问题的。
（三）预售项目未按期交付使用或存在不能按时交付风险的。
（四）项目存在违法违规建设和销售的。
（五）项目存在严重债务和劳务纠纷的。
（六）市县住建部门认定应当暂停拨付的其他情形。
开发企业侵害购房人权益，依法应给予赔偿的，应优先用超出项目监管额度以外的预售资金支付。
第十九条 市县住建部门要会同金融监管部门推动房屋网签备案系统和商业银行业务管理系统对接，加强数据共享，推进资金申请、审核、拨付“全程网办”，提高资金拨付效率。
第四章 监督管理
第二十条 监管银行应按月将预售资金收支等情况报送市县住建部门。市县住建部门应主动在部门门户系统公示监管协议、工程形象进度和预售资金收支情况等相关信息，方便购房人查询。
第二十一条 省住房和城乡建设厅和人行海口中心支行、海南银保监局根据各自的监管职责做好日常指导和监督检查工作。市县住建部门要定期巡查预售项目，发现项目收支存在异常情况的，责令开发企业限期改正。人行海口中心支行及属地市县支行、海南银保监局及其派出机构发现监管银行违规的，应当依法严肃处理。监管银行发现房地产开发企业存在违规挪用监管额度内资金问题的，应当停止拨付，并立即告知市县住建部门，市县住建部门要及时作出处理。
第二十二条 涉及人民法院保全、执行商品房预售资金的，按照《最高人民法院 住房和城乡建设部 中国人民银行关于规范人民法院保全执行措施确保商品房预售资金用于项目建设的通知》（法〔2022〕12号）有关要求执行。
第二十三条 开发企业有下列行为之一的，由市县住建部门责令其限期改正，整改期间开发企业不得申请拨付预售资金：
（一）未按本办法规定收存、使用预售资金的。
（二）提供虚假证明材料申请使用预售资金的。
（三）以收取其他款项为名变相逃避监管的。
（四）其他违反预售资金监管规定的。
情节严重或拒不改正的,按照国家及我省诚信管理有关规定处理。违反相关法律、法规、规章规定的，依照有关规定处罚。
第二十四条 施工单位、监理单位提供虚假证明或采取其他方式协助开发企业违规支取预售资金的，由市县住建部门依法对相关责任单位和责任人予以处理。违反相关法律、法规、规章规定的，依照有关规定处罚。
第二十五条 监管银行违反规定或未按照商品房预售资金监管协议约定，擅自收存、管理以开发企业名义转入的资金，未按规定监控、反馈购房贷款入账情况，擅自拨付资金，或存在其他违规行为的，依法承担相应法律责任。
第二十六条 违反本办法规定，相关部门及其工作人员在预售资金监管工作中玩忽职守、滥用职权、徇私舞弊的，依法追究责任。
第五章 附则
第二十七条 各市县可结合本办法制定具体操作细则。
第二十八条 本办法的具体应用由省住房和城乡建设厅会同人行海口中心支行、海南银保监局负责解释。
第二十九条 本办法自2022年10月1日起施行。2013年11月15日海南省住房和建设厅 中国人民银行海口中心支行 中国银行业监督管理委员会海南监管局印发的《海南省商品房预售资金监管暂行办法》（琼建房〔2013〕237号）同时废止。
附件
海南省商品房预售资金三方监管协议参考文本
甲方（住房和城乡建设主管部门）：
地址：
法定代表人或负责人：  电话：
经办人：  电话：
乙方（房地产开发企业）：
地址：  
法定代表人：  电话：
经办人：  电话：
丙方（监管银行）：
地址：  
法定代表人：  电话：
经办人：  电话：
为加强新建商品房预售管理，规范商品房预售资金使用行为，保障购房人的合法权益，维护房地产市场平稳健康发展。根据《海南省商品房预售资金监管办法》（以下简称《办法》）的规定，经三方协商一致，现就乙方开发的商品房预售款监管事宜达成以下协议：
第一条  预售商品房概况
第二条  预售资金监管账户
乙方在丙方开设商品房预售款专用账户，本次预售商品房的所有预售资金收入均存入本协议监管账户。三方确认本协议约定的预售资金监管账户是本次预售商品房的唯一资金监管账户。
监管账户户名： 
监  管 账 号： 
第三条  预售资金监管额度
确保商品房预售项目交付的预售资金监管额度:
￥：  （大写：  ）
第四条  三方的权利与义务
1.甲方的权利与义务
（1）甲方按照《办法》有关规定，做好商品房预售资金的收存和使用的监管工作。
（2）甲方受理乙方申请使用商品房预售资金，应当自受理之日起3个工作日内作出用款意见。
（3）甲方对本协议监管账户资金的拨付有否决权，即对不符合规定的用款不予批准。
（4）甲方有权要求乙方定期报送预售款和使用款项数据，及时了解乙方预售资金进账和去向情况。
（5）甲方有权向乙、丙双方查询本协议监管账户资金进账和去向。
（6）对乙方未按《办法》规定收存、使用预售资金的，提供虚假证明材料申请使用预售资金的，以收取其他款项为名变相逃避监管的，项目收支存在异常情况且未按期改正，以及其他违反预售资金监管规定的，甲方有权依照有关规定进行处罚。
2.乙方的权利与义务
（1）乙方须按本协议第二条约定将预售款逐笔逐户存入本协议监管账户，不得私自存入其他账户，否则承担相应的责任。
（2）乙方应协助购房人使用同名银行账户通过资金监管专用pos机或银行转账方式将购房款直接存入本协议监管账户，不得另设其他账户收存本项目预售资金，不得以现金的方式直接收存房价款。
（3）买受人以按揭贷款购买商品房的，乙方有义务协助买受人或贷款银行按照与合作按揭贷款业务银行签订的协议将其按揭贷款由贷款银行直接转入本协议约定的资金监管账户，并注明用途，不得另设其他账户收存。
（4）买受人分期或以其它付款方式购买商品房的，在签订《商品房买卖合同》中，必须注明付款次数、每次付款金额和付款时间，并按合同约定及时将购房款存入本协议资金监管账户。
（5）乙方须向甲方出具与其预售项目合作按揭贷款业务的银行名单，同时，出具与合作按揭贷款业务银行签订按揭贷款款项直接转入本协议资金监管账户的协议。若无法出具按揭贷款款项直接转入本协议资金监管账户的协议,需按期将按揭贷款转入本协议资金监管账户。
（6）乙方向甲方承诺所提供的资金监管和拨付的相关材料真实准确。因乙方提供材料不真实或材料不符合造成拨付资金错误或延误的，乙方自行承担相关法律和经济责任。
（7）在本协议有效期内，由于乙方机构合并、分立等原因导致乙方企业名称变更的，乙方须持相关材料及时向甲方提出变更监管账户名称申请。乙方应提前 天书面通知甲方、丙方，并及时向甲方申请办理变更相关信息。
（8）在本协议有效期内，未经甲方书面同意，乙方不得自行改变监管账户的性质和用途。不得单方面向丙方提出申请挂失、撤销、转托管监管账户以及其他导致账户信息变化的行为。
（9）乙方具备办理房屋所有权首次登记条件后，乙方应及时通知甲方并提出解除预售资金监管，持甲方开具的相关证明到丙方办理解除预售资金监管手续。
（10）自签订本协议之日起，乙方应将本监管协议在售楼场所公示，并在《商品房买卖合同》附件中载明预售开户银行、监管账户和监管账号。
（11）乙方必须积极推进本协议监管项目的各项工作，包括加快施工进度完成项目竣工验收、交付使用、支付本项目各种款项和办理房屋不动产权证等工作。
（12）乙方申请办理预售资金监管账户变更等业务时，应征得原监管银行和市县住建部门同意，并将原签订的预售资金监管协议交回甲方归档，领取新的协议
（13）乙方在保证整个项目交付使用的资金条件下，可向丙方申请调用超过监管额度部分的资金。乙方须配合丙方做好预售资金监管账户资金收存、账户核对等工作，因乙方不配合丙方，造成的责任由乙方承担。
3.丙方的权利与义务
（1）丙方应严格履行账户管理、资金收存、资金划拨等监管义务，积极配合乙方收取预售房款工作，并向甲、乙双方及购房人提供优质、高效的金融服务。
（2）丙方必须依据甲方出具的预售监管资金同意拨付证明，方可拨付本协议监管额度内预售监管资金相关款项。
（3）乙方违反《办法》有关规定的，丙方暂停拨付预售资金。
（4）丙方应积极配合甲方做好商品房预售资金监管账户核对、查询工作，定期向甲方提供上述预售资金监管账户的对账单。
（5）丙方在配合乙方办理预售资金监管账户变更业务时，需将原签订的预售资金监管协议交回甲方归档，并领取新的协议。
（6）丙方应依据甲方出具撤销监管的通知书办理解除预售资金监管等手续。
（7）丙方与乙方签订的其他协议与本协议条款相冲突时，以本协议条款为准。
第五条  违约责任 
1.乙方未按本协议约定收存、使用预售资金的，一经发现，甲方可责令乙方必须将挪用资金足额存入本协议监管账户，并承担相应的法律和经济责任。
2.丙方未按照甲方的审核同意的批准性文件办理相关业务，由此造成损失的，丙方必须承担相应的赔偿责任。
3.丙方未按照本协议约定擅自向乙方拨付监管资金等，丙方三年内不能参与新的商品房预售资金监管业务。
4.乙方若违反本协议相关约定，由甲方记录企业不良行为并向社会公示。
5.本协议生效期间，因监管账户的资金被司法机关冻结或划扣，丙方应于2个工作日内通知甲、乙双方，因未及时通知甲方造成损失的，丙方必须承担相应的赔偿责任
第六条  其他约定
1.因履行本协议发生争议，三方协商解决。协商不成的，依法向人民法院起诉。
2.本协议自三方签字、盖章之日起生效。本协议一式三份，三方各执一份。
3.本协议未尽事宜，经三方协商一致，可签定补充协议。补充协议同本协议具有同等法律效力。
甲方（公章）：
法定代表人：
委托代理人：
年  月  日
乙方（公章）：  
法定代表人：
委托代理人：
年  月  日
丙方（公章）： 
法定代表人：
委托代理人：
年  月  日


第八条 预售资金应全部存入监管账户，由监管银行对项目重点监管资金实行全程监管，用于购买该项目建设必需的建筑材料、设备和支付该项目建设的施工进度款、法定税费以及归还项目开发贷款。在保证整个项目交付使用的资金条件下，监管银行可允许开发企业调用其超出项目重点监管资金的部分。
项目重点监管资金主要由项目建筑安装和区内配套建设等费用(含税)以及5%的不可预见费用构成。
=================
没有监管细则参考万宁吧
第五章 预售资金监管额度
第十五条 商品房预售资金监管额度以项目建筑、安装、装修和区内配套建设等成本费用（含税）等合同约定费用以及项目正常支出费用等综合确定，监管额度须在商品房预售资金监管协议中载明。
商品房预售资金实行全程监管，监管额度内的资金只能用于支付本项目工程建设进度款、建筑材料、配套设施、设备、全装修工程进度款等款项以及法定税费等。超出监管额度的预售资金，开发企业可以提取进行使用。监管银行不得擅自划扣监管额度内的资金。商品房预售资金监管账户不得开通网上银行功能和自动扣款等转账业务，设立子公司的房地产开发企业，集团公司不得抽调。
第十六条 使用监管额度内资金应以项目工程进度和资金使用计划为依据，按照项目建设进度达到主体分部验收、装修分部验收、竣工验收、联合验收、房屋首次登记等环节设置资金使用节点：
（一）项目主体分部验收时，使用资金额度不得超过监管资金额度总额的30%；
（二）项目装修分部验收时，使用资金额度不得超过监管资金额度总额的30%；
（三）项目完成竣工验收、联合验收时，使用资金额度不得超过监管资金额度额度总额的30%；
（四）项目完成首次登记时，使用资金额度为监管资金额度总额的10%，同时监管终止。
对于部分没有装修的商品房项目，项目主体分部验收至项目完成竣工验收之间可视项目进度情况申请使用监管资金，额度不得超过监管资金额度总额的30%，项目完成首次登记前，监管帐户内的资金余额不得低于监管资金额度总额的5%。",中华人民共和国 城市 房地产 管理法 主席令 第二十九 予以 修改 第四十五 商品房 预售 应当 符合 下列 条件 交付 全部 土地 使用权 出让金 取得 土地 使用权 证书 持有 建设工程 规划 许可证 提供 预售 商品房 计算 投入 开发 建设 资金 达到 工程建设 投资 百分之二十五 以上 已经 确定 施工进度 竣工 交付 日期 县级 以上 人民政府 房产 管理 部门 办理 预售 登记 取得 商品房 预售 许可证 交付 全部 土地 使用权 出让金 取得 土地 使用权 证书 持有 建设 用地 规划 许可证 建设工程 规划 许可证 施工 许可证 工程 形象 进度 证明 八层 以下 八层 最低 工程 形象 进度 至少 达到 主体 结构 封顶 八层 以上 房屋 施工进度 应当 达到 三分之二 以上 楼层 之日起 取得 出让 用地 开发 建设 商品住宅 项目 采取 装配式 建造 方式 建造 建筑 达到 以上 证明 办理 其余 建筑 主体工程 封顶 证明 已经 确定 施工进度 竣工 交付 日期 临高 多地 加强 房地产 项目 预售 资金 监管 严禁 体外循环 时间 来源 点击 近日 多地 出台 相关 政策 加强 房地产 项目 预售 资金 监管 福建省 住房 城乡 建设厅 日前 发布 关于 进一步 加强 房地产 项目 预售 资金 监管 通知 明确 房地产 开发 企业 不得 要求 购房款 存入 监管 账户 严禁 预售 资金 体外循环 江苏 宿迁 河南 许昌 广西南宁 近期 出台 加强 房地产 项目 预售 资金 监管 相关 政策 实行 专户 管理 通知 要求 房地产 管理 部门 结合 本地 实际 项目 预售 批次 确定 商品房 预售 资金 监管 额度 预售 资金 项目管理 房地产 开发 企业 申请 使用 监管 额度 资金 专项 用于 工程建设 支出 原则上 应从 预售 资金 监管 账户 直接 转入 施工单位 账户 建材 供应商 账户 农民工 工资 专户 监管 额度 资金 商品房 项目 完成 房屋 所有权 首次 登记 商业银行 不得 擅自 划扣 设立 子公司 房地产 开发 企业 集团公司 不得 抽调 项目 公司 预售 资金 实行 专户 管理 方面 通知 指出 房地产 开发 企业 申请 商品房 预售 许可 选择 符合 监管 要求 商业银行 作为 商品房 预售 资金 监管 银行 所在地 房地产 管理 部门 共同 签订 三方 监管 协议 商品房 预售 许可证 应当 载明 监管 账户 信息 监管 账户 专用 商品房 预售 资金 收存 拨付 不得 开通 任何 形式 自动 扣款 业务 不得 作为 其他 贷款 还款 账户 还款 担保 账户 中国 证券报 记者 观察 福建 江苏 宿迁 河南 许昌 广西南宁 近期 出台 加强 房地产 项目 预售 资金 监管 相关 政策 其中 南宁市 住房 城乡 建设局 要求 房地产 开发 企业 项目 营销中心 使用 南宁市 商品房 预售 资金 监管 专用 确保 商品房 购房款 安全 及时 存入 资金 监管 账户 有效 做到 交房 中指 研究院 企业 研究 总监 刘水 认为 福建 预售 资金 实行 专户 管理 规范 资金 缴存 完善 使用 管理 严格 进行 缴存 使用 管理 明确 相关 各方 职责 有利于 减少 房地产 市场 风险 有效 做到 交房 民生 稳定 诸葛 数据 研究 中心 首席 分析师 王小嫱 记者 表示 由于 新房 实行 预售 制度 一些 项目 发生 烂尾楼 现象 由于 预售 监管 账户 没有 起到 监管 作用 开发商 出于 自身 资金 压力 原因 违规 挪用 预售 资金 一旦 房地产 开发 企业 挪用 预售 资金 无法 缓解 现金流 紧张 问题 导致 项目 后期 建设 资金不足 无法 如期 交付 王小嫱 表示 福建 出台 政策 严禁 预售 资金 体外循环 目的 保证 项目 建设 资金 避免 烂尾楼 现象 发生 福建 做法 值得 肯定 此举 监管 措施 落实 到位 真正 维护 购房者 合法权益 促进 房地产 市场 平稳 发展 中原 地产 首席 分析师 大伟 记者 表示 保交楼 政策 关键 预售 资金 监管 有利于 保护 购房者 权益 各地 针对 预售 资金 监管 没有 放松 期房 销售 制度 来说 预售 资金 监管 避免 企业 挪用资金 过度 杠杆 免责 声明 本文 编辑 转载 转载 目的 在于 传递 信息 代表 赞同 观点 真实性 负责 涉及 作品 内容 版权 其它 问题 日内 联系 我们 第一 时间 删除 内容 文章 版权 原作者 所有 内容 作者 个人观点 提供 参考 构成 任何 投资 应用 建议 海南 县市 调整 购房 首付 比例 楼市 政策 持续 优化 影响 几何 京报 中国人民银行 海南省 分行 官网 消息 日起 对于 符合 当地 购房 政策 条件 海南省 户籍 居民家庭 贷款 购买 市县 商品 住房 最低 首付 比例 进行 调整 首套 住房 商业性 个人 住房贷款 最低 首付款 比例 调整 对此 业内人士 表示 海南 此次 政策 一个 明显 风向标 对于 当前 楼市 发展 具有 深远影响 说明 各地 逐渐 过去 房地产 过热 过严 时期 政策 调整 有助于 进一步 稳定 预期 使得 购房 环境宽松 降低 购房 成本 激活 合理 住房 消费 需求 提升 市场行情 套房 最低 首付 比例 调整 根据 中国人民银行 海南省 分行 发布 消息 促进 房地产 市场 平稳 健康 发展 按照 中国人民银行 国家 金融 监督管理 总局 有关 文件精神 根据 海口市 个市 县政府 调控 要求 结合 当地 房地产 市场 形势 研究 海南省 市场 利率 定价 自律 机制 确定 日起 对于 符合 当地 购房 政策 条件 海南省 户籍 居民家庭 贷款 购买 海口市 万宁市 文昌市 东方 琼海市 陵水黎族自治县 乐东黎族自治县 屯昌县 保亭黎族苗族自治县 琼中黎族苗族自治县 五指山市 市县 商品 住房 首套 住房 商业性 个人 住房贷款 最低 首付款 比例 调整 二套 住房 商业性 个人 住房贷款 最低 首付款 比例 调整 二套 住房 商业性 个人 住房贷款 利率政策 下限 调整 低于 相应 期限 贷款 市场 报价 利率 基点 易居 研究院 研究 总监 跃进 表示 海南 此次 新政 信号 意义 很强 近期 虽然 海南 一些 地方 放松 限购 政策 没有 公开 发文 现在 基本上 全面 放松 此次 海南 政策 进一步 优化 调整 房地产 政策 之前 已经 松绑 房地产 限购 政策 基础 银行 房贷利率 首付 比例 调整 其实 就是 房地产 贷款 方面 双降 即降 首付 比例 利率 此次 双降 政策 一个 显著 特点 就是 涉及 海南 所有 县市 属于 海南 全面性 政策 放松 具有 一定 深度 广度 今年以来 海南 各地 房地产 调控 政策 方面 动作 频频 此前 京报 记者 海口市 住房 城乡 建设局 获悉 海口 二手房 交易 限售 年限 松绑 变为 此后 海南 儋州 陵水 澄迈 琼海 万宁 临高 先后 发布 消息 优化 楼市 调控 政策 内容 涉及 调整 限售 年限 认房 认贷 人才 购房 海南 楼市 仍处 缓慢 复苏 阶段 回顾 过往 作为 重要 旅游 度假胜地 海南省 全域 执行 限购 政策 至今已有 五年 全域 限购 以后 海南省 商品房 销售 面积 大幅 下降 海口 三亚 商品住宅 成交量 同比 跌幅 分别 左右 随着 投资 客群 减少 海口 三亚 楼市 开启 长达 五年 深度 调整期 海南省 统计局 数据 显示 全省 商品房 销售 面积 万平方米 峰值 下降 万平方米 商品房 销售额 亿元 亿元 根据 海南省 统计局 最新 发布 数据 海南 楼市 有所 复苏 全年 房地产 销售 面积 万平方米 房屋 销售额 亿元 同比 分别 增长 近期 海南 房地产 数据 不容乐观 海南省 当地 一位 业内人士 记者 透露 海南 全域 已经 开始 逐步 松绑 之前 调控 政策 个别 区域 正在 等待 完全 放开 限购 政策 进一步 刺激 楼市 复苏 最近 一个月 海口 三亚 新房 价格 下跌 分别 下跌 二手房 价格 下跌 跌幅 分别 媒体报道 海南省 住房 城乡 建设厅 厅长 王鹏 海南省 住房 城乡建设 工作 会议 表示 海南 房地产 市场 明显 回暖 精准 适度 优化 调整 现行政策 王鹏 表示 海南 房地产 开发 投资 销售 面积 增加值 增速 高于 全国 平均水平 商品 住房 销售价格 保持稳定 去化期 相对 合理 今年 海南省 采取 积极 稳妥 措施 促进 房地产 市场 平稳 健康 发展 力争 完成 亿元 开发 投资 王鹏 表示 今年 海南 继续 统筹 做好 保交楼 交付 工作 加强 预售 资金 监管 坚持 现房 销售 制度 控制 存量 风险 遏制 新增 风险 房地产 融资 协调 机制 支持 房地产 企业 合理 融资 全国 多地 持续 优化 房地产 政策 近期 楼市 利好 消息 不断 建部 国家 金融 监督管理 总局 纷纷 发声 支持 房地产 市场 发展 海南省 目前 已经 广州 上海 东莞 洛阳 陆续 出台 楼市 新政 主要 涉及 住房 公积金 房贷利率 调整 限购 契税 补贴 购房 补贴 方面 国家 金融 监督管理 总局 副局长 肖远 企在 国新办 举行 新闻 发布会 表示 段时间 以来 积极 配合 行业 主管部门 地方 政府 房地产 市场 供需 两端 综合 施策 不断 加大 金融 支持 力度 继续 做好 个人 住房贷款 金融服务 方面 支持 各地 城市 政府 部门 因城 施策 进一步 优化 首付 比例 贷款 利率 个人 住房贷款 政策 指导 督促 银行 更好 服务 广大 人民 群众 刚性 改善 住房 融资 需求 建部 召开 城市 房地产 融资 协调 机制 部署 要求 坚持 因城 施策 一城 一策 充分 赋予 城市 房地产 调控 自主权 城市 因地制宜 调整 房地产 政策 跃进 认为 海南 之前 房地产 调控 政策 比较 严格 现在 全面 放松 一个 明显 风向标 说明 各地 逐渐 过去 房地产 过热 过严 时期 政策 做出 调整 有助于 进一步 稳定 预期 使得 购房 环境宽松 降低 购房 成本 激活 合理 住房 消费 需求 提升 市场行情 京报 记者 张建 编辑 杨娟娟 校对 许丽 主题 分类 发文 机关 住房 城乡 建设厅 成文 日期 关于 印发 海南省 商品房 预售 资金 监管 办法 通知 发布 日期 有效 建房 海南省 住房 城乡 建设厅 中国人民银行 海口 中心 支行 中国银行 保险 监督管理 委员会 海南 监管局 关于 印发 海南省 商品房 预售 资金 监管 办法 通知 各市 自治县 人民政府 省直 有关 部门 有关 单位 省政府 同意 现将 海南省 商品房 预售 资金 监管 办法 印发 你们 认真贯彻 执行 附件 海南省 商品房 预售 资金 三方 监管 协议 参考 文本 海南省 住房 城乡 建设厅 中国人民银行 海口 中心 支行 中国银行 保险 监督管理 委员会 海南 监管局 此件 主动 公开 海南省 商品房 预售 资金 监管 办法 第一章 第一条 规范 我省 商品房 预售 资金 以下 简称 预售 资金 监督管理 保障 房地产 项目 竣工 交付 维护 购房人 合法权益 促进 房地产 市场 平稳 健康 发展 根据 中华人民共和国 城市 房地产 管理法 城市 商品房 预售 管理 办法 住房 城乡 建设部 人民银行 保监会 关于 规范 商品房 预售 资金 监管 意见 有关 规定 结合 我省 实际 制定 办法 第二条 我省 行政区域 申请 商品房 预售 许可 项目 预售 资金 收存 使用 监督管理 适用 办法 第三条 我省 预售 资金 监督管理 遵循 专户 存储 专款专用 全程 监管 节点 控制 多方 监督 原则 第四条 办法 预售 资金 预售 商品房 房地产 开发 企业 以下 简称 开发 企业 依法 开发 商品房 出售 购房人 缴交 定金 首付款 住房 公积金 贷款 商业银行 发放 按揭 贷款 其他 形式 购房款 各种 款项 第五条 预售 资金 监管 期限 项目 核发 商品房 预售 许可证 开始 项目 完成 房屋 所有权 首次 登记 终止 第六条 住房 城乡 建设厅 负责 指导 全省 预售 资金 收存 使用 工作 人民银行 分支机构 指导 商业银行 做好 监管 账户 管理工作 银保监 部门 负责 商业银行 预售 资金 监管 操作 风险 合规性 进行 监督 检查 商业银行 按照 监管 协议 做好 监管 账户 监控 拨付 工作 定期 自治县 住房 城乡建设 部门 以下 市县 住建 部门 对账 发现 违法 违规行为 及时 市县 住建 部门 反馈 市县 住建 部门 履行 辖区 预售 资金 监管 职责 具体 会同 辖区 人民银行 分支机构 银保监 部门 通过 公开招标 方式 确定 能够 承接 商品房 预售 资金 监管 业务 商业银行 制定 本市 监管 实施细则 三方 监管 协议 文本 合理 确定 监管 额度 拨付 节点 开发 企业 商业银行 共同 签订 预售 资金 三方 监管 协议 以下 监管 协议 受理 开发 企业 使用 预售 资金 申请 出具 审核 意见 定期 巡查 预售 项目 开发 企业 管理 使用 预售 资金 行为 进行 监督 检查 受理 预售 资金 收存 使用 违法 违规行为 投诉 预售 资金 监管 相关 矛盾 纠纷 进行 调处 化解 办法 规定 其他 有关 工作 第二章 一般 规定 第七条 市县 住建 部门 会同 属地 人民银行 分支机构 银保监 部门 通过 公开招标 方式 综合 商业银行 资信 状况 监管 能力 服务水平 因素 确定 能够 承接 商品房 预售 资金 监管 业务 商业银行 通过 市县 住建 部门 门户网站 予以 公示 开发 企业 应从 公示 名单 选择 商业银行 作为 监管 银行 第八条 开发 企业 申请 办理 商品房 预售 许可证 一次 预售 许可 开设 一个 监管 账户 原则 市县 住建 部门 监管 银行 签订 监管 协议 明确 预售 资金 收存 使用 方式 监管 额度 违约责任 监管 协议 主要 内容 预售 方案 予以 明确 通过 附件 方式 商品房 买卖合同 予以 体现 监管 账户 应当 商品房 预售 许可证 商品房 买卖合同 载明 商品房 销售 现场 显著 位置 以及 所在 市县 住建 部门 门户网站 进行 公示 监管 账户 一经 设立 原则上 不得 随意 变更 确需 变更 应由 市县 住建 部门 开发 企业 监管 银行 三方 协商 同意 解除 监管 协议 重新 签订 监管 协议 工作日内 监管 账户 预售 资金 全部 转入 变更 监管 账户 账户 变更 期间 监管 账户 范围 商品房 暂停 销售 第九条 商品房 预售 资金 全部 直接 存入 监管 账户 进行 监管 开发 企业 不得 直接 收取 另设 账户 收存 购房人 购房款 住房 城乡 建设厅 建立健全 房产 管理信息系统 市县 住建 部门 办理 房屋交易 合同 网签 备案 确认 商品房 预售 资金 要求 同步 存入 监管 账户 第十条 商品房 预售 资金 实行 全程 监管 确保 专款专用 用于 支付 工程建设 费用 预售 资金 实施 重点 监管 市县 住建 部门 根据 商品房 项目 建设 工程造价 施工 合同 金额 以及 项目 交付使用 条件 因素 合理 确定 监管 额度 监管 协议 予以 明确 监管 账户 监管 额度 资金 只能 用于 购买 项目 建设 必需 建筑材料 设备 支付 施工进度 相关 支出 监管 额度 资金 按照 工程进度 予以 拨付 首次 拨付 节点 不得 地下 结构 完成 最后 拨付 节点 项目 完成 房屋 所有权 首次 登记 各市县 住建 部门 根据 主体 分部 验收 装修 分部 验收 竣工 验收 联合 验收 房屋 所有权 首次 登记 环节 具体 确定 资金 拨付 节点 以及 相应 资金 余额 要求 开发 企业 申请 支取 监管 额度 预售 资金 所在 市县 住建 部门 核实 同意 监管 账户 资金 达到 监管 额度 超出 部分 开发 企业 自行 提取 使用 监管 额度 资金 解除 预售 资金 监管 监管 银行 不得 擅自 划扣 商品房 预售 资金 监管 账户 不得 开通 网上银行 功能 自动 扣款 转账 业务 设立 子公司 房地产 开发 企业 集团公司 不得 抽调 第十一条 各市县 住建 部门 建立 商品房 预售 资金 分类 监管 机制 合法 依规 经营 一定 年限 内未 受到 房地产 市场 监管部门 行政处罚 发生 监管 账户 采取 冻结 划拨 税收 保全 措施 强制执行 措施 拖欠 工程款 拖欠 农民工 工资 情况 开发 企业 申请 提交 符合要求 银行 保函 方式 替代 一定 额度 预售 资金 监管 各市县 住建 部门 根据 全省 住房 城乡建设 领域 信用 体系 建设 情况 强化 信用 评价 结果 共享 应用 根据 开发 企业 信用等级 保函 情况 适当 降低 上浮 预售 资金 监管 额度 第三章 预售 资金 收存 使用 管理 第十二条 购房人 缴交 定金 首付款 住房 公积金 贷款 商业银行 发放 按揭 贷款 其他 形式 购房款 存入 相应 监管 账户 开发 企业 相应 监管 账户 缴款 回单 购房人 开具 售房 发票 购房人 按揭 贷款 购买 商品房 按揭 贷款 贷款 银行 开发 企业 提供 监管 账户 直接 划入 开发 企业 不得 购房人 集资 借款 会员费 工程 抵押 形式 变相 预售 商品房 逃避 资金 监管 第十三条 开发 企业 按照 监管 协议 确定 资金 使用 节点 市县 住建 部门 提出 使用 预售 资金 申请 提交 相应 材料 商品房 预售 资金 使用 申请书 用于 支付 工程款 提供 工程建设 合同 工程 监理 机构 出具 施工进度 资料 影像 资料 用于 支付 工程建设 建筑材料 设备 款项 提供 供应商 签订 购销 合同 用于 支付 工程 监理 其他 行政 事业性 收费 提供 合同 缴费通知 其他 应当 提供 材料 首次 付款 每次 申请 拨款 应当 提交 一次 申请 用款 事项 转款 回单 支付 工程款 需提交 监理 单位 相应 款项 使用 情况 证明 材料 第十四条 销售 中若 发生 退款 开发 企业 可以 市县 住建 部门 申请 解除 退款 部分 监管 市县 住建 部门 工作日内 核实 书面通知 监管 银行 第十五条 市县 住建 部门 受理 开发 企业 使用 商品房 预售 资金 申请 严格 依据 办法 相关 规定 进行 审核 需要 确认 开发 项目 建设 进度 结合 工程进度 资料 现场 核查 通过 信息系统 审核 工作 不得 超过 工作日 第十六条 监管 银行 收到 市县 住建 部门 同意 拨付 意见 工作日内 资金 拨付 给与 开发 企业 签订合同 相关 当事人 单位 商业银行 违反 监管 协议 未经 所在 市县 住建 部门 核实 同意 擅自 拨付 监管 额度 资金 应当 负责 追回 资金 无法 追回 依法 承担 相应 赔偿 责任 第十七条 开发 企业 办理 完成 项目 房屋 所有权 首次 登记 可以 相关 证明文件 市县 住建 部门 申请 解除 预售 资金 监管 市县 住建 部门 工作日内 核实 出具 解除 预售 资金 监管 证明 书面通知 开发 企业 监管 银行 开发 企业 监管 银行 接到 通知 按规定 办理 解除 预售 资金 监管 手续 第十八条 下列 情形 之一 市县 住建 部门 书面通知 监管 银行 暂停 拨付 监管 账户 预售 资金 启动 应急 措施 协调 相关 部门 监督 监管 账户 资金 使用 开发 企业 存在 违法 违规行为 导致 工程 停工 预售 项目 发生 质量事故 存在 严重 质量 问题 预售 项目 按期 交付使用 存在 不能 按时 交付 风险 项目 存在 违法 违规 建设 销售 项目 存在 严重 债务 劳务 纠纷 市县 住建 部门 认定 应当 暂停 拨付 其他 情形 开发 企业 侵害 购房人 权益 依法 给予 赔偿 优先 超出 项目 监管 额度 以外 预售 资金 支付 第十九条 市县 住建 部门 会同 金融 监管部门 推动 房屋 网签 备案 系统 商业银行 业务 管理系统 对接 加强 数据共享 推进 资金 申请 审核 拨付 全程 网办 提高 资金 拨付 效率 第四章 监督管理 第二十条 监管 银行 预售 资金 收支 情况 报送 市县 住建 部门 市县 住建 部门 主动 部门 门户 系统 公示 监管 协议 工程 形象 进度 预售 资金 收支 情况 相关 信息 方便 购房人 查询 第二十一条 住房 城乡 建设厅 人行 海口 中心 支行 海南 保监局 根据 各自 监管 职责 做好 日常 指导 监督 检查 工作 市县 住建 部门 定期 巡查 预售 项目 发现 项目 收支 存在 异常情况 责令 开发 企业 限期 改正 人行 海口 中心 支行 属地 市县 支行 海南 保监局 及其 派出机构 发现 监管 银行 违规 应当 依法 严肃处理 监管 银行 发现 房地产 开发 企业 存在 违规 挪用 监管 额度 资金 问题 应当 停止 拨付 立即 告知 市县 住建 部门 市县 住建 部门 及时 作出 处理 第二十二条 涉及 人民法院 保全 执行 商品房 预售 资金 按照 最高人民法院 住房 城乡 建设部 中国人民银行 关于 规范 人民法院 保全 执行 措施 确保 商品房 预售 资金 用于 项目 建设 通知 有关 要求 执行 第二十三条 开发 企业 下列 行为 之一 市县 住建 部门 责令 限期 改正 整改 期间 开发 企业 不得 申请 拨付 预售 资金 按本 办法 规定 收存 使用 预售 资金 提供 虚假 证明 材料 申请 使用 预售 资金 收取 其他 款项 为名 变相 逃避 监管 其他 违反 预售 资金 监管 规定 情节严重 改正 按照 国家 我省 诚信 管理 有关 规定 处理 违反 相关 法律 法规 规章 规定 依照 有关 规定 处罚 第二十四条 施工单位 监理 单位 提供 虚假 证明 采取 其他 方式 协助 开发 企业 违规 支取 预售 资金 市县 住建 部门 依法 相关 责任 单位 责任人 予以 处理 违反 相关 法律 法规 规章 规定 依照 有关 规定 处罚 第二十五条 监管 银行 违反规定 按照 商品房 预售 资金 监管 协议 约定 擅自 收存 管理 开发 企业 名义 转入 资金 按规定 监控 反馈 购房 贷款 入账 情况 擅自 拨付 资金 存在 其他 违规行为 依法 承担 相应 法律责任 第二十六条 违反 办法 规定 相关 部门 及其 工作人员 预售 资金 监管 工作 玩忽职守 滥用职权 徇私舞弊 依法追究 责任 第五章 附则 第二十七条 各市县 结合 办法 制定 具体操作 细则 第二十八条 办法 具体 应用 由省 住房 城乡 建设厅 会同 人行 海口 中心 支行 海南 保监局 负责 解释 第二十九条 办法 日起 施行 海南省 住房 建设厅 中国人民银行 海口 中心 支行 中国 银行业 监督管理 委员会 海南 监管局 印发 海南省 商品房 预售 资金 监管 暂行办法 建房 同时 废止 附件 海南省 商品房 预售 资金 三方 监管 协议 参考 文本 甲方 住房 城乡建设 主管部门 地址 法定代表 负责人 电话 经办人 电话 乙方 房地产 开发 企业 地址 法定代表 电话 经办人 电话 丙方 监管 银行 地址 法定代表 电话 经办人 电话 加强 新建 商品房 预售 管理 规范 商品房 预售 资金 使用 行为 保障 购房人 合法权益 维护 房地产 市场 平稳 健康 发展 根据 海南省 商品房 预售 资金 监管 办法 以下 简称 办法 规定 三方 协商一致 乙方 开发 商品房 预售 监管 事宜 达成 以下 协议 第一条 预售 商品房 概况 第二条 预售 资金 监管 账户 乙方 丙方 开设 商品房 预售 专用 账户 本次 预售 商品房 所有 预售 资金 收入 存入 协议 监管 账户 三方 确认 协议 约定 预售 资金 监管 账户 本次 预售 商品房 唯一 资金 监管 账户 监管 账户 户名 第三条 预售 资金 监管 额度 确保 商品房 预售 项目 交付 预售 资金 监管 额度 大写 第四条 三方 权利 义务 甲方 权利 义务 甲方 按照 办法 有关 规定 做好 商品房 预售 资金 收存 使用 监管 工作 甲方 受理 乙方 申请 使用 商品房 预售 资金 应当 受理 之日起 工作日内 作出 用款 意见 甲方 对本 协议 监管 账户 资金 拨付 否决权 符合规定 用款 不予 批准 甲方 有权 要求 乙方 定期 报送 预售 使用 款项 数据 及时 了解 乙方 预售 资金 进账 去向 情况 甲方 有权 双方 查询 协议 监管 账户 资金 进账 去向 乙方 办法 规定 收存 使用 预售 资金 提供 虚假 证明 材料 申请 使用 预售 资金 收取 其他 款项 为名 变相 逃避 监管 项目 收支 存在 异常情况 按期 改正 以及 其他 违反 预售 资金 监管 规定 甲方 有权 依照 有关 规定 进行 处罚 乙方 权利 义务 乙方 按本 协议 第二条 约定 预售 逐笔 逐户 存入 协议 监管 账户 不得 私自 存入 其他 账户 否则 承担 相应 责任 乙方 协助 购房人 使用 同名 银行 账户 通过 资金 监管 专用 银行 转账 方式 购房款 直接 存入 协议 监管 账户 不得 另设 其他 账户 收存 项目 预售 资金 不得 现金 方式 直接 收存 房价 买受人 按揭 贷款 购买 商品房 乙方 义务 协助 买受人 贷款 银行 按照 合作 按揭 贷款 业务 银行 签订 协议 按揭 贷款 贷款 银行 直接 转入 协议 约定 资金 监管 账户 注明 用途 不得 另设 其他 账户 收存 买受人 分期 其它 付款 方式 购买 商品房 签订 商品房 买卖合同 必须 注明 付款 次数 每次 付款 金额 付款 时间 合同 约定 及时 购房款 存入 协议 资金 监管 账户 乙方 甲方 出具 与其 预售 项目 合作 按揭 贷款 业务 银行 名单 同时 出具 合作 按揭 贷款 业务 银行 签订 按揭 贷款 款项 直接 转入 协议 资金 监管 账户 协议 无法 出具 按揭 贷款 款项 直接 转入 协议 资金 监管 账户 协议 按期 按揭 贷款 转入 协议 资金 监管 账户 方向 甲方 承诺 提供 资金 监管 拨付 相关 材料 真实 准确 乙方 提供 材料 真实 材料 符合 造成 拨付 资金 错误 延误 乙方 自行 承担 相关 法律 经济 责任 协议 有效期 由于 乙方 机构 合并 分立 原因 导致 乙方 企业 名称 变更 乙方 须持 相关 材料 及时 甲方 提出 变更 监管 账户 名称 申请 乙方 提前 书面通知 甲方 丙方 及时 甲方 申请 办理 变更 相关 信息 协议 有效期 未经 甲方 书面 同意 乙方 不得 自行 改变 监管 账户 性质 用途 不得 单方面 丙方 提出申请 挂失 撤销 转托管 监管 账户 以及 其他 导致 账户 信息 变化 行为 乙方 具备 办理 房屋 所有权 首次 登记 条件 乙方 及时 通知 甲方 提出 解除 预售 资金 监管 甲方 开具 相关 证明 丙方 办理 解除 预售 资金 监管 手续 签订 协议 之日起 乙方 监管 协议 售楼 场所 公示 商品房 买卖合同 附件 载明 预售 开户银行 监管 账户 监管 账号 乙方 必须 积极 推进 协议 监管 项目 各项 工作 包括 加快 施工进度 完成 项目 竣工 验收 交付使用 支付 项目 各种 款项 办理 房屋 不动产 权证 工作 乙方 申请 办理 预售 资金 监管 账户 变更 业务 应征 得原 监管 银行 市县 住建 部门 同意 签订 预售 资金 监管 协议 交回 甲方 归档 领取 协议 乙方 保证 整个 项目 交付使用 资金 条件 丙方 申请 调用 超过 监管 额度 部分 资金 乙方 配合 丙方 做好 预售 资金 监管 账户 资金 收存 账户 核对 工作 乙方 配合 丙方 造成 责任 乙方 承担 丙方 权利 义务 丙方 严格 履行 账户 管理 资金 收存 资金 划拨 监管 义务 积极 配合 乙方 收取 售房款 工作 双方 购房人 提供 优质 高效 金融服务 丙方 必须 依据 甲方 出具 预售 监管 资金 同意 拨付 证明 方可 拨付 协议 监管 额度 预售 监管 资金 相关 款项 乙方 违反 办法 有关 规定 丙方 暂停 拨付 预售 资金 丙方 积极 配合 甲方 做好 商品房 预售 资金 监管 账户 核对 查询 工作 定期 甲方 提供 上述 预售 资金 监管 账户 账单 丙方 配合 乙方 办理 预售 资金 监管 账户 变更 业务 需将 签订 预售 资金 监管 协议 交回 甲方 归档 领取 协议 丙方 依据 甲方 出具 撤销 监管 通知书 办理 解除 预售 资金 监管 手续 丙方 乙方 签订 其他 协议 协议 条款 相冲突 以本 协议 条款 为准 第五条 违约责任 乙方 按本 协议 约定 收存 使用 预售 资金 一经 发现 甲方 责令 乙方 必须 挪用资金 足额 存入 协议 监管 账户 承担 相应 法律 经济 责任 丙方 按照 甲方 审核 同意 批准 文件 办理 相关 业务 由此 造成 损失 丙方 必须 承担 相应 赔偿 责任 丙方 按照 协议 约定 擅自 乙方 拨付 监管 资金 丙方 三年 不能 参与 商品房 预售 资金 监管 业务 乙方 违反 协议 相关 约定 甲方 记录 企业 不良行为 社会 公示 协议 生效 期间 监管 账户 资金 司法机关 冻结 或划 丙方 工作日内 通知 双方 因未 及时 通知 甲方 造成 损失 丙方 必须 承担 相应 赔偿 责任 第六条 其他 约定 履行 协议 发生 争议 三方 协商 解决 协商 不成 依法 人民法院 起诉 协议 三方 签字 盖章 之日起 生效 协议 三份 三方 各执 一份 协议 未尽事宜 三方 协商一致 签定 补充协议 补充协议 同本 协议 具有 同等 法律效力 甲方 公章 法定代表 委托 代理人 乙方 公章 法定代表 委托 代理人 丙方 公章 法定代表 委托 代理人 第八条 预售 资金 全部 存入 监管 账户 监管 银行 项目 重点 监管 资金 实行 全程 监管 用于 购买 项目 建设 必需 建筑材料 设备 支付 项目 建设 施工进度 法定 税费 以及 归还 项目 开发 贷款 保证 整个 项目 交付使用 资金 条件 监管 银行 允许 开发 企业 调用 超出 项目 重点 监管 资金 部分 项目 重点 监管 资金 主要 项目 建筑安装 区内 配套 建设 费用 含税 以及 不可 预见 费用 构成 没有 监管 细则 参考 万宁 第五章 预售 资金 监管 额度 第十五条 商品房 预售 资金 监管 额度 项目 建筑 安装 装修 区内 配套 建设 成本费用 含税 合同 约定 费用 以及 项目 正常 支出费用 综合 确定 监管 额度 商品房 预售 资金 监管 协议 载明 商品房 预售 资金 实行 全程 监管 监管 额度 资金 只能 用于 支付 项目 工程建设 进度 建筑材料 配套 设施 设备 装修 工程进度 款项 以及 法定 税费 超出 监管 额度 预售 资金 开发 企业 可以 提取 进行 使用 监管 银行 不得 擅自 划扣 监管 额度 资金 商品房 预售 资金 监管 账户 不得 开通 网上银行 功能 自动 扣款 转账 业务 设立 子公司 房地产 开发 企业 集团公司 不得 抽调 第十六条 使用 监管 额度 资金 项目 工程进度 资金 使用 计划 依据 按照 项目 建设 进度 达到 主体 分部 验收 装修 分部 验收 竣工 验收 联合 验收 房屋 首次 登记 环节 设置 资金 使用 节点 项目 主体 分部 验收 使用 资金 额度 不得 超过 监管 资金 额度 总额 项目 装修 分部 验收 使用 资金 额度 不得 超过 监管 资金 额度 总额 项目 完成 竣工 验收 联合 验收 使用 资金 额度 不得 超过 监管 资金 额度 额度 总额 项目 完成 首次 登记 使用 资金 额度 监管 资金 额度 总额 同时 监管 终止 对于 部分 没有 装修 商品房 项目 项目 主体 分部 验收 项目 完成 竣工 验收 之间 可视 项目 进度 情况 申请 使用 监管 资金 额度 不得 超过 监管 资金 额度 总额 项目 完成 首次 登记 监管 帐户 资金 余额 不得 低于 监管 资金 额度 总额,3.048525899910616,0.0,3.083333333333333,4.083333333333333,10601,73.6,27.14166666666667,965.0366847826087,83.80276845703128,44.47450781249999,965.0366847826087,7.32959765625,4,3,0.008625,1.0,主体,19.0,19.0,2.13365830078125,4.735869565217393,1.0,装修,19.0,25.0,22.76212763671876,5.029347826086958,1.0,竣备,19.0,27.0,32.61981533203125,5.214130434782611,1.0,确权,19.0,34.0,26.28716718750001,6.203260869565218,,,,,,,3,5,44.47450781249999
丽水,丽水,Lishui-2,approved construction cost,with multiplier or floor,unspecified construction progress,找不到/未明确,specified but count unavailable,other / unclear,False,False,,,,not explicitly countable from retained excerpt,not explicitly parseable from retained excerpt,not explicitly parseable from retained excerpt,"监管额度为预售监管资金每一支付时点至商品房交付条件具备时,剩余工程造价的130% | 完成竣工验收备案止",True,policy_identification_filled.xlsx,City_audit,5stage_Pcost,5,5,stage_1|stage_2|stage_3|stage_4|stage_5,阶段1|阶段2|竣备|阶段4|阶段5,阶段1|阶段2|竣备|阶段4|阶段5,partial_named_milestones,,,5,,,not_estimable:topout_stage_name_unmapped,not_estimable:registration_stage_name_unmapped,expert_calibrated_operational_proxy_pending_source_mapping,monthly-revenue stage ratio or within-cohort amount share; not automatically a policy percentage,external/Modelling Dep/41_Cities_Dep/city_catalog.json,data/pmc_data.xlsx,dep-operational-h1-v1,Lishui-2,2021,二线,丽水,Zhejiang,"各县(市、区)建设局、开发区建设分局、各县(市、区)金融办、人行辖内各县(市)支行、各县(市)银保监监管组、各商业银行、各房地产开发企业、各工程监理单位:
为更好地维护我市房地产市场正常秩序,防范商品房交易风险,切实保障消费者合法权益,决定进一步强化我市商品房预售资金监管工作,现将有关事项通知如下:
一、完善常态化监管协调机制
(一)由丽水市住房和城乡建设局、丽水市人民政府金融工作办公室、中国人民银行丽水市中心支行、中国银行保险监督管理委员会丽水监管分局(以下简称市建设局、市金融办、人行丽水市中心支行、丽水银保监分局)共同组建丽水市商品房预售资金监管小组,负责本市商品房预售资金的各项监管及协调工作。
(二)监管小组内部要加强日常信息沟通,按季互换各部门监管动态,及时解决商品房预售资金监管中遇到的问题,并根据实际情况不定期对监管对象进行联合现场检查。
(三)市建设局和人行丽水市中心支行作为丽水市商品房预售资金监管小组的主要对外联络部门,负责对房地产开发企业和商业银行进行日常指导,召集监管小组妥善处理消费者监督维权事件。
二、明确预售资金监管范围
(一)商品房预售资金是指房地产开发企业将其开发建设中的商品房建设项目在竣工验收备案前预先出售给购房人,由购房人按合同约定支付的预购房款,包括首付款、分期付款、一次性付款和银行按揭贷款、住房公积金贷款等。

(二)预售监管资金分为重点预售资金和一般预售资金。重点预售资金为监管项目工程预算清册总额的130%；一般监管资金指超出重点监管资金额度的其他预售资金。
(三)重点预售资金实行动态监管,监管额度为预售监管资金每一支付时点至商品房交付条件具备时,剩余工程造价的130%。一般监管资金必须用于项目有关的工程建设。
(四)工程造价按照房地产开发企业提供的经具有专业资质的造价咨询机构编制并签字盖章的工程预算清册总额确定不少于20%。全装修住宅商品房项目的工程造价应当包括企业申报的装修工程造价。
(五)商品房预售资金监管期限,自项目取得核发的商品房预售许可证起,至项目完成竣工验收备案止。
三、规范预售资金收存行为
(一)房地产开发企业应当选择在商品房预售项目所属县(市、区)的商业银行作为监管银行,并以宗地为单位设立商品房项目预售资金监管账户,不得按预售批次分别与不同的监管银行签订预售资金监管协议。
(二)房地产开发企业使用POS机收取预售款的,只能使用与监管账户绑定的POS机。监管银行应当配合、协助房地产开发企业收取售房款的相关工作。监管银行应对监管项目开展定期巡查,及时掌握监管项目的销售情况。
(三)房地产开发企业应当在销售现场公示经备案的预售资金监管协议、监管银行、监管账户、按揭贷款银行,以及市建设局、人行丽水市中心支行等监督部门的消费者监督维权电话。
(四)房地产开发企业或代理销售机构必须将购房人所缴纳的商品房预售资金全部直接存入商品房预售合同载明的监管专用账户。房地产开发企业不得以“诚意金”“意向金”等任何形式,在核发商品房预售许可证前收存预售资金,或在商品房销售环节直接或间接收存预售资金。
(五)每笔预售资金入账要载明具体对应的房号,保证每套房屋预售资金入账情况可查可验。
(六)购房人应当积极维护自己的合法权益,配合监管部门、商业银行和住房公积金管理部门,将预售资金存入监管账户。
四、强化监管主体责任
(一)房地产开发企业应当向监管银行提交包括合同编号、网签应收金额、网签实收金额等内容的对账清单(清单样式见附件),监管银行应当核对总额,并对售房款到账总额进行盖章确认。房地产开发企业申请办理商品房预售合同备案时,应当一并提交经监管银行确认的对账清单。
(二)监管银行应根据建筑监理企业出具的工程进度证明支付相应的工程款项。从预售资金监管账户监管资金中支付工程款项的,施工总承包单位为收款方。监管银行支付工程款项,应当经过房地产开发企业、施工总承包单位、建设监理单位三方共同签字确认,凭发票及相关材料划入施工总承包单位账户。
(三)监管银行应当按照商品房预售合同编号建立资金入账台账,对按揭贷款划入预售资金监管账户的情况进行跟踪和监督,按月汇总监管项目的预售首付款、一次性付款、购房贷款到账情况。
(四)监管银行发现预售资金入账情况异常,或者发现房地产开发企业申请支付工程款项与已完成的工程量或者工程进度明显不符的,应当督促房地产开发企业或相关按揭银行整改,并及时向监管部门报告。
(五)监管银行应强化对房地产开发企业高管、财务人员、销售人员与关联人的反洗钱监测,对相关账户出现的异常情况,应第一时间向监管部门报告。
(六)监管银行应在每月13日前,为房地产开发企业出具监管项目的上月预售资金收缴、支出情况对账单,在对账单中明确预售资金收缴明细和支出用途。相关材料同时按月报人行丽水市中心支行备案。
(七)房地产开发企业应在每月15日前,将商品房建设工程完成形象进度以及监管银行出具的预售资金收缴、支出对账单,报市建设局备案。
五、细化监管惩戒措施
(一)房地产开发企业有下列情形之一的,由市建设局约谈企业,暂停网签,责令限期整改；拒不整改的,记入房地产开发企业不良信用记录,向社会公示；造成损失的,承担相应法律责任:
1.未在在销售现场明显位置公示本通知所规定资料的；
2.未按规定及时将售房款存入预售资金监管账户的；
3.指使按揭贷款银行或者协同按揭贷款银行将商品房按揭贷款划入非预售资金监管账户的；
4.以“诚意金”“意向金”等形式提前或间接收存预售资金的；
5.提供虚假材料申请拨付商品房预售监管资金的；
6.商品房建设工程完成形象进度与预售资金账户资金使用进度出现明显不一致的；
7.其他变相逃避商品房预售资金监管的行为；
8.监管小组联合现场检查发现的其他问题。
(二)商业银行有下列情形之一的,由人行丽水市中心支行责令整改；情节严重或者造成严重后果的,按照相关规定采取行政处罚、暂停资金监管业务服务资格3年等监管措施；造成损失的,承担相应法律责任:
1.未按规定提醒当事人办理交易资金监管、提示自行交割房款风险的；
2.监管银行未按要求控制实际重点监管资金额度的；
3.监管银行擅自拨付资金,或协助房地产开发企业挪用商品房预售资金的；
4.违反规定收取办理资金监管的服务费用的；
5.按揭贷款银行未按规定将预售资金划入监管账户的；
6.未向人行丽水市中心支行报备及按月备案预售资金收支情况的；
7.拒不接受相监管小组依法依规监督检查的；
8.监管小组联合现场检查发现的其他问题。
(三)工程监理单位提供虚假的监管项目分部分项工程施工完成证明,造成房地产开发企业因超前超额支取商品房预售资金而影响工程按期竣工的,除承担相应的法律责任外,市建设局将其行为记入企业诚信档案；造成严重后果的,按行业管理相关规定进行处理。
(四)相关职能部门及其工作人员玩忽职守、滥用职权、徇私舞弊的,将依法进行责任追究。
凡在市本级批准预售的商品房建设项目,其预售资金的收缴、使用和监督管理工作适用本通知要求。各县(市、区)、开发区可参照执行并根据各地实际情况制定相应工作要求。
联系人:
市建设局:刘静文 电话:2272437
人行丽水市中心支行:陈沈阳 电话:2152176
丽水市住房和城乡建设局
丽水市人民政府金融工作办公室
中国人民银行丽水市中心支行
中国银行保险监督管理委员会丽水监管分局
2020年4月22日
========================

丽水市住房和城乡建设局关于《进一步规范商品住宅销售行为的通知》的政策解读 
发布时间：2021-08-31 17:14 浏览次数： 416 信息来源： 丽水市住房和城乡建设局 
一、主要目的
进一步贯彻落实“房子是用来住的，不是用来炒的”房地产市场调控政策，保障消费者合法权益，营造良好的市场环境，促进房地产市场平稳健康发展。
二、文件制定依据
（一）《中华人民共和国民法典》
（二）《中华人民共和国消费者权益保护法》
（三）《房地产经纪管理办法》
（四）《城市商品房预售管理办法》
（五）《商品房销售明码标价规定》
（六）《商品房销售管理办法》）（建设部令第88号）
（七）《关于进一步加强房地产市场监管完善商品住房预售制度有关问题的通知》（建房〔2010〕53号）
（八）《浙江省住房和城乡建设厅关于进一步规范商品房委托销售行为的通知》（浙建〔2020〕15号）
（九）《住房城乡建设部关于进一步规范房地产开发企业经营行为维护房地产市场秩序的通知》（建房〔2016〕223号）
三、政策内容解读
《进一步规范商品住宅销售行为的通知》共七个条款，具体包括以下内容：
（一）强化商品房预售信息公开。该部分内容规定了“全市范围内所有在售房地产开发项目进行商品房预售时，应当按照商品房销售有关规定，在其售楼部现场显著位置公示《商品房预售许可证》、 “一房一价”表、销控表、《商品房买卖合同示范文本》以及不利因素等；同时，还应当公示经备案的预售资金监管协议、监管银行、监管账户、按揭贷款银行，以及市建设局、人行丽水市中心支行等监督管理部门的消费者监督维权电话。”
（二）完善商品房销售过程管理。该部分内容要求“全市范围内所有在售房地产开发企业应当以承诺书、告知书等书面形式向购房人承诺：在销售过程中，本公司及委托代理销售人员未有主观诱导消费、虚假宣传等不正当经营行为”；同时，“经购房人同意，房地产开发企业可以摄像、拾音设备或其他可保留清晰音像的方式，对与购房人签订相关条约的全过程作录音录像”；并对资料保存做出相应的规定；
（三）严格把控期房更名管理。该部分内容要求“商品住房严格实行购房实名制，认购后不得更改购房者姓名（父母、子女、配偶除外），房地产开发企业应当在开盘次日向属地建设主管部门报备开盘情况及认购名单，销售情况实行定期报送制度。办理网签备案时，购房人应当与认购人姓名一致。”
（四）促进退购房公平公开销售。该部分内容规范了商品房退购的相关要求。针对“买卖双方签订商品房买卖合同并完成网上备案后，协商一致需解除合同的，双方应向建设主管部门递交撤销备案申请。商品房买卖合同撤销备案后，所退房源应当公开销售。退购房源经房地产主管部门确认后，在公司销售现场及市建设局门户网站公示，公示期限不少于七个工作日。公示期满后，如有1人以上申购的，由公证机构采取摇号形式抽取购房人。退购房源在公示期内无人申购的，开发企业方可自行销售。”
（五）加大商品房代理销售监管力度。该部分内容要求实行商品房代理销售的房地产开发企业，应当遵守相关商品房委托销售的规定，各地建设主管部门应当加大监管力度。
（六）落实销售实施主体责任。该部分内容明确了房地产开发企业作为商品房销售工作的实施主体，要切实保证商品住宅销售行为公开、公平、公正，并维持销售秩序，确保安全。
（七）加强房地产市场乱象整治。该部分内容要求“各级房地产主管部门要加大对房地产开发企业的执法检查力度，严厉打击房地产开发企业的不正当经营行为”，一经查实，依法严肃查处
四、施行时间
本通知自2021年10月1日起正式实施。
五、解读机关和咨询方式
解读机关：丽水市住房和城乡建设局，联系处室：房产处，联系电话：0578-2106106。",各县 建设局 开发区 建设 分局 各县 金融 人行 各县 支行 各县 银保监 监管 商业银行 房地产 开发 企业 工程 监理 单位 更好 维护 我市 房地产 市场 正常 秩序 防范 商品房 交易 风险 切实 保障 消费者 合法权益 决定 进一步 强化 我市 商品房 预售 资金 监管 工作 现将 有关 事项 通知 如下 完善 常态 监管 协调 机制 丽水市 住房 城乡 建设局 丽水市 人民政府 金融 工作 办公室 中国人民银行 丽水市 中心 支行 中国银行 保险 监督管理 委员会 丽水 监管 分局 以下 简称 建设局 金融 人行 丽水市 中心 支行 丽水 银保监 分局 共同 组建 丽水市 商品房 预售 资金 监管 小组 负责 本市 商品房 预售 资金 各项 监管 协调 工作 监管 小组 内部 加强 日常 信息沟通 按季 互换 部门 监管 动态 及时 解决 商品房 预售 资金 监管 遇到 问题 根据 实际 情况 不定期 监管 对象 进行 联合 现场 检查 建设局 人行 丽水市 中心 支行 作为 丽水市 商品房 预售 资金 监管 小组 主要 对外联络部 负责 房地产 开发 企业 商业银行 进行 日常 指导 召集 监管 小组 妥善处理 消费者 监督 维权 事件 明确 预售 资金 监管 范围 商品房 预售 资金 房地产 开发 企业 开发 建设 商品房 建设项目 竣工 验收 备案 预先 出售 购房人 购房人 合同 约定 支付 购房款 包括 首付款 分期付款 一次性 付款 银行 按揭 贷款 住房 公积金 贷款 预售 监管 资金 分为 重点 预售 资金 一般 预售 资金 重点 预售 资金 监管 项目 工程预算 清册 总额 一般 监管 资金 超出 重点 监管 资金 额度 其他 预售 资金 重点 预售 资金 实行 动态 监管 监管 额度 预售 监管 资金 每一 支付 时点 商品房 交付 条件 具备 剩余 工程造价 一般 监管 资金 必须 用于 项目 有关 工程建设 工程造价 按照 房地产 开发 企业 提供 具有 专业 资质 造价 咨询 机构编制 签字 盖章 工程预算 清册 总额 确定 不少 装修 住宅 商品房 项目 工程造价 应当 包括 企业 申报 装修 工程造价 商品房 预售 资金 监管 期限 项目 取得 核发 商品房 预售 许可证 项目 完成 竣工 验收 备案 规范 预售 资金 收存 行为 房地产 开发 企业 应当 选择 商品房 预售 项目 所属 商业银行 作为 监管 银行 以宗地 单位 设立 商品房 项目 预售 资金 监管 账户 不得 预售 批次 分别 不同 监管 银行 签订 预售 资金 监管 协议 房地产 开发 企业 使用 收取 预售 只能 使用 监管 账户 绑定 监管 银行 应当 配合 协助 房地产 开发 企业 收取 售房款 相关 工作 监管 银行 应对 监管 项目 开展 定期 巡查 及时 掌握 监管 项目 销售 情况 房地产 开发 企业 应当 销售 现场 公示 备案 预售 资金 监管 协议 监管 银行 监管 账户 按揭 贷款 银行 以及 建设局 人行 丽水市 中心 支行 监督 部门 消费者 监督 维权 电话 房地产 开发 企业 代理 销售 机构 必须 购房人 缴纳 商品房 预售 资金 全部 直接 存入 商品房 预售 合同 载明 监管 专用 账户 房地产 开发 企业 不得 诚意金 意向 任何 形式 核发 商品房 预售 许可证 收存 预售 资金 商品房 销售 环节 直接 间接 收存 预售 资金 每笔 预售 资金 入账 载明 具体 对应 房号 保证 每套 房屋 预售 资金 入账 情况 可查 可验 购房人 应当 积极 维护 自己 合法权益 配合 监管部门 商业银行 住房 公积金 管理 部门 预售 资金 存入 监管 账户 强化 监管 主体 责任 房地产 开发 企业 应当 监管 银行 提交 包括 合同 编号 网签 应收 金额 网签 实收 金额 内容 对账 清单 清单 样式 附件 监管 银行 应当 核对 总额 售房款 总额 进行 盖章 确认 房地产 开发 企业 申请 办理 商品房 预售 合同 备案 应当 一并 提交 监管 银行 确认 对账 清单 监管 银行 根据 建筑 监理 企业 出具 工程进度 证明 支付 相应 工程 款项 预售 资金 监管 账户 监管 资金 支付 工程 款项 施工 承包单位 收款 监管 银行 支付 工程 款项 应当 经过 房地产 开发 企业 施工 承包单位 建设 监理 单位 三方 共同 签字 确认 发票 相关 材料 划入 施工 承包单位 账户 监管 银行 应当 按照 商品房 预售 合同 编号 建立 资金 入账 台账 按揭 贷款 划入 预售 资金 监管 账户 情况 进行 跟踪 监督 汇总 监管 项目 预售 首付款 一次性 付款 购房 贷款 情况 监管 银行 发现 预售 资金 入账 情况异常 或者 发现 房地产 开发 企业 申请 支付 工程 款项 完成 工程量 或者 工程进度 明显 不符 应当 督促 房地产 开发 企业 相关 按揭 银行 整改 及时 监管部门 报告 监管 银行 强化 房地产 开发 企业 高管 财务人员 销售 人员 关联 反洗钱 监测 相关 账户 出现 异常情况 第一 时间 监管部门 报告 监管 银行 每月 日前 房地产 开发 企业 出具 监管 项目 预售 资金 收缴 支出 情况 账单 账单 明确 预售 资金 收缴 明细 支出 用途 相关 材料 同时 人行 丽水市 中心 支行 备案 房地产 开发 企业 每月 日前 商品房 建设工程 完成 形象 进度 以及 监管 银行 出具 预售 资金 收缴 支出 账单 报市 建设局 备案 细化 监管 惩戒 措施 房地产 开发 企业 下列 情形 之一 由市 建设局 企业 暂停 网签 责令 限期 整改 整改 记入 房地产 开发 企业 不良 信用 记录 社会 公示 造成 损失 承担 相应 法律责任 销售 现场 明显 位置 公示 通知 规定 资料 按规定 及时 售房款 存入 预售 资金 监管 账户 指使 按揭 贷款 银行 或者 协同 按揭 贷款 银行 商品房 按揭 贷款 划入 预售 资金 监管 账户 诚意金 意向 形式 提前 间接 收存 预售 资金 提供 虚假 材料 申请 拨付 商品房 预售 监管 资金 商品房 建设工程 完成 形象 进度 预售 资金 账户 资金 使用 进度 出现 明显 一致 其他 变相 逃避 商品房 预售 资金 监管 行为 监管 小组 联合 现场 检查 发现 其他 问题 商业银行 下列 情形 之一 人行 丽水市 中心 支行 责令 整改 情节严重 或者 造成 严重后果 按照 相关 规定 采取 行政处罚 暂停 资金 监管 业务 服务 资格 监管 措施 造成 损失 承担 相应 法律责任 按规定 提醒 当事人 办理 交易 资金 监管 提示 自行 交割 房款 风险 监管 银行 要求 控制 实际 重点 监管 资金 额度 监管 银行 擅自 拨付 资金 协助 房地产 开发 企业 挪用 商品房 预售 资金 违反规定 收取 办理 资金 监管 服务 费用 按揭 贷款 银行 按规定 预售 资金 划入 监管 账户 未向 人行 丽水市 中心 支行 报备 备案 预售 资金 收支 情况 拒不接受 监管 小组 依法 依规 监督 检查 监管 小组 联合 现场 检查 发现 其他 问题 工程 监理 单位 提供 虚假 监管 项目 部分 工程施工 完成 证明 造成 房地产 开发 企业 超前 超额 支取 商品房 预售 资金 影响 工程 按期 竣工 承担 相应 法律责任 建设局 行为 记入 企业 诚信 档案 造成 严重后果 行业 管理 相关 规定 进行 处理 相关 职能部门 及其 工作人员 玩忽职守 滥用职权 徇私舞弊 依法 进行 责任 追究 本级 批准 预售 商品房 建设项目 预售 资金 收缴 使用 监督管理 工作 适用 通知 要求 各县 开发区 参照 执行 根据 各地 实际 情况 制定 相应 工作 要求 联系人 建设局 刘静文 电话 人行 丽水市 中心 支行 沈阳 电话 丽水市 住房 城乡 建设局 丽水市 人民政府 金融 工作 办公室 中国人民银行 丽水市 中心 支行 中国银行 保险 监督管理 委员会 丽水 监管 分局 丽水市 住房 城乡 建设局 关于 进一步 规范 商品住宅 销售 行为 通知 政策 解读 发布 时间 浏览 次数 信息 来源 丽水市 住房 城乡 建设局 主要 目的 进一步 贯彻落实 房子 用来 不是 用来 房地产 市场 调控 政策 保障 消费者 合法权益 营造 良好 市场 环境 促进 房地产 市场 平稳 健康 发展 文件 制定 依据 中华人民共和国 民法典 中华人民共和国 消费者 权益保护法 房地产 经纪 管理 办法 城市 商品房 预售 管理 办法 商品房 销售 明码标价 规定 商品房 销售 管理 办法 建设部 关于 进一步 加强 房地产 市场监管 完善 商品 住房 预售 制度 有关 问题 通知 建房 浙江省 住房 城乡 建设厅 关于 进一步 规范 商品房 委托 销售 行为 通知 浙建 住房 城乡 建设部 关于 进一步 规范 房地产 开发 企业 经营 行为 维护 房地产 市场秩序 通知 建房 政策 内容 解读 进一步 规范 商品住宅 销售 行为 通知 七个 条款 具体 包括 以下内容 强化 商品房 预售 信息 公开 部分 内容 规定 全市 范围 所有 在售 房地产 开发 项目 进行 商品房 预售 应当 按照 商品房 销售 有关 规定 售楼部 现场 显著 位置 公示 商品房 预售 许可证 一房 一价 销控表 商品房 买卖合同 示范 文本 以及 不利因素 同时 应当 公示 备案 预售 资金 监管 协议 监管 银行 监管 账户 按揭 贷款 银行 以及 建设局 人行 丽水市 中心 支行 监督管理 部门 消费者 监督 维权 电话 完善 商品房 销售 过程 管理 部分 内容 要求 全市 范围 所有 在售 房地产 开发 企业 应当 承诺书 告知 书面形式 购房人 承诺 销售 过程 公司 委托 代理 销售 人员 未有 主观 诱导 消费 虚假 宣传 正当 经营 行为 同时 购房人 同意 房地产 开发 企业 可以 摄像 拾音 设备 其他 保留 清晰 音像 方式 购房人 签订 相关 条约 全过程 录音 录像 资料 保存 做出 相应 规定 严格 期房 更名 管理 部分 内容 要求 商品 住房 严格 实行 购房 实名制 认购 不得 更改 购房者 姓名 父母 子女 配偶 除外 房地产 开发 企业 应当 开盘 次日 属地 建设 主管部门 报备 开盘 情况 认购 名单 销售 情况 实行 定期 报送 制度 办理 网签 备案 购房人 应当 认购 姓名 一致 促进 购房 公平 公开 销售 部分 内容 规范 商品房 退购 相关 要求 针对 买卖双方 签订 商品房 买卖合同 完成 网上 备案 协商一致 解除合同 双方 建设 主管部门 递交 撤销 备案 申请 商品房 买卖合同 撤销 备案 所退 房源 应当 公开 销售 购房 源经 房地产 主管部门 确认 公司 销售 现场 及市 建设局 门户网站 公示 公示 期限 不少 七个 工作日 公示 期满 以上 申购 公证 机构 采取 摇号 形式 抽取 购房人 购房 公示 期内 无人 申购 开发 企业 方可 自行 销售 加大 商品房 代理 销售 监管 力度 部分 内容 要求 实行 商品房 代理 销售 房地产 开发 企业 应当 遵守 相关 商品房 委托 销售 规定 各地 建设 主管部门 应当 加大 监管 力度 落实 销售 实施 主体 责任 部分 内容 明确 房地产 开发 企业 作为 商品房 销售 工作 实施 主体 切实 保证 商品住宅 销售 行为 公开 公平 公正 维持 销售 秩序 确保安全 加强 房地产 市场 乱象 整治 部分 内容 要求 各级 房地产 主管部门 加大 房地产 开发 企业 执法检查 力度 严厉打击 房地产 开发 企业 正当 经营 行为 一经 查实 依法 严肃查处 施行 时间 通知 日起 正式 实施 解读 机关 咨询 方式 解读 机关 丽水市 住房 城乡 建设局 联系 处室 房产 联系电话,1.355149227925855,9.925667245812377,2.683333333333333,3.083333333333333,12875,43.7,27.14166666666667,2622.139588100687,33.76567926136365,174.9560032894736,3884.310606060607,5.081791193181818,5,3,0.008625,0.4,阶段1,15.0,19.0,0.0,,0.15,阶段2,15.0,22.0,0.0,,0.3,竣备,15.0,27.0,5.251184232954548,1.550000000000001,0.1,阶段4,15.0,35.0,19.00966335227273,5.05,0.05,阶段5,15.0,35.0,9.504831676136366,5.05,2,3,174.9560032894736
义乌,义乌,Yiwu-2,approved construction cost,with multiplier or floor,successive inspection stages,drawdown ceiling,specified,5% retained,True,False,6.0,0.4,0.05,numbered clauses in evidence excerpt,explicit percentage near 主体结构验收; midpoint used for a stated range,manual 5% retained flag,监管额度内资金按照商品房开发项目建设进度核拨： (1)取得预售证后，完成主体结构验收前，累计申请使用资金额度不得超过监管额度的40%; (2)完成主体结构验收后，单位工程质量竣工验收前，累计申请使用资金额度不得超过监管额度的55%; (3)完成单位工程质量竣工验收后，竣工验收备案前，累计申请使用资金额度不得超过监管额度的70%; (4)完成竣工验收备案后，不动产首次 | 监管账户内资金已达到规定的监管额度，于是向市建设局提出了保函置换预售监管资金的申请，希望能盘活资金用于企业发展 | 累计申请使用资金额度不得超过监管额度的40%; (2)完成主体结构验收后，单位工程质量竣工验收前，累计申请使用资金额度不得超过监管额度的55%; (3)完成单位工程质量竣工验收后，竣工验收备案前，累计申请使用资金额度不得超过监管额度的70%; (4)完成竣工验收备案后，不动产首次登记前，累计申请使用资金额度不得超过监管额度的85%; (5)完成不动产首次登记后，解除商品 | 完成主体结构验收前，累计申请使用资金额度不得超过监管额度的40%; (2)完成主体结构验收后，单位工程质量竣工验收前，累计申请使用资金额度不得超过监管额度的55%; (3)完成单位工程质量竣工验收后，竣工验收备案前，累计申请使用资金额度不得超过监管额度的70%; (4)完成竣工验收备案后，不动产首次登记前，累计申请使用资金额度不得超过监管额度的85%; (5)完成不动产首次登记后，解除商品房预售资金监管前，累,True,policy_identification_filled.xlsx,City_audit,5stage_Pcost,5,5,stage_1|stage_2|stage_3|stage_4|stage_5,阶段1|阶段2|竣备|阶段4|阶段5,阶段1|阶段2|竣备|阶段4|阶段5,partial_named_milestones,,,5,,,not_estimable:topout_stage_name_unmapped,not_estimable:registration_stage_name_unmapped,expert_calibrated_operational_proxy_pending_source_mapping,monthly-revenue stage ratio or within-cohort amount share; not automatically a policy percentage,external/Modelling Dep/41_Cities_Dep/city_catalog.json,data/pmc_data.xlsx,dep-operational-h1-v1,Yiwu-2,2022,二线,义乌,Zhejiang,"契税补贴延续，鼓励团购买房，义乌再出楼市新政！
2022-11-05 00:00:00    微永康房产      
11月1日，为支持刚性和改善性住房需求，促进房地产市场平稳健康发展，义乌对房地产相关政策进行了优化。


一、购房契税补贴延续


原购房契税补贴在10月31日将减少为：购买首套商品住房，按所缴契税地方留存部分80%给予补贴；购买二套及以上商品住房，按所缴契税地方留存部分60%给予补贴。


现延续原来10月份的购房契税补贴优惠为：购买首套商品住房，按所缴契税地方留存部分100%给予补贴；购买二套及以上商品住房，按所缴契税地方留存部分80%给予补贴。


二、人才购房政策


允许人才购房补助款用于人才申购房产的首付，具体实施办法将根据义乌市人才新政出台时间同步下发。


三、商品房预售资金监管


即日起废止《关于启用商品房预售资金监管系统的通知》文件，“即8月1日以后首次申领预售证的项目，全面纳入省厅预售资金监管系统监管预售资金，基本实现首付款入账才能网签，项目预售资金入账可查，出账由建设局进行审核等功能”


四、鼓励“团购”买房


鼓励机关、企事业单位、社会团体与房地产开发企业接洽，组织商品房集中批量购买活动。


与房企协商达成的优惠价格不计入商品房备案价格跌幅比例范围。


五、货币化凭证购买商品房


在自愿前提下，义乌鼓励房企在房地产项目在备案价浮动基准上，对使用货币化凭证购买对象，再给予一定的让利。


=====================

浙江省住房和城乡建设厅关于进一步优化商品房预售管理服务的通知 
发布时间：2023-04-06 14:28
信息来源：市住房和城乡建设局
各市、县（市、区）建委、建设局、房管局：
为进一步健全住房市场体系，加强房地产监管长效机制建设，防范市场风险，促进房地产市场平稳健康发展，根据《中华人民共和国民法典》《中华人民共和国城市房地产管理法》《城市商品房预售管理办法》《商品房销售管理办法》等法律法规规定，现就进一步优化商品房预售管理服务有关工作通知如下：
一、规范审批（备案）部门
开展商品房预售管理（含现售备案，下同）的部门，应为《城市商品房预售管理办法》《商品房销售管理办法》规定的市、县建设行政主管部门或房地产行政主管部门（简称房地产管理部门）。
二、做好土地用途审核
各地要加强对住宅用地或商务金融用地项目的商品房预售管理。对不符合商品房预售许可或备案条件的工业地产等项目，不得批准商品房预售许可、办理现售备案。
三、合理设定预售许可规模
各地要结合实际，合理确定商品住房项目预售许可的最低规模和工程形象进度要求，预售许可的最低规模不得小于幢（栋），不得分层、分单元办理预售许可。住房供应不足的地区，要建立健全商品住房预售许可绿色通道，提高行政办事效率，支持具备预售条件的商品住房项目尽快办理预售许可。
四、规范分割预（销）售
商品房预（销）售的对象单元，应是具备封闭、永久、固定维护结构为四至界限的幢（栋）、层、套（间）等基本单元。对于因规划设计、结构安全及消防等原因无法封闭、建立固定维护结构的商场等内部开放空间办理商品房分割预售许可或现售备案的，除符合有关规定外，经审查合格的设计图纸中应明确各单元的分割界限或有永久性的固定界标，未明确可分割的，应整体预（销）售。
五、加强抵押情形下的预售管理
各地房地产管理部门要进一步强化风险意识，依法加强对存在国有建设用地使用权、在建建筑物被抵押情形的房地产开发项目预售许可的管理，并加快建立健全与不动产登记、金融管理、银行等单位（机构）的不动产抵押信息实时共享机制，提升工作成效。
六、做好特定建筑权属核查
房地产开发项目中明确为业主共有的道路、其他公共场所、公用设施和物业服务用房等建筑，房地产管理部门不得批准预售许可或现售备案；人民防空工程或其他特定功能（用途）的建筑（如无障碍停车位）等不明确是否可售或产权归属的建筑，不得批准预售许可或现售备案。
七、统一证书模板
房地产管理部门审核批准商品房预售许可或办理现售备案时，应通过信息共享、数字化手段严格规范企业信息、项目基本信息、预售许可（现售备案）信息、商品房预售资金监管银行及账号信息等内容（见附件）。发放商品房预售许可证（现售备案证）时，应通过全省房地产市场风险智防系统获取全省统一的证书编号、生成二维码，打印在证书右上角。各地房地产管理部门应申领电子印章，同步生成电子证书，供查询核验。
八、加强信息公开
房地产管理部门批准商品房预售许可或办理现售备案后，应依法通过多渠道公布预售许可证（现售备案证）信息，并提供公众查询服务。
本通知自2023年1月1日起实施。


========
城市商品房预售管理办法 
发布时间：2020-10-23 10:45
信息来源：市建设
(1994年11月15日建设部令第40号发布，根据2001年8月15日《建设部关于修改<城市商品房预售管理办法>的决定》第一次修正，根据2004年7月20日《建设部关于修改<城市商品房预售管理办法>的决定》第二次修正，自1995年1月1日起施行)
第一条 为加强商品房预售管理，维护商品房交易双方的合法权益，根据《中华人民共和国城市房地产管理法》、《城市房地产开发经营管理条例》，制定本办法。
第二条 本办法所称商品房预售是指房地产开发企业(以下简称开发企业)将正在建设中的房屋预先出售给承购人，由承购人支付定金或房价款的行为。
第三条 本办法适用于城市商品房预售的管理。
第四条 国务院建设行政主管部门归口管理全国城市商品房预售管理;省、自治区建设行政主管部门归口管理本行政区域内城市商品房预售管理;市、县人民政府建设行政主管部门或房地产行政主管部门(以下简称房地产管理部门)负责本行政区域内城市商品房预售管理。
第五条 商品房预售应当符合下列条件：
(一)已交付全部土地使用权出让金，取得土地使用权证书;
(二)持有建设工程规划许可证和施工许可证;
(三)按提供预售的商品房计算，投入开发建设的资金达到工程建设总投资的25%以上，并已经确定施工进度和竣工交付日期。
第六条 商品房预售实行许可制度。开发企业进行商品房预售，应当向房地产管理部门申请预售许可，取得《商品房预售许可证》。未取得《商品房预售许可证》的，不得进行商品房预售。
第七条 开发企业申请预售许可，应当提交下列证件(复印件)及资料：
(一)商品房预售许可申请表;
(二)开发企业的《营业执照》和资质证书;
(三)土地使用权证、建设工程规划许可证、施工许可证;
(四)投入开发建设的资金占工程建设总投资的比例符合规定条件的证明;
(五)工程施工合同及关于施工进度的说明;
(六)商品房预售方案。预售方案应当说明预售商品房的位置、面积、竣工交付日期等内容，并应当附预售商品房分层平面图
第八条 商品房预售许可依下列程序办理：
(一)受理。开发企业按本办法第七条的规定提交有关材料，材料齐全的，房地产管理部门应当当场出具受理通知书;材料不齐的，应当当场或者5日内一次性书面告知需要补充的材料。
(二)审核。房地产管理部门对开发企业提供的有关材料是否符合法定条件进行审核。开发企业对所提交材料实质内容的真实性负责。
(三)许可。经审查，开发企业的申请符合法定条件的，房地产管理部门应当在受理之日起10日内，依法作出准予预售的行政许可书面决定，发送开发企业，并自作出决定之日起10日内向开发企业颁发、送达《商品房预售许可证》。经审查，开发企业的申请不符合法定条件的，房地产管理部门应当在受理之日起10日内，依法作出不予许可的书面决定。书面决定应当说明理由，告知开发企业享有依法申请行政复议或者提起行政诉讼的权利，并送达开发企业。商品房预售许可决定书、不予商品房预售许可决定书应当加盖房地产管理部门的行政许可专用印章，《商品房预售许可证》应当加盖房地产管理部门的印章。(四)公示。房地产管理部门作出的准予商品房预售许可的决定，应当予以公开，公众有权查阅。
第九条 开发企业进行商品房预售，应当向承购人出示《商品房预售许可证》。售楼广告和说明书应当载明《商品房预售许可证》的批准文号。
第十条 商品房预售，开发企业应当与承购人签订商品房预售合同。开发企业应当自签约之日起30日内，向房地产管理部门和市、县人民政府土地管理部门办理商品房预售合同登记备案手续。房地产管理部门应当积极应用网络信息技术，逐步推行商品房预售合同网上登记备案。商品房预售合同登记备案手续可以委托代理人办理。委托代理人办理的，应当有书面委托书
第十一条 开发企业预售商品房所得款项应当用于有关的工程建设。商品房预售款监管的具体办法，由房地产管理部门制定
第十二条 预售的商品房交付使用之日起90日内，承购人应当依法到房地产管理部门和市、县人民政府土地管理部门办理权属登记手续。开发企业应当予以协助，并提供必要的证明文件。由于开发企业的原因，承购人未能在房屋交付使用之日起90日内取得房屋权属证书的，除开发企业和承购人有特殊约定外，开发企业应当承担违约责任。
第十三条 开发企业未取得《商品房预售许可证》预售商品房的，依照《城市房地产开发经营管理条例》第三十九条的规定处罚。
第十四条 开发企业不按规定使用商品房预售款项的，由房地产管理部门责令限期纠正，并可处以违法所得3倍以下但不超过3万元的罚款。
第十五条 开发企业隐瞒有关情况、提供虚假材料，或者采用欺骗、贿赂等不正当手段取得商品房预售许可的，由房地产管理部门责令停止预售，撤销商品房预售许可，并处3万元罚款。
第十六条 省、自治区建设行政主管部门、直辖市建设行政主管部门或房地产行政管理部门可以根据本办法制定实施细则。
第十七条 本办法由国务院建设行政主管部门负责解释。
第十八条  本办法自1995年1月1日起施行。
===================

1、浙江预售条件各地会有不同，常规情况下大部分地区是主体层数的1/2并不少于10层（若是装配式建筑，部分地区会适当降低预售条件，1/3主体层数即可），但也有少部分县镇地区预售条件是正负零（如丽水壶镇、丽水龙泉等）。

2、浙江资金监管常规程序是在预售前在银行设立监管账户，由监管机构、开发企业和监管银行三方签订监管协议，监管金额是根据项目移交的造价清册为主，监管机构综合审定（参考市场单方造价等），审定造价后按1.3倍金额为监管底线。监管额度内资金按照商品房开发项目建设进度核拨：

(1)取得预售证后，完成主体结构验收前，累计申请使用资金额度不得超过监管额度的40%;
(2)完成主体结构验收后，单位工程质量竣工验收前，累计申请使用资金额度不得超过监管额度的55%;
 (3)完成单位工程质量竣工验收后，竣工验收备案前，累计申请使用资金额度不得超过监管额度的70%;
(4)完成竣工验收备案后，不动产首次登记前，累计申请使用资金额度不得超过监管额度的85%;
(5)完成不动产首次登记后，解除商品房预售资金监管前，累计申请使用资金额度不得超过监管额度的95%。
（6）监管账户中监管额度内的资金不同于开发企业自有资金，应当专款专用于项目的工程建设，包括项目建设必须的 建筑材料、设备和施工进度款等相关支出(不包括营销费、 广告费、财务费用和税费)。
（7）资金解冻程序（如丽水）：按商品房预售资金监管协议要求符合监管银行撤销资金监管账户条件的房地产开发企业，可向监管银行提出撤销申请，并由监管项目的总包公司提供相关凭证，证明已支付完结合同造价总额。监管银行审核后，报房地产主管部门确认，并在市建设局门户网站公示五个工作日。公示期满无异议的，由房地产主管部门向银行出具函告，同意监管银行撤销监管账户。

备注说明：（1）以上基本是各地区政府及银行法定要求，实际过程中政府及银行如果看项目资金无重大风险，参考行业惯例，实际可适当低于监管线（通过一些渠道回笼集团）；（2）原则上所有预售资金均需打入监管户，在不动产证办理前，公司和银行均不得划拨，否则政府不予网签；（3）目前出险后，政府均加强监管，提高解冻要求（一方面政府有行政权利，具体解冻条件由政府规定；另一方面过程中项目公司总会有不合规的环节等），目前也会绑定同市区项目建设情况。


================

义乌已逐步落实
保函置换预售监管资金有关政策
义乌首个申请保函置换的项目已获批
这也是金华市范围第二个获批的项目
☟
3月以来，义乌房地产市场频现回暖信号。义乌华润置地孝子祠润府项目多次开盘均取得不俗的销售业绩。该项目相关负责人表示，项目监管账户内资金已达到规定的监管额度，于是向市建设局提出了保函置换预售监管资金的申请，希望能盘活资金用于企业发展。


=====================
今天，义乌市房地产市场平稳健康发展领导小组发布通知，义乌将启用商品房预售资金监管系统。
今天，义乌市房地产市场平稳健康发展领导小组发布通知，义乌将启用商品房预售资金监管系统。通知文件中，对商品房预售资金监管政策进行了优化，将有利于房企预售资金的循环，加强预售资金监管的时效性，增强防范相关金融风险的能力。
今年5月1日起，义乌所有在建商品房项目都将纳入监管范围。购房人缴交的定金、首付款、一次性付款都将直接存入资金监管账户，按揭贷款部分由贷款银行直接划转至监管账户。监管额度内的资金只能用作房企本项目工程的建设支出，将有效防止企业滥用、挪用预售资金，防范工程款拖欠、项目烂尾，保障购房者权益。值得关注的是，此次《通知》明确预售资金监管额度由义乌市房价、地价联审小组核定，当监管账户内的资金达到监管额度后，超出部分可由房地产开发企业提取使用。同时，监管额度内的资金也将根据项目工程的建设进度分阶段予以拨付，进一步提高了房企对预售资金使用的自主权。
“这一举措释放了积极的信号，一方面是加强对预售资金的监管，另一方面也是给房企‘松绑’。”业内人士认为，政策实施后，不仅可以“保交楼”，也会进一步增强房企的资金流动性，推动房地产业健康发展的良性循环。

======================",契税 补贴 延续 鼓励 团购 买房 义乌 再出 楼市 新政 永康 房产 支持 刚性 改善 住房 需求 促进 房地产 市场 平稳 健康 发展 义乌 房地产 相关 政策 进行 优化 购房 契税 补贴 延续 购房 契税 补贴 减少 购买 首套 商品 住房 按所缴 契税 地方 留存 部分 给予 补贴 购买 二套 以上 商品 住房 按所缴 契税 地方 留存 部分 给予 补贴 延续 原来 月份 购房 契税 补贴 优惠 购买 首套 商品 住房 按所缴 契税 地方 留存 部分 给予 补贴 购买 二套 以上 商品 住房 按所缴 契税 地方 留存 部分 给予 补贴 人才 购房 政策 允许 人才 购房 补助款 用于 人才 申购 房产 首付 具体实施 办法 根据 义乌市 人才 新政 出台 时间 同步 下发 商品房 预售 资金 监管 即日起 废止 关于 启用 商品房 预售 资金 监管 系统 通知 文件 以后 首次 申领 预售证 项目 全面 纳入 省厅 预售 资金 监管 系统 监管 预售 资金 基本 实现 首付款 入账 才能 网签 项目 预售 资金 入账 出账 建设局 进行 审核 功能 鼓励 团购 买房 鼓励 机关 企事业 单位 社会 团体 房地产 开发 企业 接洽 组织 商品房 集中 批量 购买 活动 房企 协商 达成 优惠价格 计入 商品房 备案 价格 跌幅 比例 范围 货币化 凭证 购买 商品房 自愿 前提 义乌 鼓励 房企在 房地产 项目 备案 浮动 基准 使用 货币化 凭证 购买 对象 给予 一定 让利 浙江省 住房 城乡 建设厅 关于 进一步 优化 商品房 预售 管理 服务 通知 发布 时间 信息 来源 住房 城乡 建设局 各市 建委 建设局 房管局 进一步 健全 住房 市场 体系 加强 房地产 监管 长效机制 建设 防范 市场 风险 促进 房地产 市场 平稳 健康 发展 根据 中华人民共和国 民法典 中华人民共和国 城市 房地产 管理法 城市 商品房 预售 管理 办法 商品房 销售 管理 办法 法律法规 规定 进一步 优化 商品房 预售 管理 服务 有关 工作 通知 如下 规范 审批 备案 部门 开展 商品房 预售 管理 现售 备案 下同 部门 应为 城市 商品房 预售 管理 办法 商品房 销售 管理 办法 规定 建设 行政 主管部门 房地产 行政 主管部门 简称 房地产 管理 部门 做好 土地 用途 审核 各地 加强 住宅 用地 商务 金融 用地 项目 商品房 预售 管理 符合 商品房 预售 许可 备案 条件 工业 地产 项目 不得 批准 商品房 预售 许可 办理 现售 备案 合理 设定 预售 许可 规模 各地 结合实际 合理 确定 商品 住房 项目 预售 许可 最低 规模 工程 形象 进度 要求 预售 许可 最低 规模 不得 小于 不得 分层 单元 办理 预售 许可 住房 供应 不足 地区 建立健全 商品 住房 预售 许可 绿色通道 提高 行政 办事效率 支持 具备 预售 条件 商品 住房 项目 尽快 办理 预售 许可 规范 分割 商品房 对象 单元 应是 具备 封闭 永久 固定 维护 结构 四至 界限 基本 单元 对于 规划设计 结构 安全 消防 原因 无法 封闭 建立 固定 维护 结构 商场 内部 开放 空间 办理 商品房 分割 预售 许可 现售 备案 符合 有关 规定 经审查 合格 设计 图纸 中应 明确 单元 分割 界限 永久性 固定 界标 明确 分割 整体 加强 抵押 情形 预售 管理 各地 房地产 管理 部门 进一步 强化 风险意识 依法 加强 存在 国有 建设 用地 使用权 在建 建筑物 抵押 情形 房地产 开发 项目 预售 许可 管理 加快 建立健全 不动产 登记 金融管理 银行 单位 机构 不动产 抵押 信息 实时 共享 机制 提升 工作 成效 做好 特定 建筑 权属 核查 房地产 开发 项目 明确 业主 共有 道路 其他 公共场所 公用设施 物业 服务 用房 建筑 房地产 管理 部门 不得 批准 预售 许可 现售 备案 人民 防空 工程 其他 特定 功能 用途 建筑 无障碍 停车位 明确 是否 可售 产权 归属 建筑 不得 批准 预售 许可 现售 备案 统一 证书 模板 房地产 管理 部门 审核 批准 商品房 预售 许可 办理 现售 备案 通过 信息 共享 数字化 手段 严格 规范 企业 信息 项目 基本 信息 预售 许可 现售 备案 信息 商品房 预售 资金 监管 银行 账号 信息 内容 附件 发放 商品房 预售 许可证 现售 备案 通过 全省 房地产 市场 风险 智防 系统 获取 全省 统一 证书编号 生成 二维码 打印 证书 右上角 各地 房地产 管理 部门 申领 电子 印章 同步 生成 电子 证书 查询 核验 加强 信息 公开 房地产 管理 部门 批准 商品房 预售 许可 办理 现售 备案 依法 通过 多渠道 公布 预售 许可证 现售 备案 信息 提供 公众 查询 服务 通知 日起 实施 城市 商品房 预售 管理 办法 发布 时间 信息 来源 建设 建设部 发布 根据 建设部 关于 修改 城市 商品房 预售 管理 办法 决定 第一次 修正 根据 建设部 关于 修改 城市 商品房 预售 管理 办法 决定 第二次 修正 日起 施行 第一条 加强 商品房 预售 管理 维护 商品房 交易 双方 合法权益 根据 中华人民共和国 城市 房地产 管理法 城市 房地产 开发 经营 管理条例 制定 办法 第二条 办法 商品房 预售 房地产 开发 企业 以下 简称 开发 企业 正在 建设 房屋 预先 出售 承购 承购 支付 定金 房价 行为 第三条 办法 适用 城市 商品房 预售 管理 第四条 国务院 建设 行政 主管部门 归口 管理 全国 城市 商品房 预售 管理 自治区 建设 行政 主管部门 归口 管理 本行政区域 城市 商品房 预售 管理 人民政府 建设 行政 主管部门 房地产 行政 主管部门 以下 简称 房地产 管理 部门 负责 本行政区域 城市 商品房 预售 管理 第五条 商品房 预售 应当 符合 下列 条件 交付 全部 土地 使用权 出让金 取得 土地 使用权 证书 持有 建设工程 规划 许可证 施工 许可证 提供 预售 商品房 计算 投入 开发 建设 资金 达到 工程建设 投资 以上 已经 确定 施工进度 竣工 交付 日期 第六条 商品房 预售 实行 许可 制度 开发 企业 进行 商品房 预售 应当 房地产 管理 部门 申请 预售 许可 取得 商品房 预售 许可证 取得 商品房 预售 许可证 不得 进行 商品房 预售 第七条 开发 企业 申请 预售 许可 应当 提交 下列 证件 复印件 资料 商品房 预售 许可 申请表 开发 企业 营业执照 资质证书 土地 使用 权证 建设工程 规划 许可证 施工 许可证 投入 开发 建设 资金 工程建设 投资 比例 符合规定 条件 证明 工程施工 合同 关于 施工进度 说明 商品房 预售 方案 预售 方案 应当 说明 预售 商品房 位置 面积 竣工 交付 日期 内容 应当 预售 商品房 分层 平面图 第八条 商品房 预售 许可 下列 程序 办理 受理 开发 企业 按本 办法 第七条 规定 提交 有关 材料 材料 齐全 房地产 管理 部门 应当 当场 出具 受理 通知书 材料 不齐 应当 当场 或者 日内 一次性 书面 告知 需要 补充 材料 审核 房地产 管理 部门 开发 企业 提供 有关 材料 是否 符合 法定条件 进行 审核 开发 企业 提交 材料 实质 内容 真实性 负责 许可 经审查 开发 企业 申请 符合 法定条件 房地产 管理 部门 应当 受理 之日起 日内 依法 作出 准予 预售 行政许可 书面 决定 发送 开发 企业 作出 决定 之日起 内向 开发 企业 颁发 送达 商品房 预售 许可证 经审查 开发 企业 申请 符合 法定条件 房地产 管理 部门 应当 受理 之日起 日内 依法 作出 不予 许可 书面 决定 书面 决定 应当 说明 理由 告知 开发 企业 享有 依法 申请 行政复议 或者 提起 行政诉讼 权利 送达 开发 企业 商品房 预售 许可 决定书 不予 商品房 预售 许可 决定书 应当 加盖 房地产 管理 部门 行政许可 专用 印章 商品房 预售 许可证 应当 加盖 房地产 管理 部门 印章 公示 房地产 管理 部门 作出 准予 商品房 预售 许可 决定 应当 予以 公开 公众 有权 查阅 第九条 开发 企业 进行 商品房 预售 应当 承购 出示 商品房 预售 许可证 售楼 广告 说明书 应当 载明 商品房 预售 许可证 批准文号 第十条 商品房 预售 开发 企业 应当 承购 签订 商品房 预售 合同 开发 企业 应当 签约 之日起 日内 房地产 管理 部门 人民政府 土地 管理 部门 办理 商品房 预售 合同 登记 备案 手续 房地产 管理 部门 应当 积极 应用 网络 信息技术 逐步 推行 商品房 预售 合同 网上 登记 备案 商品房 预售 合同 登记 备案 手续 可以 委托 代理人 办理 委托 代理人 办理 应当 书面 委托书 第十一条 开发 企业 预售 商品房 所得 款项 应当 用于 有关 工程建设 商品房 预售 监管 具体办法 房地产 管理 部门 制定 第十二条 预售 商品房 交付使用 之日起 日内 承购 应当 依法 房地产 管理 部门 人民政府 土地 管理 部门 办理 权属 登记手续 开发 企业 应当 予以 协助 提供 必要 证明文件 由于 开发 企业 原因 承购 未能 房屋 交付使用 之日起 日内 取得 房屋 权属 证书 开发 企业 承购 人有 特殊 约定 开发 企业 应当 承担 违约责任 第十三条 开发 企业 取得 商品房 预售 许可证 预售 商品房 依照 城市 房地产 开发 经营 管理条例 第三十九条 规定 处罚 第十四条 开发 企业 按规定 使用 商品房 预售 款项 房地产 管理 部门 责令 限期 纠正 处以 违法 所得 以下 超过 万元 罚款 第十五条 开发 企业 隐瞒 有关 情况 提供 虚假 材料 或者 采用 欺骗 贿赂 正当 手段 取得 商品房 预售 许可 房地产 管理 部门 责令 停止 预售 撤销 商品房 预售 许可 并处 万元 罚款 第十六条 自治区 建设 行政 主管部门 直辖市 建设 行政 主管部门 房地产 行政 管理 部门 可以 根据 办法 制定 实施细则 第十七条 办法 国务院 建设 行政 主管部门 负责 解释 第十八条 办法 日起 施行 浙江 预售 条件 各地 不同 常规 情况 大部分 地区 主体 层数 不少 装配式 建筑 部分 地区 适当 降低 预售 条件 主体 层数 即可 少部分 地区 预售 条件 正负 如丽 水壶 丽水 龙泉 浙江 资金 监管 常规 程序 预售 银行 设立 监管 账户 监管 机构 开发 企业 监管 银行 三方 签订 监管 协议 监管 金额 根据 项目 移交 造价 清册 为主 监管 机构 综合 审定 参考 市场 单方 造价 审定 造价 金额 监管 底线 监管 额度 资金 按照 商品房 开发 项目 建设 进度 核拨 取得 预售证 完成 主体 结构 验收 累计 申请 使用 资金 额度 不得 超过 监管 额度 完成 主体 结构 验收 单位 工程质量 竣工 验收 累计 申请 使用 资金 额度 不得 超过 监管 额度 完成 单位 工程质量 竣工 验收 竣工 验收 备案 累计 申请 使用 资金 额度 不得 超过 监管 额度 完成 竣工 验收 备案 不动产 首次 登记 累计 申请 使用 资金 额度 不得 超过 监管 额度 完成 不动产 首次 登记 解除 商品房 预售 资金 监管 累计 申请 使用 资金 额度 不得 超过 监管 额度 监管 账户 监管 额度 资金 不同于 开发 企业 自有 资金 应当 专款专用 项目 工程建设 包括 项目 建设 必须 建筑材料 设备 施工进度 相关 支出 包括 营销 广告费 财务费用 税费 资金 解冻 程序 丽水 商品房 预售 资金 监管 协议 要求 符合 监管 银行 撤销 资金 监管 账户 条件 房地产 开发 企业 监管 银行 提出 撤销 申请 监管 项目 总包 公司 提供 相关 凭证 证明 支付 完结 合同 造价 总额 监管 银行 审核 房地产 主管部门 确认 建设局 门户网站 公示 五个 工作日 公示 期满 无异议 房地产 主管部门 银行 出具 函告 同意 监管 银行 撤销 监管 账户 备注 说明 以上 基本 各地 区政府 银行 法定 要求 实际 过程 政府 银行 如果 项目 资金 重大 风险 参考 行业 惯例 实际 适当 低于 监管 通过 一些 渠道 回笼 集团 原则上 所有 预售 资金 打入 监管 不动产 办理 公司 银行 不得 划拨 否则 政府 不予 网签 目前 出险 政府 加强 监管 提高 解冻 要求 一方面 政府 行政 权利 具体 解冻 条件 政府 规定 另一方面 过程 项目 公司 总会 合规 环节 目前 绑定 市区 项目 建设 情况 义乌 逐步 落实 保函 置换 预售 监管 资金 有关 政策 义乌 首个 申请 保函 置换 项目 获批 金华市 范围 第二个 获批 项目 以来 义乌 房地产 市场 频现 回暖 信号 义乌 华润 孝子 祠润府 项目 多次 开盘 取得 不俗 销售 业绩 项目 相关 负责人 表示 项目 监管 账户 资金 达到 规定 监管 额度 于是 向市 建设局 提出 保函 置换 预售 监管 资金 申请 希望 盘活 资金 用于 企业 发展 今天 义乌市 房地产 市场 平稳 健康 发展 领导小组 发布 通知 义乌 启用 商品房 预售 资金 监管 系统 今天 义乌市 房地产 市场 平稳 健康 发展 领导小组 发布 通知 义乌 启用 商品房 预售 资金 监管 系统 通知 文件 商品房 预售 资金 监管 政策 进行 优化 有利于 房企 预售 资金 循环 加强 预售 资金 监管 时效性 增强 防范 相关 金融风险 能力 今年 日起 义乌 所有 在建 商品房 项目 纳入 监管 范围 购房人 缴交 定金 首付款 一次性 付款 直接 存入 资金 监管 账户 按揭 贷款 部分 贷款 银行 直接 划转 监管 账户 监管 额度 资金 只能 用作 房企本 项目 工程 建设 支出 有效 防止 企业 滥用 挪用 预售 资金 防范 工程款 拖欠 项目 烂尾 保障 购房者 权益 值得 关注 此次 通知 明确 预售 资金 监管 额度 义乌市 房价 地价 联审 小组 核定 监管 账户 资金 达到 监管 额度 超出 部分 房地产 开发 企业 提取 使用 同时 监管 额度 资金 根据 项目 工程 建设 进度 分阶段 予以 拨付 进一步提高 企对 预售 资金 使用 自主权 这一 举措 释放 积极 信号 一方面 加强 预售 资金 监管 另一方面 房企 松绑 业内人士 认为 政策 实施 不仅 可以 保交楼 进一步 增强 房企 资金 流动性 推动 房地产业 健康 发展 良性循环,1.410579879645822,5.103940800290349,3.383333333333333,4.033333333333333,30654,21.1,27.14166666666667,12929.88625592417,7288.761349396308,862.7157885071088,3884.310606060606,37.45468323863636,5,3,0.008625,0.4,阶段1,15.0,19.0,1446.804774147727,189.6035714285715,0.15,阶段2,15.0,22.0,865.8242906250002,188.2035714285715,0.3,竣备,15.0,27.0,2850.630769815341,190.4035714285715,0.09999999999999999,阶段4,15.0,35.0,1346.166487073864,192.775,0.05,阶段5,15.0,35.0,779.335027734375,192.775,2,4,862.7157885071088
乐东,乐东,Ledong-3,approved construction cost,with multiplier or floor,named administrative certificates,retained balance,specified,condition beyond first registration,True,True,3.0,,0.05,explicit Chinese count in evidence excerpt,not explicitly parseable from retained excerpt,manual 5% retained flag,监管账户内的资金不得低于项目总建设费用(含税)的5% | 完成初始登记并达到购房人可单方办理转移登记的条件后中止,True,policy_identification_filled.xlsx,City_audit,4stage_Mcost,4,4,stage_1|stage_2|stage_3|stage_4,主体|装修|竣备|确权,主体|装修|竣备|确权,complete_named_milestones,stage_1,stage_4,4,0.3,0.625,cumulative_same_denominator_stage_shares,terminal_stage_share:within_cohort_amount_share,expert_calibrated_operational_proxy_pending_source_mapping,monthly-revenue stage ratio or within-cohort amount share; not automatically a policy percentage,external/Modelling Dep/41_Cities_Dep/city_catalog.json,data/pmc_data.xlsx,dep-operational-h1-v1,Ledong-3,2022,三线,乐东,Hainan,"关于乐东县商品房预售资金监管银行遴选结果的公示 


关于乐东县商品房预售资金监管银行遴选结果的公示


为了做好我县商品房预售资金监管银行的遴选工作，我局于2022年9月15日在乐东县人民政府网发布了《关于遴选我县商品房预售资金监管银行的公告》，截止规定报名时间共收到8家银行报名材料。我局为了做好审查评议工作，于2022年9月23日上午组织召开了遴选工作专题会议，邀请了县行政审批局、县银监局、县金融办、中国人民银行乐东支行等部门人员参加。经参会人员对报名材料进行综合审查评议，拟确定8家商品房预售资金监管银行为：中国农业银行股份有限公司乐东县支行、中国建设银行股份有限公司乐东支行、乐东黎族自治县农村信用合作联社、中国银行股份有限公司乐东支行、中国邮政储蓄银行股份有限公司乐东黎族自治县支行、海南银行股份有限公司乐东支行、中国工商银行股份有限公司乐东支行、中国农业发展银行乐东黎族自治县支行。
本公示期为3天（2022年9月27日-2022年9月29日），公示期间如有异议，请采用书面或电话向我单位反馈，监督电话：0898-85596488。
===============
索  引 号：00817379-0/2015-01590主题分类：
发文机关：成文日期：
标       题：海南省商品房预售资金监管暂行办法
文       号：发布日期： 2015-08-17 11:32

海南省商品房预售资金监管暂行办法
第一章 总 则
第一条 为规范我省商品房预售资金(以下简称预售资金)的监督管理，保障当事人的合法权益，维护房地产市场秩序，根据《中华人民共和国城市房地产管理法》、《城市商品房预售管理办法》等有关法律法规及《国务院办公厅关于继续做好房地产市场调控工作的通知》(国办发[2013]17号)、《海南省人民政府办公厅贯彻国务院办公厅关于促进房地产市场平稳健康发展通知的实施意见》(琼府办[2010]19号)规定，结合本省实际，制定本办法。
第二条 凡在本省申请商品房预售许可的项目(含经济适用住房、限价商品住房等保障性住房)，其预售资金的收存、使用和监督管理，适用本办法。
第三条 本省预售资金的监督管理遵循政府指导、银行监管、多方监督、专款专用的原则。
第四条 本办法所称预售资金，是指预售商品房的房地产开发企业(以下简称开发企业)依法将其开发的商品房出售，由购房人按照《商品房买卖合同》约定支付的定金、预付款、房价款(包括首付款、分期付款、一次性付款、银行按揭贷款和住房公积金贷款)、保证金等各种款项。
第五条 预售资金监管期限自项目核发《商品房预售许可证》开始，至项目完成初始登记并达到购房人可单方办理转移登记的条件后中止。
第六条 海南省住房和城乡建设厅负责指导全省预售资金的收存、使用。市、县房地产行政主管部门(以下简称房管部门)负责监督本行政辖区内预售资金的收存、使用，主要职责是：
(一)办理《商品房预售资金监管协议》(以下简称《监管协议》)的备案工作;
(二)定期巡查预售项目，对开发企业管理使用预售资金的行为进行监督检查;
(三)受理预售资金收存、使用中违法违规行为的投诉;
(四)本办法规定的其他有关工作。
中国人民银行海口中心支行(以下简称人行海口中心支行)和中国银行业监督管理委员会海南监管局(以下简称海南银监局)负责办理《监管协议》的备案工作，对商业银行的预售资金监管行为进行监督检查。商业银行具体实施对预售资金的监管工作，主要履行以下工作职责：
(一)按照《监管协议》的约定，对预售资金的收存、使用进行监管;
(二)及时将《监管协议》报送人行海口中心支行和海南银监局备案;
(三)受理开发企业使用预售资金申请，负责预售资金专用账户(以下简称监管账户)资金出账审核，并实地核查工程形象进度;
(四)做好预售资金收存、使用情况的月报工作;
(五)本办法规定的其他有关工作。
第二章 一般规定
第七条 开发企业申请《商品房预售许可证》前，应选择商业银行作为监管账户的开户银行(以下简称监管银行)，并按一个项目开设一个监管账户的原则，与监管银行签订《监管协议》，明确双方的权利、义务和责任。监管银行如给开发企业开通网上银行的，双方必须在《监管协议》中明确约定限制账户资金的转出使用。开发企业应当在《监管协议》签订后5个工作日内将《监管协议》、监管账户以及在其他银行的开户情况一同报房管部门备案。
开发企业有开发贷款且选择开发贷款行以外的商业银行作为监管银行的，应当先征得项目开发贷款银行的书面意见。开发企业需要变更监管银行的，应先征得原监管银行的书面意见，方可与新的监管银行签订《监管协议》，并于5个工作日内将变更情况报房管部门备案。监管银行应当在《监管协议》签订后5个工作日内，将《监管协议》报送人行海口中心支行和海南银监局备案。
第八条 预售资金应全部存入监管账户，由监管银行对项目重点监管资金实行全程监管，用于购买该项目建设必需的建筑材料、设备和支付该项目建设的施工进度款、法定税费以及归还项目开发贷款。在保证整个项目交付使用的资金条件下，监管银行可允许开发企业调用其超出项目重点监管资金的部分。
项目重点监管资金主要由项目建筑安装和区内配套建设等费用(含税)以及5%的不可预见费用构成。
第九条 开发企业应当根据项目建设方案及施工进度编制预售项目用款计划。用款计划应按照质量竣工验收、竣工验收备案、完成初始登记三个环节设置预售资金使用节点，并合理确定每个节点的用款额度。
开发企业可以在预售资金使用节点前申请使用预售资金，但不能超过相应节点用款额度。完成初始登记并达到购房人可单方办理转移登记的条件前，监管账户内的资金不得低于项目总建设费用(含税)的5%。
第三章 预售资金收存和使用管理
第十条 预售资金存入相应的监管账户后，开发企业凭相应的监管账户缴款回单，为购房人开具售房发票。购房人按揭贷款购买商品房的，其按揭贷款由贷款银行按开发企业提供的监管账户直接划入。开发企业收取现金或跨省份收取预售资金的，必须在7个工作日内将收取的现金或预售资金转回监管账户，并在《监管协议》中明确约定。
开发企业不得向购房人以集资、借款、会员费等形式变相预售商品房，逃避资金监管。
第十一条 开发企业向监管银行申请使用预售资金的，应提出书面申请，并提交相应材料：
(一)质量竣工验收节点，提供工程质量竣工验收记录表;
(二)竣工验收备案节点，提供工程竣工验收备案证明;
(三)申请偿还项目开发贷款的，提供有关贷款材料。
首次拨付款后，每次申请拨款时还应当提交上一次申请用款事项的转款回单及监理单位对上次拨款使用情况的证明材料。
第十二条 监管银行应履行监管账户资金出账审核责任，收到开发企业用款申请后，对申请材料进行审核，并对工程形象进度进行实地核查。符合资金使用条件的，应在5个工作日内拨付资金。
第十三条 在销售中若发生退款的，开发企业可以向房管部门申请解除退款部分的监管，房管部门应在3个工作日内核实，通知监管银行解除该部分房款的监管。
第十四条 监管银行应当建立预售资金监管考核标准和“便捷服务程序”，对经营状况好、预售资金收支管理规范、无不良行为记录且企业诚信度达到本行业省级良好等级的开发企业，可提供便捷服务。对开发企业违反规定，或者经复核未达到要求的，取消其便捷服务资格。监管银行设定的“便捷服务程序”不得与本办法规定的主要监管程序相冲突。
第十五条 开发企业完成办理房屋产权初始登记后，可以凭房屋所有权初始登记证明文件向房管部门申请监管账户的注销。房管部门应在5个工作日内核实，在确认购房人可单方办理转移登记后，出具《监管账户注销证明》，并书面通知开发企业和监管银行。开发企业和监管银行接到通知后，按规定办理监管账户注销手续。
第十六条 有下列情形之一的，房管部门应书面通知监管银行暂停拨付监管账户内的全部预售资金，并启动应急措施，协调相关部门监督监管账户内资金的使用：
(一)开发企业存在违法违规行为导致工程停工的;
(二)预售项目发生质量事故或存在严重质量问题的;
(三)预售项目未按期交付使用或存在不能按时交付风险的;
(四)项目存在违法违规建设和销售的;
(五)项目存在严重债务和劳务纠纷的;
(六)房管部门认定应当暂停拨付的其他情形。
开发企业侵害购房人权益，依法应给予赔偿的，以及拖欠农民工工资的，可优先用超出项目重点监管资金以外的预售资金支付。
第四章 监督管理
第十七条 监管银行应按月将预售资金收支、工程形象进度等情况报送人行海口中心支行、海南银监局和房管部门。房管部门应在部门网站公示《监管协议》、工程形象进度和预售资金收支情况等相关信息，方便购房人查询。
第十八条 人行海口中心支行、海南银监局和房管部门应做好日常指导和监督检查工作。房管部门要定期巡查预售项目，发现项目收支存在异常情况的，责令开发企业限期改正，未按期改正的，暂停网上签约。人行海口中心支行、海南银监局发现监管银行违规的，应当依法严肃处理。监管银行有违规行为的，三年内不得监管新的预售项目。
第十九条 开发企业有下列行为之一的，由房管部门责令其限期改正，整改期间开发企业不得申请拨付预售资金：
(一)未按本办法规定收存、使用预售资金的;
(二)提供虚假证明材料申请使用预售资金的;
(三)以收取其他款项为名变相逃避监管的;
(四)其他违反预售资金监管规定的。
情节严重或拒不改正的，由房管部门暂停开发企业在当地所有开发项目的商品房预售，记录企业不良行为，向社会公示，并将企业不良行为信息纳入企业征信系统。违反相关法律、法规、规章规定的，依照有关规定处罚。
第二十条 施工单位、监理单位提供虚假证明或采取其他方式协助开发企业违规支取预售资金的，由市县住房城乡建设主管部门依法对相关责任单位和责任人予以处理，并记录企业和个人不良行为，向社会公示。
第二十一条 违反本办法规定，相关部门及其工作人员在预售资金监管工作中玩忽职守、滥用职权、徇私舞弊的，依法追究责任。
第五章 附则
第二十二条 本办法自2014年 1月1日起施行。
海南省住房和城乡建设厅 中国人民银行海口中心支行
中国银行业监督管理委员会海南监管局
2013年11月5日





乐东黎族自治县住房保障与房产管理局 
2022年9月26日",关于 乐东县 商品房 预售 资金 监管 银行 遴选 结果 公示 关于 乐东县 商品房 预售 资金 监管 银行 遴选 结果 公示 为了 做好 我县 商品房 预售 资金 监管 银行 遴选 工作 我局 乐东县 人民政府 发布 关于 遴选 我县 商品房 预售 资金 监管 银行 公告 截止 规定 报名 时间 收到 银行 报名 材料 我局 为了 做好 审查 评议 工作 上午 组织 召开 遴选 工作 专题会议 邀请 行政 审批 银监局 金融 中国人民银行 乐东 支行 部门 人员 参加 参会 人员 报名 材料 进行 综合 审查 评议 确定 商品房 预售 资金 监管 银行 中国农业银行 股份 有限公司 乐东县 支行 中国建设银行 股份 有限公司 乐东 支行 乐东黎族自治县 农村信用 合作 联社 中国银行 股份 有限公司 乐东 支行 中国 邮政储蓄 银行 股份 有限公司 乐东黎族自治县 支行 海南 银行 股份 有限公司 乐东 支行 中国工商银行 股份 有限公司 乐东 支行 中国 农业发展银行 乐东黎族自治县 支行 公示 期为 公示 期间 异议 采用 书面 电话 单位 反馈 监督 电话 主题 分类 发文 机关 成文 日期 海南省 商品房 预售 资金 监管 暂行办法 发布 日期 海南省 商品房 预售 资金 监管 暂行办法 第一章 第一条 规范 我省 商品房 预售 资金 以下 简称 预售 资金 监督管理 保障 当事人 合法权益 维护 房地产 市场秩序 根据 中华人民共和国 城市 房地产 管理法 城市 商品房 预售 管理 办法 有关 法律法规 国务院办公厅 关于 继续 做好 房地产 市场 调控 工作 通知 国办发 海南省 人民政府 办公厅 贯彻 国务院办公厅 关于 促进 房地产 市场 平稳 健康 发展 通知 实施 意见 琼府 规定 结合 本省 实际 制定 办法 第二条 本省 申请 商品房 预售 许可 项目 经济 适用 住房 限价 商品 住房 保障性 住房 预售 资金 收存 使用 监督管理 适用 办法 第三条 本省 预售 资金 监督管理 遵循 政府 指导 银行 监管 多方 监督 专款专用 原则 第四条 办法 预售 资金 预售 商品房 房地产 开发 企业 以下 简称 开发 企业 依法 开发 商品房 出售 购房人 按照 商品房 买卖合同 约定 支付 定金 预付款 房价 包括 首付款 分期付款 一次性 付款 银行 按揭 贷款 住房 公积金 贷款 保证金 各种 款项 第五条 预售 资金 监管 期限 项目 核发 商品房 预售 许可证 开始 项目 完成 初始 登记 达到 购房人 单方 办理 转移 登记 条件 中止 第六条 海南省 住房 城乡 建设厅 负责 指导 全省 预售 资金 收存 使用 房地产 行政 主管部门 以下 简称 房管 部门 负责 监督 行政 辖区 预售 资金 收存 使用 主要职责 办理 商品房 预售 资金 监管 协议 以下 简称 监管 协议 备案 工作 定期 巡查 预售 项目 开发 企业 管理 使用 预售 资金 行为 进行 监督 检查 受理 预售 资金 收存 使用 违法 违规行为 投诉 办法 规定 其他 有关 工作 中国人民银行 海口 中心 支行 以下 简称 人行 海口 中心 支行 中国 银行业 监督管理 委员会 海南 监管局 以下 简称 海南 银监局 负责 办理 监管 协议 备案 工作 商业银行 预售 资金 监管 行为 进行 监督 检查 商业银行 具体实施 预售 资金 监管 工作 主要 履行 以下 工作 职责 按照 监管 协议 约定 预售 资金 收存 使用 进行 监管 及时 监管 协议 报送 人行 海口 中心 支行 海南 银监局 备案 受理 开发 企业 使用 预售 资金 申请 负责 预售 资金 专用 账户 以下 简称 监管 账户 资金 出账 审核 实地 核查 工程 形象 进度 做好 预售 资金 收存 使用 情况 工作 办法 规定 其他 有关 工作 第二章 一般 规定 第七条 开发 企业 申请 商品房 预售 许可证 选择 商业银行 作为 监管 账户 开户银行 以下 简称 监管 银行 一个 项目 开设 一个 监管 账户 原则 监管 银行 签订 监管 协议 明确 双方 权利 义务 责任 监管 银行 如给 开发 企业 开通 网上银行 双方 必须 监管 协议 明确 约定 限制 账户 资金 转出 使用 开发 企业 应当 监管 协议 签订 工作日内 监管 协议 监管 账户 以及 其他 银行 开户 情况 一同 房管 部门 备案 开发 企业 开发 贷款 选择 开发 贷款 以外 商业银行 作为 监管 银行 应当 征得 项目 开发 贷款 银行 书面 意见 开发 企业 需要 变更 监管 银行 应先 征得 监管 银行 书面 意见 方可 监管 银行 签订 监管 协议 工作日内 变更 情况 房管 部门 备案 监管 银行 应当 监管 协议 签订 工作日内 监管 协议 报送 人行 海口 中心 支行 海南 银监局 备案 第八条 预售 资金 全部 存入 监管 账户 监管 银行 项目 重点 监管 资金 实行 全程 监管 用于 购买 项目 建设 必需 建筑材料 设备 支付 项目 建设 施工进度 法定 税费 以及 归还 项目 开发 贷款 保证 整个 项目 交付使用 资金 条件 监管 银行 允许 开发 企业 调用 超出 项目 重点 监管 资金 部分 项目 重点 监管 资金 主要 项目 建筑安装 区内 配套 建设 费用 含税 以及 不可 预见 费用 构成 第九条 开发 企业 应当 根据 项目 建设 方案 施工进度 编制 预售 项目 用款 计划 用款 计划 按照 质量 竣工 验收 竣工 验收 备案 完成 初始 登记 三个 环节 设置 预售 资金 使用 节点 合理 确定 每个 节点 用款 额度 开发 企业 可以 预售 资金 使用 节点 申请 使用 预售 资金 不能 超过 相应 节点 用款 额度 完成 初始 登记 达到 购房人 单方 办理 转移 登记 条件 监管 账户 资金 不得 低于 项目 建设 费用 含税 第三章 预售 资金 收存 使用 管理 第十条 预售 资金 存入 相应 监管 账户 开发 企业 相应 监管 账户 缴款 回单 购房人 开具 售房 发票 购房人 按揭 贷款 购买 商品房 按揭 贷款 贷款 银行 开发 企业 提供 监管 账户 直接 划入 开发 企业 收取 现金 省份 收取 预售 资金 必须 工作日内 收取 现金 预售 资金 转回 监管 账户 监管 协议 明确 约定 开发 企业 不得 购房人 集资 借款 会员费 形式 变相 预售 商品房 逃避 资金 监管 第十一条 开发 企业 监管 银行 申请 使用 预售 资金 提出 书面 申请 提交 相应 材料 质量 竣工 验收 节点 提供 工程质量 竣工 验收 记录表 竣工 验收 备案 节点 提供 工程 竣工 验收 备案 证明 申请 偿还 项目 开发 贷款 提供 有关 贷款 材料 首次 付款 每次 申请 拨款 应当 提交 一次 申请 用款 事项 转款 回单 监理 单位 上次 拨款 使用 情况 证明 材料 第十二条 监管 银行 履行 监管 账户 资金 出账 审核 责任 收到 开发 企业 用款 申请 申请材料 进行 审核 工程 形象 进度 进行 实地 核查 符合 资金 使用 条件 工作日内 拨付 资金 第十三条 销售 中若 发生 退款 开发 企业 可以 房管 部门 申请 解除 退款 部分 监管 房管 部门 工作日内 核实 通知 监管 银行 解除 部分 房款 监管 第十四条 监管 银行 应当 建立 预售 资金 监管 考核 标准 便捷 服务程序 经营 状况 预售 资金 收支 管理 规范 不良行为 记录 企业 诚信度 达到 本行业 省级 良好 等级 开发 企业 提供 便捷 服务 开发 企业 违反规定 或者 复核 达到 要求 取消 便捷 服务 资格 监管 银行 设定 便捷 服务程序 不得 办法 规定 主要 监管 程序 相冲突 第十五条 开发 企业 完成 办理 房屋产权 初始 登记 可以 房屋 所有权 初始 登记 证明文件 房管 部门 申请 监管 账户 注销 房管 部门 工作日内 核实 确认 购房人 单方 办理 转移 登记 出具 监管 账户 注销 证明 书面通知 开发 企业 监管 银行 开发 企业 监管 银行 接到 通知 按规定 办理 监管 账户 注销 手续 第十六条 下列 情形 之一 房管 部门 书面通知 监管 银行 暂停 拨付 监管 账户 全部 预售 资金 启动 应急 措施 协调 相关 部门 监督 监管 账户 资金 使用 开发 企业 存在 违法 违规行为 导致 工程 停工 预售 项目 发生 质量事故 存在 严重 质量 问题 预售 项目 按期 交付使用 存在 不能 按时 交付 风险 项目 存在 违法 违规 建设 销售 项目 存在 严重 债务 劳务 纠纷 房管 部门 认定 应当 暂停 拨付 其他 情形 开发 企业 侵害 购房人 权益 依法 给予 赔偿 以及 拖欠 农民工 工资 优先 超出 项目 重点 监管 资金 以外 预售 资金 支付 第四章 监督管理 第十七条 监管 银行 预售 资金 收支 工程 形象 进度 情况 报送 人行 海口 中心 支行 海南 银监局 房管 部门 房管 部门 部门 网站 公示 监管 协议 工程 形象 进度 预售 资金 收支 情况 相关 信息 方便 购房人 查询 第十八条 人行 海口 中心 支行 海南 银监局 房管 部门 做好 日常 指导 监督 检查 工作 房管 部门 定期 巡查 预售 项目 发现 项目 收支 存在 异常情况 责令 开发 企业 限期 改正 按期 改正 暂停 网上 签约 人行 海口 中心 支行 海南 银监局 发现 监管 银行 违规 应当 依法 严肃处理 监管 银行 违规行为 三年 不得 监管 预售 项目 第十九条 开发 企业 下列 行为 之一 房管 部门 责令 限期 改正 整改 期间 开发 企业 不得 申请 拨付 预售 资金 按本 办法 规定 收存 使用 预售 资金 提供 虚假 证明 材料 申请 使用 预售 资金 收取 其他 款项 为名 变相 逃避 监管 其他 违反 预售 资金 监管 规定 情节严重 改正 房管 部门 暂停 开发 企业 当地 所有 开发 项目 商品房 预售 记录 企业 不良行为 社会 公示 企业 不良行为 信息 纳入 企业 征信 系统 违反 相关 法律 法规 规章 规定 依照 有关 规定 处罚 第二十条 施工单位 监理 单位 提供 虚假 证明 采取 其他 方式 协助 开发 企业 违规 支取 预售 资金 市县 住房 城乡建设 主管部门 依法 相关 责任 单位 责任人 予以 处理 记录 企业 个人 不良行为 社会 公示 第二十一条 违反 办法 规定 相关 部门 及其 工作人员 预售 资金 监管 工作 玩忽职守 滥用职权 徇私舞弊 依法追究 责任 第五章 附则 第二十二条 办法 日起 施行 海南省 住房 城乡 建设厅 中国人民银行 海口 中心 支行 中国 银行业 监督管理 委员会 海南 监管局 乐东黎族自治县 住房 保障 房产 管理局,1.30735432004383,7.713603783701799,2.216666666666667,2.216666666666667,11934,126.4,27.14166666666667,604.253164556962,51.57938057753164,26.9541758306962,604.253164556962,4.560223101265822,4,3,0.008625,1.0,主体,19.0,19.0,1.398604138647152,4.737987012987015,1.0,装修,19.0,25.0,14.92047995945411,5.088636363636366,1.0,竣备,19.0,26.0,18.02916776107595,5.19253246753247,1.0,确权,19.0,34.0,17.23112871835443,6.491233766233768,,,,,,,3,4,26.9541758306962
乐山,乐山,Leshan-3,approved construction cost,,successive inspection stages,retained balance,specified,other / unclear,False,False,3.0,0.9,,numbered clauses in evidence excerpt,explicit percentage near 封顶; midpoint used for a stated range,not explicitly parseable from retained excerpt,监管额度 | 监管账户内的资金始终未达到监管总额，且形象进度及监管账户余额不满足规定要求，但急需资金用于工程建设的，或者出现重大经营性风险、可能引发重大矛盾纠纷的，经监管部门核实并集体研究同意后，将该项目纳入重点监管，并根据实际情况调整监管比例、支取比例 | 完成内外墙抹灰、完成消防及电梯安装、完成室外绿化及配套工程、取得竣工验收备案书,True,policy_identification_filled.xlsx,City_audit,5stage_Pcost,5,1,stage_1|stage_2|stage_3|stage_4|stage_5,阶段1|阶段2|竣备|确权|阶段5,阶段1,partial_named_milestones,,,1,,,not_estimable:topout_stage_name_unmapped,not_estimable:registration_stage_name_unmapped,expert_calibrated_operational_proxy_pending_source_mapping,monthly-revenue stage ratio or within-cohort amount share; not automatically a policy percentage,external/Modelling Dep/41_Cities_Dep/city_catalog.json,data/pmc_data.xlsx,dep-operational-h1-v1,Leshan-3,2022,三线,乐山,Sichuan,"乐山市住房和城乡建设局 中国人民银行乐山市中心支行 中国银保监会乐山监管分局 关于印发《乐山市中心城区商品房预售资金监督管理实施细则》的通知 
发布时间： 2022-09-09 14:58      来源： 市住房城乡建设局 
各区、市、县、自治县人民政府，中国人民银行各市、县、自治县支行，市级有关部门，各房地产开发企业、各商业银行：
为贯彻落实《住房和城乡建设部人民银行银保监会关于规范商品房预售资金监管的意见》（建房〔2022〕16号）、《关于进一步加强房地产市场监管完善商品住房预售制度有关问题的通知》（建房〔2010〕53号）等商品房预售资金监管相关规定，结合实际，制定《乐山市中心城区商品房预售资金监督管理实施细则》，请严格遵照执行。
附件：l山市中心城区商品房预售资金监督管理实施细则.docx
乐山市住房和城乡建设局    人民银行乐山市中心支行
中国银保监会乐山监管分局
2022年9月7


====================

附件

乐山市中心城区商品房预售资金监督管理实施细则（征求意见稿）

第一章 总则

第一条 为进一步加强商品房预售管理，强化商品房预售资金监督管理，规范商品房预售资金使用，维护商品房买受人合法权益，促进房地产市场良性循环发展，根据《中华人民共和国城市房地产管理法》、《中华人民共和国反洗钱法》、《城市房地产开发经营管理条例》、《城市商品房预售管理办法》、《关于进一步加强房地产市场监管完善商品住房预售制度有关问题的通知》（建房〔2010〕53号）、《关于规范商品房预售资金监管的意见》（建房〔2022〕16号）等有关规定，结合实际，制定本实施细则。
第二条 本实施细则遵循“政府主导、全程监管、多方监督、节点控制、专款专用、严管厚爱”的原则。
第三条 本实施细则适用于乐山市中心城区范围内，且由乐山市住房和城乡建设局核发预售许可的商品房开发项目预售资金收存、支取、使用及监督管理。
第四条 本实施细则所称商品房预售资金，是指具备房地产开发资质的企业（以下统称，开发企业），将其开发建设的商品房项目（以下统称，开发项目）自取得预售许可起，在完成不动产总证登记前将商品房预售给买受人，由买受人按商品房买卖合同（预售）约定支付的购房款（包括首付款、分期付款、一次性付款、按揭贷款和其他形式的购房款）。其中，商品房买卖合同中的首付款比例应与相关金融政策同步。
第五条 本实施细则所称的监管银行是指综合银行资信状况、监管能力、服务水平等因素，确定能够承接商品房预售资金监管业务的商业银行。
第六条 本实施细则所称的贷款银行是指综合银行资信状况、服务水平等因素，确定能够为商品房买受人提供贷款的商业银行。
第七条 乐山市住房和城乡建设局是商品房预售资金监管部门（以下统称，监管部门），负责本实施细则的组织实施并具体负责商品房预售资金监管工作。主要有：
（一）建立、完善商品房预售资金监管专用账户信息系统；
（二）核定商品房预售资金的监管金额；
（三）审核商品房预售资金的支取使用条件，在监管银行配合下监管预售资金的缴存和支取；
（四）商品房预售资金支取使用的检查督导工作；
（五）与商品房预售资金监管有关的其它工作。
第八条 人民银行乐山市中心支行、乐山银保监分局负责指导、督促监管银行执行商品房预售资金监管规定。其中，人民银行乐山市中心支行及其分支机构负责指导监管银行做好监管账户监管工作，对承接商品房预售资金监管业务的商业银行账户管理进行监督检查；乐山银保监分局负责对监管银行商品房预售资金监管的操作风险和合规性开展监督检查。
第九条 开发企业应根据自身实际选择适合的商品房预售资金监管银行，负责指导买受人将购房款全部存入至监管部门、开发企业、监管银行三方监管协议确定的预售资金监管账户(以下统称：监管账户)中，并同步开展办理《商品房买卖合同》网签备案，配合办理预告（抵）登记。
第十条 监管银行应具备资金监管安全规范运行所需的金融管理业务能力及网络技术条件，且在乐山市中心城区范围内设有营业网点或分支机构，并严格执行商品房预售资金监管相关规定，开展商品房预售资金监管业务，提供商品房预售资金监管金融服务。主要有：
（一）指定专人负责监管账户信息系统管理，确保监管账户流水信息共享；
（二）监管银行应建立商品房预售资金收入和支出台账；
（三）按本实施细则规定配合开展预售资金监管工作。
第十一条 贷款银行应具备相应的金融管理业务能力，且在乐山市中心城区范围内设有营业网点，并严格执行商品房预售资金监管相关规定。贷款银行在支付按揭贷款时，须发放监管账户中，不得将按揭贷款转入除监管账户以外的其它任何账户。

第二章 一般规定

第十二条 预售资金监管款项用于完成预售许可的商品房开发项目所涉及的税费及土地成本、土建、安装、装修、园林绿化、基础设施和公共配套设施以及用于项目建设的其它相关费用，应优先保障商品房开发项目的工程建设、商品房交付以及办理不动产权证书等所需费用。
第十三条 开发企业申请预售许可前，应确认监管银行并设立监管账户，原则上一次预售许可对应1个监管账户，1个开发项目不超过3个监管账户。监管账户应当在《商品房预售许可证》、《商品房买卖合同》醒目位置载明“预售资金监管专用账户”。
第十四条 开发企业申请办理预售许可时，应提交由监管部门、监管银行和开发企业签订的三方监管协议，监管协议应包括以下内容：
（一）监管单位、开发项目名称、地址；
（二）开发项目工程建设费用及监管额度；
（三）开发项目预售资金使用计划；
（四）监管账户名称、账号；
（五）其他需要说明的情况。
第十五条 开发企业应当建立商品房预售资金缴存、支取使用和管理制度，并将预售资金的收取细则、监管账户在取得预售许可后在商品房销售现场显著位置予以公示。
第十六条 已办理预售许可的开发项目需变更、增加监管银行的，应由开发企业向监管部门申请，重新签订三方监管协议。在开展上述变更业务时，应将原监管账户中的预售资金全部转入变更后的监管账户，并报监管部门备案。

第三章 预售资金的缴存、支取、冲正

商品房预售资金应全额直接存入监管账户。开发企业在收取购房款时，负责指导、配合商品房买受人仔细核对《商品房买卖合同》中的监管账户，指导商品房买受人将购房款存入开发项目的监管账户。商品房买受人以按揭贷款方式购房的，贷款银行应及时将贷款全额、直接划转至监管银行的监管账户。严禁开发企业或委托的第三方机构将预售资金存入除监管账户以外的其它任何账户。
商品房预售资金监管采取“留存建设资金”方式，建设资金指开发企业保障开发项目建设并达到商品房买卖合同约定交付条件所需的资金。
建设资金计算公式为：建设资金=预售许可证载建筑面积×综合单价（包括但不限于项目前期工作、绿化、室外附属、附表工程等达到交付条件相关工程费用），综合单价按3600元/平方米造价系数计算。
监管部门可根据市场变化适时调整并公布综合单价。
第十九条 预售资金支取应总量控制、分期审核拨付。
(一)主体封顶前设置5个支取节点，原则上每次节点应为预售许可项目工程形象进度的五分之一。
当预售资金入账金额未达到建设资金总额时，支取方式为：首次支取时，监管账户留存金额不少于建设资金总额的10%，且支取金额不超过建设资金总额的25%；第二次支取时，监管账户留存金额不少于建设资金总额的15%，且支取金额不超过建设资金总额的35%；第三次支取时，监管账户留存金额不少于建设资金总额的20%，且支取金额不超过建设资金总额的45%；第四次支取时，监管账户留存金额不少于建设资金总额的25%，且支取金额不超过建设资金总额的55%；第五次支取时，监管账户留存金额不少于建设资金总额的30%；
当预售资金入账金额达到建设资金监管总额后，支取方式转换为：首次支取时，监管账户留存金额不少于建设资金总额的70%；第二次支取时，监管账户留存金额不少于建设资金总额的60%；第三次支取时，监管账户留存金额不少于建设资金总额的50%；第四次支取时，监管账户留存金额不少于建设资金总额的40%；第五次支取时，监管账户留存金额不少于建设资金总额的30%。
封顶后至竣工验收备案设置4个支取节点，支取节点分别为：完成内外墙抹灰、完成消防及电梯安装、完成室外绿化及配套工程、取得竣工验收备案书。首次支取时，监管账户留存金额不少于建设资金总额的25%；第二次支取时，监管账户留存金额不少于建设资金总额的5%；第三次支取时，监管账户留存金额不少于建设资金总额的2%，第四次支取时，监管账户留存金额不少于建设资金总额的1%
第二十条 结合企业信用等级，实行奖优惩劣动态监管，对信用等级为A级的开发企业，按预售资金支取总额上调5%—10%实行监管；对信用等级为D级的开发企业，按预售资金支取总额下调5%—10%实行监管。
第二十一条 申请支取的预售资金还应包含开发项目施工分包单位所需支付的费用、农民工工资应按照相关文件，每次支取预售资金时，申请分离农民工工资，用于及时支付农民工工资款项。
第二十二条 开发企业向监管部门申请支取预售资金的，应分支取节点提交以下材料：
（一）工程建设达到从申报使用预售资金节点起到不动产首次登记完成阶段，须提供相关影像资料及施工单位、监理单位共同出具的已经支付节点工程款（含分项工程）和大宗设备材料款的凭证（第一次使用申报使用预售资金的除外），凭证内容应包括农民工工资和材料费支付情况；
（二）工程竣工验收备案节点，须提交竣工验收备案书；
（三）完成不动产首次登记节点时，须提交不动产首次登记证书(或其他证明材料)。
第二十三条 监管部门依据申请核定各节点支取额度。符合使用条件的，出具《商品房预售资金拨付通知书》。监管银行凭《商品房预售资金拨付通知书》，为开发企业办理资金拨付手续。
第二十四条 开发企业与买受人解除购房合同的，开发企业可持监管部门出具的证明，向监管银行申请退回已入账相应购房款，监管银行应在2个工作日内拨付。
第二十五条 因开发企业、监管银行或买受人将预售资金错误存（划）入监管账户等，造成应纳入监管的预售资金与实际资金不符的，或者买受人的购房款已存（划）入监管账户但因其它原因开发企业未进行网签备案，并符合退房条件需退回购房的，开发企业、买受人应提交预售资金错误划入监管账户证明或双方退房证明，由监管部门、监管银行办理冲正或退款手续。
第二十六条 预售商品房项目因销售不佳等原因监管账户内的资金始终未达到监管总额，且形象进度及监管账户余额不满足规定要求，但急需资金用于工程建设的，或者出现重大经营性风险、可能引发重大矛盾纠纷的，经监管部门核实并集体研究同意后，将该项目纳入重点监管，并根据实际情况调整监管比例、支取比例。
第二十七条 预售的开发项目完成不动产首次登记后止，开发企业可持不动产登记部门出具的首次登记证向监管部门申请解除资金监管并撤销监管账户。

第四章 监督管理
    
第二十八条 开发企业有下列情形之一的，由监管部门责令限期整改，责令限期整改期间，暂停开发企业办理违规开发项目的预售业务，暂停办理违规开发项目预售资金的支取申请，并记录企业行为信息；情节严重的，暂停开发企业在本市范围内全部开发项目预售业务，暂停办理开发企业在本市范围内全部开发项目预售资金的支取申请，按相关规定降低或者注销其房地产开发资质，并记录企业行为信息。
（一）违反《关于进一步加强房地产市场监管完善商品住房预售制度有关问题的通知》（建房〔2010〕53号）、《关于规范商品房预售资金监管的意见》（建房〔2022〕16号）要求的；
（二）在商品房预售资金缴存、支取使用过程中提供虚假资料的，未按规定缴存、支取使用商品房预售资金的，以收取其他款项为名变相逃避资金监管的；
（三）开发项目存在严重质量安全问题的；
（四）纳入行政机关“黑名单”的；
（五）引发集中信访或重大社会群体性事件，造成不良影响的；
（六）经监管部门认定为其他违法违规情形。
第二十九条 施工单位、监理单位提供虚假证明或采取其他方式协助开发企业违规使用商品房预售资金的，由监管部门将其违规行为记入企业行为记录，并依法对相关责任单位和责任人予以查处。其他单位违反上述规定的，移交相关部门依法予以查处。
第三十条 监管银行违反本实施细则或未按商品房预售资金监管协议约定，擅自拨付商品房预售资金、不按要求拨付或存在其它违规行为，依法承担相应法律法规责任；监管部门可按照三方监管协议暂停其监管业务，涉事监管银行1年内不得在市中心城区范围内开展商品房预售资金监管业务，并移交金融部门依法查处。
第三十一条  贷款银行违反本实施细则未将按揭贷款全额存入监管帐户的违规行为，依法承担相应法律法规责任；由监管部门将涉事贷款银行违规行为移交金融部门依法查处，涉事贷款银行1年内不得在市中心城区范围内开展贷款业务。
第三十二条  人民法院保全、执行商品房预售资金的，按照《最高人民法院住房和城乡建设部中国人民银行关于规范人民法院保全执行措施确保商品房预售资金用于项目建设的通知》（法〔2022〕12号）执行。
第三十三条 监管部门工作人员违反本实施细则规定，在预售资金监管工作中存在玩忽职守、滥用职权、徇私舞弊等行为的，依法给予处分；构成犯罪的，依法追究刑事责任。

第五章 附则

第三十四条 本实施细则执行期间，如遇国家、省出台新的法律法规、政策以及房地产市场形势、金融政策发生变化，乐山市住房和城乡建设局可适时实行动态调整并公布。
第三十五条 各县（市、区）可参照本实施细则执行。 
第三十六条 本实施细则有效期为5年，本细则正式实施之日起《乐山市住房和城乡建设局关于开展房地产市场秩序清理整治的通知》(乐住建发〔2019〕107号)中的附件2《乐山市中心城区商品房预售资金监管细则》同时废止。
第三十七条 本实施细则由乐山市住房和城乡建设局、人民银行乐山市中心支行、乐山银保监分局按职能职责负责解释。

==============

《关于商品房预售监管资金使用时分离拨付农民工工资至银行专用账户的通知》政策解读
发布时间: 2021-03-26 18:10    来源： 市住房城乡建设局 
一、制定依据
《保障农民工工资支付条例》《国务院办公厅关于全面治理拖欠农民工工资问题的意见》（国办发〔2016〕1号）《四川省人民政府办公厅关于全面治理拖欠农民工工资问题的实施意见》（川办发〔2016〕63号）《四川省住房和城乡建设厅关于推行建筑工人实名制管理工作的通知》（川建建发〔2018〕613号）等有关文件。
二、制定过程
结合乐山市实际情况，根据国务院、省政府、省住建厅等相关文件精神，参考南充等地经验和做法，形成征求意见稿，并征求区县住建局、房地产企业、建筑企业、监理企业及行业协会的意见建议，并进行修改完善，最终形成《关于商品房预售监管资金使用时分离拨付农民工工资至银行专用账户的通知》。
三、时间和适用范围
时间：从文件印发之日起执行；
范围：在乐山市从事房地产开发项目中申请适用商品房预售资金的。
四、主要内容
（一）开户及管理：施工总承包单位应当按照有关规定开设农民工工资银行专用账户（一个建设项目对应一个施工许可证、一个农民工工资专户，以下简称银行专用账户），专项用于支付工程建设项目农民工工资；将银行专用账户支付信息上传至实名制管理信息平台。
（二）分离拨付：取得《商品房预售许可证》前，开发企业按照合同约定，于每月10日前将上月核定农民工工资拨付至专用账户；取得《商品房预售许可证》后，开发企业书面向住房城乡建设行政主管部门提出申请，主管部门在《商品房预售监管资金分离拨付农民工工资金额核定表》对项目分离拨付农民工工资提出书面审核意见。
（三）落实专用账户制度：一是项目各方主体要按照实名制管理和银行专用账户代发农民工工资的要求按月编报农民工工资表，经各方签字确认公示无误后通过专用账户直接代发；二是缺额部分从开发企业预售监管资金中分离拨款和补足，专用账户资金发放额度以实名制管理信息平台数据作为分离拨付农民工工资审核依据。
（四）明确了房地产开发企业、施工总承包企业、工程监理企业等工程项目责任主体充分履行保障农民工工资的工作职责。
===================

乐山市住房和城乡建设局 关于商品房预售监管资金使用时分离拨付农民工工资至银行专用账户的通知
发布时间: 2021-03-26 18:05     来源： 市住房城乡建设局 
各县、市、区、自治县住房城乡建设行政主管部门，高新区新城建设局，局机关相关科室、局属相关单位，各相关企业：
为进一步完善农民工工资银行专用账户管理，切实加强房地产开发项目农民工工资日常监管，构建和谐劳动关系，妥善解决因源头欠薪导致拖欠农民工工资问题，根据《保障农民工工资支付条例》《国务院办公厅关于全面治理拖欠农民工工资问题的意见》（国办发〔2016〕1号）、《四川省人民政府办公厅关于全面治理拖欠农民工工资问题的实施意见》（川办发〔2016〕63号）、《四川省住房和城乡建设厅关于推行建筑工人实名制管理工作的通知》（川建建发〔2018〕613号）等有关文件要求，结合我市工作实际，决定在我市实行商品房预售监管资金使用时分离拨付农民工工资至银行专用账户。现将有关事宜通知如下：
一、时间和范围
从即日起，凡在全市房地产开发项目中申请使用商品房预售监管资金的，应同步分离拨付农民工工资至银行专用账户，确保实现农民工工资银行代发。
二、工作内容
（一）农民工工资银行专用账户开户及管理
施工总承包单位应当按照有关规定开设农民工工资银行专用账户（一个建设项目对应一个施工许可证、一个农民工工资专户，以下简称银行专用账户），专项用于支付工程建设项目农民工工资。开设、使用银行专用账户有关资料（开户证明、三方协议、转账凭证和农民工工资银行发放流水等）由施工总承包单位妥善保存备查。
施工总承包单位或分包单位应当依法与所招用的农民工订立《劳动用工合同》并进行实名登记，根据合同约定、考勤信息按月足额计发农民工工资，并将银行专用账户支付信息上传至实名制管理信息平台。
工程建设项目竣工备案且未拖欠农民工工资的，可以申请注销银行专用账户，账户内余额归施工总承包单位所有。
（二）分离拨付农民工工资至银行专用账户
1．在房地产开发项目取得《商品房预售许可证》前，由开发企业或施工总包企业按照合同约定的付款方式，于每月10日前将上月核定的农民工工资拨付至施工总包企业开设的农民工工资银行专用账户。
2．分离拨付的程序原则上按照以下方式确定：（1）以项目《施工许可证》为单位，分时段专项申请。（2）书面向住房城乡建设行政主管部门提出申请，其中：首次申请材料包括：经三方（房地产开发企业、施工总承包企业、工程监理企业）签字和盖章确认的《阶段项目产值确认表》（详见附件1）、施工总承包合同、项目《施工许可证》、拨付至银行专用账户的银行转账单和农民工工资发放流水单；后续申请材料包括：经三方（房地产开发企业、施工总承包企业、工程监理企业）签字和盖章确认的《阶段项目产值确认表》、后续阶段拨付至银行专用账户的银行转账单和农民工工资发放流水单。（3）出具《商品房预售监管资金分离拨付农民工工资金额核定表》（详见附件2），住房城乡建设行政主管部门对项目分离拨付农民工工资提出书面审核意见，并严格执行。
（三）落实银行专用账户代发农民工工资制度
1．施工总承包企业和分包企业（包括直接承包建设单位发包工程的专业承包企业、劳务企业和相关项目材料供应商企业，下同）要按照实名制管理和银行专用账户代发农民工工资的要求，按月编报农民工工资支付表，经施工总承包企业、分包企业、劳务单位和农民工本人签字（盖印）进行公示，公示无误后，再由施工总包企业通过银行专用账户直接代发农民工工资。
2．银行专用账户资金发放额度少于上阶段应付农民工工资总额时，缺额部分从开发企业预售监管资金中分离拨款和补足；银行专用账户资金发放余额，施工总承包企业不得以任何形式挪作他用；专用账户资金发放额度以实名制管理信息平台数据为准，作为分离拨付农民工工资审核依据。
三、相关职责及检查监督
（一）施工总承包企业应严格落实实名制管理，结合工程建设实际，每月按期计算、上报、核定工程产值和提出农民工工资申请，每月按期收集、审核、申请、公示、发放农民工工资和向实名制管理信息平台上传发放信息，及时打印银行代发农民工工资的相关凭证，形成台账资料备查。按合同约定比例支付后，农民工工资仍有缺额的，施工总承包企业负责筹集补足和发放。
（二）工程监理企业应审查施工总承包企业所承接项目的农民工实名制实施方案、每月工程建筑产值和人工费，并对工程项目的实名制管理及银行代发等工作实施情况进行监督检查。
（三）房地产开发企业应按期申请预售监管资金，每月按期收集、审核和拨付农民工工资至银行专用账户，督促施工总承包企业按月足额将农民工工资支付到位。在工程完工一个月内且在竣工验收前，房地产开发企业将所有农民工工资拨付完毕，并监督施工总承包企业将农民工工资全部发放到位。
（四）房地产开发企业和施工总承包企业签订工程施工合同时，应明确农民工工资在该工程中的占比、支付方式、时限和比例，每月农民工工资支付比例原则上不低于当月工程产值的25％；对近三年均在本市行政区域内实施项目并未发生拖欠农民工工资的房地产开发企业和施工总承包企业，每月农民工工资支付比例原则上不低于当月工程产值的20％。
（五）工程项目各责任主体要充分履行保障农民工工资的支付职责，每季度第一个月初，开发企业要组织项目施工总承包企业、分包企业、监理单位、农民工工资专户开设银行等相关人员对上一季度银行专用账户代发农民工工资、实名制管理等情况进行检查，及时整改存在的问题。住房城乡建设行政主管部门加强农民工工资的支付监管，定期检查对农民工工资银行代发落实情况，并通过实名制信息管理系统进行动态监管，对发现存在农民工工资未足额发放、支付不及时、挪用专户资金等问题的，及时督促施工总承包企业限期整改，限期整改不到位依法依规进行严肃处理。
四、工作要求
（一）项目开发、施工、监理等单位要充分认识保障农民工工资支付和实名制管理工作的重要性，严格落实银行专用账户代发工资制度和总承包企业代发制度，保证《阶段项目产值确认表》和农民工实名制信息数据的真实性和准确性；要制定实名制管理、总包直发和银行代发的内部管理制度，配备专职劳务管理或实名制专员，建立农民工实名制管理档案，严格落实实名制信息采集、工资核算、数据上传和信息综合使用。
（二）各地住房城乡建设行政主管部门要认真履职尽责，加大对房地产开发项目银行专用账户代发农民工工资情况、实名制管理工作落实不到位、不实行银行代发农民工工资、编制虚假工资支付表、擅自挪用银行专用账户资金的施工总承包企业，要限期整改、依法处理；对拒不整改或情节严重的，移交执法部门处罚。
（三）对实名制管理和银行专用账户代发农民工工资落实到位，成效突出的施工总承包企业、房地产开发企业，参照有关文件规定，给予通报表扬、信用加分。
特此通知
附件：1．阶段项目产值确认表
2．商品房预售监管资金分离拨付农民工工资金额核定表
乐山市住房和城乡建设局
2021年3月24日
=====================

1、《中华人民共和国城市房地产管理法》（2007.8） 第四十五条：“商品房预售，应当符合下列条件：（1）已交付全部土地使用权出让金，取得土地使用权证书；（2）持有建设工程规划许可证；（3）按提供预售的商品房计算，投入开发建设的资金达到工程建设总投资的百分之二十五以上，并已经确定施工进度和竣工交付日期；（4）向县级以上人民政府房产管理部门办理预售登记，取得商品房预售许可证明。商品房预售人应当按照国家有关规定将预售合同报县级以上人民政府房产管理部门和土地管理部门登记备案…。”
2、规章《城市商品房预售管理办法》（建设部令第131号） 第六条：“商品房预售实行许可制度。开发企业进行商品房预售，应当向房地产管理部门申请预售许可，取得《商品房预售许可证》。未取得《商品房预售许可证》的，不得进行商品房预售。”",乐山市 住房 城乡 建设局 中国人民银行 乐山市 中心 支行 中国 保监会 乐山 监管 分局 关于 印发 乐山市 中心 城区 商品房 预售 资金 监督管理 实施细则 通知 发布 时间 来源 住房 城乡 建设局 各区 自治县 人民政府 中国人民银行 各市 自治县 支行 市级 有关 部门 房地产 开发 企业 商业银行 贯彻落实 住房 城乡 建设部 人民银行 保监会 关于 规范 商品房 预售 资金 监管 意见 建房 关于 进一步 加强 房地产 市场监管 完善 商品 住房 预售 制度 有关 问题 通知 建房 商品房 预售 资金 监管 相关 规定 结合实际 制定 乐山市 中心 城区 商品房 预售 资金 监督管理 实施细则 严格 遵照执行 附件 市中心 城区 商品房 预售 资金 监督管理 实施细则 乐山市 住房 城乡 建设局 人民银行 乐山市 中心 支行 中国 保监会 乐山 监管 分局 附件 乐山市 中心 城区 商品房 预售 资金 监督管理 实施细则 征求意见 第一章 总则 第一条 进一步 加强 商品房 预售 管理 强化 商品房 预售 资金 监督管理 规范 商品房 预售 资金 使用 维护 商品房 买受人 合法权益 促进 房地产 市场 良性循环 发展 根据 中华人民共和国 城市 房地产 管理法 中华人民共和国 反洗钱法 城市 房地产 开发 经营 管理条例 城市 商品房 预售 管理 办法 关于 进一步 加强 房地产 市场监管 完善 商品 住房 预售 制度 有关 问题 通知 建房 关于 规范 商品房 预售 资金 监管 意见 建房 有关 规定 结合实际 制定 实施细则 第二条 实施细则 遵循 政府 主导 全程 监管 多方 监督 节点 控制 专款专用 严管 厚爱 原则 第三条 实施细则 适用 乐山市 中心 城区 范围 乐山市 住房 城乡 建设局 核发 预售 许可 商品房 开发 项目 预售 资金 收存 支取 使用 监督管理 第四条 实施细则 商品房 预售 资金 具备 房地产 开发 资质 企业 以下 统称 开发 企业 开发 建设 商品房 项目 以下 统称 开发 项目 取得 预售 许可 完成 不动产 总证 登记 商品房 预售 买受人 买受人 商品房 买卖合同 预售 约定 支付 购房款 包括 首付款 分期付款 一次性 付款 按揭 贷款 其他 形式 购房款 其中 商品房 买卖合同 首付款 比例 相关 金融 政策 同步 第五条 实施细则 所称 监管 银行 综合 银行 资信 状况 监管 能力 服务水平 因素 确定 能够 承接 商品房 预售 资金 监管 业务 商业银行 第六条 实施细则 所称 贷款 银行 综合 银行 资信 状况 服务水平 因素 确定 能够 商品房 买受人 提供 贷款 商业银行 第七条 乐山市 住房 城乡 建设局 商品房 预售 资金 监管部门 以下 统称 监管部门 负责 实施细则 组织 实施 具体 负责 商品房 预售 资金 监管 工作 主要 建立 完善 商品房 预售 资金 监管 专用 账户 信息系统 核定 商品房 预售 资金 监管 金额 审核 商品房 预售 资金 支取 使用 条件 监管 银行 配合 监管 预售 资金 缴存 支取 商品房 预售 资金 支取 使用 检查 督导 工作 商品房 预售 资金 监管 有关 其它 工作 第八条 人民银行 乐山市 中心 支行 乐山 银保监 分局 负责 指导 督促 监管 银行 执行 商品房 预售 资金 监管 规定 其中 人民银行 乐山市 中心 支行 及其 分支机构 负责 指导 监管 银行 做好 监管 账户 监管 工作 承接 商品房 预售 资金 监管 业务 商业银行 账户 管理 进行 监督 检查 乐山 银保监 分局 负责 监管 银行 商品房 预售 资金 监管 操作 风险 合规性 开展 监督 检查 第九条 开发 企业 根据 自身 实际 选择 适合 商品房 预售 资金 监管 银行 负责 指导 买受人 购房款 全部 存入 监管部门 开发 企业 监管 银行 三方 监管 协议 确定 预售 资金 监管 账户 以下 统称 监管 账户 同步 开展 办理 商品房 买卖合同 网签 备案 配合 办理 预告 登记 第十条 监管 银行 具备 资金 监管 安全 规范 运行 金融管理 业务 能力 网络 技术 条件 乐山市 中心 城区 范围 设有 营业网点 分支机构 严格执行 商品房 预售 资金 监管 相关 规定 开展 商品房 预售 资金 监管 业务 提供 商品房 预售 资金 监管 金融服务 主要 指定 专人 负责 监管 账户 信息系统 管理 确保 监管 账户 流水 信息 共享 监管 银行 建立 商品房 预售 资金 收入 支出 台账 按本 实施细则 规定 配合 开展 预售 资金 监管 工作 第十一条 贷款 银行 具备 相应 金融管理 业务 能力 乐山市 中心 城区 范围 设有 营业网点 严格执行 商品房 预售 资金 监管 相关 规定 贷款 银行 支付 按揭 贷款 发放 监管 账户 不得 按揭 贷款 转入 监管 账户 以外 其它 任何 账户 第二章 一般 规定 第十二条 预售 资金 监管 款项 用于 完成 预售 许可 商品房 开发 项目 涉及 税费 土地 成本 土建 安装 装修 园林绿化 基础设施 公共 配套 设施 以及 用于 项目 建设 其它 相关 费用 优先 保障 商品房 开发 项目 工程建设 商品房 交付 以及 办理 不动产 证书 费用 第十三条 开发 企业 申请 预售 许可 确认 监管 银行 设立 监管 账户 原则上 一次 预售 许可 对应 监管 账户 开发 项目 超过 监管 账户 监管 账户 应当 商品房 预售 许可证 商品房 买卖合同 醒目 位置 载明 预售 资金 监管 专用 账户 第十四条 开发 企业 申请 办理 预售 许可 提交 监管部门 监管 银行 开发 企业 签订 三方 监管 协议 监管 协议 包括 以下内容 监管 单位 开发 项目名称 地址 开发 项目 工程建设 费用 监管 额度 开发 项目 预售 资金 使用 计划 监管 账户 名称 账号 其他 需要 说明 情况 第十五条 开发 企业 应当 建立 商品房 预售 资金 缴存 支取 使用 管理制度 预售 资金 收取 细则 监管 账户 取得 预售 许可 商品房 销售 现场 显著 位置 予以 公示 第十六条 办理 预售 许可 开发 项目 变更 增加 监管 银行 应由 开发 企业 监管部门 申请 重新 签订 三方 监管 协议 开展 上述 变更 业务 监管 账户 预售 资金 全部 转入 变更 监管 账户 并报 监管部门 备案 第三章 预售 资金 缴存 支取 冲正 商品房 预售 资金 全额 直接 存入 监管 账户 开发 企业 收取 购房款 负责 指导 配合 商品房 买受人 仔细 核对 商品房 买卖合同 监管 账户 指导 商品房 买受人 购房款 存入 开发 项目 监管 账户 商品房 买受人 按揭 贷款 方式 购房 贷款 银行 及时 贷款 全额 直接 划转 监管 银行 监管 账户 严禁 开发 企业 委托 第三方 机构 预售 资金 存入 监管 账户 以外 其它 任何 账户 商品房 预售 资金 监管 采取 留存 建设 资金 方式 建设 资金 开发 企业 保障 开发 项目 建设 达到 商品房 买卖合同 约定 交付 条件 资金 建设 资金 计算公式 建设 资金 预售 许可证 建筑面积 综合 单价 包括 限于 项目前期 工作 绿化 室外 附属 附表 工程 达到 交付 条件 相关 工程 费用 综合 单价 平方米 造价 系数 计算 监管部门 根据 市场 变化 适时 调整 公布 综合 单价 第十九条 预售 资金 支取 总量 控制 分期 审核 拨付 主体 封顶 设置 支取 节点 原则上 每次 节点 应为 预售 许可 项目 工程 形象 进度 五分之一 预售 资金 入账 金额 达到 建设 资金 总额 支取 方式 首次 支取 监管 账户 留存 金额 不少 建设 资金 总额 支取 金额 超过 建设 资金 总额 第二次 支取 监管 账户 留存 金额 不少 建设 资金 总额 支取 金额 超过 建设 资金 总额 第三次 支取 监管 账户 留存 金额 不少 建设 资金 总额 支取 金额 超过 建设 资金 总额 第四次 支取 监管 账户 留存 金额 不少 建设 资金 总额 支取 金额 超过 建设 资金 总额 第五次 支取 监管 账户 留存 金额 不少 建设 资金 总额 预售 资金 入账 金额 达到 建设 资金 监管 总额 支取 方式 转换 首次 支取 监管 账户 留存 金额 不少 建设 资金 总额 第二次 支取 监管 账户 留存 金额 不少 建设 资金 总额 第三次 支取 监管 账户 留存 金额 不少 建设 资金 总额 第四次 支取 监管 账户 留存 金额 不少 建设 资金 总额 第五次 支取 监管 账户 留存 金额 不少 建设 资金 总额 封顶 竣工 验收 备案 设置 支取 节点 支取 节点 分别 完成 内外墙 抹灰 完成 消防 电梯 安装 完成 室外 绿化 配套工程 取得 竣工 验收 备案 首次 支取 监管 账户 留存 金额 不少 建设 资金 总额 第二次 支取 监管 账户 留存 金额 不少 建设 资金 总额 第三次 支取 监管 账户 留存 金额 不少 建设 资金 总额 第四次 支取 监管 账户 留存 金额 不少 建设 资金 总额 第二十条 结合 企业 信用等级 实行 奖优 惩劣 动态 监管 信用等级 开发 企业 预售 资金 支取 总额 上调 实行 监管 信用等级 开发 企业 预售 资金 支取 总额 下调 实行 监管 第二十一条 申请 支取 预售 资金 还应 包含 开发 项目 施工 分包 单位 支付 费用 农民工 工资 按照 相关 文件 每次 支取 预售 资金 申请 分离 农民工 工资 用于 及时 支付 农民工 工资 款项 第二十二条 开发 企业 监管部门 申请 支取 预售 资金 分支 节点 提交 以下 材料 工程建设 达到 申报 使用 预售 资金 节点 起到 不动产 首次 登记 完成 阶段 提供 相关 影像 资料 施工单位 监理 单位 共同 出具 已经 支付 节点 工程款 分项 工程 大宗 设备 材料 凭证 第一次 使用 申报 使用 预售 资金 除外 凭证 内容 包括 农民工 工资 材料费 支付 情况 工程 竣工 验收 备案 节点 提交 竣工 验收 备案 完成 不动产 首次 登记 节点 提交 不动产 首次 登记 证书 其他 证明 材料 第二十三条 监管部门 依据 申请 核定 节点 支取 额度 符合 使用 条件 出具 商品房 预售 资金 拨付 通知书 监管 银行 商品房 预售 资金 拨付 通知书 开发 企业 办理 资金 拨付 手续 第二十四条 开发 企业 买受人 解除 购房 合同 开发 企业 可持 监管部门 出具 证明 监管 银行 申请 退回 入账 相应 购房款 监管 银行 工作日内 拨付 第二十五条 开发 企业 监管 银行 买受人 预售 资金 错误 监管 账户 造成 纳入 监管 预售 资金 实际 资金 不符 或者 买受人 购房款 已存 监管 账户 其它 原因 开发 企业 进行 网签 备案 符合 退房 条件 退回 购房 开发 企业 买受人 提交 预售 资金 错误 划入 监管 账户 证明 双方 退房 证明 监管部门 监管 银行 办理 冲正 退款 手续 第二十六条 预售 商品房 项目 销售 不佳 原因 监管 账户 资金 始终 达到 监管 总额 形象 进度 监管 账户 余额 满足 规定 要求 急需资金 用于 工程建设 或者 出现 重大 经营性 风险 可能 引发 重大 矛盾 纠纷 监管部门 核实 集体 研究 同意 项目 纳入 重点 监管 根据 实际 情况 调整 监管 比例 支取 比例 第二十七条 预售 开发 项目 完成 不动产 首次 登记 后止 开发 企业 可持 不动产 登记 部门 出具 首次 登记证 监管部门 申请 解除 资金 监管 撤销 监管 账户 第四章 监督管理 第二十八条 开发 企业 下列 情形 之一 监管部门 责令 限期 整改 责令 限期 整改 期间 暂停 开发 企业 办理 违规 开发 项目 预售 业务 暂停 办理 违规 开发 项目 预售 资金 支取 申请 记录 企业 行为 信息 情节严重 暂停 开发 企业 本市 范围 全部 开发 项目 预售 业务 暂停 办理 开发 企业 本市 范围 全部 开发 项目 预售 资金 支取 申请 相关 规定 降低 或者 注销 房地产 开发 资质 记录 企业 行为 信息 违反 关于 进一步 加强 房地产 市场监管 完善 商品 住房 预售 制度 有关 问题 通知 建房 关于 规范 商品房 预售 资金 监管 意见 建房 要求 商品房 预售 资金 缴存 支取 使用 过程 提供 虚假 资料 按规定 缴存 支取 使用 商品房 预售 资金 收取 其他 款项 为名 变相 逃避 资金 监管 开发 项目 存在 严重 质量 安全 问题 纳入 行政 机关 黑名单 引发 集中 信访 重大 社会 群体性 事件 造成 不良影响 监管部门 认定 其他 违法 违规 情形 第二十九条 施工单位 监理 单位 提供 虚假 证明 采取 其他 方式 协助 开发 企业 违规 使用 商品房 预售 资金 监管部门 违规行为 记入 企业 行为 记录 依法 相关 责任 单位 责任人 予以 查处 其他 单位 违反 上述 规定 移交 相关 部门 依法 予以 查处 第三十条 监管 银行 违反 实施细则 商品房 预售 资金 监管 协议 约定 擅自 拨付 商品房 预售 资金 要求 拨付 存在 其它 违规行为 依法 承担 相应 法律法规 责任 监管部门 按照 三方 监管 协议 暂停 监管 业务 涉事 监管 银行 年内 不得 市中心 城区 范围 开展 商品房 预售 资金 监管 业务 移交 金融部门 依法查处 第三十一条 贷款 银行 违反 实施细则 按揭 贷款 全额 存入 监管 帐户 违规行为 依法 承担 相应 法律法规 责任 监管部门 涉事 贷款 银行 违规行为 移交 金融部门 依法查处 涉事 贷款 银行 年内 不得 市中心 城区 范围 开展 贷款 业务 第三十二条 人民法院 保全 执行 商品房 预售 资金 按照 最高人民法院 住房 城乡 建设部 中国人民银行 关于 规范 人民法院 保全 执行 措施 确保 商品房 预售 资金 用于 项目 建设 通知 执行 第三十三条 监管部门 工作人员 违反 实施细则 规定 预售 资金 监管 工作 存在 玩忽职守 滥用职权 徇私舞弊 行为 依法 给予 处分 构成犯罪 依法追究 刑事责任 第五章 附则 第三十四条 实施细则 执行 期间 如遇 国家 出台 法律法规 政策 以及 房地产 市场 形势 金融 政策 发生变化 乐山市 住房 城乡 建设局 适时 实行 动态 调整 公布 第三十五条 各县 参照 实施细则 执行 第三十六条 实施细则 有效期 本细则 正式 实施 之日起 乐山市 住房 城乡 建设局 关于 开展 房地产 市场秩序 清理 整治 通知 乐住 建发 附件 乐山市 中心 城区 商品房 预售 资金 监管 细则 同时 废止 第三十七条 实施细则 乐山市 住房 城乡 建设局 人民银行 乐山市 中心 支行 乐山 银保监 分局 职能 职责 负责 解释 关于 商品房 预售 监管 资金 使用 分离 拨付 农民工 工资 银行 专用 账户 通知 政策 解读 发布 时间 来源 住房 城乡 建设局 制定 依据 保障 农民工 工资 支付 条例 国务院办公厅 关于 全面 治理 拖欠 农民工 工资 问题 意见 国办发 四川省人民政府 办公厅 关于 全面 治理 拖欠 农民工 工资 问题 实施 意见 办发 四川省 住房 城乡 建设厅 关于 推行 建筑工人 实名制 管理工作 通知 川建建发 有关 文件 制定 过程 结合 乐山市 实际 情况 根据 国务院 省政府 省住 建厅 相关 文件精神 参考 南充 经验 做法 形成 征求意见 征求 区县 建局 房地产 企业 建筑 企业 监理 企业 行业协会 意见建议 进行 修改 完善 最终 形成 关于 商品房 预售 监管 资金 使用 分离 拨付 农民工 工资 银行 专用 账户 通知 时间 适用范围 时间 从文件 印发 之日起 执行 范围 乐山市 从事 房地产 开发 项目 申请 适用 商品房 预售 资金 主要 内容 开户 管理 施工 承包单位 应当 按照 有关 规定 开设 农民工 工资 银行 专用 账户 一个 建设项目 对应 一个 施工 许可证 一个 农民工 工资 专户 以下 简称 银行 专用 账户 专项 用于 支付 工程 建设项目 农民工 工资 银行 专用 账户 支付 信息 上传 实名制 管理 信息 平台 分离 拨付 取得 商品房 预售 许可证 开发 企业 按照 合同 约定 每月 日前 核定 农民工 工资 拨付 专用 账户 取得 商品房 预售 许可证 开发 企业 书面 住房 城乡建设 行政 主管部门 提出申请 主管部门 商品房 预售 监管 资金 分离 拨付 农民工 工资 金额 核定表 项目 分离 拨付 农民工 工资 提出 书面 审核 意见 落实 专用 账户 制度 一是 项目 各方 主体 按照 实名制 管理 银行 专用 账户 代发 农民工 工资 要求 编报 农民工 工资表 各方 签字 确认 公示 无误 通过 专用 账户 直接 代发 二是 缺额 部分 开发 企业 预售 监管 资金 分离 拨款 补足 专用 账户 资金 发放 额度 实名制 管理 信息 平台 数据 作为 分离 拨付 农民工 工资 审核 依据 明确 房地产 开发 企业 施工 承包 企业 工程 监理 企业 工程项目 责任 主体 充分 履行 保障 农民工 工资 工作 职责 乐山市 住房 城乡 建设局 关于 商品房 预售 监管 资金 使用 分离 拨付 农民工 工资 银行 专用 账户 通知 发布 时间 来源 住房 城乡 建设局 各县 自治县 住房 城乡建设 行政 主管部门 高新区 新城 建设局 局机关 相关 科室 局属 相关 单位 相关 企业 进一步 完善 农民工 工资 银行 专用 账户 管理 切实加强 房地产 开发 项目 农民工 工资 日常 监管 构建 和谐 劳动 关系 妥善解决 源头 欠薪 导致 拖欠 农民工 工资 问题 根据 保障 农民工 工资 支付 条例 国务院办公厅 关于 全面 治理 拖欠 农民工 工资 问题 意见 国办发 四川省人民政府 办公厅 关于 全面 治理 拖欠 农民工 工资 问题 实施 意见 办发 四川省 住房 城乡 建设厅 关于 推行 建筑工人 实名制 管理工作 通知 川建建发 有关 文件 要求 结合 我市 工作 实际 决定 我市 实行 商品房 预售 监管 资金 使用 分离 拨付 农民工 工资 银行 专用 账户 现将 有关 事宜 通知 如下 时间 范围 从即日起 全市 房地产 开发 项目 申请 使用 商品房 预售 监管 资金 同步 分离 拨付 农民工 工资 银行 专用 账户 确保 实现 农民工 工资 银行 代发 工作 内容 农民工 工资 银行 专用 账户 开户 管理 施工 承包单位 应当 按照 有关 规定 开设 农民工 工资 银行 专用 账户 一个 建设项目 对应 一个 施工 许可证 一个 农民工 工资 专户 以下 简称 银行 专用 账户 专项 用于 支付 工程 建设项目 农民工 工资 开设 使用 银行 专用 账户 有关 资料 开户 证明 三方 协议 转账 凭证 农民工 工资 银行 发放 流水 施工 承包单位 妥善 保存 备查 施工 承包单位 分包 单位 应当 依法 招用 农民工 订立 劳动 用工 合同 进行 实名 登记 根据 合同 约定 考勤 信息 足额 计发 农民工 工资 银行 专用 账户 支付 信息 上传 实名制 管理 信息 平台 工程 建设项目 竣工 备案 拖欠 农民工 工资 可以 申请 注销 银行 专用 账户 账户 余额 施工 承包单位 所有 分离 拨付 农民工 工资 银行 专用 账户 房地产 开发 项目 取得 商品房 预售 许可证 开发 企业 施工 总包 企业 按照 合同 约定 付款 方式 每月 日前 核定 农民工 工资 拨付 施工 总包 企业 开设 农民工 工资 银行 专用 账户 分离 拨付 程序 原则上 按照 以下 方式 确定 项目 施工 许可证 单位 时段 专项 申请 书面 住房 城乡建设 行政 主管部门 提出申请 其中 首次 申请材料 包括 三方 房地产 开发 企业 施工 承包 企业 工程 监理 企业 签字 盖章 确认 阶段 项目 产值 确认 详见 附件 施工 承包合同 项目 施工 许可证 拨付 银行 专用 账户 银行 账单 农民工 工资 发放 流水 后续 申请材料 包括 三方 房地产 开发 企业 施工 承包 企业 工程 监理 企业 签字 盖章 确认 阶段 项目 产值 确认 后续 阶段 拨付 银行 专用 账户 银行 账单 农民工 工资 发放 流水 出具 商品房 预售 监管 资金 分离 拨付 农民工 工资 金额 核定表 详见 附件 住房 城乡建设 行政 主管部门 项目 分离 拨付 农民工 工资 提出 书面 审核 意见 严格执行 落实 银行 专用 账户 代发 农民工 工资制度 施工 承包 企业 分包 企业 包括 直接 承包 建设 单位 发包 工程 专业 承包 企业 劳务 企业 相关 项目 材料 供应商 企业 下同 按照 实名制 管理 银行 专用 账户 代发 农民工 工资 要求 编报 农民工 工资 支付 施工 承包 企业 分包 企业 劳务 单位 农民工 本人 签字 盖印 进行 公示 公示 无误 施工 总包 企业 通过 银行 专用 账户 直接 代发 农民工 工资 银行 专用 账户 资金 发放 额度 少于 阶段 应付 农民工 工资总额 缺额 部分 开发 企业 预售 监管 资金 分离 拨款 补足 银行 专用 账户 资金 发放 余额 施工 承包 企业 不得 任何 形式 挪作他用 专用 账户 资金 发放 额度 实名制 管理 信息 平台 数据 为准 作为 分离 拨付 农民工 工资 审核 依据 相关 职责 检查 监督 施工 承包 企业 严格 落实 实名制 管理 结合 工程建设 实际 每月 按期 计算 上报 核定 工程 产值 提出 农民工 工资 申请 每月 按期 收集 审核 申请 公示 发放 农民工 工资 实名制 管理 信息 平台 上传 发放 信息 及时 打印 银行 代发 农民工 工资 相关 凭证 形成 台账 资料 备查 合同 约定 比例 支付 农民工 工资 缺额 施工 承包 企业 负责 筹集 补足 发放 工程 监理 企业 审查 施工 承包 企业 承接 项目 农民工 实名制 实施方案 每月 工程 建筑 产值 人工费 工程项目 实名制 管理 银行 代发 工作 实施 情况 进行 监督 检查 房地产 开发 企业 按期 申请 预售 监管 资金 每月 按期 收集 审核 拨付 农民工 工资 银行 专用 账户 督促 施工 承包 企业 足额 农民工 工资 支付 到位 工程 完工 一个月 内且 竣工 验收 房地产 开发 企业 所有 农民工 工资 拨付 完毕 监督 施工 承包 企业 农民工 工资 全部 发放 到位 房地产 开发 企业 施工 承包 企业 签订 工程施工 合同 明确 农民工 工资 工程 支付 方式 时限 比例 每月 农民工 工资 支付 比例 原则上 低于 当月 工程 产值 近三年 本市 行政区域 实施 项目 并未 发生 拖欠 农民工 工资 房地产 开发 企业 施工 承包 企业 每月 农民工 工资 支付 比例 原则上 低于 当月 工程 产值 工程项目 责任 主体 充分 履行 保障 农民工 工资 支付 职责 每季度 第一个 月初 开发 企业 组织 项目 施工 承包 企业 分包 企业 监理 单位 农民工 工资 专户 开设 银行 相关 人员 一季度 银行 专用 账户 代发 农民工 工资 实名制 管理 情况 进行 检查 及时 整改 存在 问题 住房 城乡建设 行政 主管部门 加强 农民工 工资 支付 监管 定期检查 农民工 工资 银行 代发 落实 情况 通过 实名制 信息管理系统 进行 动态 监管 发现 存在 农民工 工资 足额 发放 支付 及时 挪用 专户 资金 问题 及时 督促 施工 承包 企业 限期 整改 限期 整改 到位 依法 依规 进行 严肃处理 工作 要求 项目 开发 施工 监理 单位 充分认识 保障 农民工 工资 支付 实名制 管理工作 重要性 严格 落实 银行 专用 账户 代发 工资制度 承包 企业 代发 制度 保证 阶段 项目 产值 确认 农民工 实名制 信息 数据 真实性 准确性 制定 实名制 管理 总包 直发 银行 代发 内部 管理制度 配备 专职 劳务 管理 实名制 专员 建立 农民工 实名制 管理 档案 严格 落实 实名制 信息 采集 工资 核算 数据 上传 信息 综合 使用 各地 住房 城乡建设 行政 主管部门 认真 履职 尽责 加大 房地产 开发 项目 银行 专用 账户 代发 农民工 工资 情况 实名制 管理工作 落实 到位 实行 银行 代发 农民工 工资 编制 虚假 工资 支付 擅自 挪用 银行 专用 账户 资金 施工 承包 企业 限期 整改 依法处理 整改 情节严重 移交 执法 部门 处罚 实名制 管理 银行 专用 账户 代发 农民工 工资 落实 到位 成效 突出 施工 承包 企业 房地产 开发 企业 参照 有关 文件 规定 给予 通报 表扬 信用 特此通知 附件 阶段 项目 产值 确认 商品房 预售 监管 资金 分离 拨付 农民工 工资 金额 核定表 乐山市 住房 城乡 建设局 中华人民共和国 城市 房地产 管理法 第四十五 商品房 预售 应当 符合 下列 条件 交付 全部 土地 使用权 出让金 取得 土地 使用权 证书 持有 建设工程 规划 许可证 提供 预售 商品房 计算 投入 开发 建设 资金 达到 工程建设 投资 百分之二十五 以上 已经 确定 施工进度 竣工 交付 日期 县级 以上 人民政府 房产 管理 部门 办理 预售 登记 取得 商品房 预售 许可证 商品房 预售 应当 按照 国家有关 规定 预售 合同 县级 以上 人民政府 房产 管理 部门 土地 管理 部门 登记 备案 规章 城市 商品房 预售 管理 办法 建设部 第六条 商品房 预售 实行 许可 制度 开发 企业 进行 商品房 预售 应当 房地产 管理 部门 申请 预售 许可 取得 商品房 预售 许可证 取得 商品房 预售 许可证 不得 进行 商品房 预售,3.842251125357909,8.751177031531183,4.55,5.083333333333333,6016,6.4,27.14166666666667,3600.0,45.02250000000001,45.02250000000001,3600.0,13.9725,5,3,0.008625,1.0,阶段1,16.0,21.0,45.02250000000001,1.0,0.0,阶段2,,,0.0,,0.0,竣备,,,0.0,,0.0,确权,,,0.0,,0.0,阶段5,,,0.0,,3,4,45.02250000000001
九江,九江,Jiujiang-2,presale proceeds,,verified physical milestones,retained balance,specified but count unavailable,condition beyond first registration,False,True,,0.30000000000000004,,not explicitly countable from retained excerpt,explicit percentage near 主体结构封顶; midpoint used for a stated range,not explicitly parseable from retained excerpt,监管额度、违约责任等内容，具体由监管部门会同经办银行共同制定并公布 | 监管账户内资金进账达到监管额度标准、且无停工、逾期交付等信用信誉优秀的开发企业，严格按《中国银保监会办公厅住房和城乡建设部办公厅中国人民银行办公厅关于商业银行出具保函置换预售监管资金有关工作的通知》（银保监办发〔2022〕104号）要求，用商业银行出具的见索即付性现金保函等额置换预售监管资金，保函置换金额不得超过监管账户中确保项目竣工交付所需的资金额度的30%，置换后 | 完成新建物业承接查验及不动产首次登记为止,True,policy_identification_filled.xlsx,City_audit,4stage_Ncost,4,4,stage_1|stage_2|stage_3|stage_4,主体|装修|竣备|确权,主体|装修|竣备|确权,complete_named_milestones,stage_1,stage_4,4,0.2,1.0,cumulative_same_denominator_stage_shares,terminal_stage_share:within_cohort_amount_share,expert_calibrated_operational_proxy_pending_source_mapping,monthly-revenue stage ratio or within-cohort amount share; not automatically a policy percentage,external/Modelling Dep/41_Cities_Dep/city_catalog.json,data/pmc_data.xlsx,dep-operational-h1-v1,Jiujiang-2,2023,二线,九江,Jiangxi,"各商业银行，各房地产开发企业，各勘察、设计、施工、监理单位：
现将《九江市中心城区新建商品房预售资金监管办法》印发给你们，请认真贯彻执行。
2023年12月9日
(此件主动公开)


九江市中心城区新建商品房预售资金监管办法
第一章  总则
第一条 为进一步规范商品房预售资金的监督管理，保障房地产项目竣工交付，有效防范房地产市场风险，切实维护购房人合法权益，根据《中华人民共和国城市房地产管理法》、《城市商品房预售管理办法》、《住房和城乡建设部人民银行银保监会关于规范商品房预售资金监管的意见》（建房〔2022〕16号）、《关于规范人民法院保全执行措施确保商品房预售资金用于项目建设的通知》（法〔2022〕12号）等法律、法规和文件规定，经人民银行九江市分行、国家金融监督管理总局九江监管分局同意，结合我市房地产市场实际情况，制定本办法。
第二条  凡在九江市中心城区（浔阳区、濂溪区、经开区、八里湖新区，下同）内经批准预售的新建商品房项目，其预售款的归集、使用及监督管理工作，适用本办法。
第三条 本办法所称新建商品房预售资金（以下简称预售资金），是指房地产开发企业（以下简称开发企业）将其开发的新建商品房进行预售，由购房人按照商品房买卖合同约定支付的全部房价款，包括定金、首付款、分期付款、一次性付款和扣除按揭保证金后的银行按揭贷款、住房公积金贷款等。
第四条 九江市住房和城乡建设局是本市中心城区预售资金监管的监管部门(以下简称监管部门)，负责本办法的组织实施,统筹新建商品房预售资金监管信息系统(以下简称监管系统)建设、招标确定监管银行并签订合作协议、组织对监管银行的考评、处理违规违约行为的开发企业和银行等具体实施工作。
第五条  监管银行是监管部门按照本办法有关规定确定的商业银行，负责本行及下属分支机构预售资金监管业务的协调统筹、指导工作，具体包括签订并落实合作协议的约定，组织并监督本行及下属分支机构资金拨付、按揭贷款发放、监管账户资金来源和类别核实等业务工作，落实监管账户账务、开发贷款、开发企业信用信息等数据共享，确保监管账户数据准确及时、资金安全，并对经办银行违规违约行为负责。
经办银行是监管银行确定的开展预售资金监管业务的分支机构，负责接受监管银行的工作指导，落实本办法的有关规定，签订和履行三方协议的约定，负责开户、账务管理、资金使用、每月定期与监管部门对账及开发企业违规违约行为的上报等工作。
第二章  一般规定
第六条 监管部门通过聘请第三方招标代理机构或自主公开招标方式，综合商业银行资信状况、监管能力、服务水平、网点开设、住建领域信贷规模、资金监管系统对接等因素，综合确定承接预售资金监管业务的监管银行，并通过门户网站予以公告。招标确定的监管银行（以下简称监管银行）数量原则上不少于市中心城区商业银行总数的三分之二。
第七条  监管银行招标服务期为2年，监管部门先与监管银行签订1年期合作协议，每年对监管银行的预售资金监管工作进行综合评判，符合要求的，服务期内可按年度续签合作协议。
监管银行在合作协议约定期限内应向监管部门提供承办预售资金监管业务的经办银行（以下简称经办银行）名录库，并对外公示。原则上经办银行名录库在服务期内不得调整。
经办银行须具备预售资金监管安全规范所需的金融管理业务能力及网络技术条件，并与监管系统联网，实现预售资金入账、划转以及按揭贷款的受理、审批、发放、拒贷、结清等信息数据的即时传输。
第八条 预售资金监管期限，自核发《商品房预售许可证》之日起，至该预售项目已完成新建物业承接查验及不动产首次登记为止。
第三章 监管账户
第九条 开发企业在申请商品房预售许可前，应按照一个商品房预售许可对应申请一个账户，在银行名录库中选择经办银行开立新建商品房预售资金监管账户（以下简称监管账户）。监管账户印鉴应留存开发企业行政公章、企业财务专用章、企业法定代表人签名章，不得留存债权人、股东等其他任何单位或个人的公章和私章。
第十条 开发企业开立监管账户后，应向监管部门申请签订三方协议。监管部门应会同经办银行，在受理开发企业签约申请之日起3个工作日内完成三方协议签订。
三方协议应明确项目工程建设进度、项目用款计划、监管账户名称和账号、监管资金收存及使用方式、监管额度、违约责任等内容，具体由监管部门会同经办银行共同制定并公布。其主要内容要在预售方案中予以明确，并通过附件方式在商品房买卖合同中予以体现。
预售范围、装修标准、监管账户、监管额度发生变化时，开发企业应重新签订三方协议。
第十一条  经办银行不得对监管账户捆绑设定任何自动划账功能，不得在与监管部门参与签订的三方协议以外的任何协议、合同中对监管账户及资金进行任何形式的监管、约束。开通网上银行的监管账户，仅可办理查询业务，不得开通企业网上转账等业务，确保专款专用。
开发企业和施工企业不得对监管账户和用于支付工程款、材料款账户的款项设定担保责任，也不得在其他协议、合同、合约中以任何形式对监管账户的资金使用进行约束。
第十二条 监管账户名称、账号信息应在商品房预售许可证、商品房买卖合同上载明，在商品房销售现场显著位置公示，并随商品房预售许可证在监管部门门户网站中公示。
第十三条 商品房项目现售备案后，销售款可不进入监管账户。商品房项目完成房屋所有权首次登记并已完成新建物业承接查验后，开发企业可持相关证明材料向监管部门申请解除预售资金监管，经监管部门审核符合解除监管条件的，通过经办银行及监管系统解除账户监管。
第四章  资金收存
第十四条 开发企业应当将监管账户作为预售资金收款账户提供给购房人，不得向购房人提供非监管账户作为收款账户。
购房人交存的定金、首付款、分期付款、一次性付款、按揭贷款、公积金贷款等预售资金应当全部直接交存至监管账户。开发企业不得代收代缴预售资金，经办银行不得配合相关违规行为，并应确保购房款由购房人直接缴入监管账户。
第十五条 购房人应在商品房买卖合同签订时，将首付款或一次性购房款等通过预售资金监管专用POS机或银行网点转账等方式直接存入监管账户，经办银行将入账信息即时传输至监管系统。系统确认商品房买卖合同约定的首付款或一次性购房款足额到账后，监管部门方可完成商品房买卖合同网签备案。
购房人可通过“九江住建e服务”微信公众号查询本人房价款入账及合同备案等相关情况。
第十六条 以商业按揭贷款或住房公积金贷款方式购房的，开发企业应在商品房买卖合同中注记有“贷款金额直接划入本项目预售资金监管账户”的相应内容。按揭银行、公积金中心应依据商品房买卖合同备案信息，将按揭贷款或公积金贷款直接发放至监管账户，并积极配合经办银行做好预售资金的收存、对账等工作，经办银行即时将监管账户变动数据传输至监管系统。
第十七条 开发企业无正当理由，已到账预售资金总额与应到账预售资金总额的比例不足85%时，监管部门停止受理该项目预售资金使用申请。开发企业以购房人未能及时交付购房款，或贷款银行未能及时释放按揭款等原因要求暂时核减应到账预售资金总额的，应提供证明上述情况的材料报监管部门审核。
第五章  监管使用
第十八条 预售资金监管模式为全额监管，分为重点监管资金和非重点监管资金，重点监管资金的额度为该监管项目楼栋总预售款的20%，其余为非重点监管资金。总预售款以办理预售许可证时申报的楼栋销售价格进行核定。
进入监管账户的预售资金，不同于开发企业自有资金，应专款专用，优先用于本项目建设支出。其中重点监管资金应只能用于本项目工程建设必需的材料款、设备款、施工进度款、监理费等相关工程支出，不得用于支付借（贷）款的本金和利息，不得用于缴纳土地价款、罚金、支付营销费用及开发企业员工工资等。
第十九条 开发企业申请使用重点监管资金时，监管部门应以监管项目楼栋形象进度节点为依据，控制重点监管资金余额，同时也可根据项目建设的实际情况，增加申请使用频次，项目各进度节点重点监管资金最低余额要求为：
1．主体结构达到1/3时，重点监管资金余额不低于总重点监管额度的90%；
2．主体结构达至2/3时，重点监管资金余额不低于总重点监管额度的80%；
3．主体结构封顶时，重点监管资金余额不低于总重点监管额度的70%；
4．完成五方主体验收合格时，重点监管资金余额不低于总重点监管额度的50%；
5．施工升降式人货两用电梯拆除后，重点监管资金余额不低于总重点监管额度的40%；
6．供电、供水、天燃气、电梯、消防、人防、市政园林等配套设施中的每一项工程完成验收，重点监管资金余额按总重点监管额度的1%核减；
7．完成规划验收时，重点监管资金余额不低于总重点监管额度的20%；
8．完成建设工程竣工验收备案的，重点监管账户余额不低于总重点监管额度的1%；
9．完成房屋所有权首次登记或完成新建物业承接查验中任何一项的，重点监管资金余额按总重点监管额度的0.5%核减；
10．完成房屋所有权首次登记并已完成新建物业承接查验的，开发企业可申请取消预售资金监管。
如水、电、气等施工合同及材料采购合同有明确资金支付时间约定的，可根据合同约定申请使用监管资金，但原则上不得超过工程节点最低监管额度。
第二十条 监管部门在受理开发企业的用款申请后，应在3个工作日内办结，对符合使用条件的，通过监管系统将同意使用的电子信息传送至经办银行。有下列情况之一的，驳回使用申请，并说明理由：
1．未按照规定将预售资金全部存入监管账户的；
2．申请资金超出用款额度的；
3．该项目之前用款未按要求使用的；
4．实际用途、收款单位与合同约定不符的；
5．其它不符合使用规定的情形。
第二十一条  监管资金实行“点对点”支付管理，应从监管账户直接拨付至开发企业签约的施工、设备供应、材料供应、监理等第三方账户，但税费、开发企业员工工资等确需拨至开发企业一般户的除外。监管部门应在开发企业下次请款时，对前次拨至开发企业一般户的资金使用情况进行核实。
第二十二条  经办银行应严格按照三方协议，依据监管部门发送的同意资金使用的电子批准信息，在2个工作日内将资金拨付给电子信息载明的相关单位。
经办银行不得以任何理由拒拨或缓拨预售资金，同时做好监管账户监控工作，发现开发企业存在违规挪用监管资金的，应立即停止拨付，实时通过监管系统告知监管部门，并上传证明资料，监管部门要及时约谈开发企业核实情况，并根据实际情况依法依规处置。
第二十三条 允许开发企业在监管账户开设之初监管资金未达到重点监管资金额度时，在按规定将该监管项目楼栋应入账商品房预售资金全部收存监管账户，按新收存监管账户资金最高50%的比例，由开发企业向监管部门申请拨付重点监管资金用于项目建设，直至累计达到重点监管资金额度，但其中提前使用的工程建设支出应计入重点监管资金额度节点使用总额度内。
第二十四条 核准使用的每笔总包施工款中，必须有不低于提取额25%的监管资金直接划入本项目农民工工资专用账户，确保用于支付农民工工资，但已按要求支付农民工工资的除外。
第二十五条 非重点监管资金中核准用于支付法定税费的总额度，不应超过监管项目楼栋已收存预售资金总额的10%，工程建设进展顺利、监管账户资金充裕的项目，也应控制在15%以内。项目前期按本办法第23条已在重点监管额度资金内提取的税费数额合并计算。
第二十六条 工程进度未达到使用节点，但项目所在区人民政府书面来函提出需要提前支付监管额度内预售资金支付农民工工资的，监管部门可予以支持，支付到该项目施工企业农民工工资专户。开发企业后续销售回款应补足预支部分。
第二十七条 允许监管账户内资金进账达到监管额度标准、且无停工、逾期交付等信用信誉优秀的开发企业，严格按《中国银保监会办公厅住房和城乡建设部办公厅中国人民银行办公厅关于商业银行出具保函置换预售监管资金有关工作的通知》（银保监办发〔2022〕104号）要求，用商业银行出具的见索即付性现金保函等额置换预售监管资金，保函置换金额不得超过监管账户中确保项目竣工交付所需的资金额度的30%，置换后的监管资金不得低于监管账户中确保项目竣工交付所需的资金额度的70%。
第二十八条 开发企业与购房人解除商品房买卖合同，达成退房协议的，原则上应使用非重点监管资金进行支付。非重点监管资金不足的，或是监管账户内预售资金未达到重点监管额度的，开发企业可申请使用重点监管资金进行支付，但之后收取的预售资金应优先补足重点监管资金额度。
第二十九条 根据国家政策、建筑设计规范、房地产市场变化等情况，监管部门可对预售资金使用节点和相应监管额度进行调整。
第六章  违规处理
第三十条 开发企业有下列行为之一的，监管部门责令限期整改，整改期间可按照三方协议的约定暂停其监管额度内预售资金使用。逾期不整改的，监管部门可视情况依法依规处理。监管部门可采取暂停商品房预售、信用扣分、记入房地产开发企业信用档案向社会公示、行政处罚等方式进行处理：
1．未按照规定将商品房预售资金全部直接存入监管账户的；
2．未按照规定使用监管资金的；
3．未按照规定提供真实的申请资料办理新建商品房预售资
金监管相关手续的；
4．监管额度内预售资金被集团公司抽调的。
第三十一条 经办银行存在以下行为之一的，由所属监管银行责令改正，追回款项;无法追回的，依法承担经济、法律责任。对违反本规定的经办银行,监管部门可以按照三方协议约定视情况暂停、取消其新增监管账户开户权限，并将其违规违约行为以及处理情况通报金融监管部门和监管银行。监管银行应当根据监管部门处理结果及时在本行经办银行名录库中对具体承接预售资金监管业务的分支机构予以注记或者删除，五年内在本市不能承担商品房预售资金监管业务。
1．未按照本规定及时将按揭贷款发放至监管账户的；
2．未及时拨付监管资金的；
3．擅自扣划监管账户内监管额度内预售资金的；
4．通过加设印章、增设其他机构的审批流程擅自限制开发企业使用监管资金的。
第三十二条 监管银行存在以下行为之一的，监管部门约谈涉事监管银行、责令限期整改，并视整改情况将其违规违约线索移交金融监管部门，由金融监管部门依法依规处理。监管银行完成整改之前，监管部门应暂停该行新增监管账户开户权限；监管银行未完成整改的或多次发生以下情形的，监管部门可按照合作协议约定在一定时间内取消合作关系，五年内在本市不能承担商品房预售资金监管业务。
1．未按照本规定或者协议约定及时达到信息系统共享标准的，或共享数据不准确、不及时、不全面的；
2．未按照本规定或者合作协议的约定，履行对经办银行的监督管理职责的；
3．要求经办银行不按要求拨付监管资金，或擅自扣划监管账户内预售资金的；
取消合作关系的商业银行应按照已签订的合作协议、三方协议的约定，对监管中的监管账户履行相关责任。
第三十三条  监管部门的工作人员在资金监管工作中玩忽职守、滥用职权、徇私舞弊的，依法依规予以处理。
第三十四条 开发企业作为商品房项目建设主体,应当承担由于盲目投资、非法集资、违法违规经营、挪用预售资金引发的工程项目烂尾、违规交房、逾期交房等产生的经济、法律责任。项目勘察、设计、施工、监理，以及材料、设备供应等有关单位提供虚假证明或采取其他方式协助开发企业违规套取使用监管资金，应承担相应经济及法律责任，并由行业主管部门依法依规严肃处理。
第三十五条 按揭贷款银行不按本办法规定，未直接将按揭贷款划转到项目楼栋预售资金监管账户的，由监管部门约谈涉事银行、责令限期整改，并视整改情况将其违规违约线索移交金融监管部门，由金融监管部门依法依规处理。如按揭银行是预售资金监管入围银行的，监管部门将解除监管协议或暂停、取消其经办银行资格。
第三十六条 对存在违规行为的开发企业的法定代表人、主要负责人、财务负责人，由监管部门依据国办发〔2020〕49 号文和《全国公共信用信息目录》有关规定，归集相关公共信用信息并向市信用平台推送，记入相关主体的信用记录。
第七章  附则
第三十七条 本办法实施前已办理预售许可证并签订三方协议的，监管办法按原三方协议执行。
第三十八条 工程进度异常、延期交房问题楼盘项目的预售资金监管，按“一案一策”方式，实行专门管理。
第三十九条  符合以下情形的，可不纳入监管范畴：
1．土地出让合同中明确用于征收安置的新建商品房预售房源。
2．单位整栋购买的，且购买人同意不纳入监管的非住宅类新建商品房预售项目。
3．其他政策规定可不纳入监管的项目或房源。
第四十条 本办法由九江市住房和城乡建设局负责解释。各县（市）新建商品房预售资金监管可参照本办法执行。
第四十一条 本办法自2024年1月1日起施行，《九江市中心城区商品房预售资金监管办法》废止。
============================



九江市中心城区商品房预售资金监管办法
第一条  为规范九江市中心城区商品房预售资金的监督管理，维护商品房交易当事人的合法权益，确保商品房预售资金用于商品房项目建设，根据《中华人民共和国城市房地产管理法》、《城市商品房预售管理办法》和《住房和城乡建设部关于进一步加强房地产市场监管完善商品住房预售制度有关问题的通知》，结合九江市实际，制定本办法。
第二条  本办法适用于九江市中心城区范围内办理预售许可的商品房预售资金收存、支取和使用的监管。
第三条  本市商品房预售资金监管遵循多方监督、专户专存、专款专用的原则。


    第四条  本办法所称商品房预售资金，是指房地产开发企业（以下简称开发企业）出售在建商品房，按照商品房买卖合同约定收取的全部房价款（包括：定金、首付款、预付款、预售商品房按揭贷款等各种款项）。
第五条  商品房预售资金必须用于商品房项目建设，包括购置必需的建筑材料、设备，支付项目主体及配套设施建设工程款、项目抵押贷款本息、税费等。
    第六条  商品房预售资金的监管期限自核发商品房预售许可证之日起，至该商品房项目取得《房屋建设工程和市政基础设施工程竣工验收备案表》之日止。
第七条  九江市住房保障和房产管理局是商品房预售资金的监管部门，负责本办法的组织实施。
第八条  中国银行业监督管理委员会九江监管分局（以下简称市银监局）是九江市银行业金融机构的监督管理机构，负责每年年底向九江市住房保障和房产管理局提供本市行政辖区内从业的银行业金融机构名单。
商品房预售资金监管账户的开立、使用、变更和撤销应遵循银行结算账户管理的相关法律法规及规章制度。
第九条  商品房预售资金监管专用存款账户开户合作


商业银行应当按照本办法规定及协议约定协同做好商品房预售资金的监管工作。
第十条  开发企业不得以任何方式直接收存买受人支付的房价款。
     第十一条  开发企业申请商品房预售许可证前，应当选择好银行业金融机构（以下简称：合作银行），并与监管部门、合作银行签订相关监管协议。
    第十二条  一个商品房开发项目原则上只能开设一个商品房预售资金监管专用存款账户（以下称监管账户），开发企业有多个项目的，应当按开发项目分别开设监管账户。在具体实施中，开发企业按照一个商品房预售许可申请对应一个监管账户，也可按商品房预售许可证批次开立监管账户。
第十三条  申请开立监管账户的操作流程
1、申请。开发企业从九江市住房保障和房产管理局官网下载打印《九江市商品房预售资金监管账户开立申请表》，填写完成后提交给监管部门。
2、要件提交。开发企业开设监管账户时须向监管部门提交下列资料：


（1）营业执照；
（2）（2）资质证书；
（3）预售方案；
（4）委托书、经办人身份证明；
（5）其他资料。
以上资料审核原件，留存复印件，复印件加盖企业公章。
    3、审核。监管部门受理申请后5个工作日完成审核，审核通过的，向开发企业出具《九江市商品房预售资金监管账户开户通知书》。
4、账户开立。开发企业持《九江市商品房预售资金监管账户开户通知书》到合作银行开立监管账户。
监管账户名称由开发企业名称加项目名称（含楼幢号）等组成，该账户的预留银行印章应与监管账户名称一致。
监管账户为专用账户，仅限监管项目预售资金的收存、拨付和使用，不得办理现金支取。
监管账户一经开立，合作银行不得以发放开发贷款或者购房贷款等为理由要求开发企业更换监管账户。
第十四条  开发企业开立监管账户后，从九江市住房保障和房产管理局官网下载打印《九江市中心城区商品房预售资金监管协议书》(以下简称监管协议)，经开发企业与合作


银行盖章后，开发企业将相关资料报送监管部门，签订三方《监管协议》。
签订《监管协议》时，开发企业应当向监管部门提交以下材料：
1、商品房开发项目立项批复；
    2、《商品住宅成本公示表》；
3、预售资金使用计划；
4、《监管协议》要求提供的其他资料。
第十五条  商品房预售资金监管账户设立后,因特殊情况确需变更的，应当征得原合作银行和监管部门书面同意。
开发企业申请变更监管账户的，应当提交以下资料：
1、《九江市商品房预售资金监管账户变更申请表》；
2、原《监管账户开户通知书》；
3、原监管账户的开户证明；
4、原开户行出具同意变更监管账户的证明文件；
5、营业执照、委托书及经办人身份证明。
监管部门受理监管账户变更申请后5个工作日内完成审核，审核通过的，监管部门出具《九江市商品房预售资金监管账户变更通知书》， 开发企业持该通知书到相关合作银行


办理变更手续。
凡已签订《监管协议》的，开发企业还应当交回《监管协议》原件，解除原《监管协议》，并重新签订三方《监管协议》。
变更期间原监管账户范围内的商品房不得销售，直至新的银行监管账户设立，并将原监管帐户的结余资金转入新合作银行监管帐户。
第十六条  开发企业预售商品房时，应当将预售资金合作银行及监管账户信息在售楼部醒目位置公示，在商品房买卖合同中载明。
第十七条  开发企业办理商品房买卖合同登记备案时，应当提交房价款存入监管账户的银行凭证。
第十八条  预售资金收缴和入帐。开发企业应当协助购房人选择以下方式将商品房预售资金全部存入监管账户：
1、购房人依据商品房买卖合同上注明的合作银行和帐户直接到合作银行柜台将购房款交入到监管账户，开发企业依据银行出具的交款凭证为购房人换领相关票据。
2、购房人通过专用POS机，将购房款直接交入监管账户，开发企业依据专用POS机签单为购房人换领购房相关票据。
3、买受人申请购房贷款的，贷款银行或住房公积金管理机构应当将贷款发放到相应的监管账户；
4、属开发项目贷款的资金也应当存入监管账户。
     第十九条  开发企业使用商品房预售资金时，应当向资金监管部门提出用款申请，并提交以下材料：
    1、 《九江市商品房预售资金使用申请备案表》；
2、《九江市商品房预售签约明细表》；
3、《江西省房地产开发项目手册》；
4、用款计划（《九江市商品房预售资金使用计划表》和合作银行出具的监管账户余额对账单，监管账户明细及余额；
5、首次用款后，每次申请用款时还应当提交上一次申请用款事项的收款票据；
6、委托人、经办人身份证明。
第二十条  监管资金的起付。预售资金进入监管账户后，达到发生预售证批次的核算投资额（备注： 资金具体数额由监管部门在三方协议中明确）的10%时，开发企业才可以申请使用监管资金。


    第二十一条  监管资金的使用按照形象进度和定期申请相结合的原则划转和拨付。开发企业申请使用监管范围内的预售资金，应于每月10日前将用款计划分别报监管部门和合作银行备案，并填写《九江市商品房预售资金使用申请备案表》，监管部门在查看项目工程形象进度（按楼层）后，符合使用条件的，在《九江市商品房预售资金使用申请备案表》上签署意见；不符合条件的，应当书面通知开发企业并说明理由。开发企业凭备案表到合作银行办理划拨手续。
每笔监管资金的划转和拨付按预售款到账不高于70%的标准进行。
第二十二条  监管部门应当定期或不定期地对项目工程形象部位进行现场查勘。特别是在开发企业申请预售资金监管账户设立和申请使用预售资金时。
监管部门应当严格管理查勘资料档案，必要时可保存查勘纪录、施工进度照片等相关资料。
 第二十三条  为保证开发企业正常开展业务，开发企业可以向资金监管部门申请一定额度的资金，作为备用金用以支付经常性、小额开支。其额度不得超过已收存预售资金余额的10%，备用金不得挪作他用。需要补充备用金的，开发


企业应当向监管部门申请并提供已使用的备用金用途证明。
第二十四条  监管项目取得《房屋建设工程和市政基础设施工程竣工验收备案表》前，监管账户内的资金余额不得低于该项目预售证批次的核算投资额的10%。
     第二十五条  开发企业不按规定使用商品房预售资金的，有下列行为之一的，按照三方协议的约定暂停其监管资金拨付；逾期不改的，由监管部门停止该项目商品房预售网上签约资格，并按照《城市商品房预售管理办法》第十四条之规定进行处罚，计入开发企业信用档案，向社会公示，同时计入人民银行中小企业信用信息数据库：
  1、未按规定将商品房预售资金存入监管账户的；
  2、以收取其他款项为名变相逃避监管的；
  3、提供虚假资料骗取商品房预售资金的；
  4、未按核准的项目用款计划使用商品房预售资金的；
  5、因违法违规行为致使预售商品房项目停工的；
  6、预售商品房项目存在严重质量问题的；
 7、其他不应当使用商品房预售资金的情形。
    第二十六条  退款处理。开发企业与购房人达成退房退款协议的，开发企业可向监管部门提交《九江市商品房预售


监管资金退款申请书》和《九江市商品房预售监管资金监管账户退房退款申请表》，申请解除退款部分的监管，监管部门通过商品房买卖合同备案系统核查后，在7个工作日内出具《九江市商品房预售监管资金退款通知书》，通知合作银行转拨。
第二十七条  开发企业在项目取得《房屋建设工程和市政基础设施工程竣工验收备案表》后，应及时申请撤销监管账户的监管。
开发企业申请办理解除监管的，应当提交以下资料：
1、《九江市商品房预售资金撤销监管申请备案表》；
2、《房屋建筑工程和市政基础设施工程竣工验收备案表》；
3、监管账户明细及余额；
4、建设工程款支付情况的证明材料；
5、委托人、经办人身份证明。
第二十八条  监管部门收到撤销商品房监管账户申请后，应当在7个工作日内作出答复。符合撤销条件的，由监管部门在《九江市商品房预售资金撤销监管申请表》上签章，出具撤销预售资金监管专用存款账户通知单，开发企业持申


请表和通知单到合作银行办理解除监管账户手续，向合作银行办理结算手续，注销商品房预售资金监管专用存款账户；不符合撤销条件的，资金监管部门应当书面通知开发企业，并说明理由。
     第二十九条  监管部门应当建立商品房预售资金监管信息系统，对预售资金监管专用存款账户及其资金实行动态管理。
    第三十条  合作银行及其工作人员承担违反本办法规定及《监管协议》约定的责任。
     第三十一条  监理单位提供虚假施工进度证明，致使开发企业超前超额支取商品房预售款，造成工程无法按期竣工的，承担由此产生的责任,并由相关部门依法给予行政处罚。
     第三十二条  监管部门工作人员在商品房预售资金监管工作中有徇私舞弊、玩忽职守、滥用职权、索贿受贿等行为的，视其情节轻重，依法给予行政处分；构成犯罪的，移送司法机关依法追究刑事责任。
     第三十三条  县（市）商品房预售资金的监管可参照本办法执行。
    第三十四条  本办法自公布之日起施行。
第一条 为规范九江市中心城区商品房预售资金的监督管理,维护商品房交易当事人的合法权益,确保商品房预售资金用于商品房项目建设,根据《中华人民共和国城市房地产管理法》、《城市商品房预售管理办法》和《住房和城乡建设部关于进一步加强房地产市场监管完善商品住房预售制度有关问题的通知》,结合九江市实际,制定本办法。
第二条 本办法适用于九江市中心城区范围内办理预售许可的商品房预售资金收存、支取和使用的监管。
第三条 本市商品房预售资金监管遵循多方监督、专户专存、专款专用的原则。
第四条 本办法所称商品房预售资金,是指房地产开发企业(以下简称开发企业)出售在建商品房,按照商品房买卖合同约定收取的全部房价款(包括:定金、首付款、预付款、预售商品房按揭贷款等各种款项)。
第五条 商品房预售资金必须用于商品房项目建设,包括购置必需的建筑材料、设备,支付项目主体及配套设施建设工程款、项目抵押贷款本息、税费等。
第六条 商品房预售资金的监管期限自核发商品房预售许可证之日起,至该商品房项目取得《房屋建设工程和市政基础设施工程竣工验收备案表》之日止。
第七条 九江市住房保障和房产管理局是商品房预售资金的监管部门,负责本办法的组织实施。
第八条 中国银行业监督管理委员会九江监管分局(以下简称市银监局)是九江市银行业金融机构的监督管理机构,负责每年年底向九江市住房保障和房产管理局提供本市行政辖区内从业的银行业金融机构名单。
商品房预售资金监管账户的开立、使用、变更和撤销应遵循银行结算账户管理的相关法律法规及规章制度。
第九条 商品房预售资金监管专用存款账户开户合作
商业银行应当按照本办法规定及协议约定协同做好商品房预售资金的监管工作。
第十条 开发企业不得以任何方式直接收存买受人支付的房价款。
第十一条 开发企业申请商品房预售许可证前,应当选择好银行业金融机构(以下简称:合作银行),并与监管部门、合作银行签订相关监管协议。
第十二条 一个商品房开发项目原则上只能开设一个商品房预售资金监管专用存款账户(以下称监管账户),开发企业有多个项目的,应当按开发项目分别开设监管账户。在具体实施中,开发企业按照一个商品房预售许可申请对应一个监管账户,也可按商品房预售许可证批次开立监管账户。
第十三条 申请开立监管账户的操作流程
1、申请。开发企业从九江市住房保障和房产管理局官网下载打印《九江市商品房预售资金监管账户开立申请表》,填写完成后提交给监管部门。
2、要件提交。开发企业开设监管账户时须向监管部门提交下列资料:
(1)营业执照；
(2)(2)资质证书；
(3)预售方案；
(4)委托书、经办人身份证明；
(5)其他资料。
以上资料审核原件,留存复印件,复印件加盖企业公章。
3、审核。监管部门受理申请后5个工作日完成审核,审核通过的,向开发企业出具《九江市商品房预售资金监管账户开户通知书》。
4、账户开立。开发企业持《九江市商品房预售资金监管账户开户通知书》到合作银行开立监管账户。
监管账户名称由开发企业名称加项目名称(含楼幢号)等组成,该账户的预留银行印章应与监管账户名称一致。
监管账户为专用账户,仅限监管项目预售资金的收存、拨付和使用,不得办理现金支取。
监管账户一经开立,合作银行不得以发放开发贷款或者购房贷款等为理由要求开发企业更换监管账户。
第十四条 开发企业开立监管账户后,从九江市住房保障和房产管理局官网下载打印《九江市中心城区商品房预售资金监管协议书》(以下简称监管协议),经开发企业与合作
银行盖章后,开发企业将相关资料报送监管部门,签订三方《监管协议》。
签订《监管协议》时,开发企业应当向监管部门提交以下材料:
1、商品房开发项目立项批复；
2、《商品住宅成本公示表》；
3、预售资金使用计划；
4、《监管协议》要求提供的其他资料。
第十五条 商品房预售资金监管账户设立后,因特殊情况确需变更的,应当征得原合作银行和监管部门书面同意。
开发企业申请变更监管账户的,应当提交以下资料:
1、《九江市商品房预售资金监管账户变更申请表》；
2、原《监管账户开户通知书》；
3、原监管账户的开户证明；
4、原开户行出具同意变更监管账户的证明文件；
5、营业执照、委托书及经办人身份证明。
监管部门受理监管账户变更申请后5个工作日内完成审核,审核通过的,监管部门出具《九江市商品房预售资金监管账户变更通知书》, 开发企业持该通知书到相关合作银行
办理变更手续。
凡已签订《监管协议》的,开发企业还应当交回《监管协议》原件,解除原《监管协议》,并重新签订三方《监管协议》。
变更期间原监管账户范围内的商品房不得销售,直至新的银行监管账户设立,并将原监管帐户的结余资金转入新合作银行监管帐户。
第十六条 开发企业预售商品房时,应当将预售资金合作银行及监管账户信息在售楼部醒目位置公示,在商品房买卖合同中载明。
第十七条 开发企业办理商品房买卖合同登记备案时,应当提交房价款存入监管账户的银行凭证。
第十八条 预售资金收缴和入帐。开发企业应当协助购房人选择以下方式将商品房预售资金全部存入监管账户:
1、购房人依据商品房买卖合同上注明的合作银行和帐户直接到合作银行柜台将购房款交入到监管账户,开发企业依据银行出具的交款凭证为购房人换领相关票据。
2、购房人通过专用POS机,将购房款直接交入监管账户,开发企业依据专用POS机签单为购房人换领购房相关票据。
3、买受人申请购房贷款的,贷款银行或住房公积金管理机构应当将贷款发放到相应的监管账户；
4、属开发项目贷款的资金也应当存入监管账户。
第十九条 开发企业使用商品房预售资金时,应当向资金监管部门提出用款申请,并提交以下材料:
1、 《九江市商品房预售资金使用申请备案表》；
2、《九江市商品房预售签约明细表》；
3、《江西省房地产开发项目手册》；
4、用款计划(《九江市商品房预售资金使用计划表》和合作银行出具的监管账户余额对账单,监管账户明细及余额；
5、首次用款后,每次申请用款时还应当提交上一次申请用款事项的收款票据；
6、委托人、经办人身份证明。
第二十条 监管资金的起付。预售资金进入监管账户后,达到发生预售证批次的核算投资额(备注: 资金具体数额由监管部门在三方协议中明确)的10%时,开发企业才可以申请使用监管资金。
第二十一条 监管资金的使用按照形象进度和定期申请相结合的原则划转和拨付。开发企业申请使用监管范围内的预售资金,应于每月10日前将用款计划分别报监管部门和合作银行备案,并填写《九江市商品房预售资金使用申请备案表》,监管部门在查看项目工程形象进度(按楼层)后,符合使用条件的,在《九江市商品房预售资金使用申请备案表》上签署意见；不符合条件的,应当书面通知开发企业并说明理由。开发企业凭备案表到合作银行办理划拨手续。
每笔监管资金的划转和拨付按预售款到账不高于70%的标准进行。
第二十二条 监管部门应当定期或不定期地对项目工程形象部位进行现场查勘。特别是在开发企业申请预售资金监管账户设立和申请使用预售资金时。
监管部门应当严格管理查勘资料档案,必要时可保存查勘纪录、施工进度照片等相关资料。
第二十三条 为保证开发企业正常开展业务,开发企业可以向资金监管部门申请一定额度的资金,作为备用金用以支付经常性、小额开支。其额度不得超过已收存预售资金余额的10%,备用金不得挪作他用。需要补充备用金的,开发
企业应当向监管部门申请并提供已使用的备用金用途证明。
第二十四条 监管项目取得《房屋建设工程和市政基础设施工程竣工验收备案表》前,监管账户内的资金余额不得低于该项目预售证批次的核算投资额的10%。
第二十五条 开发企业不按规定使用商品房预售资金的,有下列行为之一的,按照三方协议的约定暂停其监管资金拨付；逾期不改的,由监管部门停止该项目商品房预售网上签约资格,并按照《城市商品房预售管理办法》第十四条之规定进行处罚,计入开发企业信用档案,向社会公示,同时计入人民银行中小企业信用信息数据库:
1、未按规定将商品房预售资金存入监管账户的；
2、以收取其他款项为名变相逃避监管的；
3、提供虚假资料骗取商品房预售资金的；
4、未按核准的项目用款计划使用商品房预售资金的；
5、因违法违规行为致使预售商品房项目停工的；
6、预售商品房项目存在严重质量问题的；
7、其他不应当使用商品房预售资金的情形。
第二十六条 退款处理。开发企业与购房人达成退房退款协议的,开发企业可向监管部门提交《九江市商品房预售
监管资金退款申请书》和《九江市商品房预售监管资金监管账户退房退款申请表》,申请解除退款部分的监管,监管部门通过商品房买卖合同备案系统核查后,在7个工作日内出具《九江市商品房预售监管资金退款通知书》,通知合作银行转拨。
第二十七条 开发企业在项目取得《房屋建设工程和市政基础设施工程竣工验收备案表》后,应及时申请撤销监管账户的监管。
开发企业申请办理解除监管的,应当提交以下资料:
1、《九江市商品房预售资金撤销监管申请备案表》；
2、《房屋建筑工程和市政基础设施工程竣工验收备案表》；
3、监管账户明细及余额；
4、建设工程款支付情况的证明材料；
5、委托人、经办人身份证明。
第二十八条 监管部门收到撤销商品房监管账户申请后,应当在7个工作日内作出答复。符合撤销条件的,由监管部门在《九江市商品房预售资金撤销监管申请表》上签章,出具撤销预售资金监管专用存款账户通知单,开发企业持申
请表和通知单到合作银行办理解除监管账户手续,向合作银行办理结算手续,注销商品房预售资金监管专用存款账户；不符合撤销条件的,资金监管部门应当书面通知开发企业,并说明理由。
第二十九条 监管部门应当建立商品房预售资金监管信息系统,对预售资金监管专用存款账户及其资金实行动态管理。
第三十条 合作银行及其工作人员承担违反本办法规定及《监管协议》约定的责任。
第三十一条 监理单位提供虚假施工进度证明,致使开发企业超前超额支取商品房预售款,造成工程无法按期竣工的,承担由此产生的责任,并由相关部门依法给予行政处罚。
第三十二条 监管部门工作人员在商品房预售资金监管工作中有徇私舞弊、玩忽职守、滥用职权、索贿受贿等行为的,视其情节轻重,依法给予行政处分；构成犯罪的,移送司法机关依法追究刑事责任。
第三十三条 县(市)商品房预售资金的监管可参照本办法执行。
第三十四条 本办法自公布之日起施行。
九江市住房保障和房产管理局
2016年12月26日
===============





各县(市、区)人民政府,庐山管理局,九江经济技术开发区管委会,云居山—柘林湖风景名胜区管委会,市政府各部门,市直及驻市各单位:
为贯彻落实《国务院办公厅关于促进房地产市场平稳健康发展的通知》(国办发〔2010〕4号)、《国务院关于坚决遏制部分城市房价过快上涨的通知》(国发〔2010〕10号)、《关于进一步加强房地产市场监管完善商品住房预售制度有关问题的通知》(建房〔2010〕53号)等文件精神,进一步加强我市房地产市场监管,规范房地产市场销售秩序,经市政府研究,现就有关事项通知如下:
一、进一步加强商品住房预售许可审批管理
(一)严格商品房预售审批管理。凡达到预售条件的商品住房项目,应立即到房管部门办理商品房预售许可。对符合预售条件而不及时办理预售许可的项目,要提前向房管部门申报执行现房销售的方案。经批准的现房销售原则上不得改为预售。
(二)确定商品房预售许可最低规模。市中心城区商品房项目开发总规模大于1.5万㎡的,预售许可申请的最低规模为1.5万㎡,符合预售申报条件的,应一次性全部申报预售许可,不得分批、分栋、分层、分单元办理预售许可；项目开发总规模小于1.5万㎡(含1.5万㎡)的,应一次性全部申报预售许可。
各县(市)可根据实际情况确定商品房预售许可的最低规模。
二、强化商品住房预售方案管理
房地产开发企业必须按国家的规定制定商品房预售方案,否则不得批准商品房预售。预售方案包括:项目基本情况、建设进度安排、预售房屋套数、面积预测及分摊情况、公共部位和公共设施的具体范围、预售价格、预售资金监管落实情况、住房质量责任承担主体和承担方式、住房能源消耗指标和节能措施等。商品房预售方案中主要内容发生变更的,必须报房管部门备案并公示。
三、进一步加强商品房预售市场监管
(一)凡取得预售许可的商品住房项目必须在10日内一次性公开出售全部的准售房源,不准分批销售。
(二)批准预售的商品住房项目必须公示每套准售房屋的价格,并在售楼部显著位置公示。批准预售的商品住房项目严格按照申报价格,明码标价对外销售。对同一时间批准预售的商品住房项目,不准分段调价。
(三)加强开发企业商品房预订经营行为的管理。开发企业从事商品房预定经营行为前,必须取得商品房预售许可证。确定商品房预定行为,必须有预定人身份证复印件、预定协议、定金收据和交款凭证等资料。对同一可售房源的预订次数不得超过1次。商品房预定活动必须在当地住宅与房地产信息网上同步进行。
(四)严格预售商品住房退房管理。购房人预订商品住房后,未在规定时间内签订预售合同的,开发企业应解除预订,解除后的房源应当公开销售。已签订商品住房买卖合同并网上备案,经双方协商一致需解除合同的,双方应递交申请并说明理由,所退房源应当公开销售。
(五)实行商品房预售资金监管制度。房管部门要加快制定本地区商品住房预售资金监管办法实施细则,并组织实施。商品住房预售资金要全部纳入监管账户,由监管机构负责监管,确保预售资金用于商品住房项目工程建设；预售资金可按建设进度进行核拨,但必须留有足够的资金保证建设工程竣工交付。
四、全面开展预售商品房项目的清理
由房管部门牵头相关部门参与,对所有在建商品房项目进行一次全面清理和整顿。对已取得预售许可的商品房项目和已达到申请预售许可的情况进行逐一排查,准确掌握已预售商品房数量、正在预售的商品房数量、尚未开盘的商品房数量和已达到申请预售条件未申请预售许可的商品房数量等情况,清理情况要公开发布；对尚未开盘的商品房项目,要责成房地产开发企业限期公开销售；对已达到申请预售许可条件而未申请预售许可的,要督促房地产开发企业限期申请,否则视为申请现房销售。
五、加强房地产预售广告和促销活动的管理
宣传、房管和工商等部门要密切配合,严格按照《房地产广告发布暂行规定》等文件规定,联合出台相关房地产广告管理细则,加强房地产广告特别是预售广告的管理,严格审查广告发布内容,坚决制止未取得商品房预售许可证刊登的商品房预售或变相以“内部认购”、“内部认定”、“内部登记”等方法刊登预售广告以及广告内容与项目实际不符等虚假宣传行为。
未取得预售许可证的商品住房项目,开发企业不得参加任何展销活动。坚决查处开发企业在未取得商品房预售许可证情况下,组织与商品住房预售有关的各种促销经营行为,特别是通过各种方式积累客户造成项目销售紧张的促销经营行为。
六、严肃查处商品房销售过程中的违规行为
房管部门及相关部门要通过警告、责令限期整改,暂停审批、暂停预售、暂停参加土地竞买、媒体曝光、经济处罚,直至取消开发企业资质等有力措施,严肃查处以下违法违规经营行为,规范我市商品房销售秩序。
(一)开发企业未取得商品房预售许可证,以认购、预订、排号、发放VIP卡等方式向买受人收取或变相收取定金、预定款等性质费用的；
(二)取得商品房预售许可证后,未在规定时间内对外公开销售或未将全部准售房源对外公开销售,以及办理同一商品房预售许可证分批销售、分段调价的；
(三)擅自改变商品房预售方案的；
(四)不按申报价格明码标价销售的；
(五)违规预定商品住房的；
(六)故意采取畸高价格销售或通过签订虚假商品住房买卖合同等方式人为制造房源紧张的；
(七)违规发布宣传广告和虚假宣传行为；
(八)其他违法违规经营行为。
对退房率高、价格异常以及消费者投诉集中的项目,房管等部门要重点核查,有违法违规行为的,重点查处。
七、进一步健全房地产信息公开机制,加强市场透明度
房管部门要进一步加强和完善房地产市场信息系统建设,及时准确地向社会公布市场信息。
八、落实监督管理责任
进一步强化房地产主管部门管理职能,加强房地产市场执法队伍建设。健全商品房市场动态监管和定期现场巡检制度。要重视和支持舆论监督,畅通信访举报渠道。宣传、房产、建设规划、国土、城管执法、工商等部门要加强协作,密切配合,认真履职,建立信息共享、情况通报以及违法违规行为查处联动机制。
本通知自公布之日起执行。
=============

根据《中华人民共和国城市房地产管理法》第四十四条规定商品房预售，应当符合下列条件：（一）、
已交付全部土地使用权出让金
，取得土地使用权证书；（二）、持有建设工程规划许可证；（三）、按提供预售的商品房计算，投入
开发建设的资金达到工程建设总投资的百分之二十五以上，并已经确定施工进度和竣工交付日期；
（四）、向县级以上人民政府房产管理部门办理预售登记，取得商品房预售许可证明；（五）、商品房
预售人应当按照国家有关规定将预售合同报县级以上人民政府房产管理部门和土地管理部门登记备案；
（六）、商品房预售所得款项，必须用于有关的工程建设
==============


",商业银行 房地产 开发 企业 勘察 设计 施工 监理 单位 现将 九江市 中心 城区 新建 商品房 预售 资金 监管 办法 印发 你们 认真贯彻 执行 此件 主动 公开 九江市 中心 城区 新建 商品房 预售 资金 监管 办法 第一章 总则 第一条 进一步 规范 商品房 预售 资金 监督管理 保障 房地产 项目 竣工 交付 有效 防范 房地产 市场 风险 切实 维护 购房人 合法权益 根据 中华人民共和国 城市 房地产 管理法 城市 商品房 预售 管理 办法 住房 城乡 建设部 人民银行 保监会 关于 规范 商品房 预售 资金 监管 意见 建房 关于 规范 人民法院 保全 执行 措施 确保 商品房 预售 资金 用于 项目 建设 通知 法律 法规 文件 规定 人民银行 九江市 分行 国家 金融 监督管理 总局 九江 监管 分局 同意 结合 我市 房地产 市场 实际 情况 制定 办法 第二条 九江市 中心 城区 浔阳区 溪区 经开区 八里 新区 下同 内经 批准 预售 新建 商品房 项目 预售 归集 使用 监督管理 工作 适用 办法 第三条 办法 新建 商品房 预售 资金 以下 简称 预售 资金 房地产 开发 企业 以下 简称 开发 企业 开发 新建 商品房 进行 预售 购房人 按照 商品房 买卖合同 约定 支付 全部 房价 包括 定金 首付款 分期付款 一次性 付款 扣除 按揭 保证金 银行 按揭 贷款 住房 公积金 贷款 第四条 九江市 住房 城乡 建设局 本市 中心 城区 预售 资金 监管 监管部门 以下 简称 监管部门 负责 办法 组织 实施 统筹 新建 商品房 预售 资金 监管 信息系统 以下 简称 监管 系统 建设 招标 确定 监管 银行 签订 合作 协议 组织 监管 银行 考评 处理 违规 违约 行为 开发 企业 银行 具体实施 工作 第五条 监管 银行 监管部门 按照 办法 有关 规定 确定 商业银行 负责 本行 下属 分支机构 预售 资金 监管 业务 协调 统筹 指导 工作 具体 包括 签订 落实 合作 协议 约定 组织 监督 本行 下属 分支机构 资金 拨付 按揭 贷款 发放 监管 账户 资金来源 类别 核实 业务 工作 落实 监管 账户 账务 开发 贷款 开发 企业信用 信息 数据共享 确保 监管 账户 数据 准确 及时 资金 安全 经办 银行 违规 违约 行为 负责 经办 银行 监管 银行 确定 开展 预售 资金 监管 业务 分支机构 负责 接受 监管 银行 工作 指导 落实 办法 有关 规定 签订 履行 三方 协议 约定 负责 开户 账务 管理 资金 使用 每月 定期 监管部门 对账 开发 企业 违规 违约 行为 上报 工作 第二章 一般 规定 第六条 监管部门 通过 聘请 第三方 招标 代理 机构 自主 公开招标 方式 综合 商业银行 资信 状况 监管 能力 服务水平 网点 开设 住建 领域 信贷 规模 资金 监管 系统 对接 因素 综合 确定 承接 预售 资金 监管 业务 监管 银行 通过 门户网站 予以 公告 招标 确定 监管 银行 以下 简称 监管 银行 数量 原则上 不少 市中心 城区 商业银行 总数 三分之二 第七条 监管 银行 招标 服务期 监管部门 监管 银行 签订 年期 合作 协议 每年 监管 银行 预售 资金 监管 工作 进行 综合 评判 符合要求 服务 期内 年度 续签 合作 协议 监管 银行 合作 协议 约定 期限 内应 监管部门 提供 承办 预售 资金 监管 业务 经办 银行 以下 简称 经办 银行 名录 对外 公示 原则上 经办 银行 名录 服务 期内 不得 调整 经办 银行 具备 预售 资金 监管 安全 规范 金融管理 业务 能力 网络 技术 条件 监管 系统 联网 实现 预售 资金 入账 划转 以及 按揭 贷款 受理 审批 发放 拒贷 结清 信息 数据 即时 传输 第八条 预售 资金 监管 期限 核发 商品房 预售 许可证 之日起 至该 预售 项目 完成 新建 物业 承接 查验 不动产 首次 登记 为止 第三章 监管 账户 第九条 开发 企业 申请 商品房 预售 许可 按照 一个 商品房 预售 许可 对应 申请 一个 账户 银行 名录 库中 选择 经办 银行 开立 新建 商品房 预售 资金 监管 账户 以下 简称 监管 账户 监管 账户 印鉴 留存 开发 企业 行政 公章 企业财务 专用章 企业 法定代表 签名 不得 留存 债权人 股东 其他 任何 单位 个人 公章 私章 第十条 开发 企业 开立 监管 账户 监管部门 申请 签订 三方 协议 监管部门 会同 经办 银行 受理 开发 企业 签约 申请 之日起 工作日内 完成 三方 协议 签订 三方 协议 明确 项目 工程建设 进度 项目 用款 计划 监管 账户 名称 账号 监管 资金 收存 使用 方式 监管 额度 违约责任 内容 具体 监管部门 会同 经办 银行 共同 制定 公布 主要 内容 预售 方案 予以 明确 通过 附件 方式 商品房 买卖合同 予以 体现 预售 范围 装修 标准 监管 账户 监管 额度 发生变化 开发 企业 重新 签订 三方 协议 第十一条 经办 银行 不得 监管 账户 捆绑 设定 任何 自动 划账 功能 不得 监管部门 参与 签订 三方 协议 以外 任何 协议 合同 监管 账户 资金 进行 任何 形式 监管 约束 开通 网上银行 监管 账户 办理 查询 业务 不得 开通 企业 网上 转账 业务 确保 专款专用 开发 企业 施工 企业 不得 监管 账户 用于 支付 工程款 材料 账户 款项 设定 担保责任 不得 其他 协议 合同 合约 中以 任何 形式 监管 账户 资金 使用 进行 约束 第十二条 监管 账户 名称 账号 信息 商品房 预售 许可证 商品房 买卖合同 载明 商品房 销售 现场 显著 位置 公示 商品房 预售 许可证 监管部门 门户网站 公示 第十三条 商品房 项目 现售 备案 销售款 可不 进入 监管 账户 商品房 项目 完成 房屋 所有权 首次 登记 完成 新建 物业 承接 查验 开发 企业 可持 相关 证明 材料 监管部门 申请 解除 预售 资金 监管 监管部门 审核 符合 解除 监管 条件 通过 经办 银行 监管 系统 解除 账户 监管 第四章 资金 收存 第十四条 开发 企业 应当 监管 账户 作为 预售 资金 收款 账户 提供 购房人 不得 购房人 提供 监管 账户 作为 收款 账户 购房人 交存 定金 首付款 分期付款 一次性 付款 按揭 贷款 公积金 贷款 预售 资金 应当 全部 直接 交存 监管 账户 开发 企业 不得 代收 代缴 预售 资金 经办 银行 不得 配合 相关 违规行为 确保 购房款 购房人 直接 缴入 监管 账户 第十五条 购房人 商品房 买卖合同 签订 首付款 一次性 购房款 通过 预售 资金 监管 专用 银行 网点 转账 方式 直接 存入 监管 账户 经办 银行 入账 信息 即时 传输 监管 系统 系统 确认 商品房 买卖合同 约定 首付款 一次性 购房款 足额 账后 监管部门 方可 完成 商品房 买卖合同 网签 备案 购房人 通过 九江 住建 服务 微信 公众 查询 本人 房价 入账 合同 备案 相关 情况 第十六条 商业 按揭 贷款 住房 公积金 贷款 方式 购房 开发 企业 商品房 买卖合同 中注 记有 贷款 金额 直接 划入 项目 预售 资金 监管 账户 相应 内容 按揭 银行 公积金 中心 依据 商品房 买卖合同 备案 信息 按揭 贷款 公积金 贷款 直接 发放 监管 账户 积极 配合 经办 银行 做好 预售 资金 收存 对账 工作 经办 银行 即时 监管 账户 变动 数据传输 监管 系统 第十七条 开发 企业 正当理由 已到 预售 资金 总额 应到 预售 资金 总额 比例 不足 监管部门 停止 受理 项目 预售 资金 使用 申请 开发 企业 购房人 未能 及时 交付 购房款 贷款 银行 未能 及时 释放 按揭 原因 要求 暂时 核减 应到 预售 资金 总额 提供 证明 上述情况 材料 监管部门 审核 第五章 监管 使用 第十八条 预售 资金 监管 模式 全额 监管 分为 重点 监管 资金 重点 监管 资金 重点 监管 资金 额度 监管 项目 楼栋 预售 其余 重点 监管 资金 预售 款以 办理 预售 许可证 申报 楼栋 销售价格 进行 核定 进入 监管 账户 预售 资金 不同于 开发 企业 自有 资金 专款专用 优先 用于 项目 建设 支出 其中 重点 监管 资金 只能 用于 项目 工程建设 必需 材料 设备 施工进度 监理 相关 工程 支出 不得 用于 支付 本金 利息 不得 用于 缴纳 土地 价款 罚金 支付 营销 费用 开发 企业 员工工资 第十九条 开发 企业 申请 使用 重点 监管 资金 监管部门 监管 项目 楼栋 形象 进度 节点 依据 控制 重点 监管 资金 余额 同时 根据 项目 建设 实际 情况 增加 申请 使用 频次 项目 进度 节点 重点 监管 资金 最低 余额 要求 主体 结构 达到 重点 监管 资金 余额 低于 重点 监管 额度 主体 结构 达至 重点 监管 资金 余额 低于 重点 监管 额度 主体 结构 封顶 重点 监管 资金 余额 低于 重点 监管 额度 完成 五方 主体 验收 合格 重点 监管 资金 余额 低于 重点 监管 额度 施工 升降式 人货 两用 电梯 拆除 重点 监管 资金 余额 低于 重点 监管 额度 供电 供水 天燃气 电梯 消防 人防 市政 园林 配套 设施 每一项 工程 完成 验收 重点 监管 资金 余额 重点 监管 额度 核减 完成 规划 验收 重点 监管 资金 余额 低于 重点 监管 额度 完成 建设工程 竣工 验收 备案 重点 监管 账户 余额 低于 重点 监管 额度 完成 房屋 所有权 首次 登记 完成 新建 物业 承接 查验 任何 一项 重点 监管 资金 余额 重点 监管 额度 核减 完成 房屋 所有权 首次 登记 完成 新建 物业 承接 查验 开发 企业 申请 取消 预售 资金 监管 如水 施工 合同 材料 采购 合同 明确 资金 支付 时间 约定 根据 合同 约定 申请 使用 监管 资金 原则上 不得 超过 工程 节点 最低 监管 额度 第二十条 监管部门 受理 开发 企业 用款 申请 工作日内 办结 符合 使用 条件 通过 监管 系统 同意 使用 电子信息 传送 经办 银行 下列 情况 之一 驳回 使用 申请 说明 理由 按照 规定 预售 资金 全部 存入 监管 账户 申请 资金 超出 用款 额度 项目 之前 用款 要求 使用 实际 用途 收款 单位 合同 约定 不符 其它 符合 使用 规定 情形 第二十一条 监管 资金 实行 点对点 支付 管理 应从 监管 账户 直接 拨付 开发 企业 签约 施工 设备 供应 材料 供应 监理 第三方 账户 税费 开发 企业 员工工资 确需 拨至 开发 企业 一般 除外 监管部门 开发 企业 下次 请款 前次 拨至 开发 企业 一般 资金 使用 情况 进行 核实 第二十二条 经办 银行 严格 按照 三方 协议 依据 监管部门 发送 同意 资金 使用 电子 批准 信息 工作日内 资金 拨付 电子信息 载明 相关 单位 经办 银行 不得 任何理由 拒拨 缓拨 预售 资金 同时 做好 监管 账户 监控 工作 发现 开发 企业 存在 违规 挪用 监管 资金 应立即 停止 拨付 实时 通过 监管 系统 告知 监管部门 上传 证明 资料 监管部门 及时 开发 企业 核实 情况 根据 实际 情况 依法 依规 处置 第二十三条 允许 开发 企业 监管 账户 开设 之初 监管 资金 达到 重点 监管 资金 额度 按规定 监管 项目 楼栋 入账 商品房 预售 资金 全部 收存 监管 账户 按新 收存 监管 账户 资金 最高 比例 开发 企业 监管部门 申请 拨付 重点 监管 资金 用于 项目 建设 直至 累计 达到 重点 监管 资金 额度 其中 提前 使用 工程建设 支出 计入 重点 监管 资金 额度 节点 使用 总额 度内 第二十四条 核准 使用 每笔 总包 施工 款中 必须 低于 提取 监管 资金 直接 划入 项目 农民工 工资 专用 账户 确保 用于 支付 农民工 工资 要求 支付 农民工 工资 除外 第二十五条 重点 监管 资金 核准 用于 支付 法定 税费 总额 超过 监管 项目 楼栋 收存 预售 资金 总额 工程建设 进展 顺利 监管 账户 资金 充裕 项目 控制 以内 项目前期 按本 办法 条已 重点 监管 额度 资金 提取 税费 数额 合并 计算 第二十六条 工程进度 达到 使用 节点 项目 所在区 人民政府 书面 来函 提出 需要 提前 支付 监管 额度 预售 资金 支付 农民工 工资 监管部门 予以 支持 支付 项目 施工 企业 农民工 工资 专户 开发 企业 后续 销售 回款 补足 预支 部分 第二十七条 允许 监管 账户 资金 进账 达到 监管 额度 标准 停工 逾期 交付 信用 信誉 优秀 开发 企业 严格 中国 保监会 办公厅 住房 城乡 建设部 办公厅 中国人民银行 办公厅 关于 商业银行 出具 保函 置换 预售 监管 资金 有关 工作 通知 银保监 办发 要求 商业银行 出具 见索 付性 现金 保函 等额 置换 预售 监管 资金 保函 置换 金额 不得 超过 监管 账户 确保 项目 竣工 交付 资金 额度 置换 监管 资金 不得 低于 监管 账户 确保 项目 竣工 交付 资金 额度 第二十八条 开发 企业 购房人 解除 商品房 买卖合同 达成 退房 协议 原则上 使用 重点 监管 资金 进行 支付 重点 监管 资金不足 或是 监管 账户 预售 资金 达到 重点 监管 额度 开发 企业 申请 使用 重点 监管 资金 进行 支付 之后 收取 预售 资金 优先 补足 重点 监管 资金 额度 第二十九条 根据 国家 政策 建筑设计 规范 房地产 市场 变化 情况 监管部门 预售 资金 使用 节点 相应 监管 额度 进行 调整 第六章 违规 处理 第三十条 开发 企业 下列 行为 之一 监管部门 责令 限期 整改 整改 期间 按照 三方 协议 约定 暂停 监管 额度 预售 资金 使用 逾期 整改 监管部门 可视 情况 依法 依规 处理 监管部门 采取 暂停 商品房 预售 信用 扣分 记入 房地产 开发 企业信用 档案 社会 公示 行政处罚 方式 进行 处理 按照 规定 商品房 预售 资金 全部 直接 存入 监管 账户 按照 规定 使用 监管 资金 按照 规定 提供 真实 申请 资料 办理 新建 商品房 预售 监管 相关 手续 监管 额度 预售 资金 集团公司 抽调 第三十一条 经办 银行 存在 以下 行为 之一 所属 监管 银行 责令 改正 追回 款项 无法 追回 依法 承担 经济 法律责任 违反 规定 经办 银行 监管部门 可以 按照 三方 协议 约定 情况 暂停 取消 新增 监管 账户 开户 权限 违规 违约 行为 以及 处理 情况通报 金融 监管部门 监管 银行 监管 银行 应当 根据 监管部门 处理结果 及时 本行 经办 银行 名录 库中 具体 承接 预售 资金 监管 业务 分支机构 予以 注记 或者 删除 五年 内在 本市 不能 承担 商品房 预售 资金 监管 业务 按照 规定 及时 按揭 贷款 发放 监管 账户 及时 拨付 监管 资金 擅自 扣划 监管 账户 监管 额度 预售 资金 通过 印章 增设 其他 机构 审批 流程 擅自 限制 开发 企业 使用 监管 资金 第三十二条 监管 银行 存在 以下 行为 之一 监管部门 涉事 监管 银行 责令 限期 整改 并视 整改 情况 违规 违约 线索 移交 金融 监管部门 金融 监管部门 依法 依规 处理 监管 银行 完成 整改 之前 监管部门 暂停 该行 新增 监管 账户 开户 权限 监管 银行 完成 整改 多次 发生 以下 情形 监管部门 按照 合作 协议 约定 一定 时间 取消 合作 关系 五年 内在 本市 不能 承担 商品房 预售 资金 监管 业务 按照 规定 或者 协议 约定 及时 达到 信息系统 共享 标准 共享 数据 准确 及时 全面 按照 规定 或者 合作 协议 约定 履行 经办 银行 监督管理 职责 要求 经办 银行 要求 拨付 监管 资金 擅自 扣划 监管 账户 预售 资金 取消 合作 关系 商业银行 按照 签订 合作 协议 三方 协议 约定 监管 监管 账户 履行 相关 责任 第三十三条 监管部门 工作人员 资金 监管 工作 玩忽职守 滥用职权 徇私舞弊 依法 依规 予以 处理 第三十四条 开发 企业 作为 商品房 项目 建设 主体 应当 承担 由于 盲目投资 非法 集资 违法 违规 经营 挪用 预售 资金 引发 工程项目 烂尾 违规 交房 逾期 交房 产生 经济 法律责任 项目 勘察 设计 施工 监理 以及 材料 设备 供应 有关 单位 提供 虚假 证明 采取 其他 方式 协助 开发 企业 违规 套取 使用 监管 资金 承担 相应 经济 法律责任 行业 主管部门 依法 依规 严肃处理 第三十五条 按揭 贷款 银行 按本 办法 规定 直接 按揭 贷款 划转 项目 楼栋 预售 资金 监管 账户 监管部门 涉事 银行 责令 限期 整改 并视 整改 情况 违规 违约 线索 移交 金融 监管部门 金融 监管部门 依法 依规 处理 按揭 银行 预售 资金 监管 入围 银行 监管部门 解除 监管 协议 暂停 取消 经办 银行 资格 第三十六条 存在 违规行为 开发 企业 法定代表 主要 负责人 财务 负责人 监管部门 依据 国办发 号文 全国 公共 信用 信息 目录 有关 规定 归集 相关 公共 信用 信息 信用 平台 推送 记入 相关 主体 信用 记录 第七章 附则 第三十七条 办法 实施 办理 预售 许可证 签订 三方 协议 监管 办法 按原 三方 协议 执行 第三十八条 工程进度 异常 延期 交房 问题 楼盘 项目 预售 资金 监管 一案 一策 方式 实行 专门 管理 第三十九条 符合 以下 情形 可不 纳入 监管 范畴 土地出让 合同 明确 用于 征收 安置 新建 商品房 预售 房源 单位 整栋 购买 购买 同意 纳入 监管 非住宅 新建 商品房 预售 项目 其他 政策 规定 可不 纳入 监管 项目 房源 第四十条 办法 九江市 住房 城乡 建设局 负责 解释 各县 新建 商品房 预售 资金 监管 参照 办法 执行 第四十一条 办法 日起 施行 九江市 中心 城区 商品房 预售 资金 监管 办法 废止 九江市 中心 城区 商品房 预售 资金 监管 办法 第一条 规范 九江市 中心 城区 商品房 预售 资金 监督管理 维护 商品房 交易 当事人 合法权益 确保 商品房 预售 资金 用于 商品房 项目 建设 根据 中华人民共和国 城市 房地产 管理法 城市 商品房 预售 管理 办法 住房 城乡 建设部 关于 进一步 加强 房地产 市场监管 完善 商品 住房 预售 制度 有关 问题 通知 结合 九江市 实际 制定 办法 第二条 办法 适用 九江市 中心 城区 范围 办理 预售 许可 商品房 预售 资金 收存 支取 使用 监管 第三条 本市 商品房 预售 资金 监管 遵循 多方 监督 专户 专存 专款专用 原则 第四条 办法 商品房 预售 资金 房地产 开发 企业 以下 简称 开发 企业 出售 在建 商品房 按照 商品房 买卖合同 约定 收取 全部 房价 包括 定金 首付款 预付款 预售 商品房 按揭 贷款 各种 款项 第五条 商品房 预售 资金 必须 用于 商品房 项目 建设 包括 购置 必需 建筑材料 设备 支付 项目 主体 配套 设施 建设 工程款 项目 抵押 贷款 本息 税费 第六条 商品房 预售 资金 监管 期限 核发 商品房 预售 许可证 之日起 至该 商品房 项目 取得 房屋 建设工程 市政 基础设施 工程 竣工 验收 备案 之日止 第七条 九江市 住房 保障 房产 管理局 商品房 预售 资金 监管部门 负责 办法 组织 实施 第八条 中国 银行业 监督管理 委员会 九江 监管 分局 以下 简称 银监局 九江市 银行业 金融机构 监督管理 机构 负责 每年 年底 九江市 住房 保障 房产 管理局 提供 本市 行政 辖区 从业 银行业 金融机构 名单 商品房 预售 资金 监管 账户 开立 使用 变更 撤销 遵循 银行 结算 账户 管理 相关 法律法规 规章制度 第九条 商品房 预售 资金 监管 专用 存款 账户 开户 合作 商业银行 应当 按照 办法 规定 协议 约定 协同 做好 商品房 预售 资金 监管 工作 第十条 开发 企业 不得 任何 方式 直接 收存 买受人 支付 房价 第十一条 开发 企业 申请 商品房 预售 许可证 应当 选择 银行业 金融机构 以下 简称 合作 银行 监管部门 合作 银行 签订 相关 监管 协议 第十二条 一个 商品房 开发 项目 原则上 只能 开设 一个 商品房 预售 资金 监管 专用 存款 账户 以下 监管 账户 开发 企业 多个 项目 应当 开发 项目 分别 开设 监管 账户 具体实施 开发 企业 按照 一个 商品房 预售 许可 申请 对应 一个 监管 账户 商品房 预售 许可证 批次 开立 监管 账户 第十三条 申请 开立 监管 账户 操作 流程 申请 开发 企业 九江市 住房 保障 房产 管理局 官网 下载 打印 九江市 商品房 预售 资金 监管 账户 开立 申请表 填写 完成 提交 监管部门 要件 提交 开发 企业 开设 监管 账户 时须 监管部门 提交 下列 资料 营业执照 资质证书 预售 方案 委托书 经办人 身份证明 其他 资料 以上 资料 审核 原件 留存 复印件 复印件 加盖 企业 公章 审核 监管部门 受理 申请 工作日 完成 审核 审核 通过 开发 企业 出具 九江市 商品房 预售 资金 监管 账户 开户 通知书 账户 开立 开发 企业 九江市 商品房 预售 资金 监管 账户 开户 通知书 合作 银行 开立 监管 账户 监管 账户 名称 开发 企业 名称 项目名称 含楼 组成 账户 预留 银行 印章 监管 账户 名称 一致 监管 账户 专用 账户 仅限 监管 项目 预售 资金 收存 拨付 使用 不得 办理 现金 支取 监管 账户 一经 开立 合作 银行 不得 发放 开发 贷款 或者 购房 贷款 理由 要求 开发 企业 更换 监管 账户 第十四条 开发 企业 开立 监管 账户 九江市 住房 保障 房产 管理局 官网 下载 打印 九江市 中心 城区 商品房 预售 资金 监管 协议书 以下 简称 监管 协议 开发 企业 合作 银行 盖章 开发 企业 相关 资料 报送 监管部门 签订 三方 监管 协议 签订 监管 协议 开发 企业 应当 监管部门 提交 以下 材料 商品房 开发 项目 立项 批复 商品住宅 成本 公示 预售 资金 使用 计划 监管 协议 要求 提供 其他 资料 第十五条 商品房 预售 资金 监管 账户 设立 特殊 情况 确需 变更 应当 征得 合作 银行 监管部门 书面 同意 开发 企业 申请 变更 监管 账户 应当 提交 以下 资料 九江市 商品房 预售 资金 监管 账户 变更 申请表 监管 账户 开户 通知书 监管 账户 开户 证明 开户行 出具 同意 变更 监管 账户 证明文件 营业执照 委托书 经办人 身份证明 监管部门 受理 监管 账户 变更 申请 工作日内 完成 审核 审核 通过 监管部门 出具 九江市 商品房 预售 资金 监管 账户 变更 通知书 开发 企业 持该 通知书 相关 合作 银行 办理 变更 手续 签订 监管 协议 开发 企业 应当 交回 监管 协议 原件 解除 监管 协议 重新 签订 三方 监管 协议 变更 期间 监管 账户 范围 商品房 不得 销售 直至 银行 监管 账户 设立 监管 帐户 结余 资金 转入 合作 银行 监管 帐户 第十六条 开发 企业 预售 商品房 应当 预售 资金 合作 银行 监管 账户 信息 售楼部 醒目 位置 公示 商品房 买卖合同 载明 第十七条 开发 企业 办理 商品房 买卖合同 登记 备案 应当 提交 房价 存入 监管 账户 银行 凭证 第十八条 预售 资金 收缴 入帐 开发 企业 应当 协助 购房人 选择 以下 方式 商品房 预售 资金 全部 存入 监管 账户 购房人 依据 商品房 买卖合同 注明 合作 银行 帐户 直接 合作 银行 柜台 购房款 交入 监管 账户 开发 企业 依据 银行 出具 交款 凭证 购房人 换领 相关 票据 购房人 通过 专用 购房款 直接 交入 监管 账户 开发 企业 依据 专用 签单 购房人 换领 购房 相关 票据 买受人 申请 购房 贷款 贷款 银行 住房 公积金 管理机构 应当 贷款 发放 相应 监管 账户 开发 项目 贷款 资金 应当 存入 监管 账户 第十九条 开发 企业 使用 商品房 预售 资金 应当 资金 监管部门 提出 用款 申请 提交 以下 材料 九江市 商品房 预售 资金 使用 申请 备案 九江市 商品房 预售 签约 明细表 江西省 房地产 开发 项目 手册 用款 计划 九江市 商品房 预售 资金 使用 计划表 合作 银行 出具 监管 账户 余额 账单 监管 账户 明细 余额 首次 用款 每次 申请 用款 应当 提交 一次 申请 用款 事项 收款 票据 委托人 经办人 身份证明 第二十条 监管 资金 起付 预售 资金 进入 监管 账户 达到 发生 预售证 批次 核算 投资额 备注 资金 具体 数额 监管部门 三方 协议 明确 开发 企业 可以 申请 使用 监管 资金 第二十一条 监管 资金 使用 按照 形象 进度 定期 申请 相结合 原则 划转 拨付 开发 企业 申请 使用 监管 范围 预售 资金 每月 日前 用款 计划 分别 监管部门 合作 银行 备案 填写 九江市 商品房 预售 资金 使用 申请 备案 监管部门 查看 项目 工程 形象 进度 楼层 符合 使用 条件 九江市 商品房 预售 资金 使用 申请 备案 签署 意见 符合条件 应当 书面通知 开发 企业 说明 理由 开发 企业 备案 表到 合作 银行 办理 划拨 手续 每笔 监管 资金 划转 拨付 预售 款到 高于 标准 进行 第二十二条 监管部门 应当 定期 不定期 项目 工程 形象 部位 进行 现场 查勘 特别 开发 企业 申请 预售 资金 监管 账户 设立 申请 使用 预售 资金 监管部门 应当 严格管理 查勘 资料 档案 必要 保存 查勘 纪录 施工进度 照片 相关 资料 第二十三条 保证 开发 企业 正常 开展业务 开发 企业 可以 资金 监管部门 申请 一定 额度 资金 作为 备用金 用以 支付 经常性 小额 开支 额度 不得 超过 收存 预售 资金 余额 备用金 不得 挪作他用 需要 补充 备用金 开发 企业 应当 监管部门 申请 提供 使用 备用金 用途 证明 第二十四条 监管 项目 取得 房屋 建设工程 市政 基础设施 工程 竣工 验收 备案 监管 账户 资金 余额 不得 低于 项目 预售证 批次 核算 投资额 第二十五条 开发 企业 按规定 使用 商品房 预售 资金 下列 行为 之一 按照 三方 协议 约定 暂停 监管 资金 拨付 逾期 不改 监管部门 停止 项目 商品房 预售 网上 签约 资格 按照 城市 商品房 预售 管理 办法 第十四条 规定 进行 处罚 计入 开发 企业信用 档案 社会 公示 同时 计入 人民银行 中小企业 信用 信息 数据库 按规定 商品房 预售 资金 存入 监管 账户 收取 其他 款项 为名 变相 逃避 监管 提供 虚假 资料 骗取 商品房 预售 资金 核准 项目 用款 计划 使用 商品房 预售 资金 违法 违规行为 致使 预售 商品房 项目 停工 预售 商品房 项目 存在 严重 质量 问题 其他 应当 使用 商品房 预售 资金 情形 第二十六条 退款 处理 开发 企业 购房人 达成 退房 退款 协议 开发 企业 监管部门 提交 九江市 商品房 预售 监管 资金 退款 申请书 九江市 商品房 预售 监管 资金 监管 账户 退房 退款 申请表 申请 解除 退款 部分 监管 监管部门 通过 商品房 买卖合同 备案 系统 核查 工作日内 出具 九江市 商品房 预售 监管 资金 退款 通知书 通知 合作 银行 转拨 第二十七条 开发 企业 项目 取得 房屋 建设工程 市政 基础设施 工程 竣工 验收 备案 及时 申请 撤销 监管 账户 监管 开发 企业 申请 办理 解除 监管 应当 提交 以下 资料 九江市 商品房 预售 资金 撤销 监管 申请 备案 房屋建筑 工程 市政 基础设施 工程 竣工 验收 备案 监管 账户 明细 余额 建设 工程款 支付 情况 证明 材料 委托人 经办人 身份证明 第二十八条 监管部门 收到 撤销 商品房 监管 账户 申请 应当 工作日内 作出 答复 符合 撤销 条件 监管部门 九江市 商品房 预售 资金 撤销 监管 申请表 签章 出具 撤销 预售 资金 监管 专用 存款 账户 通知单 开发 企业 持申 请表 通知单 合作 银行 办理 解除 监管 账户 手续 合作 银行 办理 结算 手续 注销 商品房 预售 资金 监管 专用 存款 账户 符合 撤销 条件 资金 监管部门 应当 书面通知 开发 企业 说明 理由 第二十九条 监管部门 应当 建立 商品房 预售 资金 监管 信息系统 预售 资金 监管 专用 存款 账户 及其 资金 实行 动态 管理 第三十条 合作 银行 及其 工作人员 承担 违反 办法 规定 监管 协议 约定 责任 第三十一条 监理 单位 提供 虚假 施工进度 证明 致使 开发 企业 超前 超额 支取 商品房 预售 造成 工程 无法 按期 竣工 承担 由此 产生 责任 相关 部门 依法 给予 行政处罚 第三十二条 监管部门 工作人员 商品房 预售 资金 监管 工作 中有 徇私舞弊 玩忽职守 滥用职权 索贿受贿 行为 视其 情节 轻重 依法 给予 行政处分 构成犯罪 移送 司法机关 依法追究 刑事责任 第三十三条 商品房 预售 资金 监管 参照 办法 执行 第三十四条 办法 公布 之日起 施行 第一条 规范 九江市 中心 城区 商品房 预售 资金 监督管理 维护 商品房 交易 当事人 合法权益 确保 商品房 预售 资金 用于 商品房 项目 建设 根据 中华人民共和国 城市 房地产 管理法 城市 商品房 预售 管理 办法 住房 城乡 建设部 关于 进一步 加强 房地产 市场监管 完善 商品 住房 预售 制度 有关 问题 通知 结合 九江市 实际 制定 办法 第二条 办法 适用 九江市 中心 城区 范围 办理 预售 许可 商品房 预售 资金 收存 支取 使用 监管 第三条 本市 商品房 预售 资金 监管 遵循 多方 监督 专户 专存 专款专用 原则 第四条 办法 商品房 预售 资金 房地产 开发 企业 以下 简称 开发 企业 出售 在建 商品房 按照 商品房 买卖合同 约定 收取 全部 房价 包括 定金 首付款 预付款 预售 商品房 按揭 贷款 各种 款项 第五条 商品房 预售 资金 必须 用于 商品房 项目 建设 包括 购置 必需 建筑材料 设备 支付 项目 主体 配套 设施 建设 工程款 项目 抵押 贷款 本息 税费 第六条 商品房 预售 资金 监管 期限 核发 商品房 预售 许可证 之日起 至该 商品房 项目 取得 房屋 建设工程 市政 基础设施 工程 竣工 验收 备案 之日止 第七条 九江市 住房 保障 房产 管理局 商品房 预售 资金 监管部门 负责 办法 组织 实施 第八条 中国 银行业 监督管理 委员会 九江 监管 分局 以下 简称 银监局 九江市 银行业 金融机构 监督管理 机构 负责 每年 年底 九江市 住房 保障 房产 管理局 提供 本市 行政 辖区 从业 银行业 金融机构 名单 商品房 预售 资金 监管 账户 开立 使用 变更 撤销 遵循 银行 结算 账户 管理 相关 法律法规 规章制度 第九条 商品房 预售 资金 监管 专用 存款 账户 开户 合作 商业银行 应当 按照 办法 规定 协议 约定 协同 做好 商品房 预售 资金 监管 工作 第十条 开发 企业 不得 任何 方式 直接 收存 买受人 支付 房价 第十一条 开发 企业 申请 商品房 预售 许可证 应当 选择 银行业 金融机构 以下 简称 合作 银行 监管部门 合作 银行 签订 相关 监管 协议 第十二条 一个 商品房 开发 项目 原则上 只能 开设 一个 商品房 预售 资金 监管 专用 存款 账户 以下 监管 账户 开发 企业 多个 项目 应当 开发 项目 分别 开设 监管 账户 具体实施 开发 企业 按照 一个 商品房 预售 许可 申请 对应 一个 监管 账户 商品房 预售 许可证 批次 开立 监管 账户 第十三条 申请 开立 监管 账户 操作 流程 申请 开发 企业 九江市 住房 保障 房产 管理局 官网 下载 打印 九江市 商品房 预售 资金 监管 账户 开立 申请表 填写 完成 提交 监管部门 要件 提交 开发 企业 开设 监管 账户 时须 监管部门 提交 下列 资料 营业执照 资质证书 预售 方案 委托书 经办人 身份证明 其他 资料 以上 资料 审核 原件 留存 复印件 复印件 加盖 企业 公章 审核 监管部门 受理 申请 工作日 完成 审核 审核 通过 开发 企业 出具 九江市 商品房 预售 资金 监管 账户 开户 通知书 账户 开立 开发 企业 九江市 商品房 预售 资金 监管 账户 开户 通知书 合作 银行 开立 监管 账户 监管 账户 名称 开发 企业 名称 项目名称 含楼 组成 账户 预留 银行 印章 监管 账户 名称 一致 监管 账户 专用 账户 仅限 监管 项目 预售 资金 收存 拨付 使用 不得 办理 现金 支取 监管 账户 一经 开立 合作 银行 不得 发放 开发 贷款 或者 购房 贷款 理由 要求 开发 企业 更换 监管 账户 第十四条 开发 企业 开立 监管 账户 九江市 住房 保障 房产 管理局 官网 下载 打印 九江市 中心 城区 商品房 预售 资金 监管 协议书 以下 简称 监管 协议 开发 企业 合作 银行 盖章 开发 企业 相关 资料 报送 监管部门 签订 三方 监管 协议 签订 监管 协议 开发 企业 应当 监管部门 提交 以下 材料 商品房 开发 项目 立项 批复 商品住宅 成本 公示 预售 资金 使用 计划 监管 协议 要求 提供 其他 资料 第十五条 商品房 预售 资金 监管 账户 设立 特殊 情况 确需 变更 应当 征得 合作 银行 监管部门 书面 同意 开发 企业 申请 变更 监管 账户 应当 提交 以下 资料 九江市 商品房 预售 资金 监管 账户 变更 申请表 监管 账户 开户 通知书 监管 账户 开户 证明 开户行 出具 同意 变更 监管 账户 证明文件 营业执照 委托书 经办人 身份证明 监管部门 受理 监管 账户 变更 申请 工作日内 完成 审核 审核 通过 监管部门 出具 九江市 商品房 预售 资金 监管 账户 变更 通知书 开发 企业 持该 通知书 相关 合作 银行 办理 变更 手续 签订 监管 协议 开发 企业 应当 交回 监管 协议 原件 解除 监管 协议 重新 签订 三方 监管 协议 变更 期间 监管 账户 范围 商品房 不得 销售 直至 银行 监管 账户 设立 监管 帐户 结余 资金 转入 合作 银行 监管 帐户 第十六条 开发 企业 预售 商品房 应当 预售 资金 合作 银行 监管 账户 信息 售楼部 醒目 位置 公示 商品房 买卖合同 载明 第十七条 开发 企业 办理 商品房 买卖合同 登记 备案 应当 提交 房价 存入 监管 账户 银行 凭证 第十八条 预售 资金 收缴 入帐 开发 企业 应当 协助 购房人 选择 以下 方式 商品房 预售 资金 全部 存入 监管 账户 购房人 依据 商品房 买卖合同 注明 合作 银行 帐户 直接 合作 银行 柜台 购房款 交入 监管 账户 开发 企业 依据 银行 出具 交款 凭证 购房人 换领 相关 票据 购房人 通过 专用 购房款 直接 交入 监管 账户 开发 企业 依据 专用 签单 购房人 换领 购房 相关 票据 买受人 申请 购房 贷款 贷款 银行 住房 公积金 管理机构 应当 贷款 发放 相应 监管 账户 开发 项目 贷款 资金 应当 存入 监管 账户 第十九条 开发 企业 使用 商品房 预售 资金 应当 资金 监管部门 提出 用款 申请 提交 以下 材料 九江市 商品房 预售 资金 使用 申请 备案 九江市 商品房 预售 签约 明细表 江西省 房地产 开发 项目 手册 用款 计划 九江市 商品房 预售 资金 使用 计划表 合作 银行 出具 监管 账户 余额 账单 监管 账户 明细 余额 首次 用款 每次 申请 用款 应当 提交 一次 申请 用款 事项 收款 票据 委托人 经办人 身份证明 第二十条 监管 资金 起付 预售 资金 进入 监管 账户 达到 发生 预售证 批次 核算 投资额 备注 资金 具体 数额 监管部门 三方 协议 明确 开发 企业 可以 申请 使用 监管 资金 第二十一条 监管 资金 使用 按照 形象 进度 定期 申请 相结合 原则 划转 拨付 开发 企业 申请 使用 监管 范围 预售 资金 每月 日前 用款 计划 分别 监管部门 合作 银行 备案 填写 九江市 商品房 预售 资金 使用 申请 备案 监管部门 查看 项目 工程 形象 进度 楼层 符合 使用 条件 九江市 商品房 预售 资金 使用 申请 备案 签署 意见 符合条件 应当 书面通知 开发 企业 说明 理由 开发 企业 备案 表到 合作 银行 办理 划拨 手续 每笔 监管 资金 划转 拨付 预售 款到 高于 标准 进行 第二十二条 监管部门 应当 定期 不定期 项目 工程 形象 部位 进行 现场 查勘 特别 开发 企业 申请 预售 资金 监管 账户 设立 申请 使用 预售 资金 监管部门 应当 严格管理 查勘 资料 档案 必要 保存 查勘 纪录 施工进度 照片 相关 资料 第二十三条 保证 开发 企业 正常 开展业务 开发 企业 可以 资金 监管部门 申请 一定 额度 资金 作为 备用金 用以 支付 经常性 小额 开支 额度 不得 超过 收存 预售 资金 余额 备用金 不得 挪作他用 需要 补充 备用金 开发 企业 应当 监管部门 申请 提供 使用 备用金 用途 证明 第二十四条 监管 项目 取得 房屋 建设工程 市政 基础设施 工程 竣工 验收 备案 监管 账户 资金 余额 不得 低于 项目 预售证 批次 核算 投资额 第二十五条 开发 企业 按规定 使用 商品房 预售 资金 下列 行为 之一 按照 三方 协议 约定 暂停 监管 资金 拨付 逾期 不改 监管部门 停止 项目 商品房 预售 网上 签约 资格 按照 城市 商品房 预售 管理 办法 第十四条 规定 进行 处罚 计入 开发 企业信用 档案 社会 公示 同时 计入 人民银行 中小企业 信用 信息 数据库 按规定 商品房 预售 资金 存入 监管 账户 收取 其他 款项 为名 变相 逃避 监管 提供 虚假 资料 骗取 商品房 预售 资金 核准 项目 用款 计划 使用 商品房 预售 资金 违法 违规行为 致使 预售 商品房 项目 停工 预售 商品房 项目 存在 严重 质量 问题 其他 应当 使用 商品房 预售 资金 情形 第二十六条 退款 处理 开发 企业 购房人 达成 退房 退款 协议 开发 企业 监管部门 提交 九江市 商品房 预售 监管 资金 退款 申请书 九江市 商品房 预售 监管 资金 监管 账户 退房 退款 申请表 申请 解除 退款 部分 监管 监管部门 通过 商品房 买卖合同 备案 系统 核查 工作日内 出具 九江市 商品房 预售 监管 资金 退款 通知书 通知 合作 银行 转拨 第二十七条 开发 企业 项目 取得 房屋 建设工程 市政 基础设施 工程 竣工 验收 备案 及时 申请 撤销 监管 账户 监管 开发 企业 申请 办理 解除 监管 应当 提交 以下 资料 九江市 商品房 预售 资金 撤销 监管 申请 备案 房屋建筑 工程 市政 基础设施 工程 竣工 验收 备案 监管 账户 明细 余额 建设 工程款 支付 情况 证明 材料 委托人 经办人 身份证明 第二十八条 监管部门 收到 撤销 商品房 监管 账户 申请 应当 工作日内 作出 答复 符合 撤销 条件 监管部门 九江市 商品房 预售 资金 撤销 监管 申请表 签章 出具 撤销 预售 资金 监管 专用 存款 账户 通知单 开发 企业 持申 请表 通知单 合作 银行 办理 解除 监管 账户 手续 合作 银行 办理 结算 手续 注销 商品房 预售 资金 监管 专用 存款 账户 符合 撤销 条件 资金 监管部门 应当 书面通知 开发 企业 说明 理由 第二十九条 监管部门 应当 建立 商品房 预售 资金 监管 信息系统 预售 资金 监管 专用 存款 账户 及其 资金 实行 动态 管理 第三十条 合作 银行 及其 工作人员 承担 违反 办法 规定 监管 协议 约定 责任 第三十一条 监理 单位 提供 虚假 施工进度 证明 致使 开发 企业 超前 超额 支取 商品房 预售 造成 工程 无法 按期 竣工 承担 由此 产生 责任 相关 部门 依法 给予 行政处罚 第三十二条 监管部门 工作人员 商品房 预售 资金 监管 工作 中有 徇私舞弊 玩忽职守 滥用职权 索贿受贿 行为 视其 情节 轻重 依法 给予 行政处分 构成犯罪 移送 司法机关 依法追究 刑事责任 第三十三条 商品房 预售 资金 监管 参照 办法 执行 第三十四条 办法 公布 之日起 施行 九江市 住房 保障 房产 管理局 各县 人民政府 庐山管理局 九江 经济 技术开发区 管委会 云居山 柘林 风景 名胜区 管委会 市政府 部门 市直 驻市 单位 贯彻落实 国务院办公厅 关于 促进 房地产 市场 平稳 健康 发展 通知 国办发 国务院 关于 坚决 遏制 部分 城市 房价 过快 上涨 通知 关于 进一步 加强 房地产 市场监管 完善 商品 住房 预售 制度 有关 问题 通知 建房 文件精神 进一步 加强 我市 房地产 市场监管 规范 房地产 市场 销售 秩序 市政府 研究 有关 事项 通知 如下 进一步 加强 商品 住房 预售 许可 审批 管理 严格 商品房 预售 审批 管理 达到 预售 条件 商品 住房 项目 应立即 房管 部门 办理 商品房 预售 许可 符合 预售 条件 及时 办理 预售 许可 项目 提前 房管 部门 申报 执行 现房 销售 方案 批准 现房 销售 原则上 不得 改为 预售 确定 商品房 预售 许可 最低 规模 市中心 城区 商品房 项目 开发 规模 大于 预售 许可 申请 最低 规模 符合 预售 申报 条件 一次性 全部 申报 预售 许可 不得 分批 分栋 分层 单元 办理 预售 许可 项目 开发 规模 小于 一次性 全部 申报 预售 许可 各县 根据 实际 情况 确定 商品房 预售 许可 最低 规模 强化 商品 住房 预售 方案 管理 房地产 开发 企业 必须 国家 规定 制定 商品房 预售 方案 否则 不得 批准 商品房 预售 预售 方案 包括 项目 基本 情况 建设 进度 安排 预售 房屋 套数 面积 预测 分摊 情况 公共 部位 公共设施 具体 范围 预售 价格 预售 资金 监管 落实 情况 住房 质量 责任 承担 主体 承担 方式 住房 能源消耗 指标 节能 措施 商品房 预售 方案 主要 内容 发生 变更 必须 房管 部门 备案 公示 进一步 加强 商品房 预售 市场监管 取得 预售 许可 商品 住房 项目 必须 日内 一次性 公开 出售 全部 售房 不准 分批 销售 批准 预售 商品 住房 项目 必须 公示 每套 准售 房屋 价格 售楼部 显著 位置 公示 批准 预售 商品 住房 项目 严格 按照 申报 价格 明码标价 对外 销售 同一时间 批准 预售 商品 住房 项目 不准 分段 调价 加强 开发 企业 商品房 预订 经营 行为 管理 开发 企业 从事 商品房 预定 经营 行为 必须 取得 商品房 预售 许可证 确定 商品房 预定 行为 必须 预定 身份证 复印件 预定 协议 定金 收据 交款 凭证 资料 同一 售房 预订 次数 不得 超过 商品房 预定 活动 必须 当地 住宅 房地产 信息网 同步进行 严格 预售 商品 住房 退房 管理 购房人 预订 商品 住房 规定 时间 签订 预售 合同 开发 企业 解除 预订 解除 房源 应当 公开 销售 签订 商品 住房 买卖合同 网上 备案 双方 协商一致 解除合同 双方 递交 申请 说明 理由 所退 房源 应当 公开 销售 实行 商品房 预售 资金 监管 制度 房管 部门 加快 制定 地区 商品 住房 预售 资金 监管 办法 实施细则 组织 实施 商品 住房 预售 资金 全部 纳入 监管 账户 监管 机构 负责 监管 确保 预售 资金 用于 商品 住房 项目 工程建设 预售 资金 建设 进度 进行 核拨 必须 留有 足够 资金 保证 建设工程 竣工 交付 全面 开展 预售 商品房 项目 清理 房管 部门 牵头 相关 部门 参与 所有 在建 商品房 项目 进行 一次 全面 清理 整顿 取得 预售 许可 商品房 项目 达到 申请 预售 许可 情况 进行 逐一 排查 准确 掌握 预售 商品房 数量 正在 预售 商品房 数量 尚未 开盘 商品房 数量 达到 申请 预售 条件 申请 预售 许可 商品房 数量 情况 清理 情况 公开 发布 尚未 开盘 商品房 项目 责成 房地产 开发 企业 限期 公开 销售 达到 申请 预售 许可 条件 申请 预售 许可 督促 房地产 开发 企业 限期 申请 否则 视为 申请 现房 销售 加强 房地产 预售 广告 促销 活动 管理 宣传 房管 工商 部门 密切配合 严格 按照 房地产 广告 发布 暂行规定 文件 规定 联合 出台 相关 房地产 广告 管理 细则 加强 房地产 广告 特别 预售 广告 管理 严格 审查 广告 发布 内容 坚决 制止 取得 商品房 预售 许可证 刊登 商品房 预售 变相 内部 认购 内部 认定 内部 登记 方法 刊登 预售 广告 以及 广告 内容 项目 实际 不符 虚假 宣传 行为 取得 预售 许可证 商品 住房 项目 开发 企业 不得 参加 任何 展销 活动 坚决 查处 开发 企业 取得 商品房 预售 许可证 情况 组织 商品 住房 预售 有关 各种 促销 经营 行为 特别 通过 各种 方式 积累 客户 造成 项目 销售 紧张 促销 经营 行为 严肃查处 商品房 销售 过程 违规行为 房管 部门 相关 部门 通过 警告 责令 限期 整改 暂停 审批 暂停 预售 暂停 参加 土地 竞买 媒体 曝光 经济 处罚 直至 取消 开发 企业资质 有力 措施 严肃查处 以下 违法 违规 经营 行为 规范 我市 商品房 销售 秩序 开发 企业 取得 商品房 预售 许可证 认购 预订 排号 发放 方式 买受人 收取 变相 收取 定金 预定 性质 费用 取得 商品房 预售 许可证 规定 时间 对外 公开 销售 全部 售房 对外 公开 销售 以及 办理 同一 商品房 预售 许可证 分批 销售 分段 调价 擅自改变 商品房 预售 方案 申报 价格 明码标价 销售 违规 预定 商品 住房 故意 采取 畸高 价格 销售 通过 签订 虚假 商品 住房 买卖合同 方式 人为 制造 房源 紧张 违规 发布 宣传 广告 虚假 宣传 行为 其他 违法 违规 经营 行为 退房 率高 价格 异常 以及 消费者 投诉 集中 项目 房管 部门 重点 核查 违法 违规行为 重点 查处 进一步 健全 房地产 信息 公开 机制 加强 市场 透明度 房管 部门 进一步 加强 完善 房地产 市场 信息系统 建设 及时 准确 地向 社会 公布 市场 信息 落实 监督管理 责任 进一步 强化 房地产 主管部门 管理 职能 加强 房地产 市场 执法 队伍 建设 健全 商品房 市场动态 监管 定期 现场 巡检 制度 重视 支持 舆论监督 畅通 信访 举报 渠道 宣传 房产 建设 规划 国土 城管 执法 工商 部门 加强 协作 密切配合 认真 履职 建立 信息 共享 情况通报 以及 违法 违规行为 查处 联动机制 通知 公布 之日起 执行 根据 中华人民共和国 城市 房地产 管理法 第四十四条 规定 商品房 预售 应当 符合 下列 条件 交付 全部 土地 使用权 出让金 取得 土地 使用权 证书 持有 建设工程 规划 许可证 提供 预售 商品房 计算 投入 开发 建设 资金 达到 工程建设 投资 百分之二十五 以上 已经 确定 施工进度 竣工 交付 日期 县级 以上 人民政府 房产 管理 部门 办理 预售 登记 取得 商品房 预售 许可证 商品房 预售 应当 按照 国家有关 规定 预售 合同 县级 以上 人民政府 房产 管理 部门 土地 管理 部门 登记 备案 商品房 预售 所得 款项 必须 用于 有关 工程建设,6.423386721381466,9.356894370695171,3.816666666666666,6.683333333333334,8624,22.4,27.14166666666667,1724.8,0.0,100.266936,1724.8,0.0,4,3,0.008625,1.0,主体,15.0,15.0,0.0,,1.0,装修,15.0,17.0,0.0,,1.0,竣备,15.0,25.0,0.0,,1.0,确权,15.0,39.0,0.0,,,,,,,,2,5,100.266936
五指山,五指山,Wuzhishan-3,approved construction cost,with multiplier or floor,successive inspection stages,找不到/未明确,specified but count unavailable,other / unclear,False,False,,,,not explicitly countable from retained excerpt,not explicitly parseable from retained excerpt,not explicitly parseable from retained excerpt,监管额度和拨付节点 | 监管账户内的资金达到监管额度后，超出部分可由开发企业自行提取使用 | 完成房屋所有权首次登记后终止,True,policy_identification_filled.xlsx,City_audit,4stage_Ncost,4,4,stage_1|stage_2|stage_3|stage_4,主体|装修|竣备|确权,主体|装修|竣备|确权,complete_named_milestones,stage_1,stage_4,4,0.3,0.1,cumulative_same_denominator_stage_shares,terminal_stage_share:monthly_revenue_stage_ratio,expert_calibrated_operational_proxy_pending_source_mapping,monthly-revenue stage ratio or within-cohort amount share; not automatically a policy percentage,external/Modelling Dep/41_Cities_Dep/city_catalog.json,data/pmc_data.xlsx,dep-operational-h1-v1,Wuzhishan-3,2022,三线,五指山,Hainan,"

索  引 号：00817379-0/2022-16407主题分类：
发文机关：省住房和城乡建设厅成文日期：2022-09-26 17:38
标       题：关于印发《海南省商品房预售资金监管办法》的通知 
文       号：发布日期： 2022-09-26 17:38

时  效 性：有效
海南省住房和城乡建设厅
中国人民银行海口中心支行
中国银行保险监督管理委员会海南监管局
关于印发《海南省商品房预售资金监管办法》的通知 
各市、县、自治县人民政府，省直各有关部门，各有关单位：
经省政府同意，现将《海南省商品房预售资金监管办法》印发给你们，请认真贯彻执行。
附件：海南省商品房预售资金三方监管协议参考文本
海南省住房和城乡建设厅  中国人民银行海口中心支行 
中国银行保险监督管理委员会海南监管局
2022年9月26日
（此件主动公开）
海南省商品房预售资金监管办法
第一章 总 则
第一条 为规范我省商品房预售资金(以下简称预售资金)的监督管理，保障房地产项目竣工交付，维护购房人合法权益，促进房地产市场平稳健康发展，根据《中华人民共和国城市房地产管理法》、《城市商品房预售管理办法》、《住房和城乡建设部 人民银行 银保监会关于规范商品房预售资金监管的意见》等有关规定，结合我省实际，制定本办法。
第二条 凡在我省行政区域内申请商品房预售许可的项目，其预售资金的收存、使用及监督管理，适用本办法。
第三条 我省预售资金的监督管理遵循专户存储、专款专用、全程监管、节点控制、多方监督的原则。
第四条 本办法所称预售资金，是指预售商品房的房地产开发企业(以下简称开发企业)依法将其开发的商品房出售，由购房人缴交的定金、首付款、住房公积金贷款、商业银行发放的按揭贷款和其他形式的购房款等各种款项。
第五条 预售资金监管期限自项目核发《商品房预售许可证》开始，至项目完成房屋所有权首次登记后终止。
第六条 省住房和城乡建设厅负责指导全省预售资金的收存、使用工作。人民银行分支机构指导商业银行做好监管账户管理工作。银保监部门负责对商业银行预售资金监管的操作风险和合规性进行监督检查。商业银行按照监管协议做好监管账户监控和拨付工作，并定期与市、县、自治县住房和城乡建设部门（以下称市县住建部门）对账，对发现的违法违规行为及时向市县住建部门反馈。
市县住建部门履行辖区内预售资金监管职责。具体为：
（一）会同本辖区内的人民银行分支机构、银保监部门通过公开招标方式，确定能够承接商品房预售资金监管业务的商业银行。
（二）制定本市县监管实施细则和三方监管协议文本。
（三）合理确定监管额度和拨付节点。
（四）与开发企业、商业银行共同签订预售资金三方监管协议（以下称监管协议），受理开发企业使用预售资金申请，出具审核意见。
（五）定期巡查预售项目，对开发企业管理使用预售资金的行为进行监督检查。
（六）受理预售资金收存、使用中违法违规行为的投诉，对预售资金监管相关矛盾纠纷进行调处化解。
（七）本办法规定的其他有关工作。
第二章 一般规定
第七条 市县住建部门会同属地人民银行分支机构、银保监部门通过公开招标方式，综合商业银行资信状况、监管能力、服务水平等因素，确定能够承接商品房预售资金监管业务的商业银行，并通过市县住建部门门户网站予以公示，开发企业应从公示的名单中选择商业银行作为监管银行。
第八条 开发企业在申请办理《商品房预售许可证》前，按一次预售许可开设一个监管账户的原则，与市县住建部门和监管银行签订监管协议，明确预售资金收存和使用方式、监管额度、违约责任等，监管协议主要内容要在预售方案中予以明确，并通过附件方式在《商品房买卖合同》中予以体现。
监管账户应当在《商品房预售许可证》《商品房买卖合同》上载明，并在商品房销售现场显著位置，以及所在市县住建部门的门户网站进行公示。
监管账户一经设立，原则上不得随意变更；确需变更的，应由市县住建部门、开发企业、监管银行三方协商同意后解除原监管协议，重新签订新的监管协议，并在5个工作日内将原监管账户中的预售资金全部转入变更后的监管账户。账户变更期间，原监管账户范围内的商品房暂停销售。
第九条 商品房预售资金应全部直接存入监管账户进行监管，开发企业不得直接收取或另设账户收存购房人的购房款。省住房和城乡建设厅建立健全房产管理信息系统，市县住建部门在办理房屋交易合同网签备案时，需确认商品房预售资金已按要求同步存入监管账户。
第十条 商品房预售资金实行全程监管，确保专款专用，对用于支付工程建设等费用的预售资金要实施重点监管，市县住建部门要根据商品房项目建设工程造价、施工合同金额以及项目交付使用条件等因素合理确定监管额度，并在监管协议中予以明确。
监管账户监管额度内的资金只能用于购买该项目建设必需的建筑材料、设备和支付施工进度款等相关支出。监管额度内的资金应按照工程进度予以拨付，首次拨付节点不得早于地下结构完成，最后拨付节点为项目完成房屋所有权首次登记。各市县住建部门可根据主体分部验收、装修分部验收、竣工验收、联合验收、房屋所有权首次登记等环节具体确定资金拨付节点以及相应的资金余额要求。
开发企业申请支取监管额度内的预售资金，须经所在市县住建部门核实同意。监管账户内的资金达到监管额度后，超出部分可由开发企业自行提取使用。监管额度内的资金，在解除预售资金监管前，监管银行不得擅自划扣。商品房预售资金监管账户不得开通网上银行功能和自动扣款等转账业务。设立子公司的房地产开发企业，集团公司不得抽调。
第十一条 各市县住建部门应建立商品房预售资金分类监管机制。对合法依规经营，一定年限内未受到房地产市场监管部门行政处罚,且未发生监管账户被采取冻结、划拨、税收保全措施或强制执行措施、拖欠工程款和拖欠农民工工资等情况的开发企业,可申请以提交符合要求的银行保函等方式替代一定额度的预售资金监管。各市县住建部门可根据全省住房和城乡建设领域信用体系建设情况，强化信用评价结果共享应用，根据开发企业信用等级和保函情况，适当降低或上浮预售资金的监管额度。
第三章 预售资金收存和使用管理
第十二条 由购房人缴交的定金、首付款、住房公积金贷款、商业银行发放的按揭贷款和其他形式的购房款存入相应的监管账户后，开发企业凭相应的监管账户缴款回单，为购房人开具售房发票。购房人按揭贷款购买商品房的，其按揭贷款由贷款银行按开发企业提供的监管账户直接划入。
开发企业不得向购房人以集资、借款、会员费、工程抵押等形式变相预售商品房，逃避资金监管。
第十三条 开发企业应按照监管协议所确定的资金使用节点向市县住建部门提出使用预售资金申请，并提交相应材料：
（一）商品房预售资金使用申请书。
（二）用于支付工程款的，提供工程建设合同及工程监理机构出具的施工进度资料及影像资料。
（三）用于支付工程建设所需的建筑材料、设备款项的，提供与供应商签订的购销合同。
（四）用于支付工程监理或其他行政事业性收费的，提供合同或缴费通知。
（五）其他应当提供的材料。
首次拨付款后，每次申请拨款时还应当提交上一次申请用款事项的转款回单。如支付工程款的，则需提交监理单位对相应款项使用情况的证明材料。
第十四条 在销售中若发生退款的，开发企业可以向市县住建部门申请解除退款部分的监管，市县住建部门应在3个工作日内核实，书面通知监管银行。
第十五条 市县住建部门受理开发企业使用商品房预售资金的申请后，应严格依据本办法相关规定进行审核，需要确认开发项目建设进度的，应结合工程进度资料现场核查或通过信息系统比对，审核工作不得超过3个工作日。
第十六条 监管银行收到市县住建部门同意拨付意见后，应在2个工作日内将资金拨付给与开发企业签订合同的相关当事人或单位。商业银行违反监管协议，未经所在市县住建部门核实同意，擅自拨付监管额度内资金的，应当负责追回资金，无法追回的依法承担相应赔偿责任。
第十七条 开发企业办理完成项目房屋所有权首次登记后，可以凭相关证明文件向市县住建部门申请解除预售资金监管。市县住建部门应在5个工作日内核实，出具解除预售资金监管证明，并书面通知开发企业和监管银行。开发企业和监管银行接到通知后，按规定办理解除预售资金监管手续。
第十八条 有下列情形之一的，市县住建部门可书面通知监管银行暂停拨付监管账户内的预售资金，并启动应急措施，协调相关部门监督监管账户内资金的使用：
（一）开发企业存在违法违规行为导致工程停工的。
（二）预售项目发生质量事故或存在严重质量问题的。
（三）预售项目未按期交付使用或存在不能按时交付风险的。
（四）项目存在违法违规建设和销售的。
（五）项目存在严重债务和劳务纠纷的。
（六）市县住建部门认定应当暂停拨付的其他情形。
开发企业侵害购房人权益，依法应给予赔偿的，应优先用超出项目监管额度以外的预售资金支付。
第十九条 市县住建部门要会同金融监管部门推动房屋网签备案系统和商业银行业务管理系统对接，加强数据共享，推进资金申请、审核、拨付“全程网办”，提高资金拨付效率。
第四章 监督管理
第二十条 监管银行应按月将预售资金收支等情况报送市县住建部门。市县住建部门应主动在部门门户系统公示监管协议、工程形象进度和预售资金收支情况等相关信息，方便购房人查询。
第二十一条 省住房和城乡建设厅和人行海口中心支行、海南银保监局根据各自的监管职责做好日常指导和监督检查工作。市县住建部门要定期巡查预售项目，发现项目收支存在异常情况的，责令开发企业限期改正。人行海口中心支行及属地市县支行、海南银保监局及其派出机构发现监管银行违规的，应当依法严肃处理。监管银行发现房地产开发企业存在违规挪用监管额度内资金问题的，应当停止拨付，并立即告知市县住建部门，市县住建部门要及时作出处理。
第二十二条 涉及人民法院保全、执行商品房预售资金的，按照《最高人民法院 住房和城乡建设部 中国人民银行关于规范人民法院保全执行措施确保商品房预售资金用于项目建设的通知》（法〔2022〕12号）有关要求执行。
第二十三条 开发企业有下列行为之一的，由市县住建部门责令其限期改正，整改期间开发企业不得申请拨付预售资金：
（一）未按本办法规定收存、使用预售资金的。
（二）提供虚假证明材料申请使用预售资金的。
（三）以收取其他款项为名变相逃避监管的。
（四）其他违反预售资金监管规定的。
情节严重或拒不改正的,按照国家及我省诚信管理有关规定处理。违反相关法律、法规、规章规定的，依照有关规定处罚。
第二十四条 施工单位、监理单位提供虚假证明或采取其他方式协助开发企业违规支取预售资金的，由市县住建部门依法对相关责任单位和责任人予以处理。违反相关法律、法规、规章规定的，依照有关规定处罚。
第二十五条 监管银行违反规定或未按照商品房预售资金监管协议约定，擅自收存、管理以开发企业名义转入的资金，未按规定监控、反馈购房贷款入账情况，擅自拨付资金，或存在其他违规行为的，依法承担相应法律责任。
第二十六条 违反本办法规定，相关部门及其工作人员在预售资金监管工作中玩忽职守、滥用职权、徇私舞弊的，依法追究责任。
第五章 附则
第二十七条 各市县可结合本办法制定具体操作细则。
第二十八条 本办法的具体应用由省住房和城乡建设厅会同人行海口中心支行、海南银保监局负责解释。
第二十九条 本办法自2022年10月1日起施行。2013年11月15日海南省住房和建设厅 中国人民银行海口中心支行 中国银行业监督管理委员会海南监管局印发的《海南省商品房预售资金监管暂行办法》（琼建房〔2013〕237号）同时废止。
附件",主题 分类 发文 机关 住房 城乡 建设厅 成文 日期 关于 印发 海南省 商品房 预售 资金 监管 办法 通知 发布 日期 有效 海南省 住房 城乡 建设厅 中国人民银行 海口 中心 支行 中国银行 保险 监督管理 委员会 海南 监管局 关于 印发 海南省 商品房 预售 资金 监管 办法 通知 各市 自治县 人民政府 省直 有关 部门 有关 单位 省政府 同意 现将 海南省 商品房 预售 资金 监管 办法 印发 你们 认真贯彻 执行 附件 海南省 商品房 预售 资金 三方 监管 协议 参考 文本 海南省 住房 城乡 建设厅 中国人民银行 海口 中心 支行 中国银行 保险 监督管理 委员会 海南 监管局 此件 主动 公开 海南省 商品房 预售 资金 监管 办法 第一章 第一条 规范 我省 商品房 预售 资金 以下 简称 预售 资金 监督管理 保障 房地产 项目 竣工 交付 维护 购房人 合法权益 促进 房地产 市场 平稳 健康 发展 根据 中华人民共和国 城市 房地产 管理法 城市 商品房 预售 管理 办法 住房 城乡 建设部 人民银行 保监会 关于 规范 商品房 预售 资金 监管 意见 有关 规定 结合 我省 实际 制定 办法 第二条 我省 行政区域 申请 商品房 预售 许可 项目 预售 资金 收存 使用 监督管理 适用 办法 第三条 我省 预售 资金 监督管理 遵循 专户 存储 专款专用 全程 监管 节点 控制 多方 监督 原则 第四条 办法 预售 资金 预售 商品房 房地产 开发 企业 以下 简称 开发 企业 依法 开发 商品房 出售 购房人 缴交 定金 首付款 住房 公积金 贷款 商业银行 发放 按揭 贷款 其他 形式 购房款 各种 款项 第五条 预售 资金 监管 期限 项目 核发 商品房 预售 许可证 开始 项目 完成 房屋 所有权 首次 登记 终止 第六条 住房 城乡 建设厅 负责 指导 全省 预售 资金 收存 使用 工作 人民银行 分支机构 指导 商业银行 做好 监管 账户 管理工作 银保监 部门 负责 商业银行 预售 资金 监管 操作 风险 合规性 进行 监督 检查 商业银行 按照 监管 协议 做好 监管 账户 监控 拨付 工作 定期 自治县 住房 城乡建设 部门 以下 市县 住建 部门 对账 发现 违法 违规行为 及时 市县 住建 部门 反馈 市县 住建 部门 履行 辖区 预售 资金 监管 职责 具体 会同 辖区 人民银行 分支机构 银保监 部门 通过 公开招标 方式 确定 能够 承接 商品房 预售 资金 监管 业务 商业银行 制定 本市 监管 实施细则 三方 监管 协议 文本 合理 确定 监管 额度 拨付 节点 开发 企业 商业银行 共同 签订 预售 资金 三方 监管 协议 以下 监管 协议 受理 开发 企业 使用 预售 资金 申请 出具 审核 意见 定期 巡查 预售 项目 开发 企业 管理 使用 预售 资金 行为 进行 监督 检查 受理 预售 资金 收存 使用 违法 违规行为 投诉 预售 资金 监管 相关 矛盾 纠纷 进行 调处 化解 办法 规定 其他 有关 工作 第二章 一般 规定 第七条 市县 住建 部门 会同 属地 人民银行 分支机构 银保监 部门 通过 公开招标 方式 综合 商业银行 资信 状况 监管 能力 服务水平 因素 确定 能够 承接 商品房 预售 资金 监管 业务 商业银行 通过 市县 住建 部门 门户网站 予以 公示 开发 企业 应从 公示 名单 选择 商业银行 作为 监管 银行 第八条 开发 企业 申请 办理 商品房 预售 许可证 一次 预售 许可 开设 一个 监管 账户 原则 市县 住建 部门 监管 银行 签订 监管 协议 明确 预售 资金 收存 使用 方式 监管 额度 违约责任 监管 协议 主要 内容 预售 方案 予以 明确 通过 附件 方式 商品房 买卖合同 予以 体现 监管 账户 应当 商品房 预售 许可证 商品房 买卖合同 载明 商品房 销售 现场 显著 位置 以及 所在 市县 住建 部门 门户网站 进行 公示 监管 账户 一经 设立 原则上 不得 随意 变更 确需 变更 应由 市县 住建 部门 开发 企业 监管 银行 三方 协商 同意 解除 监管 协议 重新 签订 监管 协议 工作日内 监管 账户 预售 资金 全部 转入 变更 监管 账户 账户 变更 期间 监管 账户 范围 商品房 暂停 销售 第九条 商品房 预售 资金 全部 直接 存入 监管 账户 进行 监管 开发 企业 不得 直接 收取 另设 账户 收存 购房人 购房款 住房 城乡 建设厅 建立健全 房产 管理信息系统 市县 住建 部门 办理 房屋交易 合同 网签 备案 确认 商品房 预售 资金 要求 同步 存入 监管 账户 第十条 商品房 预售 资金 实行 全程 监管 确保 专款专用 用于 支付 工程建设 费用 预售 资金 实施 重点 监管 市县 住建 部门 根据 商品房 项目 建设 工程造价 施工 合同 金额 以及 项目 交付使用 条件 因素 合理 确定 监管 额度 监管 协议 予以 明确 监管 账户 监管 额度 资金 只能 用于 购买 项目 建设 必需 建筑材料 设备 支付 施工进度 相关 支出 监管 额度 资金 按照 工程进度 予以 拨付 首次 拨付 节点 不得 地下 结构 完成 最后 拨付 节点 项目 完成 房屋 所有权 首次 登记 各市县 住建 部门 根据 主体 分部 验收 装修 分部 验收 竣工 验收 联合 验收 房屋 所有权 首次 登记 环节 具体 确定 资金 拨付 节点 以及 相应 资金 余额 要求 开发 企业 申请 支取 监管 额度 预售 资金 所在 市县 住建 部门 核实 同意 监管 账户 资金 达到 监管 额度 超出 部分 开发 企业 自行 提取 使用 监管 额度 资金 解除 预售 资金 监管 监管 银行 不得 擅自 划扣 商品房 预售 资金 监管 账户 不得 开通 网上银行 功能 自动 扣款 转账 业务 设立 子公司 房地产 开发 企业 集团公司 不得 抽调 第十一条 各市县 住建 部门 建立 商品房 预售 资金 分类 监管 机制 合法 依规 经营 一定 年限 内未 受到 房地产 市场 监管部门 行政处罚 发生 监管 账户 采取 冻结 划拨 税收 保全 措施 强制执行 措施 拖欠 工程款 拖欠 农民工 工资 情况 开发 企业 申请 提交 符合要求 银行 保函 方式 替代 一定 额度 预售 资金 监管 各市县 住建 部门 根据 全省 住房 城乡建设 领域 信用 体系 建设 情况 强化 信用 评价 结果 共享 应用 根据 开发 企业 信用等级 保函 情况 适当 降低 上浮 预售 资金 监管 额度 第三章 预售 资金 收存 使用 管理 第十二条 购房人 缴交 定金 首付款 住房 公积金 贷款 商业银行 发放 按揭 贷款 其他 形式 购房款 存入 相应 监管 账户 开发 企业 相应 监管 账户 缴款 回单 购房人 开具 售房 发票 购房人 按揭 贷款 购买 商品房 按揭 贷款 贷款 银行 开发 企业 提供 监管 账户 直接 划入 开发 企业 不得 购房人 集资 借款 会员费 工程 抵押 形式 变相 预售 商品房 逃避 资金 监管 第十三条 开发 企业 按照 监管 协议 确定 资金 使用 节点 市县 住建 部门 提出 使用 预售 资金 申请 提交 相应 材料 商品房 预售 资金 使用 申请书 用于 支付 工程款 提供 工程建设 合同 工程 监理 机构 出具 施工进度 资料 影像 资料 用于 支付 工程建设 建筑材料 设备 款项 提供 供应商 签订 购销 合同 用于 支付 工程 监理 其他 行政 事业性 收费 提供 合同 缴费通知 其他 应当 提供 材料 首次 付款 每次 申请 拨款 应当 提交 一次 申请 用款 事项 转款 回单 支付 工程款 需提交 监理 单位 相应 款项 使用 情况 证明 材料 第十四条 销售 中若 发生 退款 开发 企业 可以 市县 住建 部门 申请 解除 退款 部分 监管 市县 住建 部门 工作日内 核实 书面通知 监管 银行 第十五条 市县 住建 部门 受理 开发 企业 使用 商品房 预售 资金 申请 严格 依据 办法 相关 规定 进行 审核 需要 确认 开发 项目 建设 进度 结合 工程进度 资料 现场 核查 通过 信息系统 审核 工作 不得 超过 工作日 第十六条 监管 银行 收到 市县 住建 部门 同意 拨付 意见 工作日内 资金 拨付 给与 开发 企业 签订合同 相关 当事人 单位 商业银行 违反 监管 协议 未经 所在 市县 住建 部门 核实 同意 擅自 拨付 监管 额度 资金 应当 负责 追回 资金 无法 追回 依法 承担 相应 赔偿 责任 第十七条 开发 企业 办理 完成 项目 房屋 所有权 首次 登记 可以 相关 证明文件 市县 住建 部门 申请 解除 预售 资金 监管 市县 住建 部门 工作日内 核实 出具 解除 预售 资金 监管 证明 书面通知 开发 企业 监管 银行 开发 企业 监管 银行 接到 通知 按规定 办理 解除 预售 资金 监管 手续 第十八条 下列 情形 之一 市县 住建 部门 书面通知 监管 银行 暂停 拨付 监管 账户 预售 资金 启动 应急 措施 协调 相关 部门 监督 监管 账户 资金 使用 开发 企业 存在 违法 违规行为 导致 工程 停工 预售 项目 发生 质量事故 存在 严重 质量 问题 预售 项目 按期 交付使用 存在 不能 按时 交付 风险 项目 存在 违法 违规 建设 销售 项目 存在 严重 债务 劳务 纠纷 市县 住建 部门 认定 应当 暂停 拨付 其他 情形 开发 企业 侵害 购房人 权益 依法 给予 赔偿 优先 超出 项目 监管 额度 以外 预售 资金 支付 第十九条 市县 住建 部门 会同 金融 监管部门 推动 房屋 网签 备案 系统 商业银行 业务 管理系统 对接 加强 数据共享 推进 资金 申请 审核 拨付 全程 网办 提高 资金 拨付 效率 第四章 监督管理 第二十条 监管 银行 预售 资金 收支 情况 报送 市县 住建 部门 市县 住建 部门 主动 部门 门户 系统 公示 监管 协议 工程 形象 进度 预售 资金 收支 情况 相关 信息 方便 购房人 查询 第二十一条 住房 城乡 建设厅 人行 海口 中心 支行 海南 保监局 根据 各自 监管 职责 做好 日常 指导 监督 检查 工作 市县 住建 部门 定期 巡查 预售 项目 发现 项目 收支 存在 异常情况 责令 开发 企业 限期 改正 人行 海口 中心 支行 属地 市县 支行 海南 保监局 及其 派出机构 发现 监管 银行 违规 应当 依法 严肃处理 监管 银行 发现 房地产 开发 企业 存在 违规 挪用 监管 额度 资金 问题 应当 停止 拨付 立即 告知 市县 住建 部门 市县 住建 部门 及时 作出 处理 第二十二条 涉及 人民法院 保全 执行 商品房 预售 资金 按照 最高人民法院 住房 城乡 建设部 中国人民银行 关于 规范 人民法院 保全 执行 措施 确保 商品房 预售 资金 用于 项目 建设 通知 有关 要求 执行 第二十三条 开发 企业 下列 行为 之一 市县 住建 部门 责令 限期 改正 整改 期间 开发 企业 不得 申请 拨付 预售 资金 按本 办法 规定 收存 使用 预售 资金 提供 虚假 证明 材料 申请 使用 预售 资金 收取 其他 款项 为名 变相 逃避 监管 其他 违反 预售 资金 监管 规定 情节严重 改正 按照 国家 我省 诚信 管理 有关 规定 处理 违反 相关 法律 法规 规章 规定 依照 有关 规定 处罚 第二十四条 施工单位 监理 单位 提供 虚假 证明 采取 其他 方式 协助 开发 企业 违规 支取 预售 资金 市县 住建 部门 依法 相关 责任 单位 责任人 予以 处理 违反 相关 法律 法规 规章 规定 依照 有关 规定 处罚 第二十五条 监管 银行 违反规定 按照 商品房 预售 资金 监管 协议 约定 擅自 收存 管理 开发 企业 名义 转入 资金 按规定 监控 反馈 购房 贷款 入账 情况 擅自 拨付 资金 存在 其他 违规行为 依法 承担 相应 法律责任 第二十六条 违反 办法 规定 相关 部门 及其 工作人员 预售 资金 监管 工作 玩忽职守 滥用职权 徇私舞弊 依法追究 责任 第五章 附则 第二十七条 各市县 结合 办法 制定 具体操作 细则 第二十八条 办法 具体 应用 由省 住房 城乡 建设厅 会同 人行 海口 中心 支行 海南 保监局 负责 解释 第二十九条 办法 日起 施行 海南省 住房 建设厅 中国人民银行 海口 中心 支行 中国 银行业 监督管理 委员会 海南 监管局 印发 海南省 商品房 预售 资金 监管 暂行办法 建房 同时 废止 附件,1.527694655660455,8.751276882629403,2.416666666666667,2.75,13585,318.7,27.14166666666667,289.8588013806087,273.4003661931818,14.88989743489175,2967.787878787879,21.08002272727274,4,3,0.008625,0.3,主体,19.0,19.0,6.465167684659091,4.737987012987015,0.3,装修,19.0,25.0,68.97119936079547,5.088636363636366,0.3,竣备,19.0,26.0,83.34137556818183,5.19253246753247,0.1,确权,19.0,38.0,114.6226235795455,7.452272727272729,,,,,,,3,4,14.88989743489175
佛山,佛山,Foshan-2,presale proceeds,,successive inspection stages,retained balance,specified but count unavailable,condition beyond first registration,False,True,,0.9,,not explicitly countable from retained excerpt,explicit percentage near 主体结构封顶; midpoint used for a stated range,not explicitly parseable from retained excerpt,"监管账户内的预售款不得低于项目销售总额的10% | 完成商品房首次登记前,监管账户内的预售款不得低于项目销售总额的1%",True,policy_identification_filled.xlsx,City_audit,5stage_Pcost,5,4,stage_1|stage_2|stage_3|stage_4|stage_5,阶段1|阶段2|竣备|阶段4|阶段5,阶段1|阶段2|竣备|阶段4,partial_named_milestones,,,4,,,not_estimable:topout_stage_name_unmapped,not_estimable:registration_stage_name_unmapped,expert_calibrated_operational_proxy_pending_source_mapping,monthly-revenue stage ratio or within-cohort amount share; not automatically a policy percentage,external/Modelling Dep/41_Cities_Dep/city_catalog.json,data/pmc_data.xlsx,dep-operational-h1-v1,Foshan-2,2020,二线,佛山,Guangdong,"为切实贯彻《中共中央国务院关于开展质量提升行动的指导意见》、《国务院办公厅关于大力发展装配式建筑的指导意见》、《中共广东省委广东省人民政府关于实施质量强省战略的决定》、《广东省人民政府办公厅关于大力发展装配式建筑的实施意见》、《广东省住房和城乡建设厅关于开展广东省工程质量提升行动的实施意见》等文件精神,大力发展装配式建筑,推动建造方式创新,确保我市建筑产业转型升级在新时代有新气象实现新作为,落实关于出台支持装配式建筑发展政策措施的要求,现在我市试行采用装配式建筑的商品房实施预售扶持措施,具体如下:
一、采用装配式建筑的商品房建设项目,由建设单位向市住房城乡建设局或项目属地区住房城乡建设和水利局提交装配式建筑认定申请,经专家评议符合“装配式建筑项目”后,适用本预售扶持政策。
二、被认(评)定为“装配式建筑项目”的商品房项目,可向属地区住房城乡建设和水利局申请下浮预售款各监管环节的留存额度,下浮幅度不超过50%。
本通知自2021年1月1日起施行,有效期为5年。
特此通知。
佛山市住房和城乡建设局
2020年12月21日



??经市政府同意,《佛山市商品房预售款监督管理实施办法》现予以印发,请认真贯彻执行。执行中遇到问题,请向市住建局反映。
??佛山市住房和城乡建设局
??2020年12月7日
佛山市商品房预售款监督管理实施办法
第一章 总 则
??第一条 为进一步完善商品房预售款的监督管理,维护商品房交易双方的合法权益,促进房地产市场健康发展,根据《中华人民共和国城市房地产管理法》《广东省商品房预售管理条例》《城市商品房预售管理办法》及有关法律、法规,结合本市实际,制定本办法。
??第二条 本市行政区域内按《广东省商品房预售管理条例》实施预售的商品房,其商品房预售款的收存、拨付、使用及监督管理,适用本办法。
??第三条 市房地产行政主管部门会同中国人民银行佛山市中心支行、中国银行保险监督管理委员会佛山监管分局共同制定商品房预售款监督管理政策。市房地产行政主管部门负责商品房预售款监管系统开发建设。
??市房地产交易管理机构负责商品房预售款监管系统日常管理、数据统计监测等工作。
??各区房地产行政主管部门负责辖区内商品房预售款政策的执行和预售款监督管理工作。
??各区房地产交易管理机构(以下简称“区交易管理机构”)负责管理辖区内商品房预售款的收存和使用。
??中国人民银行佛山市中心支行、中国银行保险监督管理委员会佛山监管分局依职能监督商业银行在预售款监督管理过程中的行为。
第二章 一般规定
??第四条 本办法所称的商品房预售款,是指预购人按照商品房买卖合同约定支付的定金、首付款、购房贷款以及其他形式的购房款。
??第五条 房地产开发企业在申请商品房预售许可前,应当在本市选定一家商业银行作为监管银行设立商品房预售款专用账户,可优先选择项目的开发贷款银行。
??一个商品房预售许可证对应一个监管账户。办理预售许可证后,监管银行原则上不得变更。
??第六条 存入监管账户的商品房预售款优先保障项目竣工。
??第七条 房地产开发企业应与监管银行、区交易管理机构签订商品房预售款三方协议。监管银行应当依照法律法规规定及本办法与协议约定内容做好预售款监督管理工作。协议内容应当包括监管账户名称、账号、监管的项目范围、预售款的使用节点、预售款的收存和使用方式、违约责任、争议解决方式。其他需要说明的情况应当另附书面说明。
??第八条 当商品房预售款进账额达到以下各阶段留存额度后,经区交易管理机构审批,房地产开发企业可以向监管银行申请,将超出部分转出监管账户:
??(一)项目达到预售条件的形象进度至主体结构封顶前,监管账户内的预售款不得低于项目销售总额的10%；
??(二)项目完成主体结构封顶至配套安装工程(基本水电工程)完成前,监管账户内的预售款不得低于项目销售总额的5%；
??(三)项目完成配套安装工程至竣工验收合格前,监管账户内的预售款不得低于项目销售总额的3%；
??(四)项目竣工验收合格后至完成商品房首次登记前,监管账户内的预售款不得低于项目销售总额的1%；
??(五)项目完成商品房首次登记并达到可单方办理转移登记的条件,可以提取剩余商品房预售款并申请解除商品房预售款监管。
??同一商品房预售许可证项目的销售总额=该预售证项目经明码标价监制的预售房屋均价�该预售证项目的总建筑面积�90%。
??第九条 监管账户内的商品房预售款留存额度与房地产开发企业的信用分值挂钩。信用分值的计算按佛山市房地产行业信用信息管理有关规定执行。
(一)信用分值120分及以上的,监管账户内的预售款按留存额度的80%留存；
??(二)信用分值100分以上(不含100分)至120分以下(不含120分)的,监管账户内的预售款按留存额度的90%留存；
(三)信用分值100分的,监管账户内的预售款按留存额度留存；
(四)信用分值80分及以上至100分以下(不含100分)的,监管账户内的预售款按留存额度的110%留存；
(五)信用分值80分以下(不含80分)的,监管账户内的预售款按留存额度的120%留存。
??第十条 房地产开发企业可凭商业银行出具的合法、有效的现金保函,替换商品房预售款监管账户中的监管资金。
??第十一条 房地产开发企业需要申请使用商品房预售款的,应当向区交易管理机构提交相应材料。
??(一)项目竣工验收前,提交以下材料:
??1.《商品房预售款使用申请表》；
??2.房地产开发企业用款计划；
??3.房地产开发企业与施工单位签订的建设工程施工合同；
??4.申请使用的预售款用于支付购买项目建设必需的建筑材料、设备的,应当提供与供货商签订的购销合同；用于支付施工进度款的,应当提供施工、监理单位出具的施工进度资料；用于支付配套安装工程款的,应当提供相关配套安装工程合同材料；配套安装工程完成时,应当提供相关安装工程验收材料；用于支付法定税费的,应当提供税务部门开具的发票等凭证。
??(二)项目竣工验收合格时,应当提供《商品房预售款使用申请表》、竣工验收备案材料、无拖欠农民工工资承诺书。
??(三)项目竣工验收合格后至完成商品房首次登记前,若监管账户内留存的预售款超过本办法规定的留存额度的,超出部分房地产开发企业可仅凭《商品房预售款使用申请表》直接申请提取。
??(四)项目完成商品房首次登记的,提交《商品房预售款结束监管申请表》以及不动产登记部门出具的首次确权登记材料。
??区房地产行政主管部门可根据辖区内实际情况调整上述资料,报市房地产行政主管部门同意后实施。
??第十二条 区交易管理机构受理房地产开发企业的用款申请后,应当按下列程序进行审查,于受理申请之日起3个工作日内出具审核意见。需要前往施工现场查看工程进度的,于受理申请之日起5个工作日内出具审核意见；受重点监控的项目,根据实际审批手续确定出具审核意见时间:
??(一)审查资料。审查房地产开发企业提供的资料。申请使用的预售款用于支付施工进度款的,根据施工合同约定工程进度和施工单位用款申请核准用款；用于支付购买项目建设必需的建筑材料、设备的,根据购销合同约定和工程进度核准用款；用于支付法定税费的,申请使用的款项应当在预售款总额的10%以内核准用款。
??(二)现场查看。若项目达到工程节点的变动调整阶段,应当现场查看工程进度情况。
??(三)批准使用。同意使用预售款的,区交易管理机构应当在《商品房预售款使用申请表》上加具核准意见,用于办理预售款拨付手续。
??(四)银行划款。监管银行应当按照区交易管理机构加具核准意见的《商品房预售款使用申请表》及商品房预售款监管系统信息,于收到上述材料之日起3个工作日内拨付预售款。
??(五)交还回执。监管银行完成拨付手续后,房地产开发企业应当于收到拨付款项之日起3个工作日内将划款回执上传至商品房预售款监管系统。
??(六)资料存档。区交易管理机构和监管银行应当将相关资料及时存档备查。
??第十三条 当监管账户内的资金超过本办法规定的留存额度且超过项目后续工程建设费用时,经区交易管理机构同意,房地产开发企业可凭《商品房预售款使用申请表》申请提取超出部分。
??当监管账户内的资金少于项目后续工程建设费用时,区交易管理机构应当暂停项目用款申请和审批,直至账户资金能超出后续项目工程建设费用为止。
??后续项目工程建设费用由各区建设主管部门根据各区标准确定。
??项目工程建设费用根据项目所需的建筑安装、材料设备、配套建设、法定税费确定。住宅项目还应当包括市政公用基础设施和公共服务设施达到同步交付使用条件所需的全部建设费用。
第三章 监督管理
??第十四条 商品房预售款应当全部存入监管账户,房地产开发企业不得在监管账户之外收存预售款。
??预购人应当按照商品房买卖合同约定的付款时间,凭房地产开发企业开具的缴款通知书,通过商业银行网点柜台或者商品房预售款专用POS机将购房款直接存入监管账户。
??预购人申请抵押贷款的,房地产开发企业应当提供监管账户作为贷款到账账户。
??第十五条 区房地产行政主管部门及区交易管理机构应当加强行政检查,对辖区内商品房预售项目预售款的收存和使用予以监督。
??区交易管理机构通过商品房预售款监管系统对商品房预售款的进账情况进行监督,将网签的每套商品房首付款数据与监管银行共享,并对工程进度进行实地核查。
??监管银行应当按照协议约定的时间和方式,将监管账户内的相关信息,提供给区交易管理机构。如监管银行发现商品房预售款未及时进入监管账户的,应当自发现之日起2个工作日内书面告知区房地产行政主管部门、区房地产交易管理机构。
??第十六条 当项目完成商品房首次登记并达到预购人可单方办理转移登记的条件时,房地产开发企业可持区不动产登记部门出具的相关文件向监管银行申请解除商品房预售款监管。
??第十七条 房地产开发企业与预购人解除商品房买卖合同的,房地产开发企业应当自解除商品房买卖合同之日起3个工作日内,凭解除合同的有关资料退回对应的商品房预售款。申请从监管账户退款的,由区交易管理机构根据账户情况出具审核意见。
第四章 法律责任
??第十八条 房地产开发企业在商品房预售款收存、使用过程中违反相关法律法规的,由相关部门依法进行查处；涉嫌犯罪的,由司法机关依法处理。
??第十九条 勘察、设计、施工、监理单位提供虚假证明或采取其他方式协助房地产开发企业违规使用商品房预售款的,承担相应的法律责任,并由市或区建设行政主管部门将其违规行为录入企业信用信息系统,并依法对相关责任单位和责任人员予以查处。
??其他单位违反上述规定的,由市或区房地产行政主管部门移交相关管理部门处理。
??第二十条 监管银行未按照规定或者协议约定及时入账、拨付商品房预售款或者擅自挪用商品房预售款的,应当依照法律、法规、规章、本办法规定及商品房预售款协议约定,承担相应的法律责任。
??第二十一条 市、区房地产行政主管部门及房地产交易管理机构工作人员在商品房预售款监管工作中存在玩忽职守、滥用职权、徇私舞弊、索贿受贿等行为的,依法追究行政责任；涉嫌犯罪的,由司法机关依法处理。
??第二十二条 房地产开发企业有下列情形之一的,调查期间,区房地产行政主管部门应当及时书面通知监管银行暂停拨付监管账户内的全部商品房预售款,并启动应急措施,协助相关部门加强监管账户内预售款的监督使用:
??(一)预售项目被责令停工；
??(二)预售项目存在严重质量问题被调查；
??(三)预售项目未按期交付使用；
??(四)预售项目发生严重的信访投诉,被房地产行政主管部门调查；
??(五)预售项目发生严重拖欠农民工工资纠纷情况,被主管部门立案调查；
??(六)房地产行政主管部门认为房地产开发企业存在的其他经营风险。
??上述情形处理完毕后,区房地产行政主管部门应当书面通知监管银行可继续按本办法规定拨付监管账户内的商品房预售款。
??第二十三条 房地产开发企业有下列情形之一的,由市或区房地产行政主管部门责令限期改正,公示违法违规行为并录入企业信用信息系统。整改期间,区房地产行政主管部门暂停受理该房地产开发企业的商品房预售许可申请业务:
??(一)房地产开发企业违反本办法规定直接收存商品房预售款；
??(二)未依照本办法规定及时将贷款转入监管账户；
??(三)未依照本办法规定使用商品房预售款；
??(四)以其他款项为名收存商品房预售款,变相逃避监管。
第五章 附 则
??第二十四条 商品房预售款监管政策由佛山市住房和城乡建设局进行解释。
??佛山市住房和城乡建设局有权根据国家有关政策调整及房地产市场运行情况,对商品房预售款使用节点和相应商品房预售款留存额度进行适度调整。
??第二十五条 本办法自2021年1月7日起施行,有效期五年,《佛山市人民政府办公室关于修订佛山市商品房预售款监督管理实施办法的通知》(佛府办〔2012〕89号)不再执行。",切实 贯彻 中共中央国务院 关于 开展 质量 提升 行动 指导 意见 国务院办公厅 关于 大力发展 装配式 建筑 指导 意见 中共广东省委 广东省 人民政府 关于 实施 质量 强省 战略 决定 广东省 人民政府 办公厅 关于 大力发展 装配式 建筑 实施 意见 广东省 住房 城乡 建设厅 关于 开展 广东省 工程质量 提升 行动 实施 意见 文件精神 大力发展 装配式 建筑 推动 建造 方式 创新 确保 我市 建筑 产业 转型 升级 时代 新气象 实现 作为 落实 关于 出台 支持 装配式 建筑 发展 政策措施 要求 现在 我市 试行 采用 装配式 建筑 商品房 实施 预售 扶持 措施 具体 如下 采用 装配式 建筑 商品房 建设项目 建设 单位 向市 住房 城乡 建设局 项目 地区 住房 城乡建设 水利局 提交 装配式 建筑 认定 申请 专家 评议 符合 装配式 建筑 项目 适用 预售 扶持 政策 被认 定为 装配式 建筑 项目 商品房 项目 可向 地区 住房 城乡建设 水利局 申请 下浮 预售 监管 环节 留存 额度 下浮 幅度 超过 通知 日起 施行 有效期 特此通知 佛山市 住房 城乡 建设局 市政府 同意 佛山市 商品房 预售 监督管理 实施办法 予以 印发 认真贯彻 执行 执行 遇到 问题 市住 建局 反映 佛山市 住房 城乡 建设局 佛山市 商品房 预售 监督管理 实施办法 第一章 第一条 进一步 完善 商品房 预售 监督管理 维护 商品房 交易 双方 合法权益 促进 房地产 市场 健康 发展 根据 中华人民共和国 城市 房地产 管理法 广东省 商品房 预售 管理条例 城市 商品房 预售 管理 办法 有关 法律 法规 结合 本市 实际 制定 办法 第二条 本市 行政区域 广东省 商品房 预售 管理条例 实施 预售 商品房 商品房 预售 收存 拨付 使用 监督管理 适用 办法 第三条 房地产 行政 主管部门 会同 中国人民银行 佛山市 中心 支行 中国银行 保险 监督管理 委员会 佛山 监管 分局 共同 制定 商品房 预售 监督管理 政策 房地产 行政 主管部门 负责 商品房 预售 监管 系统 开发 建设 房地产 交易 管理机构 负责 商品房 预售 监管 系统 日常 管理 数据 统计 监测 工作 各区 房地产 行政 主管部门 负责 辖区 商品房 预售 政策 执行 预售 监督管理 工作 各区 房地产 交易 管理机构 以下 简称 交易 管理机构 负责管理 辖区 商品房 预售 收存 使用 中国人民银行 佛山市 中心 支行 中国银行 保险 监督管理 委员会 佛山 监管 分局 职能 监督 商业银行 预售 监督管理 过程 行为 第二章 一般 规定 第四条 办法 所称 商品房 预售 预购 按照 商品房 买卖合同 约定 支付 定金 首付款 购房 贷款 以及 其他 形式 购房款 第五条 房地产 开发 企业 申请 商品房 预售 许可 应当 本市 选定 一家 商业银行 作为 监管 银行 设立 商品房 预售 专用 账户 优先选择 项目 开发 贷款 银行 一个 商品房 预售 许可证 对应 一个 监管 账户 办理 预售 许可证 监管 银行 原则上 不得 变更 第六条 存入 监管 账户 商品房 预售 优先 保障 项目 竣工 第七条 房地产 开发 企业 监管 银行 交易 管理机构 签订 商品房 预售 三方 协议 监管 银行 应当 依照 法律法规 规定 及本 办法 协议 约定 内容 做好 预售 监督管理 工作 协议 内容 应当 包括 监管 账户 名称 账号 监管 项目 范围 预售 使用 节点 预售 收存 使用 方式 违约责任 争议 解决 方式 其他 需要 说明 情况 应当 另附 书面 说明 第八条 商品房 预售 进账 达到 以下 阶段 留存 额度 经区 交易 管理机构 审批 房地产 开发 企业 可以 监管 银行 申请 超出 部分 监管 账户 项目 达到 预售 条件 形象 进度 主体 结构 封顶 监管 账户 预售 不得 低于 项目 销售总额 项目 完成 主体 结构 封顶 配套 安装 工程 基本 水电工程 完成 监管 账户 预售 不得 低于 项目 销售总额 项目 完成 配套 安装 工程 竣工 验收 合格 监管 账户 预售 不得 低于 项目 销售总额 项目 竣工 验收 合格 完成 商品房 首次 登记 监管 账户 预售 不得 低于 项目 销售总额 项目 完成 商品房 首次 登记 达到 单方 办理 转移 登记 条件 可以 提取 剩余 商品房 预售 申请 解除 商品房 预售 监管 同一 商品房 预售 许可证 项目 销售总额 预售证 项目 明码标价 监制 预售 房屋 均价 预售证 项目 建筑面积 第九条 监管 账户 商品房 预售 留存 额度 房地产 开发 企业 信用 分值 挂钩 信用 分值 计算 佛山市 房地产 行业 信用 信息管理 有关 规定 执行 信用 分值 分及 以上 监管 账户 预售 留存 额度 留存 信用 分值 以上 以下 监管 账户 预售 留存 额度 留存 信用 分值 监管 账户 预售 留存 额度 留存 信用 分值 分及 以上 以下 监管 账户 预售 留存 额度 留存 信用 分值 以下 监管 账户 预售 留存 额度 留存 第十条 房地产 开发 企业 商业银行 出具 合法 有效 现金 保函 替换 商品房 预售 监管 账户 监管 资金 第十一条 房地产 开发 企业 需要 申请 使用 商品房 预售 应当 向区 交易 管理机构 提交 相应 材料 项目 竣工 验收 提交 以下 材料 商品房 预售 使用 申请表 房地产 开发 企业 用款 计划 房地产 开发 企业 施工单位 签订 建设 工程施工 合同 申请 使用 预售 用于 支付 购买 项目 建设 必需 建筑材料 设备 应当 提供 供货商 签订 购销 合同 用于 支付 施工进度 应当 提供 施工 监理 单位 出具 施工进度 资料 用于 支付 配套 安装 工程款 应当 提供 相关 配套 安装 工程 合同 材料 配套 安装 工程 完成 应当 提供 相关 安装 工程验收 材料 用于 支付 法定 税费 应当 提供 税务 部门 开具 发票 凭证 项目 竣工 验收 合格 应当 提供 商品房 预售 使用 申请表 竣工 验收 备案 材料 拖欠 农民工 工资 承诺书 项目 竣工 验收 合格 完成 商品房 首次 登记 监管 账户 留存 预售 超过 办法 规定 留存 额度 超出 部分 房地产 开发 企业 仅凭 商品房 预售 使用 申请表 直接 申请 提取 项目 完成 商品房 首次 登记 提交 商品房 预售 结束 监管 申请表 以及 不动产 登记 部门 出具 首次 确权 登记 材料 房地产 行政 主管部门 根据 辖区 实际 情况 调整 上述 资料 报市 房地产 行政 主管部门 同意 实施 第十二条 交易 管理机构 受理 房地产 开发 企业 用款 申请 应当 下列 程序 进行 审查 受理 申请 之日起 工作日内 出具 审核 意见 需要 前往 施工现场 查看 工程进度 受理 申请 之日起 工作日内 出具 审核 意见 重点 监控 项目 根据 实际 审批 手续 确定 出具 审核 意见 时间 审查 资料 审查 房地产 开发 企业 提供 资料 申请 使用 预售 用于 支付 施工进度 根据 施工 合同 约定 工程进度 施工单位 用款 申请 核准 用款 用于 支付 购买 项目 建设 必需 建筑材料 设备 根据 购销 合同 约定 工程进度 核准 用款 用于 支付 法定 税费 申请 使用 款项 应当 预售 总额 以内 核准 用款 现场 查看 项目 达到 工程 节点 变动 调整 阶段 应当 现场 查看 工程进度 情况 批准 使用 同意 使用 预售 交易 管理机构 应当 商品房 预售 使用 申请表 上加具 核准 意见 用于 办理 预售 拨付 手续 银行 划款 监管 银行 应当 按照 交易 管理机构 加具 核准 意见 商品房 预售 使用 申请表 商品房 预售 监管 系统 信息 收到 上述 材料 之日起 工作日内 拨付 预售 交还 回执 监管 银行 完成 拨付 手续 房地产 开发 企业 应当 收到 拨付 款项 之日起 工作日内 划款 回执 上传 商品房 预售 监管 系统 资料 存档 交易 管理机构 监管 银行 应当 相关 资料 及时 存档 备查 第十三条 监管 账户 资金 超过 办法 规定 留存 额度 超过 项目 后续 工程建设 费用 经区 交易 管理机构 同意 房地产 开发 企业 商品房 预售 使用 申请表 申请 提取 超出 部分 监管 账户 资金 少于 项目 后续 工程建设 费用 交易 管理机构 应当 暂停 项目 用款 申请 审批 直至 账户 资金 超出 后续 项目 工程建设 费用 为止 后续 项目 工程建设 费用 各区 建设 主管部门 根据 各区 标准 确定 项目 工程建设 费用 根据 项目 建筑安装 材料 设备 配套 建设 法定 税费 确定 住宅 项目 应当 包括 市政 公用 基础设施 公共服务 设施 达到 同步 交付使用 条件 全部 建设 费用 第三章 监督管理 第十四条 商品房 预售 应当 全部 存入 监管 账户 房地产 开发 企业 不得 监管 账户 之外 收存 预售 预购 应当 按照 商品房 买卖合同 约定 付款 时间 房地产 开发 企业 开具 缴款通知 通过 商业银行 网点 柜台 或者 商品房 预售 专用 机将 购房款 直接 存入 监管 账户 预购 申请 抵押 贷款 房地产 开发 企业 应当 提供 监管 账户 作为 贷款 账户 第十五条 房地产 行政 主管部门 及区 交易 管理机构 应当 加强 行政 检查 辖区 商品房 预售 项目 预售 收存 使用 予以 监督 交易 管理机构 通过 商品房 预售 监管 系统对 商品房 预售 进账 情况 进行 监督 网签 每套 商品房 首付款 数据 监管 银行 共享 工程进度 进行 实地 核查 监管 银行 应当 按照 协议 约定 时间 方式 监管 账户 相关 信息 提供 给区 交易 管理机构 监管 银行 发现 商品房 预售 及时 进入 监管 账户 应当 发现 之日起 工作日内 书面 告知 房地产 行政 主管部门 房地产 交易 管理机构 第十六条 项目 完成 商品房 首次 登记 达到 预购 单方 办理 转移 登记 条件 房地产 开发 企业 可持区 不动产 登记 部门 出具 相关 文件 监管 银行 申请 解除 商品房 预售 监管 第十七条 房地产 开发 企业 预购 解除 商品房 买卖合同 房地产 开发 企业 应当 解除 商品房 买卖合同 之日起 工作日内 解除合同 有关 资料 退回 对应 商品房 预售 申请 监管 账户 退款 由区 交易 管理机构 根据 账户 情况 出具 审核 意见 第四章 法律责任 第十八条 房地产 开发 企业 商品房 预售 收存 使用 过程 违反 相关 法律法规 相关 部门 依法 进行 查处 涉嫌犯罪 司法机关 依法处理 第十九条 勘察 设计 施工 监理 单位 提供 虚假 证明 采取 其他 方式 协助 房地产 开发 企业 违规 使用 商品房 预售 承担 相应 法律责任 由市 或区 建设 行政 主管部门 违规行为 录入 企业信用 信息系统 依法 相关 责任 单位 责任人员 予以 查处 其他 单位 违反 上述 规定 由市 或区 房地产 行政 主管部门 移交 相关 管理 部门 处理 第二十条 监管 银行 按照 规定 或者 协议 约定 及时 入账 拨付 商品房 预售 或者 擅自 挪用 商品房 预售 应当 依照 法律 法规 规章 办法 规定 商品房 预售 协议 约定 承担 相应 法律责任 第二十一条 房地产 行政 主管部门 房地产 交易 管理机构 工作人员 商品房 预售 监管 工作 存在 玩忽职守 滥用职权 徇私舞弊 索贿受贿 行为 依法追究 行政责任 涉嫌犯罪 司法机关 依法处理 第二十二条 房地产 开发 企业 下列 情形 之一 调查 期间 房地产 行政 主管部门 应当 及时 书面通知 监管 银行 暂停 拨付 监管 账户 全部 商品房 预售 启动 应急 措施 协助 相关 部门 加强 监管 账户 预售 监督 使用 预售 项目 责令 停工 预售 项目 存在 严重 质量 问题 调查 预售 项目 按期 交付使用 预售 项目 发生 严重 信访 投诉 房地产 行政 主管部门 调查 预售 项目 发生 严重 拖欠 农民工 工资 纠纷 情况 主管部门 立案 调查 房地产 行政 主管部门 认为 房地产 开发 企业 存在 其他 经营风险 上述 情形 处理完毕 房地产 行政 主管部门 应当 书面通知 监管 银行 继续 按本 办法 规定 拨付 监管 账户 商品房 预售 第二十三条 房地产 开发 企业 下列 情形 之一 由市 或区 房地产 行政 主管部门 责令 限期 改正 公示 违法 违规行为 录入 企业信用 信息系统 整改 期间 房地产 行政 主管部门 暂停 受理 房地产 开发 企业 商品房 预售 许可 申请 业务 房地产 开发 企业 违反 办法 规定 直接 收存 商品房 预售 依照 办法 规定 及时 贷款 转入 监管 账户 依照 办法 规定 使用 商品房 预售 其他 款项 为名 收存 商品房 预售 变相 逃避 监管 第五章 第二十四条 商品房 预售 监管 政策 佛山市 住房 城乡 建设局 进行 解释 佛山市 住房 城乡 建设局 有权 根据 国家有关 政策 调整 房地产 市场 运行 情况 商品房 预售 使用 节点 相应 商品房 预售 留存 额度 进行 适度 调整 第二十五条 办法 日起 施行 有效期 五年 佛山市 人民政府 办公室 关于 修订 佛山市 商品房 预售 监督管理 实施办法 通知 佛府 不再 执行,1.916969156763082,5.355749524893052,4.483333333333333,6.583333333333334,18333,19.9,27.14166666666667,1372.671859296482,28.38274488636364,66.26826746231156,650.2946969696969,3.576075284090909,5,3,0.008625,0.1,阶段1,15.0,19.0,5.64643465909091,3.0,0.05,阶段2,15.0,22.0,6.775721590909093,4.5,0.03,竣备,15.0,27.0,8.808438068181818,6.5,0.01,阶段4,15.0,37.0,7.15215056818182,10.0,0.0,阶段5,,,0.0,,2,2,66.26826746231156
信阳,信阳,Xinyang-3,,,verified physical milestones,找不到/未明确,specified but count unavailable,other / unclear,False,False,,,,not explicitly countable from retained excerpt,not explicitly parseable from retained excerpt,not explicitly parseable from retained excerpt,监管额度以及违约责任等签订统一格式的三方协议（以下简称《监管协议》）,True,policy_identification_filled.xlsx,City_audit,5stage_Pcost,5,5,stage_1|stage_2|stage_3|stage_4|stage_5,阶段1|主体|竣备|竣备|阶段5,阶段1|主体|竣备|竣备|阶段5,partial_named_milestones,stage_2,,5,0.5,,cumulative_same_denominator_stage_shares,not_estimable:registration_stage_name_unmapped,expert_calibrated_operational_proxy_pending_source_mapping,monthly-revenue stage ratio or within-cohort amount share; not automatically a policy percentage,external/Modelling Dep/41_Cities_Dep/city_catalog.json,data/pmc_data.xlsx,dep-operational-h1-v1,Xinyang-3,2022,三线,信阳,Henan,"信政办〔2022〕4号
信阳市人民政府办公室
关于印发信阳市商品房预售资金监管办法的
通  知
 
各县、区人民政府，各管理区、开发区，市政府有关部门：
《信阳市商品房预售资金监管办法（试行）》已经市政府第70次常务会议研究通过，现印发给你们，请认真贯彻执行。
 
 
信阳市人民政府办公室
2022年1月11日     

信阳市商品房预售资金监管办法（试行）
 
第一章  总则
第一条  为加强我市商品房预售资金的监督管理，保证预售资金专款专用，确保资金安全可控，有效防范房地产市场风险，保障预售商品房交易双方当事人的合法权益，维护房地产市场秩序，根据《中华人民共和国城市房地产管理法》《城市商品房预售管理办法》等法律、法规规定，结合我市实际，制定本办法。
第二条  凡在本市行政区域内经批准预售的商品房（包括限价商品住房）预售资金的收存、使用和监督管理工作，适用本办法。
第三条  本办法所称商品房预售资金，是指房地产开发企业（以下简称开发企业）依法将其开发建设中的商品房建设项目，在获得预售许可证后至竣工验收备案前出售，由购房人按照商品房买卖合同的约定支付的全部房价款（包括首付款、分期付款、一次性付款、银行按揭贷款、住房公积金贷款以及其他形式的各种购房款）。
第四条  市、县住房和城乡建设管理部门是商品房预售资金监管的主管部门（以下简称主管部门），负责本办法的组织实施。
第五条  本办法所称监管银行，是指能够保证资金监管安全、具备规范运行所需的金融管理业务能力及网络技术条件，并与主管部门签订《商品房预售资金监管合作协议》（以下简称《合作协议》），接受其委托，配合开展商品房预售资金监管业务的商业银行。
本办法所称商品房预售资金监管协议，是指主管部门、开发企业、监管银行就预售资金的监管内容、监管额度以及违约责任等签订统一格式的三方协议（以下简称《监管协议》）。
本办法所称商品房预售资金监管专用账户，是指开发企业在监管银行设立的专门用于存取商品房预售资金的账户（以下简称《监管账户》）。
第二章   一般规定
第六条  主管部门应当按照本办法的规定，具体履行以下职责：
（一）负责组织实施商品房预售资金监管工作；
（二）负责商品房预售资金收支和使用的监督；
（三）受理商品房预售资金监管中违法违规行为的投诉查处等有关工作。
第七条  人民银行、银保监部门、监管银行应当按照本办法的规定，配合主管部门，共同做好商品房预售资金的监管工作。具体履行以下职责：
人民银行对监管银行的开户信息、账户管理、结算情况进行监督检查；
银保监部门对监管银行预售资金监管的操作风险和合规性进行监督检查；
监管银行对预售资金的收缴、使用进行监督；及时发现、上报开发企业在商品房预售资金收支方面的异常情况；及时将开户信息向人民银行备案，自觉接受本市人民银行、银保监部门、主管部门的监督。
第八条  有关部门依法对监管账户进行冻结或扣划商品房预售资金的，监管银行应当向有关部门说明监管账户和商品房预售资金的性质及用途，并及时书面告知主管部门和被监管预售资金的开发企业。
第九条  商品房预售资金监管期限，自核发商品房预售许可证开始，至取得《竣工验收备案证书》后止。
商品房预售监管资金分重点监管资金和一般监管资金。重点监管资金原则上由工程建设费用（含建筑施工、设备安装、材料购置、配套建设、法定税费等费用）和不可预见费（工程建设费用的20%）组成。一般监管资金是指超出重点监管资金以外的预售资金。
第十条  开发企业在申请商品房预售许可前，应当选择与主管部门签订《合作协议》的商业银行开设监管账户，并与主管部门、监管银行签订三方《监管协议》。
第三章   商品房预售资金缴存
第十一条  监管银行设立预售资金监管专用账户，监管账户名称、账号应在商品房预售许可证中载明。
监管账户专用于监管资金的缴存和拨付，监管账户设立后原则上不得更改。开发企业确需变更监管银行或监管账户的，应当经主管部门批准，重新签订《监管协议》，将原监管账户的结余资金转入新监管账户。有开发贷款的，需经开发贷款发放银行同意。
开发企业在申请变更预售资金监管银行或资金账户期间，暂停该项目的网上预售。
第十二条  开发企业在与购房人签订《商品房买卖合同》前，应将监管银行及监管账户明确告知购房人，并协助购房人或贷款银行将购房款存入监管账户。项目预售过程中，购房人支付的定金、首付款等购房款应由购房人账户直接存入监管账户,开发企业不得转存入其它账户。
购房人按揭贷款购买商品房的，贷款银行或住房公积金管理机构应将购房贷款直接发放至相应的监管专用账户。
第十三条  开发企业与购房人签订《商品房买卖合同》后，开发企业凭监管银行出具的商品房预售资金专用账户缴款凭证等资料，办理商品房预售合同网签备案手续。
第十四条  监管银行应当按《监管协议》建立统一标准的商品房预售资金收支台账。
第十五条  开发企业应当按月将项目建设完成的形象进度以及监管银行出具的商品房预售资金收支对账单报主管部门。
第四章   商品房预售资金使用
第十六条  主管部门、监管银行对重点监管资金实行专款专用。专项用于支付该项目的建筑施工、设备安装、材料购置、配套建设、法定税费及其他相关费用，不得挪作他用。重点监管资金不得用于支付任何借（贷）款本金和利息，不得用于缴纳土地价款、罚金、支付营销费用及开发企业员工工资等。
其他债权人申请保全预售资金监管账户的，人民法院应当对该在建工程施工情况、建筑材料购买情况等进行严格审查，在保证建设工程施工正常进行的情况下，方可采取保全措施；其他债权人申请执行重点监管资金请求的，人民法院不予支持。
第十七条  开发企业应当按照取得商品房预售许可证后一个月、建成层数达到规划设计总层数的二分之一、主体结构封顶、外墙装修完毕脚手架拆除、竣工验收备案等5个节点分别申请使用重点监管资金。
开发企业使用商品房预售资金，应当根据《监管协议》约定提出申请，并附施工、监理等单位的书面证明材料与项目形象进度等证明材料，向监管银行提交申请。监管银行应当自收到申请2个工作日内提出用款意见，报主管部门进行核实。主管部门审核通过后，监管银行按核实后的用款意见，应在2个工作日内拨付资金。
开发企业对监管银行不支付资金存在异议的，可向主管部门提出异议申请。
第十八条  预售商品房取得《竣工验收备案证书》后，开发企业凭《竣工验收备案证书》向监管银行申请注销监管账户，经监管银行核实，由开发企业将监管账户撤销监管申请表报主管部门，主管部门审核后，开发企业到监管银行办理商品房预售资金结算手续并注销其监管账户。
第五章   责任追究
第十九条  开发企业未按规定将商品房预售资金存入监管账户的，或未按规定使用商品房预售资金的，或以收取其他款项为由变相逃避监管的，一经查实，由主管部门责令限期整改，开发企业违反相关法律、法规、规章规定的，依照相关法律、法规、规章规定予以处罚。
第二十条  建设项目的监理单位提供虚假证明材料，为开发企业超额超前支取商品房预售款的，应当承担相应的法律责任。
第二十一条  监管银行未按《监管协议》约定，擅自拨付、挪用监管预售资金的，或未按《合作协议》约定，拒不配合主管部门开展商品房预售资金监管业务的，主管部门将暂停其预售资金监管业务，责令其限期整改，拒不整改或整改不到位，主管部门将取消其预售资金监管资格，造成损失的依法承担相应法律责任。
第二十二条  主管部门工作人员在商品房预售资金监管工作中玩忽职守、滥用职权、徇私舞弊的，依法追究责任。
第六章   附  则
第二十三条  本办法自印发之日起施行。
=================

文字解读：《信阳市商品房预售资金监管办法（试行）》
《信阳市商品房预售资金监管办法（试行）》（以下简称《办法》已经2021年12月31日市政府第70次常务会议审议通过，2022年1月11日，信阳市人民政府办公室以信政办〔2022〕4号文正式印发了《信阳市商品房预售资金监管办法（试行）》，现将有关问题予以解读。
一、《办法》的起草背景及依据
2018年12月，住建部出台了《关于进一步规范和加强房屋网签备案工作的指导意见》（建房〔2018〕128号），要求加强房屋网签工作的配套制度建设，严格落实商品房预售资金监管制度；河南省住建厅2019年11月4日印发《关于规范房屋交易合同网签备案 加快实现省内“一网通办”的通知》，明确要求“完善房屋交易资金监管制度”；2021年9月，河南省住建厅、中国人民银行郑州中心支行、银保监河南监管局、河南省高级人民法院联合印发了《关于加强商品房预售资金监管工作的意见》（征求意见稿），要求各地房地产主管部门要建立完善预售资金监管系统。
在此背景下，为加强我市商品房预售资金监管工作，确保资金安全可控，保障购房者合法权益，避免问题楼盘的产生，有效防范房地产市场风险，促进我市房地产业平稳健康发展，根据《中华人民共和国城市房地产管理法》、《城市房地产开发经营管理条例》、《城市商品房预售管理办法》等有关规定，结合我市实际情况，拟定《信阳市商品房预售资金监管办法（初稿）》。
二、《办法》的编制过程
一是在认真学习贯彻国家和省文件精神，借鉴外地市有关经验基础上，加强研究，形成《办法》（初稿）。二是在《办法》（初稿）完成后，于2021年12月16日充分征求信阳银保监分局、中国人民银行信阳市中心支行、信阳市中级人民法院、信阳市住房公积金中心等4家部门的意见，并部分采纳了市中院、人行信阳支行的意见，经多次修改完善，形成《办法》（修改稿）。三是加强会商，经市政府办公室法制审核，报市政府常务会议研究后，以市政府办公室名义正式印发。
三、《办法》的主要内容
《办法》共六章二十三条，对我市商品房预售资金监管的主管部门及主要责任、监管银行、监管协议、商品房预售资金缴存、使用及相关附则等重要内容都进行了明确和规范。
第一章为总则。明确我市商品房预售资金监管原则、适用范围及主管部门，明确商品房预售资金、监管银行、监管协议和专用账户的定义。
第二章为一般规定。明确各部门各机构职责，规定监管资金的组成和监管期限，规范监管协议的签订。
第三章为商品房预售资金缴存。规范监管账户的设定，加强监管资金缴存管理。
第四章为商品房预售资金使用。明确商品房预售资金的使用、申请流程及商品房预售资金监管账户的注销。
第五章为责任追究。规定开发企业、监管银行及主管部门的违规责任追究。
第六章为附则。规定了《办法》的施行日期。
=============

河南省住房和城乡建设厅
中国人民银行郑州中心支行
中国银行保险监督管理委员会河南监管局
关于进一步规范商品房预售资金监管工作的意见 
2022-03-11   来源：河南省住房和城乡建设厅  
 

 

 

 

 

 

 

 

",信政办 信阳市 人民政府 办公室 关于 印发 信阳市 商品房 预售 资金 监管 办法 各县 人民政府 管理区 开发区 市政府 有关 部门 信阳市 商品房 预售 资金 监管 办法 试行 已经 市政府 常务会议 研究 通过 印发 你们 认真贯彻 执行 信阳市 人民政府 办公室 信阳市 商品房 预售 资金 监管 办法 试行 第一章 总则 第一条 加强 我市 商品房 预售 资金 监督管理 保证 预售 资金 专款专用 确保 资金 安全 可控 有效 防范 房地产 市场 风险 保障 预售 商品房 交易 双方 当事人 合法权益 维护 房地产 市场秩序 根据 中华人民共和国 城市 房地产 管理法 城市 商品房 预售 管理 办法 法律 法规 规定 结合 我市 实际 制定 办法 第二条 本市 行政区域 内经 批准 预售 商品房 包括 限价 商品 住房 预售 资金 收存 使用 监督管理 工作 适用 办法 第三条 办法 商品房 预售 资金 房地产 开发 企业 以下 简称 开发 企业 依法 开发 建设 商品房 建设项目 获得 预售 许可证 竣工 验收 备案 出售 购房人 按照 商品房 买卖合同 约定 支付 全部 房价 包括 首付款 分期付款 一次性 付款 银行 按揭 贷款 住房 公积金 贷款 以及 其他 形式 各种 购房款 第四条 住房 城乡建设 管理 部门 商品房 预售 资金 监管 主管部门 以下 简称 主管部门 负责 办法 组织 实施 第五条 办法 监管 银行 能够 保证 资金 监管 安全 具备 规范 运行 金融管理 业务 能力 网络 技术 条件 主管部门 签订 商品房 预售 资金 监管 合作 协议 以下 简称 合作 协议 接受 委托 配合 开展 商品房 预售 资金 监管 业务 商业银行 办法 商品房 预售 资金 监管 协议 主管部门 开发 企业 监管 银行 预售 资金 监管 内容 监管 额度 以及 违约责任 签订 统一 格式 三方 协议 以下 简称 监管 协议 办法 商品房 预售 资金 监管 专用 账户 开发 企业 监管 银行 设立 专门 用于 存取 商品房 预售 资金 账户 以下 简称 监管 账户 第二章 一般 规定 第六条 主管部门 应当 按照 办法 规定 具体 履行 以下 职责 负责 组织 实施 商品房 预售 资金 监管 工作 负责 商品房 预售 资金 收支 使用 监督 受理 商品房 预售 资金 监管 违法 违规行为 投诉 查处 有关 工作 第七条 人民银行 银保监 部门 监管 银行 应当 按照 办法 规定 配合 主管部门 共同 做好 商品房 预售 资金 监管 工作 具体 履行 以下 职责 人民银行 监管 银行 开户 信息 账户 管理 结算 情况 进行 监督 检查 银保监 部门 监管 银行 预售 资金 监管 操作 风险 合规性 进行 监督 检查 监管 银行 预售 资金 收缴 使用 进行 监督 及时发现 上报 开发 企业 商品房 预售 资金 收支 方面 异常情况 及时 开户 信息 人民银行 备案 自觉 接受 本市 人民银行 银保监 部门 主管部门 监督 第八条 有关 部门 依法 监管 账户 进行 冻结 扣划 商品房 预售 资金 监管 银行 应当 有关 部门 说明 监管 账户 商品房 预售 资金 性质 用途 及时 书面 告知 主管部门 监管 预售 资金 开发 企业 第九条 商品房 预售 资金 监管 期限 核发 商品房 预售 许可证 开始 取得 竣工 验收 备案 证书 后止 商品房 预售 监管 资金 重点 监管 资金 一般 监管 资金 重点 监管 资金 原则上 工程建设 费用 建筑施工 设备 安装 材料 购置 配套 建设 法定 税费 费用 不可 预见 工程建设 费用 组成 一般 监管 资金 超出 重点 监管 资金 以外 预售 资金 第十条 开发 企业 申请 商品房 预售 许可 应当 选择 主管部门 签订 合作 协议 商业银行 开设 监管 账户 主管部门 监管 银行 签订 三方 监管 协议 第三章 商品房 预售 资金 缴存 第十一条 监管 银行 设立 预售 资金 监管 专用 账户 监管 账户 名称 账号 商品房 预售 许可证 载明 监管 账户 专用 监管 资金 缴存 拨付 监管 账户 设立 原则上 不得 更改 开发 企业 确需 变更 监管 银行 监管 账户 应当 主管部门 批准 重新 签订 监管 协议 监管 账户 结余 资金 转入 监管 账户 开发 贷款 需经 开发 贷款 发放 银行 同意 开发 企业 申请 变更 预售 资金 监管 银行 资金 账户 期间 暂停 该项 目的 网上 预售 第十二条 开发 企业 购房人 签订 商品房 买卖合同 监管 银行 监管 账户 明确 告知 购房人 协助 购房人 贷款 银行 购房款 存入 监管 账户 项目 预售 过程 购房人 支付 定金 首付款 购房款 应由 购房人 账户 直接 存入 监管 账户 开发 企业 不得 存入 其它 账户 购房人 按揭 贷款 购买 商品房 贷款 银行 住房 公积金 管理机构 购房 贷款 直接 发放 相应 监管 专用 账户 第十三条 开发 企业 购房人 签订 商品房 买卖合同 开发 企业 监管 银行 出具 商品房 预售 资金 专用 账户 缴款 凭证 资料 办理 商品房 预售 合同 网签 备案 手续 第十四条 监管 银行 应当 监管 协议 建立 统一标准 商品房 预售 资金 收支 台账 第十五条 开发 企业 应当 项目 建设 完成 形象 进度 以及 监管 银行 出具 商品房 预售 资金 收支 账单 主管部门 第四章 商品房 预售 资金 使用 第十六条 主管部门 监管 银行 重点 监管 资金 实行 专款专用 专项 用于 支付 该项 目的 建筑施工 设备 安装 材料 购置 配套 建设 法定 税费 及其 相关 费用 不得 挪作他用 重点 监管 资金 不得 用于 支付 任何 本金 利息 不得 用于 缴纳 土地 价款 罚金 支付 营销 费用 开发 企业 员工工资 其他 债权人 申请 保全 预售 资金 监管 账户 人民法院 应当 在建 工程施工 情况 建筑材料 购买 情况 进行 严格 审查 保证 建设 工程施工 正常 进行 情况 方可 采取 保全 措施 其他 债权人 申请 执行 重点 监管 资金 请求 人民法院 不予 支持 第十七条 开发 企业 应当 按照 取得 商品房 预售 许可证 一个月 建成 层数 达到 规划设计 层数 二分之一 主体 结构 封顶 外墙 装修 完毕 脚手架 拆除 竣工 验收 备案 节点 分别 申请 使用 重点 监管 资金 开发 企业 使用 商品房 预售 资金 应当 根据 监管 协议 约定 提出申请 施工 监理 单位 书面 证明 材料 项目 形象 进度 证明 材料 监管 银行 提交 申请 监管 银行 应当 收到 申请 工作日内 提出 用款 意见 主管部门 进行 核实 主管部门 审核 通过 监管 银行 核实 用款 意见 工作日内 拨付 资金 开发 企业 监管 银行 支付 资金 存在 异议 主管部门 提出异议 申请 第十八条 预售 商品房 取得 竣工 验收 备案 证书 开发 企业 竣工 验收 备案 证书 监管 银行 申请 注销 监管 账户 监管 银行 核实 开发 企业 监管 账户 撤销 监管 申请表 主管部门 主管部门 审核 开发 企业 监管 银行 办理 商品房 预售 资金 结算 手续 注销 监管 账户 第五章 责任 追究 第十九条 开发 企业 按规定 商品房 预售 资金 存入 监管 账户 按规定 使用 商品房 预售 资金 收取 其他 款项 变相 逃避 监管 一经 查实 主管部门 责令 限期 整改 开发 企业 违反 相关 法律 法规 规章 规定 依照 相关 法律 法规 规章 规定 予以 处罚 第二十条 建设项目 监理 单位 提供 虚假 证明 材料 开发 企业 超额 超前 支取 商品房 预售 应当 承担 相应 法律责任 第二十一条 监管 银行 监管 协议 约定 擅自 拨付 挪用 监管 预售 资金 合作 协议 约定 配合 主管部门 开展 商品房 预售 资金 监管 业务 主管部门 暂停 预售 资金 监管 业务 责令 限期 整改 整改 整改 到位 主管部门 取消 预售 资金 监管 资格 造成 损失 依法 承担 相应 法律责任 第二十二条 主管部门 工作人员 商品房 预售 资金 监管 工作 玩忽职守 滥用职权 徇私舞弊 依法追究 责任 第六章 第二十三条 办法 印发 之日起 施行 文字 解读 信阳市 商品房 预售 资金 监管 办法 试行 信阳市 商品房 预售 资金 监管 办法 试行 以下 简称 办法 已经 市政府 常务会议 审议 通过 信阳市 人民政府 办公室 以信 政办 号文 正式 印发 信阳市 商品房 预售 资金 监管 办法 试行 现将 有关 问题 予以 解读 办法 起草 背景 依据 建部 出台 关于 进一步 规范 加强 房屋 网签 备案 工作 指导 意见 建房 要求 加强 房屋 网签 工作 配套 制度 建设 严格 落实 商品房 预售 资金 监管 制度 河南省 建厅 印发 关于 规范 房屋交易 合同 网签 备案 加快 实现 省内 一网通 通知 明确要求 完善 房屋交易 资金 监管 制度 河南省 建厅 中国人民银行 郑州 中心 支行 银保监 河南 监管局 河南省高级人民法院 联合 印发 关于 加强 商品房 预售 资金 监管 工作 意见 征求意见 要求 各地 房地产 主管部门 建立 完善 预售 资金 监管 系统 背景 加强 我市 商品房 预售 资金 监管 工作 确保 资金 安全 可控 保障 购房者 合法权益 避免 问题 楼盘 产生 有效 防范 房地产 市场 风险 促进 我市 房地产业 平稳 健康 发展 根据 中华人民共和国 城市 房地产 管理法 城市 房地产 开发 经营 管理条例 城市 商品房 预售 管理 办法 有关 规定 结合 我市 实际 情况 拟定 信阳市 商品房 预售 资金 监管 办法 初稿 办法 编制 过程 一是 认真学习 贯彻 国家 文件精神 借鉴 外地 有关 经验 基础 加强 研究 形成 办法 初稿 二是 办法 初稿 完成 充分 征求 信阳 银保监 分局 中国人民银行 信阳市 中心 支行 信阳市 中级 人民法院 信阳市 住房 公积金 中心 部门 意见 部分 采纳 中院 人行 信阳 支行 意见 多次 修改 完善 形成 办法 修改稿 三是 加强 会商 市政府 办公室 法制 审核 市政府 常务会议 研究 市政府 办公室 名义 正式 印发 办法 主要 内容 办法 六章 二十三条 我市 商品房 预售 资金 监管 主管部门 主要 责任 监管 银行 监管 协议 商品房 预售 资金 缴存 使用 相关 附则 重要 内容 进行 明确 规范 第一章 总则 明确 我市 商品房 预售 资金 监管 原则 适用范围 主管部门 明确 商品房 预售 资金 监管 银行 监管 协议 专用 账户 定义 第二章 一般 规定 明确 部门 机构 职责 规定 监管 资金 组成 监管 期限 规范 监管 协议 签订 第三章 商品房 预售 资金 缴存 规范 监管 账户 设定 加强 监管 资金 缴存 管理 第四章 商品房 预售 资金 使用 明确 商品房 预售 资金 使用 申请 流程 商品房 预售 资金 监管 账户 注销 第五章 责任 追究 规定 开发 企业 监管 银行 主管部门 违规 责任 追究 第六章 附则 规定 办法 施行 日期 河南省 住房 城乡 建设厅 中国人民银行 郑州 中心 支行 中国银行 保险 监督管理 委员会 河南 监管局 关于 进一步 规范 商品房 预售 资金 监管 工作 意见 来源 河南省 住房 城乡 建设厅,1.406045858762816,8.841878724993672,3.283333333333333,4.15,7100,120.0,28.00833333333333,426.0,244.6035494318183,34.088875,3142.363636363636,25.59717045454547,5,3,0.008625,0.3,阶段1,17.0,20.0,32.63639232954546,4.848456790123458,0.2,主体,17.0,24.0,55.56091704545454,5.169444444444445,0.2,竣备,17.0,26.0,32.01528451704546,4.725,0.2,竣备,17.0,28.0,47.41122968749999,5.725000000000001,0.1,阶段5,17.0,40.0,76.97972585227275,10.225,3,4,34.088875
儋州,儋州,Danzhou-3,approved construction cost,with multiplier or floor,named administrative certificates,drawdown ceiling,specified,condition beyond first registration,True,True,2.0,0.5,0.05,numbered clauses in evidence excerpt,explicit percentage near 主体结构封顶; midpoint used for a stated range,manual 5% retained flag,监管额度后，房地产开发企业可以使用规定留存的预售监管资金额度以外的其他预售资金，优先用于本项目工程有关建设 | 监管账户内累计预售资金超过重点监管额度后，监管银行应告知监管部门和房地产开发企业，房地产开发企业可自行提取重点监管额度以外的资金，优先用于预售项目工程建设和偿还本项目贷款等 | 完成、初始登记、具备办理产权转移登记条件五个环节设置资金使用节点： （一）项目主体结构封顶时，使用资金额度不得超过重点监管资金总额的50%,True,policy_identification_filled.xlsx,City_audit,4stage_Ncost,4,3,stage_1|stage_2|stage_3|stage_4,主体|装修|竣备|确权,主体|竣备|确权,complete_named_milestones,stage_1,stage_4,3,1.0,0.2167473654229564,cumulative_same_denominator_stage_shares,terminal_stage_share:monthly_revenue_stage_ratio,expert_calibrated_operational_proxy_pending_source_mapping,monthly-revenue stage ratio or within-cohort amount share; not automatically a policy percentage,external/Modelling Dep/41_Cities_Dep/city_catalog.json,data/pmc_data.xlsx,dep-operational-h1-v1,Danzhou-3,2023,三线,儋州,Hainan,"关于儋州市房地产项目预售资金三方监管账户信息的公示
(十二月更新版）


尊敬的购房者：
为推动我市房地产市场持续健康发展，维护购房者的合法权益，完善商品房预售资金监管制度，预防开发企业随意挪用预售资金，造成资金链断裂形成烂尾等问题。根据《城市房地产开发经营管理条例》、《城市商品房预售管理办法》、《海南省商品房预售资金监管办法》等相关规定,定金、预付款、房价款（包括首付款、分期付款、一次性付款、银行按揭贷款和住房公积金贷款）等各种款项应全部直接进入预售资金监管账户。
望购房人在购房时注意核实预售资金监管账户信息，将定金、预付款、房价款（包括首付款、分期付款、一次性付款、银行按揭贷款和住房公积金贷款）等各种款项直接存入商品房预售资金监管账户，并对开发企业违规收取商品房预售资金的行为进行监督举报。 现将我市房地产项目预售资金三方监管账户信息公示如下
在此提醒广大购房者， 在售楼场所现场查验项目的“五证”（《不动产权证书》《建设用地规划许可证》《建设工程规划许可证》《建筑工程施工许可证》和《商品房预售许可证》）；分期开发的小区要看《商品房预售许可证》对应的楼栋是否为所购买的楼栋，凡取得预售许可的楼栋都开设有预售资金监管账户，买商品房的定金、预付款、房价款（包括首付款、分期付款、一次性付款、银行按揭贷款和住房公积金贷款）等各种款项均要存入商品房预售资金监管账户，并网签商品房买卖合同，不能将购房资金存入开发企业私人账户和其他非资金监管账户。广大购房者要有风险意识，购房资金不存入监管账户就要承担损失风险，如遇开发企业不主动提供银行监管账户的、缴纳账户与公示账户不一致的、购房款未缴入监管账户等情况，可向儋州市住房和城乡建设局举报。
儋州市住房和城乡建设局
2023年12月29日


=============

《儋州市商品房预售资金监管实施细则》的
政策解读
为加强我市新建商品房预售资金监管，规范我市房地产开发经营行为，防范房地产风险，儋州市住房和城乡建设局组织制定了《儋州市商品房预售资金监管实施细则》（下文简称“《细则》”），并经市政府专题会议审议通过，于2022年6月6日印发给各有关单位、各房地产开发企业，于2022年7月7日施行，明确凡在本市行政区域内批准预售的新建商品房建设项目，其预售资金的收缴、使用和监督管理等工作，均按《细则》执行。
一、出台《细则》背景
1.《中华人民共和国城市房地产管理法》规定“商品房预售所得款项，必须用于有关的工程建设”；《城市商品房预售管理办法》规定“开发企业预售商品房所得款项应当用于有关的工程建设。商品房预售款监管的具体办法，由房地产管理部门制定”；2013年11月5日，海南省住房和城乡建设厅、中国人民银行海口市中心支行、中国银行业监督管理委员会海南监管局联合印发的《海南省商品房预售资金监管暂行办法》规定“市、县房地产行政主管部门负责监督本行政辖区内预售资金的收存、使用”。
2.随着我市房地产行业的发展，出现部分房地产开发企业没有将预售商品房所得款项用于与所预售商品房有关的工程建设，而是挪作他用，造成项目建设进度缓慢，有的甚至烂尾，不能按期交房，购房者的合法权益得不到很好的保障，引发购房者投诉、上访案件增多，给我市维稳工作带来不利影响。同时，还引发拖欠工程款和农民工工资问题。
因此，有必要出台我市商品房预售资金监管方面的规范性文件。
二、出台《细则》过程
本《细则》依据《中华人民共和国城市房地产管理法》、《城市房地产开发经营管理条例》、《城市商品房预售管理办法》和《海南省商品房预售资金监管暂行办法》及其它有关法律、法规的规定文件。从2021年11月底开始，与成都房联云码科技有限公司形成联合起草工作机制，形成《细则》起草工作组，结合我市工作实际，在学习借鉴其他省、市工作模式和经验基础上，我局起草了《儋州市商品房预售资金监管实施细则（送审稿）》。在出台《细则》的过程中，我局组织多轮专题会议集中研讨和改稿，并多次征询市发改委、市资规局、市市场监督管理局、儋州住房公积金管理局、中国人民银行儋州中心支行、中国银行监督管理委员会海南监管局儋州监管组等相关部门意见，在儋州市人民政府政务网上公示，征求社会公众和有关单位意见建议，并经我局法律顾问海南泽坤律师事务所提出法律意见。并于2022年4月通过市政府专题会议审议。
三、出台《细则》的主要依据
1. 《中华人民共和国城市房地产管理法》
2. 国务院《城市房地产开发经营管理条例》
3. 《国务院办公厅关于继续做好房地产市场调控工作的通知》（国办发〔2013〕17号）
4. 《城市商品房预售管理办法》
5. 《海南省商品房预售资金监管暂行办法》
6. 《住房和城乡建设部人民银行银保监会关于规范商品房预售资金监管的意见》（建房〔2022〕16号）
四、《细则》主要内容
本《细则》主要包括总则、预售资金监管账户的开立、预售资金监管协议的签订、预售资金监管账户的变更、预售资金的收存、预售资金监管的额度、预售资金不明入账的处理、预售资金监管的撤销、违规行为的处理和附则十个部分。具体内容为：
总则。明确了制定的目的、依据、适用范围、对象，主管部门及其职责、有关定义、监管期限、技术要求、审批方式。
预售资金监管账户的开立。规定了监管账户开立的要求和程序。
预售资金监管协议的签订。规定了监管协议的内容及使用要求。
预售资金监管账户的变更。规定了监管账户变更的条件、所需材料及程序。
预售资金的收存。规定了各类预售款的入账要求。
预售资金监管的额度。规定了预售资金监管的总额度、使用范围、使用节点、申请拨付的材料、程序。
预售资金不明入账的处理。规定了不明资金的处理方式、申请退款的材料和程序。
预售资金监管的撤销。规定了预售资金监管撤销的条件、申请撤销的材料及程序。
违规行为的处理。规定了对违规行为的处理方式。
附则。规定了实施的时间及解释权限。
五、出台《细则》的意义
本细则的制定，为加快落实我市商品房预售资金监管政策，持续优化我市营商环境，提高商品房预售资金监管审批效率。
儋州市住房和城乡建设局
2022年6月10日
====================

附件：

儋州市商品房预售资金监管实施细则
第一章 总  则
第一条  为加强商品房预售资金监督管理，保障预售商品房工程建设顺利进行，防范商品房交易风险，维护当事人合法权益，确保房地产市场平稳健康发展，依据《中华人民共和国城市房地产管理法》、《城市房地产开发经营管理条例》、《城市商品房预售管理办法》和《海南省商品房预售资金监管暂行办法》等规定，结合我市实际，制定本实施细则（以下简称“本细则”）。
第二条  儋州市住房和城乡建设局是本市商品房预售资金监管的主管部门（以下简称“市住建部门”），市住建局可以委托具有管理公共事务职能的机构具体负责本市新建商品房预售资金监管的实施工作。
第三条  本细则所称“新建商品房预售资金”是指预售商品房的房地产开发企业依法将其开发的商品房出售，由购买人按《商品房买卖合同》约定支付的定金、预付款、房价款（包括首付款、分期付款、一次性付款、银行按揭贷款和住房公积金贷款）、保证金等各种款项。
第四条  本细则所称监管银行（即开户银行）是指与房地产开发企业签订《商品房预售资金监管协议》（以下简称“监管协议”）、设立商品房预售资金监管专用账户（以下简称“监管账户”）的银行。
第五条  凡在本市行政区域内批准预售的新建商品房建设项目，其预售资金的收缴、使用和监督管理工作，适用本细则。
第六条 商品房预售资金监管遵循“专户专存、专款专用、全程监管、节点控制、多方监督”原则，确保商品房预售资金用于该商品房项目工程建设。
第七条  预售资金监管对象范围包括全部批准预售的商品房建设项目。预售商品房的预售资金必须存入预售监管账户，预售监管账户中留存的预售监管资金以确保项目剩余工程顺利完工为原则。当留存的预售监管资金达到规定的监管额度后，房地产开发企业可以使用规定留存的预售监管资金额度以外的其他预售资金，优先用于本项目工程有关建设。
第八条  预售资金监管期限自取得《商品房预售许可证》开始，至项目具备办理产权转移登记（即项目已缴清相关税费，购房人可办理转移登记）终止。
第九条 监管银行应具备保证资金监管安全、规范运行所需的金融管理业务能力及能与监管部门商品房预售资金监管系统联网并实现信息即时传递与交换的网络技术条件。
第十条  本细则所涉及的各项业务申请、受理和审批均以“线上办理”、“不见面审批”的方式进行。
第二章 预售资金监管账户的开立
第十一条  房地产开发企业申请办理《商品房预售许可证》前，应在本市选择具备条件的商业银行，按照一次商品房预售许可申请对应一个账户的原则开立监管账户。
第十二条  申请开立监管账户程序
一、申请
房地产开发企业填写监管账户开立申请表、资金使用计划书及企业基本信息等相关材料后向市住建部门申请办理开立监管账户。
房地产开发企业应持以下材料办理开立监管账户：
（1）开户申请书；
（2）开发企业营业执照正副本；
（3）用款计划书；
（4）土地使用权证；
（5）建设工程规划许可证、施工许可证；
（6）测绘报告；
（7）项目建设方案及施工进度表；
（8）经办人身份证、委托书；
（9）其他应当提供的材料。
以上材料以电子文档或电子扫描件的形式线上提交。
二、审核
市住建部门受理申请开立监管理账户后3个工作日内完成审核，审核通过的，向房地产开发企业出具《新建商品房预售资金监管账户开户通知书》。
三、开立监管账户
房地产开发企业持《新建商品房预售资金监管账户开立通知书》到商业银行开立监管账户。根据《人民币银行结算账户管理办法》等账户管理规定，预售资金监管账户的性质为专用存款账户，户名应由房地产开发企业名称和规划批准的项目名称组成，其中房地产开发企业名称须与该企业基本存款账户名称一致，预留银行签章上的名称须与资金账户的名称一致。
第三章 预售资金监管协议的签订
第十三条  房地产开发企业在办理《商品房预售许可证》前，须与开立监管账户的商业银行（即“监管银行”）和市住建局签订三方监管协议。监管协议中应载明房地产开发企业名称、项目名称、坐落、国有土地使用证号、土地面积、总建筑面积、总套数、工程预算清册总额、监管银行、监管账户名称和账号等相关信息。
未签订监管协议的房地产项目，不予发放《商品房预售许可证》。
第十四条  房地产开发企业在取得《商品房预售许可证》后，应将商品房预售资金监管相关规定告知购房人，将预售资金监管开户银行及预售资金监管账户、账号等信息在商品房销售场所显著位置公示，并在《商品房买卖合同》中载明。
第四章 预售资金监管账户的变更
第十五条  监管项目发生监管银行或监管账户变更的，可以申请变更，变更期间该监管账户对应的《商品房预售许可证》范围内的新建商品房不得销售。
房地产开发企业变更监管银行或监管账户的，须经原监管银行、市住建部门同意后，经批准解除原监管协议，重新签订新的监管协议，同时将原监管账户中的预售资金全部转入新的监管账户。
房地产开发企业应持以下材料申请变更监管银行或监管账户：
（1）监管账户变更申请书；
（2）原监管账户开户通知书；
（3）原监管账户开户证明；
（4）原监管银行及其上级单位出具同意变更监管账户的证明文件；
（5）企业营业执照及经办人身份证、委托书；
（6）凡已签订监管协议的，房地产开发企业还应当交回原监管协议原件。
市住建部门受理监管账户变更申请后3个工作日内完成审核，审核通过的，书面通知监管银行，办理变更相关手续。
第五章 预售资金的收存
第十六条  房地产开发企业预售商品房时，应由购房人将购房款直接存入监管账户。房地产开发企业不得直接收存购房款。
第十七条  按揭货款购买商品房的，其按揭贷款由贷款银行直接转入监管账户，并注明用途。
第十八条  分期或其他付款方式购买商品房的，在签订《商品房买卖合同》中，必须注明付款次数，每次付款金额和付款时间，并按合同约定及时将购房款存入监管账户。
第十九条  监管银行应以楼盘表编制的幢为单位，根据楼盘表网签成交信息、合同约定的购房款支付信息，实时掌握该幢房屋己销售房号和应进入监管账户的购房款金额，并按幢按套建立购房款明细管理台账，做到专款专用。
第六章 预售资金监管的额度
第二十条  商品房预售资金重点监管额度按照项目建筑、安装、装修和区内配套建设等成本费用（含税）以及5%的不可预见费用确定，商品房预售资金重点监管额度须在商品房预售资金监管协议中载明。
房地产开发企业支付工程建设等费用，可以申请使用重点监管资金。申请的重点监管资金应用于支付本项目工程建设进度款、建筑材料、配套设施、设备、全装修工程进度款等款项以及法定税费、不高于5%的不可预见费。
监管账户内累计预售资金超过重点监管额度后，监管银行应告知监管部门和房地产开发企业，房地产开发企业可自行提取重点监管额度以外的资金，优先用于预售项目工程建设和偿还本项目贷款等。
第二十一条  使用重点监管资金应以项目工程进度和资金使用计划为依据，按照项目建设进度达到主体结构封顶、竣工验收、配套设施建设完成、初始登记、具备办理产权转移登记条件五个环节设置资金使用节点：
（一）项目主体结构封顶时，使用资金额度不得超过重点监管资金总额的50%；
（二）项目完成竣工验收时，使用资金额度不得超过重点监管资金总额的80%；
（三）项目完成配套设施建设时，使用资金额度不得超过重点监管资金总额的90%；
（四）项目完成初始登记时，使用资金额度不得超过重点监管资金总额的95%；
（五）项目具备办理产权转移登记条件时，预售资金监管终止。
第二十二条 房地产开发企业申请拨付监管资金前，应当向市住建部门申请对项目工程形象部位进行现场查勘。现场查勘合格后，房地产开发企业按照施工进度，持以下资料向市住建局申请办理拨付手续：
（1）监管资金拨付申请表。
（2）己完工节点证明文件：结构封顶，提交主体结构工程质量验收证明；竣工验收，提交建设工程竣工验收备案书；装修，提供装修合同及施工进度表；完成初始权登记，提交证本；具备办理产权转移登记，提供房屋税务完税证明，购房人可单方办理转移登记等。
（3）开发企业营业执照及经办人身份证、委托书。
第二十三条  申请材料审核合格后，由市住建局在3个工作日内出具同意拨付证明，监管银行应及时拨付。监管银行违反预售资金三方监管协议，未经市住建局核实同意，擅自拨付监管额度内资金的，应当负责追回资金，无法追回的依法承担相应赔偿责任。
第二十四条  市住建部门应当严格查勘资料的档案管理，妥善保存查勘记录、施工进度照片。
第七章 预售资金不明入账的处理
第二十五条  购房人通过电汇、网上银行转账等方式交存购房款或者预售资金划拨过程中因拨付失败返回资金监管账户形成的不明入账，房地产开发企业应当及时予以划分确认，划分确认后方可申请使用该部分资金。
第二十六条  属于资金错误划入监管账户的，房地产开发企业应当提交以下资料向市住建部门申请办理《不明入账退款通知书》：
（1）不明入账退款申请表；
（2）开户银行出具的证明文件；
（3）企业营业执照及经办人身份证、委托书。
由于发放购房贷款或者银行汇款等原因造成资金错误划入监管账户的，还应当提供相关发起银行出具的证明文件。
第二十七条  市住建部门受理申请后2个工作日内完成审核。审核通过的，向房地产开发企业出具《不明入账退款通知书》。房地产开发企业于2个工作日内持《不明入账退款通知书》到开户银行办理退款手续。
第八章 预售资金监管的注销
第二十八条  监管项目具备办理产权转移登记条件后，房地产开发企业可以申请注销监管。注销监管后的账户和剩余资金由房地产开发企业自行处理。
第二十九条  房地产开发企业申请办理《注销监管通知书》，应当提交以下材料：
（1）注销监管申请表；
（2）具备办理产权转移登记证明材料；
（3）企业营业执照及经办人身份证、委托书。
第三十条  市住建部门受理申请审核通过后，向房地产开发企业出具《注销监管通知书》。房地产开发企业持《注销监管通知书》到开户银行办理注销监管账户手续。
第九章 违规行为的处理
第三十一条  市住建部门应当加强对房地产开发企业执行预售资金监管制度情况的日常检查和监督。
第三十二条  房地产开发企业所提供的资金监管和拨付的相关材料须真实准确。若发现房地产开发企业提供材料不真实的，追究该企业的相关法律和经济责任。
第三十三条  房地产开发企业不按规定将房价款存入监管账户、不按规定将项目工程建设资金支付给相关单位或不按规定将房价款退还购房人的，由市住建部门责令改正；情节严重或者拒不改正的，经查证属实，暂停其监管资金拨付，同时关闭该项目网签系统，并将该企业列入黑名单，在儋州市企业信用信息共享平台上公示。
第十章 附  则
第三十四条  本实施细则由市住建部门负责解释。
第三十五条  本细则自印发之日起30日后施行，有效期3年。本细则实行前己预售的项目，经开发企业申请，可以按本细则的规定执行。",关于 儋州市 房地产 项目 预售 资金 三方 监管 账户 信息 公示 十二月 更新版 尊敬 购房者 推动 我市 房地产 市场 持续 健康 发展 维护 购房者 合法权益 完善 商品房 预售 资金 监管 制度 预防 开发 企业 随意 挪用 预售 资金 造成 资金 链断裂 形成 烂尾 问题 根据 城市 房地产 开发 经营 管理条例 城市 商品房 预售 管理 办法 海南省 商品房 预售 资金 监管 办法 相关 规定 定金 预付款 房价 包括 首付款 分期付款 一次性 付款 银行 按揭 贷款 住房 公积金 贷款 各种 款项 全部 直接 进入 预售 资金 监管 账户 购房人 购房 注意 核实 预售 资金 监管 账户 信息 定金 预付款 房价 包括 首付款 分期付款 一次性 付款 银行 按揭 贷款 住房 公积金 贷款 各种 款项 直接 存入 商品房 预售 资金 监管 账户 开发 企业 违规 收取 商品房 预售 资金 行为 进行 监督 举报 现将 我市 房地产 项目 预售 资金 三方 监管 账户 信息 公示 如下 提醒 广大 购房者 售楼 场所 现场 查验 项目 五证 不动产 证书 建设 用地 规划 许可证 建设工程 规划 许可证 建筑 工程施工 许可证 商品房 预售 许可证 分期 开发 小区 商品房 预售 许可证 对应 楼栋 是否 购买 楼栋 取得 预售 许可 楼栋 开设 预售 资金 监管 账户 商品房 定金 预付款 房价 包括 首付款 分期付款 一次性 付款 银行 按揭 贷款 住房 公积金 贷款 各种 款项 存入 商品房 预售 资金 监管 账户 网签 商品房 买卖合同 不能 购房 资金 存入 开发 企业 私人 账户 其他 资金 监管 账户 广大 购房者 风险意识 购房 资金 存入 监管 账户 就要 承担 损失 风险 如遇 开发 企业 主动 提供 银行 监管 账户 缴纳 账户 公示 账户 一致 购房款 缴入 监管 账户 情况 儋州市 住房 城乡 建设局 举报 儋州市 住房 城乡 建设局 儋州市 商品房 预售 资金 监管 实施细则 政策 解读 加强 我市 新建 商品房 预售 资金 监管 规范 我市 房地产 开发 经营 行为 防范 房地产 风险 儋州市 住房 城乡 建设局 组织 制定 儋州市 商品房 预售 资金 监管 实施细则 下文 简称 细则 市政府 专题会议 审议 通过 印发 有关 单位 房地产 开发 企业 施行 明确 本市 行政区域 批准 预售 新建 商品房 建设项目 预售 资金 收缴 使用 监督管理 工作 细则 执行 出台 细则 背景 中华人民共和国 城市 房地产 管理法 规定 商品房 预售 所得 款项 必须 用于 有关 工程建设 城市 商品房 预售 管理 办法 规定 开发 企业 预售 商品房 所得 款项 应当 用于 有关 工程建设 商品房 预售 监管 具体办法 房地产 管理 部门 制定 海南省 住房 城乡 建设厅 中国人民银行 海口市 中心 支行 中国 银行业 监督管理 委员会 海南 监管局 联合 印发 海南省 商品房 预售 资金 监管 暂行办法 规定 房地产 行政 主管部门 负责 监督 行政 辖区 预售 资金 收存 使用 随着 我市 房地产 行业 发展 出现 部分 房地产 开发 企业 没有 预售 商品房 所得 款项 用于 预售 商品房 有关 工程建设 而是 挪作他用 造成 项目 建设 进度缓慢 甚至 烂尾 不能 按期 交房 购房者 合法权益 得不到 保障 引发 购房者 投诉 上访 案件 增多 我市 维稳 工作 带来不利 影响 同时 引发 拖欠 工程款 农民工 工资 问题 因此 必要 出台 我市 商品房 预售 资金 监管 方面 规范性 文件 出台 细则 过程 细则 依据 中华人民共和国 城市 房地产 管理法 城市 房地产 开发 经营 管理条例 城市 商品房 预售 管理 办法 海南省 商品房 预售 资金 监管 暂行办法 及其 有关 法律 法规 规定 文件 月底 开始 成都 房联云码 科技 有限公司 形成 联合 起草 工作 机制 形成 细则 起草 工作组 结合 我市 工作 实际 学习 借鉴 其他 工作 模式 经验 基础 我局 起草 儋州市 商品房 预售 资金 监管 实施细则 送审稿 出台 细则 过程 我局 组织 多轮 专题会议 集中 研讨 改稿 多次 征询 发改委 市资 规局 市场 监督 管理局 儋州 住房 公积金 管理局 中国人民银行 儋州 中心 支行 中国银行 监督管理 委员会 海南 监管局 儋州 监管 组等 相关 部门 意见 儋州市 人民政府 政务 网上 公示 征求 社会公众 有关 单位 意见建议 并经 我局 法律顾问 海南 泽坤 律师 事务所 提出 法律 意见 通过 市政府 专题会议 审议 出台 细则 主要 依据 中华人民共和国 城市 房地产 管理法 国务院 城市 房地产 开发 经营 管理条例 国务院办公厅 关于 继续 做好 房地产 市场 调控 工作 通知 国办发 城市 商品房 预售 管理 办法 海南省 商品房 预售 资金 监管 暂行办法 住房 城乡 建设部 人民银行 保监会 关于 规范 商品房 预售 资金 监管 意见 建房 细则 主要 内容 细则 主要 包括 总则 预售 资金 监管 账户 开立 预售 资金 监管 协议 签订 预售 资金 监管 账户 变更 预售 资金 收存 预售 资金 监管 额度 预售 资金 不明 入账 处理 预售 资金 监管 撤销 违规行为 处理 附则 十个 部分 具体内容 总则 明确 制定 目的 依据 适用范围 对象 主管部门 及其 职责 有关 定义 监管 期限 技术 要求 审批 方式 预售 资金 监管 账户 开立 规定 监管 账户 开立 要求 程序 预售 资金 监管 协议 签订 规定 监管 协议 内容 使用 要求 预售 资金 监管 账户 变更 规定 监管 账户 变更 条件 材料 程序 预售 资金 收存 规定 各类 预售 入账 要求 预售 资金 监管 额度 规定 预售 资金 监管 总额 使用 范围 使用 节点 申请 拨付 材料 程序 预售 资金 不明 入账 处理 规定 不明 资金 处理 方式 申请 退款 材料 程序 预售 资金 监管 撤销 规定 预售 资金 监管 撤销 条件 申请 撤销 材料 程序 违规行为 处理 规定 违规行为 处理 方式 附则 规定 实施 时间 解释 权限 出台 细则 意义 本细则 制定 加快 落实 我市 商品房 预售 资金 监管 政策 持续 优化 我市 营商 环境 提高 商品房 预售 资金 监管 审批 效率 儋州市 住房 城乡 建设局 附件 儋州市 商品房 预售 资金 监管 实施细则 第一章 第一条 加强 商品房 预售 资金 监督管理 保障 预售 商品房 工程建设 顺利进行 防范 商品房 交易 风险 维护 当事人 合法权益 确保 房地产 市场 平稳 健康 发展 依据 中华人民共和国 城市 房地产 管理法 城市 房地产 开发 经营 管理条例 城市 商品房 预售 管理 办法 海南省 商品房 预售 资金 监管 暂行办法 规定 结合 我市 实际 制定 实施细则 以下 简称 本细则 第二条 儋州市 住房 城乡 建设局 本市 商品房 预售 资金 监管 主管部门 以下 简称 市住 部门 市住 建局 可以 委托 具有 管理 公共事务 职能 机构 具体 负责 本市 新建 商品房 预售 资金 监管 实施 工作 第三条 本细则 新建 商品房 预售 资金 预售 商品房 房地产 开发 企业 依法 开发 商品房 出售 购买 商品房 买卖合同 约定 支付 定金 预付款 房价 包括 首付款 分期付款 一次性 付款 银行 按揭 贷款 住房 公积金 贷款 保证金 各种 款项 第四条 本细则 监管 银行 开户银行 房地产 开发 企业 签订 商品房 预售 资金 监管 协议 以下 简称 监管 协议 设立 商品房 预售 资金 监管 专用 账户 以下 简称 监管 账户 银行 第五条 本市 行政区域 批准 预售 新建 商品房 建设项目 预售 资金 收缴 使用 监督管理 工作 适用 本细则 第六条 商品房 预售 资金 监管 遵循 专户 专存 专款专用 全程 监管 节点 控制 多方 监督 原则 确保 商品房 预售 资金 用于 商品房 项目 工程建设 第七条 预售 资金 监管 对象 范围 包括 全部 批准 预售 商品房 建设项目 预售 商品房 预售 资金 必须 存入 预售 监管 账户 预售 监管 账户 留存 预售 监管 资金 确保 项目 剩余 工程 顺利 完工 原则 留存 预售 监管 资金 达到 规定 监管 额度 房地产 开发 企业 可以 使用 规定 留存 预售 监管 资金 额度 以外 其他 预售 资金 优先 用于 项目 工程 有关 建设 第八条 预售 资金 监管 期限 取得 商品房 预售 许可证 开始 项目 具备 办理 产权 转移 登记 项目 缴清 相关 税费 购房人 办理 转移 登记 终止 第九条 监管 银行 具备 保证 资金 监管 安全 规范 运行 金融管理 业务 能力 及能 监管部门 商品房 预售 资金 监管 系统 联网 实现 信息 即时 传递 交换 网络 技术 条件 第十条 本细则 涉及 各项 业务 申请 受理 审批 线上 办理 见面 审批 方式 进行 第二章 预售 资金 监管 账户 开立 第十一条 房地产 开发 企业 申请 办理 商品房 预售 许可证 本市 选择 具备条件 商业银行 按照 一次 商品房 预售 许可 申请 对应 一个 账户 原则 开立 监管 账户 第十二条 申请 开立 监管 账户 程序 申请 房地产 开发 企业 填写 监管 账户 开立 申请表 资金 使用 计划书 企业 基本 信息 相关 材料 部门 申请 办理 开立 监管 账户 房地产 开发 企业 应持 以下 材料 办理 开立 监管 账户 开户 申请书 开发 企业 营业执照 正副 用款 计划书 土地 使用 权证 建设工程 规划 许可证 施工 许可证 测绘 报告 项目 建设 方案 施工进度 经办人 身份证 委托书 其他 应当 提供 材料 以上 材料 电子 文档 电子扫描 形式 线上 提交 审核 市住 部门 受理 申请 开立 管理 账户 工作日内 完成 审核 审核 通过 房地产 开发 企业 出具 新建 商品房 预售 资金 监管 账户 开户 通知书 开立 监管 账户 房地产 开发 企业 新建 商品房 预售 资金 监管 账户 开立 通知书 商业银行 开立 监管 账户 根据 人民币 银行 结算 账户 管理 办法 账户 管理 规定 预售 资金 监管 账户 性质 专用 存款 账户 户名 应由 房地产 开发 企业 名称 规划 批准 项目名称 组成 其中 房地产 开发 企业 名称 企业 基本 存款 账户 名称 一致 预留 银行 签章 名称 资金 账户 名称 一致 第三章 预售 资金 监管 协议 签订 第十三条 房地产 开发 企业 办理 商品房 预售 许可证 开立 监管 账户 商业银行 监管 银行 市住 建局 签订 三方 监管 协议 监管 协议 中应 载明 房地产 开发 企业 名称 项目名称 坐落 国有土地 使用证 土地 面积 建筑面积 套数 工程预算 清册 总额 监管 银行 监管 账户 名称 账号 相关 信息 签订 监管 协议 房地产 项目 不予 发放 商品房 预售 许可证 第十四条 房地产 开发 企业 取得 商品房 预售 许可证 商品房 预售 资金 监管 相关 规定 告知 购房人 预售 资金 监管 开户银行 预售 资金 监管 账户 账号 信息 商品房 销售 场所 显著 位置 公示 商品房 买卖合同 载明 第四章 预售 资金 监管 账户 变更 第十五条 监管 项目 发生 监管 银行 监管 账户 变更 可以 申请 变更 变更 期间 监管 账户 对应 商品房 预售 许可证 范围 新建 商品房 不得 销售 房地产 开发 企业 变更 监管 银行 监管 账户 经原 监管 银行 市住 部门 同意 批准 解除 监管 协议 重新 签订 监管 协议 同时 监管 账户 预售 资金 全部 转入 监管 账户 房地产 开发 企业 应持 以下 材料 申请 变更 监管 银行 监管 账户 监管 账户 变更 申请书 监管 账户 开户 通知书 监管 账户 开户 证明 监管 银行 及其 上级 单位 出具 同意 变更 监管 账户 证明文件 企业 营业执照 经办人 身份证 委托书 签订 监管 协议 房地产 开发 企业 应当 交回 监管 协议 原件 市住 部门 受理 监管 账户 变更 申请 工作日内 完成 审核 审核 通过 书面通知 监管 银行 办理 变更 相关 手续 第五章 预售 资金 收存 第十六条 房地产 开发 企业 预售 商品房 应由 购房人 购房款 直接 存入 监管 账户 房地产 开发 企业 不得 直接 收存 购房款 第十七条 按揭 货款 购买 商品房 按揭 贷款 贷款 银行 直接 转入 监管 账户 注明 用途 第十八条 分期 其他 付款 方式 购买 商品房 签订 商品房 买卖合同 必须 注明 付款 次数 每次 付款 金额 付款 时间 合同 约定 及时 购房款 存入 监管 账户 第十九条 监管 银行 楼盘 编制 单位 根据 楼盘 表网 成交 信息 合同 约定 购房款 支付 信息 实时 掌握 房屋 销售 房号 进入 监管 账户 购房款 金额 按套 建立 购房款 明细 管理 台账 做到 专款专用 第六章 预售 资金 监管 额度 第二十条 商品房 预售 资金 重点 监管 额度 按照 项目 建筑 安装 装修 区内 配套 建设 成本费用 含税 以及 不可 预见 费用 确定 商品房 预售 资金 重点 监管 额度 商品房 预售 资金 监管 协议 载明 房地产 开发 企业 支付 工程建设 费用 可以 申请 使用 重点 监管 资金 申请 重点 监管 资金 应用 支付 项目 工程建设 进度 建筑材料 配套 设施 设备 装修 工程进度 款项 以及 法定 税费 高于 不可 预见 监管 账户 累计 预售 资金 超过 重点 监管 额度 监管 银行 告知 监管部门 房地产 开发 企业 房地产 开发 企业 自行 提取 重点 监管 额度 以外 资金 优先 用于 预售 项目 工程建设 偿还 项目 贷款 第二十一条 使用 重点 监管 资金 项目 工程进度 资金 使用 计划 依据 按照 项目 建设 进度 达到 主体 结构 封顶 竣工 验收 配套 设施 建设 完成 初始 登记 具备 办理 产权 转移 登记 条件 五个 环节 设置 资金 使用 节点 项目 主体 结构 封顶 使用 资金 额度 不得 超过 重点 监管 资金 总额 项目 完成 竣工 验收 使用 资金 额度 不得 超过 重点 监管 资金 总额 项目 完成 配套 设施 建设 使用 资金 额度 不得 超过 重点 监管 资金 总额 项目 完成 初始 登记 使用 资金 额度 不得 超过 重点 监管 资金 总额 项目 具备 办理 产权 转移 登记 条件 预售 资金 监管 终止 第二十二条 房地产 开发 企业 申请 拨付 监管 资金 应当 向市 部门 申请 项目 工程 形象 部位 进行 现场 查勘 现场 查勘 合格 房地产 开发 企业 按照 施工进度 以下 资料 向市 建局 申请 办理 拨付 手续 监管 资金 拨付 申请表 完工 节点 证明文件 结构 封顶 提交 主体 结构 工程质量 验收 证明 竣工 验收 提交 建设工程 竣工 验收 备案 装修 提供 装修 合同 施工进度 完成 初始 登记 提交 证本 具备 办理 产权 转移 登记 提供 房屋 税务 完税 证明 购房人 单方 办理 转移 登记 开发 企业 营业执照 经办人 身份证 委托书 第二十三条 申请材料 审核 合格 由市 建局 工作日内 出具 同意 拨付 证明 监管 银行 及时 拨付 监管 银行 违反 预售 资金 三方 监管 协议 未经 市住 建局 核实 同意 擅自 拨付 监管 额度 资金 应当 负责 追回 资金 无法 追回 依法 承担 相应 赔偿 责任 第二十四条 市住 部门 应当 严格 查勘 资料 档案管理 妥善 保存 查勘 记录 施工进度 照片 第七章 预售 资金 不明 入账 处理 第二十五条 购房人 通过 电汇 网上银行 转账 方式 交存 购房款 或者 预售 资金 划拨 过程 中因 拨付 失败 返回 资金 监管 账户 形成 不明 入账 房地产 开发 企业 应当 及时 予以 划分 确认 划分 确认 后方 申请 使用 部分 资金 第二十六条 属于 资金 错误 划入 监管 账户 房地产 开发 企业 应当 提交 以下 资料 向市 部门 申请 办理 不明 入账 退款 通知书 不明 入账 退款 申请表 开户银行 出具 证明文件 企业 营业执照 经办人 身份证 委托书 由于 发放 购房 贷款 或者 银行 汇款 原因 造成 资金 错误 划入 监管 账户 应当 提供 相关 发起 银行 出具 证明文件 第二十七条 市住 部门 受理 申请 工作日内 完成 审核 审核 通过 房地产 开发 企业 出具 不明 入账 退款 通知书 房地产 开发 企业 工作日内 不明 入账 退款 通知书 开户银行 办理 退款 手续 第八章 预售 资金 监管 注销 第二十八条 监管 项目 具备 办理 产权 转移 登记 条件 房地产 开发 企业 可以 申请 注销 监管 注销 监管 账户 剩余 资金 房地产 开发 企业 自行处理 第二十九条 房地产 开发 企业 申请 办理 注销 监管 通知书 应当 提交 以下 材料 注销 监管 申请表 具备 办理 产权 转移 登记 证明 材料 企业 营业执照 经办人 身份证 委托书 第三十条 市住 部门 受理 申请 审核 通过 房地产 开发 企业 出具 注销 监管 通知书 房地产 开发 企业 注销 监管 通知书 开户银行 办理 注销 监管 账户 手续 第九章 违规行为 处理 第三十一条 市住 部门 应当 加强 房地产 开发 企业 执行 预售 资金 监管 制度 情况 日常 检查和 监督 第三十二条 房地产 开发 企业 提供 资金 监管 拨付 相关 材料 真实 准确 发现 房地产 开发 企业 提供 材料 真实 追究 企业 相关 法律 经济 责任 第三十三条 房地产 开发 企业 按规定 房价 存入 监管 账户 按规定 项目 工程建设 资金 支付 相关 单位 按规定 房价 退还 购房人 由市 部门 责令 改正 情节严重 或者 改正 查证 属实 暂停 监管 资金 拨付 同时 关闭 项目 网签 系统 企业 列入 黑名单 儋州市 企业信用 信息 共享 平台 公示 第十章 第三十四条 实施细则 由市 部门 负责 解释 第三十五条 本细则 印发 之日起 日后 施行 有效期 本细则 实行 前己 预售 项目 开发 企业 申请 可以 本细则 规定 执行,2.496959245944589,2.84725519779309,2.883333333333333,3.75,10533,82.5,27.14166666666667,1798.109090909091,539.7352537592891,84.61156363636364,6146.697565227899,45.17147727272727,4,3,0.008625,1.0,主体,11.0,18.0,277.8045852272728,5.19253246753247,0.0,装修,,,0.0,4.725000000000002,1.0,竣备,19.0,23.0,201.8600390625,5.114610389610392,0.2167473654229564,确权,27.0,31.0,60.07062946951626,5.374350649350651,,,,,,,3,5,84.61156363636364
六安,六安,Lu'an-3,,,no intermediate steps,找不到/未明确,none specified,other / unclear,False,False,0.0,,,explicit no-intermediate-steps label,not explicitly parseable from retained excerpt,not explicitly parseable from retained excerpt,市住建局召开贯彻落实《六安市商品房预售资金监管实施细则》工作部署会 信息来源：市住房发展中心 发布时间：2023-04-21 09:02 为贯彻落实《六安市商品房预售资金监管实施细则》工作要求，加强预售资金监督管理，做好政银资金监管系统对接工作，4月20日下午，市住建局召开专题贯彻落实会议。市住建局二级调研员倪世平、市住房发展中心相关科室负责人及城区13家商业银行负责人参加会议，会议由市住房发展中心主任杜冰主持。 会议传达学习了近期修订的《六安市商品房预售资金监管实施细则》文件精神和内容要点，通报了部分商业银行在贯彻执行预售资金监管相关规定的过程存在的问题，同时对下一步政银系统信息化建设提出具体要求。各商业银行负责人在表态发言中纷纷表示，今后会更加严格履行监管责任，积极做好资金监管系统对接，共同维护商品房预售资金监管安全。 针对商品房预售资金监管工作中存在的问题，市住建局二级调研员倪世平在总结讲话中提出四点要求。一是提高认识，充分认识资金监管工作的重要性，各银行要认真学习新的资金监管实施细则，传达会议精神，加强对资金监管的重视程度；二是落实工作责任，各银行要严格履行监管责任，提升资金监管从业人员业务水平；三是坚持以个别银行出现的问题为导向，举一反三，全面梳理排查银行在资金监管方面存在的漏洞；四是加强沟通联系，优化政银资金监管系统，确保监管关联数据信息实时传输共享等功能。希望各家银行与住建部门一道共同做好商品房预售资金监管工作，助力我市房产交易市场平稳发展。 ==== 中华人民共和国建设部令第131号 城市商品房预售管理办法 发布时间：2023-06-14 08:38 信息来源：,True,policy_identification_filled.xlsx,City_audit,5stage_Pcost,5,4,stage_1|stage_2|stage_3|stage_4|stage_5,阶段1|阶段2|竣备|阶段4|阶段5,阶段1|阶段2|竣备|阶段4,partial_named_milestones,,,4,,,not_estimable:topout_stage_name_unmapped,not_estimable:registration_stage_name_unmapped,expert_calibrated_operational_proxy_pending_source_mapping,monthly-revenue stage ratio or within-cohort amount share; not automatically a policy percentage,external/Modelling Dep/41_Cities_Dep/city_catalog.json,data/pmc_data.xlsx,dep-operational-h1-v1,Lu'an-3,2023,三线,六安,Anhui,"市住建局召开贯彻落实《六安市商品房预售资金监管实施细则》工作部署会
信息来源：市住房发展中心 发布时间：2023-04-21 09:02 
为贯彻落实《六安市商品房预售资金监管实施细则》工作要求，加强预售资金监督管理，做好政银资金监管系统对接工作，4月20日下午，市住建局召开专题贯彻落实会议。市住建局二级调研员倪世平、市住房发展中心相关科室负责人及城区13家商业银行负责人参加会议，会议由市住房发展中心主任杜冰主持。
会议传达学习了近期修订的《六安市商品房预售资金监管实施细则》文件精神和内容要点，通报了部分商业银行在贯彻执行预售资金监管相关规定的过程存在的问题，同时对下一步政银系统信息化建设提出具体要求。各商业银行负责人在表态发言中纷纷表示，今后会更加严格履行监管责任，积极做好资金监管系统对接，共同维护商品房预售资金监管安全。
针对商品房预售资金监管工作中存在的问题，市住建局二级调研员倪世平在总结讲话中提出四点要求。一是提高认识，充分认识资金监管工作的重要性，各银行要认真学习新的资金监管实施细则，传达会议精神，加强对资金监管的重视程度；二是落实工作责任，各银行要严格履行监管责任，提升资金监管从业人员业务水平；三是坚持以个别银行出现的问题为导向，举一反三，全面梳理排查银行在资金监管方面存在的漏洞；四是加强沟通联系，优化政银资金监管系统，确保监管关联数据信息实时传输共享等功能。希望各家银行与住建部门一道共同做好商品房预售资金监管工作，助力我市房产交易市场平稳发展。
====
中华人民共和国建设部令第131号 

城市商品房预售管理办法
发布时间：2023-06-14 08:38 信息来源：区房产局 
第一条 为加强商品房预售管理，维护商品房交易双方的合法权益，根据《中华人民共和国城市房地产管理法》、《城市房地产开发经营管理条例》，制定本办法。
第二条 本办法所称商品房预售是指房地产开发企业（以下简称开发企业）将正在建设中的房屋预先出售给承购人，由承购人支付定金或房价款的行为。
第三条 本办法适用于城市商品房预售的管理。
第四条 国务院建设行政主管部门归口管理全国城市商品房预售管理；
省、自治区建设行政主管部门归口管理本行政区域内城市商品房预售管理；
市、县人民政府建设行政主管部门或房地产行政主管部门（以下简称房地产管理部门）负责本行政区域内城市商品房预售管理。
第五条 商品房预售应当符合下列条件：
（一）已交付全部土地使用权出让金，取得土地使用权证书；
（二）持有建设工程规划许可证和施工许可证；
（三）按提供预售的商品房计算，投入开发建设的资金达到工程建设总投资的25％以上，并已经确定施工进度和竣工交付日期。
第六条 商品房预售实行许可制度。开发企业进行商品房预售，应当向房地产管理部门申请预售许可，取得《商品房预售许可证》。
未取得《商品房预售许可证》的，不得进行商品房预售。
第七条 开发企业申请预售许可，应当提交下列证件（复印件）及资料：
（一）商品房预售许可申请表；
（二）开发企业的《营业执照》和资质证书；
（三）土地使用权证、建设工程规划许可证、施工许可证；
（四）投入开发建设的资金占工程建设总投资的比例符合规定条件的证明；
（五）工程施工合同及关于施工进度的说明；
（六）商品房预售方案。预售方案应当说明预售商品房的位置、面积、竣工交付日期等内容，并应当附预售商品房分层平面图。
第八条 商品房预售许可依下列程序办理：
（一）受理。开发企业按本办法第七条的规定提交有关材料，材料齐全的，房地产管理部门应当当场出具受理通知书；材料不齐的，应当当场或者5日内一次性书面告知需要补充的材料。
（二）审核。房地产管理部门对开发企业提供的有关材料是否符合法定条件进行审核。
开发企业对所提交材料实质内容的真实性负责。
（三）许可。经审查，开发企业的申请符合法定条件的，房地产管理部门应当在受理之日起10日内，依法作出准予预售的行政许可书面决定，发送开发企业，并自作出决定之日起10日内向开发企业颁发、送达《商品房预售许可证》。
经审查，开发企业的申请不符合法定条件的，房地产管理部门应当在受理之日起10日内，依法作出不予许可的书面决定。书面决定应当说明理由，告知开发企业享有依法申请行政复议或者提起行政诉讼的权利，并送达开发企业。
商品房预售许可决定书、不予商品房预售许可决定书应当加盖房地产管理部门的行政许可专用印章，《商品房预售许可证》应当加盖房地产管理部门的印章。
（四）公示。房地产管理部门作出的准予商品房预售许可的决定，应当予以公开，公众有权查阅。
第九条 开发企业进行商品房预售，应当向承购人出示《商品房预售许可证》。售楼广告和说明书应当载明《商品房预售许可证》的批准文号。
第十条 商品房预售，开发企业应当与承购人签订商品房预售合同。开发企业应当自签约之日起30日内，向房地产管理部门和市、县人民政府土地管理部门办理商品房预售合同登记备案手续。
房地产管理部门应当积极应用网络信息技术，逐步推行商品房预售合同网上登记备案。
商品房预售合同登记备案手续可以委托代理人办理。委托代理人办理的，应当有书面委托书。
第十一条 开发企业预售商品房所得款项应当用于有关的工程建设。
商品房预售款监管的具体办法，由房地产管理部门制定。
第十二条 预售的商品房交付使用之日起90日内，承购人应当依法到房地产管理部门和市、县人民政府土地管理部门办理权属登记手续。开发企业应当予以协助，并提供必要的证明文件。
由于开发企业的原因，承购人未能在房屋交付使用之日起90日内取得房屋权属证书的，除开发企业和承购人有特殊约定外，开发企业应当承担违约责任。
第十三条 开发企业未取得《商品房预售许可证》预售商品房的，依照《城市房地产开发经营管理条例》第三十九条的规定处罚。
第十四条 开发企业不按规定使用商品房预售款项的，由房地产管理部门责令限期纠正，并可处以违法所得3倍以下但不超过3万元的罚款。
第十五条 开发企业隐瞒有关情况、提供虚假材料，或者采用欺骗、贿赂等不正当手段取得商品房预售许可的，由房地产管理部门责令停止预售，撤销商品房预售许可，并处3万元罚款。
第十六条 省、自治区建设行政主管部门、直辖市建设行政主管部门或房地产行政管理部门可以根据本办法制定实施细则。
第十七条 本办法由国务院建设行政主管部门负责解释。
第十八条 本办法自1995年1月1日起施行。


=======
https://www.shucheng.gov.cn/public/6598801/36412565.html

六安市

认为有停工问题, 不适用本办法


 

 

 
 
 
 
 
 
 
 
 
 
 
 
未明确具体时限",市住 建局 召开 贯彻落实 六安市 商品房 预售 资金 监管 实施细则 工作 部署 信息 来源 住房 发展 中心 发布 时间 贯彻落实 六安市 商品房 预售 资金 监管 实施细则 工作 要求 加强 预售 资金 监督管理 做好 政银 资金 监管 系统 对接 工作 下午 市住 建局 召开 专题 贯彻落实 会议 市住 建局 二级 调研员 倪世平 住房 发展 中心 相关 科室 负责人 城区 商业银行 负责人 参加 会议 会议 由市 住房 发展 中心 主任 杜冰 主持 会议 传达 学习 近期 修订 六安市 商品房 预售 资金 监管 实施细则 文件精神 内容 要点 通报 部分 商业银行 贯彻执行 预售 资金 监管 相关 规定 过程 存在 问题 同时 对下 一步 政银 系统 信息化 建设 提出 具体 要求 商业银行 负责人 表态 发言 纷纷表示 今后 更加 严格 履行 监管 责任 积极 做好 资金 监管 系统 对接 共同 维护 商品房 预售 资金 监管 安全 针对 商品房 预售 资金 监管 工作 存在 问题 市住 建局 二级 调研员 倪世平 总结 讲话 提出 四点 要求 一是 提高认识 充分认识 资金 监管 工作 重要性 银行 认真学习 资金 监管 实施细则 传达 会议 精神 加强 资金 监管 重视 程度 二是 落实工作 责任 银行 严格 履行 监管 责任 提升 资金 监管 从业人员 业务水平 三是 坚持 个别 银行 出现 问题 导向 举一反三 全面 梳理 排查 银行 资金 监管 方面 存在 漏洞 四是 加强 沟通 联系 优化 政银 资金 监管 系统 确保 监管 关联 数据 信息 实时 传输 共享 功能 希望 各家 银行 部门 一道 共同 做好 商品房 预售 资金 监管 工作 助力 我市 房产交易 市场 平稳 发展 中华人民共和国 建设部 城市 商品房 预售 管理 办法 发布 时间 信息 来源 房产局 第一条 加强 商品房 预售 管理 维护 商品房 交易 双方 合法权益 根据 中华人民共和国 城市 房地产 管理法 城市 房地产 开发 经营 管理条例 制定 办法 第二条 办法 商品房 预售 房地产 开发 企业 以下 简称 开发 企业 正在 建设 房屋 预先 出售 承购 承购 支付 定金 房价 行为 第三条 办法 适用 城市 商品房 预售 管理 第四条 国务院 建设 行政 主管部门 归口 管理 全国 城市 商品房 预售 管理 自治区 建设 行政 主管部门 归口 管理 本行政区域 城市 商品房 预售 管理 人民政府 建设 行政 主管部门 房地产 行政 主管部门 以下 简称 房地产 管理 部门 负责 本行政区域 城市 商品房 预售 管理 第五条 商品房 预售 应当 符合 下列 条件 交付 全部 土地 使用权 出让金 取得 土地 使用权 证书 持有 建设工程 规划 许可证 施工 许可证 提供 预售 商品房 计算 投入 开发 建设 资金 达到 工程建设 投资 以上 已经 确定 施工进度 竣工 交付 日期 第六条 商品房 预售 实行 许可 制度 开发 企业 进行 商品房 预售 应当 房地产 管理 部门 申请 预售 许可 取得 商品房 预售 许可证 取得 商品房 预售 许可证 不得 进行 商品房 预售 第七条 开发 企业 申请 预售 许可 应当 提交 下列 证件 复印件 资料 商品房 预售 许可 申请表 开发 企业 营业执照 资质证书 土地 使用 权证 建设工程 规划 许可证 施工 许可证 投入 开发 建设 资金 工程建设 投资 比例 符合规定 条件 证明 工程施工 合同 关于 施工进度 说明 商品房 预售 方案 预售 方案 应当 说明 预售 商品房 位置 面积 竣工 交付 日期 内容 应当 预售 商品房 分层 平面图 第八条 商品房 预售 许可 下列 程序 办理 受理 开发 企业 按本 办法 第七条 规定 提交 有关 材料 材料 齐全 房地产 管理 部门 应当 当场 出具 受理 通知书 材料 不齐 应当 当场 或者 日内 一次性 书面 告知 需要 补充 材料 审核 房地产 管理 部门 开发 企业 提供 有关 材料 是否 符合 法定条件 进行 审核 开发 企业 提交 材料 实质 内容 真实性 负责 许可 经审查 开发 企业 申请 符合 法定条件 房地产 管理 部门 应当 受理 之日起 日内 依法 作出 准予 预售 行政许可 书面 决定 发送 开发 企业 作出 决定 之日起 内向 开发 企业 颁发 送达 商品房 预售 许可证 经审查 开发 企业 申请 符合 法定条件 房地产 管理 部门 应当 受理 之日起 日内 依法 作出 不予 许可 书面 决定 书面 决定 应当 说明 理由 告知 开发 企业 享有 依法 申请 行政复议 或者 提起 行政诉讼 权利 送达 开发 企业 商品房 预售 许可 决定书 不予 商品房 预售 许可 决定书 应当 加盖 房地产 管理 部门 行政许可 专用 印章 商品房 预售 许可证 应当 加盖 房地产 管理 部门 印章 公示 房地产 管理 部门 作出 准予 商品房 预售 许可 决定 应当 予以 公开 公众 有权 查阅 第九条 开发 企业 进行 商品房 预售 应当 承购 出示 商品房 预售 许可证 售楼 广告 说明书 应当 载明 商品房 预售 许可证 批准文号 第十条 商品房 预售 开发 企业 应当 承购 签订 商品房 预售 合同 开发 企业 应当 签约 之日起 日内 房地产 管理 部门 人民政府 土地 管理 部门 办理 商品房 预售 合同 登记 备案 手续 房地产 管理 部门 应当 积极 应用 网络 信息技术 逐步 推行 商品房 预售 合同 网上 登记 备案 商品房 预售 合同 登记 备案 手续 可以 委托 代理人 办理 委托 代理人 办理 应当 书面 委托书 第十一条 开发 企业 预售 商品房 所得 款项 应当 用于 有关 工程建设 商品房 预售 监管 具体办法 房地产 管理 部门 制定 第十二条 预售 商品房 交付使用 之日起 日内 承购 应当 依法 房地产 管理 部门 人民政府 土地 管理 部门 办理 权属 登记手续 开发 企业 应当 予以 协助 提供 必要 证明文件 由于 开发 企业 原因 承购 未能 房屋 交付使用 之日起 日内 取得 房屋 权属 证书 开发 企业 承购 人有 特殊 约定 开发 企业 应当 承担 违约责任 第十三条 开发 企业 取得 商品房 预售 许可证 预售 商品房 依照 城市 房地产 开发 经营 管理条例 第三十九条 规定 处罚 第十四条 开发 企业 按规定 使用 商品房 预售 款项 房地产 管理 部门 责令 限期 纠正 处以 违法 所得 以下 超过 万元 罚款 第十五条 开发 企业 隐瞒 有关 情况 提供 虚假 材料 或者 采用 欺骗 贿赂 正当 手段 取得 商品房 预售 许可 房地产 管理 部门 责令 停止 预售 撤销 商品房 预售 许可 并处 万元 罚款 第十六条 自治区 建设 行政 主管部门 直辖市 建设 行政 主管部门 房地产 行政 管理 部门 可以 根据 办法 制定 实施细则 第十七条 办法 国务院 建设 行政 主管部门 负责 解释 第十八条 办法 日起 施行 六安市 认为 停工 问题 适用 办法 明确 具体 时限,0.5964556300449908,3.159309652178145,3.483333333333333,4.35,8031,20.7,27.14166666666667,2400.0,8.639045028409095,138.153375,2679.597581891185,3.387860795454546,5,3,0.008625,1.0,阶段1,7.0,12.0,0.0,,0.55,阶段2,13.0,15.0,0.0,,0.9,竣备,16.0,27.0,8.639045028409095,1.550000000000001,1.0,阶段4,28.0,37.0,0.0,,0.0,阶段5,,,0.0,,3,5,138.153375
兰州,兰州,Lanzhou-2,approved construction cost,with multiplier or floor,named administrative certificates,drawdown ceiling,specified but count unavailable,5% retained,True,False,,0.8,0.05,not explicitly countable from retained excerpt,explicit percentage near 主体结构验收; midpoint used for a stated range,manual 5% retained flag,监管额度=（单方工程造价+装修单方造价）*预测绘报告面积*110%，单方工程造价原则上不得低于3600元/㎡ 按照工程进度予以拨付 / 项目建设必须的工程进度款、建筑材料、设备、配套设施、装修、工程监理、税金等 监管账户中确保在建项目竣工交付所需的资金额度作为监管额度，由监管部门综合核定 | 累计申请使用的资金额度不得超过监管额度的65%; 2.完成主体结构验收后，工程质量竣工验收前，房地产开发企业累计申请使用的资金额度不得超过监管额度的80%; 3.完成工程质量竣工验收后，竣工验收备案前，房地产开发企业累计申请使用的资金额度不得超过监管额度的 90%; 4.完成竣工验收备案后，不动产首次登记前，房地产开发企业累计申请使用的资金额度不得超过监管额度的95%; | 完成项目房屋所有权首次登记,True,policy_identification_filled.xlsx,City_audit,4stage_Ncost,4,4,stage_1|stage_2|stage_3|stage_4,三分之二|阶段2|竣备|确权,三分之二|阶段2|竣备|确权,partial_named_milestones,,stage_4,4,,1.0,not_estimable:topout_stage_name_unmapped,terminal_stage_share:within_cohort_amount_share,expert_calibrated_operational_proxy_pending_source_mapping,monthly-revenue stage ratio or within-cohort amount share; not automatically a policy percentage,external/Modelling Dep/41_Cities_Dep/city_catalog.json,data/pmc_data.xlsx,dep-operational-h1-v1,Lanzhou-2,2021,二线,兰州,Gansu,"兰州市
监管额度=（单方工程造价+装修单方造价）*预测绘报告面积*110%，单方工程造价原则上不得低于3600元/㎡
按照工程进度予以拨付
/
项目建设必须的工程进度款、建筑材料、设备、配套设施、装修、工程监理、税金等
监管账户中确保在建项目竣工交付所需的资金额度作为监管额度，由监管部门综合核定。
监管额度=(单方工程造价+装修单方造价)x预测绘报告面积x110%。
单方工程造价设置最低价，原则上不得低于3600元/㎡。房地产开发企业在签订三方协议时向监管机构上报单方工程造价，若房地产开发企业上报的单方工程造价高于最低价，则以房地产开发企业上报数据为准;如低于最低价，以最低价为准。单方工程造价最低价视工程造价变动情况由监管机构适时调整。
装修单方造价以房地产开发企业上报的价格为准;110%中的10%为不可预见费用。                                                      七、监管资金的拨付
监管账户资金优先用于工程建设，按照工程建设进度予以拨付。首次拨付节点为取得商品房预售许可证后，最后拨付节点为完成项目房屋所有权首次登记。在取消预售资金监管前，监管部门累计拨付监管额度内的资金不得高于当前项目节点比例所对应的监管额度。在节点允许拨付的比例范围内，房地产开发企业提供相应的佐证材料，可不限次申请提取预售资金。                                                                            1.取得商品房预售许可证后，完成主体结构验收前，房地产开发企业累计申请使用的资金额度不得超过监管额度的65%;
2.完成主体结构验收后，工程质量竣工验收前，房地产开发企业累计申请使用的资金额度不得超过监管额度的80%;
3.完成工程质量竣工验收后，竣工验收备案前，房地产开发企业累计申请使用的资金额度不得超过监管额度的 90%;
4.完成竣工验收备案后，不动产首次登记前，房地产开发企业累计申请使用的资金额度不得超过监管额度的95%;
5.完成房屋所有权首次登记后，可以解除预售资金监管。


各房地产开发企业、各金融机构:
市住房和城乡建设局于今年4月20日专门召开主城区“加强和规范商品房预售资金监管工作会议”,就是针对商品房预售资金监管工作存在的突出问题进行规范和整顿,通过强有力的问题纠错,使我市的商品房预售资金监管工作进入良性发展的轨道,确保购房人利益不受损害。规范商品房预售资金监管工作要求认识不到位,落实打折扣,仍然存在房地产开发企业未将定金、认筹金、首付款、全款、分期付款中的后续资金存入监管账户以及金融机构未将按揭款及时存入监管账户、随意抽贷、逃避监管等问题,甚至还存在极个别开发企业与金融机构相互串通,提供虚假账户余额,进行账外收存、挪用监管资金的问题。为了切实加强商品房预售资金监管,解决好上述突出问题,维护购房人合法权益,保证商品房预售资金优先用于项目建设,根据《中华人民共和国城市房地产管理法》、《城市商品房预售管理办法》等法律法规,以及《兰州市商品房预售资金监管规定》,现将进一步加强商品房预售资金监管工作有关要求通知如下。
一、房地产开发企业要按照《兰州市商品房预售资金监管规定》,将购房人按合同约定支付的定金、首付款、全款及分期付款中的后续资金等全部存入监管账户,不得存入其他账户。如在日常房地产市场检查过程中发现违反此项规定,由监管部门责令限期整改,暂停监管资金拨付和商品房网签,并将违法违规行为予以公示,作为不良行为记入信用档案。同时,各房地产开发企业应在项目销售场所明显位置张贴提醒事项,提醒购房人在交纳购房款时,应查验房款是否进入监管账户。目前,市住建局正在对商品房预售资金入账方式进行系统调整,待系统调整到位后,通过在预售项目销售场所统一配置POS机的方式,确保预售资金直接存入监管账户。
二、金融机构要认真履行职责,在与房地产开发企业协商取得建设项目按揭贷款业务后,应先到兰州房地产交易中心进行报备,并签署“严格落实商品房预售资金监管规定承诺书”。待建设项目按揭贷款额度审批通过后,立即将按揭贷款存入监管账户。如发现未将该项目按揭贷款及时存入监管账户或按揭贷款用于偿还开发贷的,监管部门立即停止金融机构对该项目的商品房按揭贷款业务及暂停办理存量房抵押网签,并将金融机构违规行为通报人民银行兰州中心支行和甘肃银保监局予以处理。同时,不再委托你行承接后续我市商品房预售资金监管、商品房按揭贷款业务。如果因金融机构的违规行为造成项目建设资金出现风险,导致影响项目后续建设的,金融机构应当与房地产开发企业承担连带的经济和法律责任。
特此通知。
兰州市住房和城乡建设局
2021年8月5日





各县区房地产行政主管部门、各房地产开发企业、各银行业金融机构:
《兰州市商品房预售资金监管规定》(兰房字[2016]86号)已于2018年4月1日到期。现我局结合近两年的工作实际,对《兰州市商品房预售资金监管规定》进行了修订完善。研究制定了新的《兰州市商品房预售资金监管规定》,并经局长办公会议审议通过后,报市法制办审查备案,现将《规定》印发给你们,请认真遵照执行。
兰州市住房保障和房产管理局
2018年5月28日
兰州市商品房预售资金监管规定
第一条为加强商品房预售资金监管,维护预售商品房当事人的合法权益,促进我市房地产市场健康有序发展,根据《中华人民共和国城市房地产管理法》、《城市商品房预售管理办法》等法律法规,结合本市实际,制定本规定。
第二条凡在兰州市城关区、七里河区、西固区、安宁区范围内新开工的房地产开发项目,其经批准预售的商品房预售资金收存、拨付的监管,适用本规定。
兰州新区、红古区、榆中县、永登县、皋兰县参照本规定执行。
第三条市房地产行政主管部门是商品房预售资金监管的主管部门(以下简称监管部门),负责商品房预售资金的监管工作。
第四条本规定所称商品房预售资金,是指预售人将其开发的商品房在竣工验收前销售,由预购人按合同约定预先支付的定金、首付款及后续付款(包括预售商品房按揭贷款)等预购房款。
预售人,是指预售商品房的房地产开发企业。
预购人,是指购买预售商品房的单位和个人。
第五条本规定所称监管银行,是指与预售人、监管部门签订商品房预售资金专用账户监管协议,设立预售资金监管专用账户的银行业金融机构。监管银行必须具备资金监管安全规范运行所需的金融管理业务能力及网络技术条件,并与兰州市商品房预售资金监管信息系统对接,实现信息互通共享。监管银行应当根据本规定,密切配合监管部门和预售人,确保预售资金监管业务办理连续、安全、便捷。
第六条预售人申请《商品房预(销)售许可证》时,预售项目已设定土地抵押或在建工程抵押开发贷款的,优先选择开发贷款银行为监管银行；监管部门、预售人及监管银行三方应当签订《商品房预售资金监管专用账户监管协议书》,应当在监管银行设立商品房预售资金监管专用账户。一个监管专用账户对应一个预售项目,预售人涉及几个预售项目,必须开设相对应的专用账户。该账户实行专款专户、专款专存、专款专用。
监管账户户名由房地产开发企业名称、项目名称和楼盘幢号组成。企业名称应与基本账户名称一致,项目名称应与建设工程规划许可证书中名称一致。监管账户不得开通任何形式的自助转账业务。
已经设立监管专用账户的预售项目,尚未发生销售行为的,可以申请变更监管银行,变更期间该账户范围内的商品房不得销售；已经发生销售行为的,监管银行不得变更,其他内容可根据实际情况进行调整。
第七条监管账户的开设
(一) 企业提交开设专用账户申请
(二) 监管部门审核
(三) 监管银行开设监管账户
监管部门受理开设专用账户申请,对提交的申请材料审核通过后,向企业出具《兰州市商品房预售资金监管账户开户通知书》,企业持《兰州市商品房预售资金监管账户开户通知书》到监管银行开设专用账户。
第八条申请开设专用账户应提交以下材料:
(一)《兰州市商品房预售资金监管申请表》；
(二)《工商营业执照》；
(三)《国有土地使用权证》；
(四)《建设工程规划许可证》；
(五)《建设工程施工许可证》；
(六)项目规划总平面图；
(七)房屋建筑面积预测报告；
(八)经建设主管部门备案的工程施工承包合同和材料采购合同；
(九)施工进度计划和进展情况；
(十)其他相关资料。
第九条商品房预售资金应当直接存入相应的监管专用账户。预售人和预购人签订《商品房买卖合同》时,应当明确缴款的方式及缴款的具体时间和金额。
预购人支付预售款项,持预售人开具的《商品房预售资金缴纳通知书》,到监管银行将预售款存入监管专用账户内；凭缴款通知书回执及银行进账单(缴款回单)向预售人换领缴款票据。
预购人申请购房贷款的,发放贷款的银行业金融机构应当按照借款合同约定的时间和金额将贷款直接划转至预售资金监管专用账户。如贷款银行与监管银行无法实现转账业务,由开发企业将按揭款及时转入资金监管账户。
第十条监管专用账户内的商品房预售资金分重点监管资金和非重点监管资金。重点监管资金是指本监管项目达到竣工交付条件所需的工程建设费用,用于购买必需的建筑材料、设备及支付建设施工进度款；非重点监管资金是指超出重点监管资金以外的资金。
重点监管资金由监管项目的工程建设费用总额(含建筑安装工程、基础设施及公共配套设施费用),加20%不可预见费组成。工程建设费用总额由监管部门依据市建设工程造价管理部门确认的商品房建设工程单位综合造价乘以监管项目的商品房预测绘建筑总面积核定。
第十一条监管部门应当自受理预售人拨付商品房预售资金申请之日起3个工作日内做出答复。
经审查符合条件的,出具《商品房预售资金监管专用账户资金拨付通知书》(以下简称《资金拨付通知书》)；有下列情形之一的,不予核准:
(一)超出监管部门核准数额的；
(二)收款单位与申请用途不符的；
(三)前一笔用款未按照核准用途使用且未纠正的。
(四)有其他限制性情形的。
第十二条重点监管资金拨付。重点监管资金实行建设施工合同和工程进度节点相结合方式拨付。预售人需要使用重点监管资金时,应当按建设工程施工合同约定的付款节点和工程进度节点制定用款计划。重点资金拨付时,监管银行依据监管部门出具的《资金拨付通知书》,将核准使用资金拨付给与房地产开发企业签约的合同当事人或相关单位。
(一)施工合同拨付。监管账户累计入账资金金额不超过重点监管资金的30%时,依据建设部门备案的施工合同全额拨付。
(二)施工节点拨付。监管账户累计入账资金金额超过重点监管资金的30%时,依据完成工程30%、50%、70%、100%进度节点实际情况,实行节点拨付。对于高层、超高层、精装修或者大体量建筑,监管机构可根据预售人信用状况、资质等级等情况,可以增加1-2个控制节点,适当降低商品房预售监管资金留存比例,但监管资金留存比例不得突破上述规定。
(三)监管账户累计入账资金金额超过重点监管资金的70%时,房地产开发企业可以从重点监管资金中申请资金用于支付监管项目监理、营业税、土地增值税等税款,但不得超过该项目重点监管资金总额的5%。
第十三条申请重点资金拨付应提交以下材料:
1.兰州市商品房预售监管资金使用申请表；
2.商品房预售许可证；
3.申请人营业执照；
4.法人授权委托书与经办人身份证明；
5.银行余额对帐证明；
6.符合重点监管资金拨付条件的证明材料；
(1)申请支付监管项目建设施工费用的,提交相应的施工合同和工程监理部门对工程进度的证明;
(2)申请支付监管项目建设材料费用的,提交相应的材料合同;
(3)申请支付监管项目建筑安装费用的,提交相应的安装合同;
(4)申请支付监管项目建设设备费用的,提交相应的设备合同;
(5)申请支付监管项目建设的监理、税费的,提交工程监理合同、缴纳税费证明等相关证明材料；
(6)申请用于支付项目其他建设费用的,提交相应的证明材料。
(7)法律、法规规定的其他文件材料。
第十四条非重点监管资金拨付。预售人使用非重点监管资金时,需提交《商品房预售资金非重点监管资金拨付申请表》,监管部门审核通过的,房地产开发企业持《资金拨付通知书》到监管银行办理拨付手续。监管项目发生非正常停工等不良状况时,暂停拨付非重点监管资金。
第十五条监管银行依据监管部门出具的《资金拨付通知书》中所载事项、金额即时拨付,支付事项必须与通知书中载明拨付事项一致。与商品房预售资金监管系统实现信息互通共享的,应当同时核对电子信息。
第十六条监管部门应定期对商品房预售资金的使用情况进行检查。监管银行应适时将商品房预售资金专用账户的收支情况提供给监管部门；对于有关部门对商品房预售资金监管专用账户进行冻结和扣划的,应及时书面告知监管部门。
第十七条预售双方达成退房协议并已办理相关退房手续的,按照商品房买卖合同撤案程序办理。经审核准予撤案的,监管部门应当在3个工作日内通知监管银行解除对该部分房款的监管。
第十八条商品房预售资金监管期限自核发商品房预售许可证开始,至工程竣工验收后止,即预售项目取得规划竣工验收合格证明和竣工验收备案表,凭监管部门出具的《商品房预售款专用账户取消通知书》到监管银行办理取消监管账户手续。
第十九条预售人未取得《商品房预售许可证》,擅自预售商品房的,由房地产开发主管部门按照《城市房地产开发经营管理条例》的规定,责令停止违法行为,没收违法所得,可以并处已收取的预付款1%以下的罚款。
第二十条预售人提供虚假申报材料骗取工程建设资金、不按规定用途使用商品房预售资金监管专用账户内的款项以及直接收取商品房预售资金的,监管部门应当责令其限期改正,暂停商品房预售和预售资金拨付；情节严重的,由监管部门按照《城市商品房预售管理办法》规定,可处违法所得3倍以下,但不超过 3万元的罚款；同时将违法违规行为予以公示,并作为不良行为记入信用档案。
第二十一条监管银行擅自拨付预售人监管专用账户内款项的,监管部门可暂停该银行新开设预售资金监管专用账户业务。给预购人造成损失的,监管银行应当承担经济赔偿等法律责任。
第二十二条监管部门工作人员玩忽职守、徇私舞弊的,给予行政处分；涉嫌犯罪的,依法移送司法机关追究刑事责任。
第二十三条本规定自公布之日起施行,有效期五年。原《兰州市商品房预售资金监管规定》(兰房字〔2016〕86号)同时废止。



各房地产开发企业:〔2016〕86号

自2016年4月兰州市实施商品房预售资金监管制度以来,大部分开发企业能够严格按照要求执行资金监管制度,及时将商品房预售资金纳入监管范围,此举既保障了购房群众购房资金的安全,也有效维护了商品房销售市场秩序。但仍有部分开发企业无视规定,逃避资金监管,私自设立“账外账”,不按规定要求及时将预售资金缴存至监管账户,游离于制度之外。
为进一步加强落实商品房预售资金监管工作,近期兰州市住房保障和房产管理局、兰州市物价局将联合开展为期一个月的商品房销售明码标价、商品房销售经营行为、商品房预售资金监管专项检查活动,各房地产开发企业自接到本通知之日起,立即组织开展企业自查自纠活动,对尚未缴存的售房资金应及时全额缴存至监管账户,及时整改。市房产局对检查过程中尚未整改的企业将按照有关规定严肃处理,纳入企业信用考核评级范围,对违法违规行为情节严重的、拒不整改的企业,将停止其网签销售资格,并通过媒体向社会进行曝光。
特此通知
兰州市住房保障和房产管理局
2016年11月28日
=============

兰州新区商品房预售资金监管办法（试行）
 2021/08/06/ 10:00 来源：兰州新区管委会办公室 
第一章    总  则
第一条 为加强商品房预售监管，维护预购商品房当事人合法权益，促进兰州新区房地产市场健康有序发展，根据《中华人民共和国城市房地产管理法》《城市房地产开发经营管理条例》《城市商品房预售管理办法》等法律法规，结合新区实际，制定本办法。
第二条 凡在兰州新区规划范围内办理商品房预售许可的项目，其预售资金收存、支付、使用的监管，适用本办法。
第三条 兰州新区商品房预售资金按照“政府指导、银行监管、专户存储、专款专用”的原则进行监管。
兰州新区城乡建设和交通管理局（以下简称“监管部门”）负责兰州新区商品房预售资金监管工作。
各园区城市（乡）建设管理局具体负责监督辖区内房地产开发项目建设进度、施工情况和营销监管等工作。
第四条 本办法所称商品房预售资金，是指预售人将其开发的商品房在竣工验收合格前销售，由预购人按合同约定预先支付的定金、首付款、分期款、一次性付款及按揭贷款等全部购房款。
预售人，是指预售商品房的房地产开发企业。
预购人，是指购买预售商品房的单位和个人。
第五条 本办法所称监管银行，是指与预售人、监管部门签订新建商品房预售资金监管协议，设立预售资金监管专用账户的银行。监管银行必须具备监管资金安全规范运行所需的金融管理业务能力及网络技术条件，实现有关数据（资金入账、划转以及按揭贷款的受理、审批、发放、拒贷、结清等信息数据）即时传输。监管银行由预售人自行选定，应选择新区范围内并与监管部门签订《兰州新区预售商品房资金监管委托协议》的金融机构。
第六条 按揭贷款银行是指为预购人提供购房抵押贷款的银行。按揭贷款银行应当积极配合监管银行做好预售资金的交存、对账等工作，并及时将有关信息推送预售资金监管系统。
第二章    预售资金监管
第七条 预售人申请开设监管专用账户应向监管部门提交以下材料：
1.兰州新区商品房预售资金监管申请表及附件；
2.房地产开发企业《营业执照》；
3.申请预售项目《不动产权证》《建设工程施工许可证》；
4.企业法人持身份证明或经办人持法人授权委托书及身份证明；
5.预售资金拨付进度控制表；
6.其他需要提供的资料。
对预售人提交的开设专户申请材料审核通过后，监管银行应当严格按照本办法和《兰州新区新建商品房预售资金监管协议书》的约定，加强日常管理，履行监管职责。
第八条 预售人申请《商品房预售许可证》时，在监管银行设立商品房预售资金监管专用账户，与监管部门、监管银行三方签订《兰州新区新建商品房预售资金监管协议书》，监管账户户名由房地产开发企业名称、项目名称和楼盘幢号组成（在不混淆的情况下可用简称）。企业名称应与基本账户中名称一致，项目名称应与建设工程规划许可证中名称一致。
第九条 商品房预售资金须全部直接存入对应商品房预售监管专用账户。监管专用账户不得开通任何形式的自助转账业务。预售人和预购人签订《商品房买卖合同》时，应当明确缴款方式、具体时限和金额。
预购人通过电子银行或预售资金专户POS机支付预购款项，将预购款直接存入监管银行专用账户，凭缴款回执或银行进账单（缴款回单）向预售人换领缴款票据。预购人申请购房贷款的，按揭贷款银行须按照借款合同约定期限和贷款额度，将贷款直接划转至监管专用账户。
第十条 预售人负责协调按揭贷款银行将按揭款及时直接转入监管专用账户，并在3个工作日内将监管账户变动数据传输至商品房预售资金监管系统。预售人及按揭贷款银行不得以任何理由将购房人按揭贷款扣划、转存至非监管账户。应当纳入监管的预售资金与实际缴入监管专用账户的资金不符时，预售人应当及时申请办理账目核对。
第十一条 商品房预售重点监管资金自核发《商品房预售许可证》开始，到工程竣工验收合格为止，预售人凭监管部门出具的《商品房预售资金监管专用账户取消通知书》到监管银行办理取消账户监管手续。
第三章    预售资金拨付
第十二条 监管专用账户内的商品房预售资金分重点监管资金、机动备用金和非重点监管资金。重点监管资金是指本监管项目达到竣工交付条件所需的工程建设费用，用于购买必需的建筑材料、设施设备及支付建设施工等工程款；机动备用金用于项目停工、违约等造成农民工欠薪、工程质量安全保证等应急支付，在项目交付使用后，第一批不动产权登记证办理结束，连续3个月无有效投诉事件后可解除监管；非重点监管资金是指除重点监管资金和机动备用金以外的预售款，预售人可自由支配。
重点监管资金额度为项目备案预售资金总额的60%；机动备用金为预售资金总额的3%（同一预售人机动备用金额度不超过1000万元）；非重点监管资金为项目备案预售资金总额的37%。
第十三条 申请拨付重点监管资金应向监管部门提交以下材料：
1.兰州新区商品房预售监管资金使用申请表及附件；
2.法人持本人身份证明或经办人持法人授权委托书及本人身份证明；
3.经监管银行审核出具的商品房项目预售资金总额及历次拨付清单；
4.经施工、监理、预售人或园区审核的项目进度证明；
5.应当提供的其他材料。
监管部门应当自受理预售人申请拨付预售资金之日起3个工作日内做出答复。经审查符合条件的，出具《商品房预售重点监管资金拨付通知书》（以下简称《资金拨付通知书》）；有下列情形之一的，不予核准：
1.超出监管部门核准数额的；
2.收款单位与申请用途不符的；
3.前一笔用款未按照核准用途使用且未纠正的；
4.存在重大质量安全隐患项目或处于处罚未结案的企业；
5.有其他限制性情形的。
第十四条 重点监管资金实行商品房预售资金收款和工程进度节点比例相结合方式拨付，预售人每季度提取重点监管资金原则上不得超过三次。重点资金拨付时，监管银行依据监管部门出具的《资金拨付通知书》将核准使用资金拨付给预售人指定的合同当事人或相关单位。
第十五条 预售人、预购人双方达成退房协议并已办理相关手续的，按照商品房买卖合同撤案程序办理。满足退房退款条件的，由预售人负责申请，监管部门应在3个工作日内通知监管银行解除对该部分房款的监管，预售人应在解除监管后5个工作日内完成退款。
第十六条 监管银行依据监管部门出具的《资金拨付通知书》中所载付款单位、付款金额等事项须在2个工作日内完成拨付，支付事项必须与通知书中载明拨付事项一致。与商品房预售资金监管系统实现信息互通共享的，应当同时核对电子信息。
第十七条 监管部门应定期对商品房预售资金的使用情况进行抽查检查。监管银行应实时将商品房预售资金专用账户的收支情况上传给监管部门；有关部门对商品房预售资金监管专用账户进行冻结和扣划的，应书面告知监管部门。
第四章  风险管控
第十八条 商品房预售除符合有关法律法规的规定外，原则上工程形象进度还应达到以下要求：商业主体施工至地上三层以上，住宅及其它项目主体施工至地上二层以上。预售人应当在销售现场公示监管银行、监管账户、按揭银行等相关信息。
第十九条 根据项目风险研判情况划分监管等级，并告知监管银行。对信用等级低，1年内出现1次拖欠工程款的，列为三级监管项目，重点监管资金额度可上调为项目预售总额的70%；对出现1次延期交房或拖欠农民工工资的，或因房屋质量等问题引发批量性群众投诉的，或存在重大安全隐患的，列为二级监管项目，重点监管资金额度可上调为项目预售总额的85%；对停工1年以上出现烂尾迹象或监管账户被查封等情况，列为一级监管项目，监管资金比例可上调为项目预售总额的100%。
建立新区、园区两级联动工作制度，采取“园区经常性检查+新区不定期抽查”方式，加强日常监督管理。对出现异常情况（如：项目停工、拖欠农民工工资、监管账户被查封等）的商品房预售项目，由两级住建部门进行风险综合研判。
第五章  法律责任
第二十条 预售人有下列行为之一的，由监管部门会同园区管委会参照第十九条，视情节轻重提高重点监管资金额度，可暂停监管资金拨付、关闭网签备案功能，暂停办理项目后续商品房预售许可证等措施，责令限期整改，并根据情况予以通报或记入企业不良信用记录。造成损失的，应承担相应法律责任。
1.未在售楼处明显位置公示监管银行、监管账户、按揭银行等相关信息，营销部门负责人和经纪机构负责人以及新区、园区住房建设和市场监管部门监督举报电话的；
2.未按规定及时将预售资金存入监管账户的；
3.指使按揭银行或者协同按揭银行将商品房按揭贷款划入非资金监管账户的；
4.提供虚假材料申请拨付商品房预售监管资金的；
5.未按规定将预售资金退还购房人的；
6.因公司经营问题导致所开发项目（含分期开发）出现1次以上延期交房的；
7.发生1次拖欠农民工工资的；
8.因房屋质量等问题引发批量性群众信访投诉的；
9.其他变相逃避商品房预售资金监管的行为。
第二十一条 施工单位、监理单位隐瞒、虚构事实或者出具虚假证明材料，套取或者协助预售人套取预售监管资金的，由监管部门依照规定处理并记入建筑业不良信用记录。造成损失的，承担相应法律责任。
第二十二条 监管银行违规擅自拨付预售人监管专用账户内重点监管资金或机动备用金款项的，未实时将商品房预售资金专用账户的收支情况上传监管部门的，监管部门可暂停该监管银行新开设预售资金监管专用账户业务。给预购人造成损失的，监管银行应依法承担相应法律责任。
第二十三条 监管银行未按《兰州新区新建商品房预售资金监管协议书》履行监管职责的，新区管委会通报其上级主管部门，由其上级主管部门责令整改，情节严重的，依法承担相应法律责任。整改期间，暂停其承接新的商品房预售资金监管业务。1年内发生2次整改情形的，将其列入受限清单并向社会公示。列入受限清单的银行2年内不得新承接新区商品房预售资金监管业务。
第二十四条 按揭贷款银行未按规定将预售资金划入监管账户，或者未及时将有关信息推送至商品房预售资金监管系统的，监管部门限制其参与新区商品房预售资金监管等业务。给预售人造成损失的，由新区管委会通报其上级主管部门责令整改，按揭银行应依法承担相应法律责任。
第二十五条 逾期申请办理商品房预售资金监管的，暂停预售人预售项目网签等业务。
第二十六条 有关部门工作人员玩忽职守、徇私舞弊的，按照有关规定给予行政处分；涉嫌犯罪的，依法追究刑事责任。
第六章    附  则
第二十七条 本办法自印发之日起施行，试行期2年。已办理商品房预售许可证还未交房的，自本办法施行开始3个月内，预售人应主动申请办理商品房预售资金监管。
=================

各房地产开发企业：
为进一步规范商品房销售行为，保障购房人的知情权、选择权，减少售后纠纷，营造公开透明、规范有序的房地产市场发展环境，根据《中华人民共和国城市房地产管理法》《商品房销售管理办法》《城市商品房预售管理办法》和《甘肃省城市房地产管理条例》等有关规定，现将规范我市商品房销售现场信息公示的有关事宜通知如下：                   
   一、公示内容
凡在我市行政区划范围内销售商品房的房地产开发企业应当遵循诚实重诺守信、公开及时准确原则，在销售现场公示以下信息：
（一）企业信息
1.房地产开发企业《营业执照》；
2.房地产开发企业《资质证书》；
3.客服联系电话。有集团公司的，还应当公示集团公司投诉电话及其他投诉方式；
4.委托销售的，应当公示受托房地产经纪机构《营业执照》、《房地产经纪机构备案证书》、授权委托书和客服联系电话;
5.所有驻场销售人员姓名、职务、照片（不小于5寸）。
（二）证照信息
1.《建设用地规划许可证》；
2. 《不动产权证书》（或《国有土地使用证》）；
3.《建设工程规划许可证》；
4.《建筑工程施工许可证》；
5.《商品房预售许可证》。
（三）项目信息
1.经审定的建设工程设计方案总平面图、楼幢分层平面图、立面图以及建筑密度、容积率、绿地率等主要规划设计指标；
2.各楼幢当月工程进展及对应图片资料；
3.车位（库）规划配比、个数、类型、位置、租售方式等；
4.全装修商品房项目，应公示全装修内容、装饰装修标准及交付要求（包括主要装饰装修材料的名称、品牌、规格、型号等，提供室内设施设备的，应当标明设施设备的名称、品牌、规格、型号等）。
5.设置样板房的，样板房结构、面积等应与房屋实际交付标准一致，不一致的要在显著位置明确标示。交付标准为全装修的，样板房内摆放的非交付范围的设施设备，应标注尺寸大小，并在显著位置明示非交付标准。
（四）房屋销售信息
1.购房流程指引。包括购房信息登记、购房资格审查、合同网签备案、按揭贷款等环节所需条件、资料等内容；
2.向住房建设行政主管部门申报的商品房预售方案；
 3.《认购协议》（或《认购书》）样本；
4.《商品房买卖合同》样本及其附件文本；
5.商品房预售资金监管银行名称、监管账号和具体交款方式；
6.商品房销控表（内容须包含“未售”、“已售已网签备案”、“已售未网签备案”等销售动态信息）；
7.房屋户型图（详细标明各房间开间、进深尺寸、层高及朝向）；
    8.经物价管理部门批准的《商品住房一房一价备案表》；
9.测绘机构出具的经住房建设主管部门备案的房屋面积测绘成果报告书；
10.不拒绝购房人使用住房公积金贷款承诺书；
11.项目设定土地抵押或建筑物抵押的，应公示抵押情况以及抵押权人同意销售的书面意见。
（五）项目不利因素信息
1. 红线外不利因素。红线外200米内对项目可能产生废气、噪音、烟尘等影响的因素。包括公共厕所、垃圾站、变压器、通讯基站、道路、桥梁、隧道、火车站、汽车站、油气库站、危险品仓库或殡仪馆、公墓等。
2. 红线内不利因素。红线内可能产生废气、噪音、烟尘等影响的因素。包括公共厕所、化粪池、垃圾站、变压器、换热站、配电室、通讯基站、车库出入口、健身场所等。
3.装修使用不利因素。房屋外立面造型、外连廊、管道层、烟道、天然气管道及户内梁、柱的位置、尺寸等可能影响购房群众装修使用等方面的因素。
（六）教育信息
购房人所购商品房相对应的学区或学校，应以教育主管部门制定的当年入学政策为准予以公示，房地产开发企业一律无权承诺。
（七）物业服务信息
1.物业服务企业《营业执照》；
2.前期物业服务合同；
3.物业管理区域划分情况。
（八）政策法规文件
1.《商品房销售管理办法》（建设部令第88号）；
2.《城市商品房预售管理办法》（建设部令第131号）；
3．甘肃省商品房交易风险提示函；
4．购房款直接存入商品房预售资金监管账户的重要提示；
5.《商品房买卖合同》网签备案须知；
6.省、市政府关于房地产市场调控政策文件和各级住房建设主管部门关于房屋交易风险防控方面的风险提示。
（九）法律、法规、规章和主管部门要求公示的其他材料。
二、公示方式
本通知要求公示的所有信息应放置在销售场所显著醒目、便于观看阅览的位置，以公示栏展示、公示簿阅览为主，电子显示屏、查询机等其他方式展示为辅助。多个公示内容应分类集中排放，遵循全面、准确、真实、有效原则。
以公示栏方式进行公示的，公示栏应标注“信息公示栏”字样，可采取落地架或上墙张挂等方式展现。
以公示簿阅览方式公示的，公示位置应标注“项目资料，欢迎查阅”字样，公示簿应不少于2套。公示簿内首页注明目录、页码，并按照目录顺序将资料有序排放，置于固定位置，供购房群众查阅。
证照类信息，有副本的公示副本，无副本的应集中公示加盖公司印章的扫描打印件。
三、工作要求
（一）房地产开发企业在房屋开盘销售之日至全部房屋销售结束期间，应当依法依规公示涉及房地产开发项目的相关信息，充分保障购房群众的知情权、公平交易权。要加强对销售人员的培训，根据购房群众需求，如实介绍项目相关信息，严禁不符合项目实际或违反政策的误导和虚假宣传。
（二）销售场所展示的户型图（模型）、沙盘模型、区位示意图、绿化和园林景观等，应当严格按照规划设计和尺寸比例（标注比例尺）制作，不得在制作中夸大有利因素或缩小、弱化、隐瞒不利因素，不得制作与规划设计或实际不相符的图标、模型，不得以楼盘附近尚在规划论证阶段的交通、学校及机场、火车站、地铁站等市政配套设施诱导购房群众。
（三）公示内容发生变化的，房地产开发企业应立即在销售场所更新并告知购房群众。因信息公示问题产生交易纠纷的，买卖双方应按照签订的《认购协议》或《商品房买卖合同》，本着平等、公平的原则协商解决；协商不成的，应当通过司法途径解决。
自本通知下发之日起的所有在售商品房项目，执行本通知。
 
 
                                      兰州市住房和城乡建设局
                                            2023年6月12日
=============================

各房地产开发企业、各金融机构：
市住房和城乡建设局于今年4月20日专门召开主城区“加强和规范商品房预售资金监管工作会议”，就是针对商品房预售资金监管工作存在的突出问题进行规范和整顿，通过强有力的问题纠错，使我市的商品房预售资金监管工作进入良性发展的轨道，确保购房人利益不受损害。规范商品房预售资金监管工作要求认识不到位，落实打折扣，仍然存在房地产开发企业未将定金、认筹金、首付款、全款、分期付款中的后续资金存入监管账户以及金融机构未将按揭款及时存入监管账户、随意抽贷、逃避监管等问题，甚至还存在极个别开发企业与金融机构相互串通，提供虚假账户余额，进行账外收存、挪用监管资金的问题。为了切实加强商品房预售资金监管，解决好上述突出问题，维护购房人合法权益，保证商品房预售资金优先用于项目建设，根据《中华人民共和国城市房地产管理法》、《城市商品房预售管理办法》等法律法规，以及《兰州市商品房预售资金监管规定》，现将进一步加强商品房预售资金监管工作有关要求通知如下。
一、房地产开发企业要按照《兰州市商品房预售资金监管规定》，将购房人按合同约定支付的定金、首付款、全款及分期付款中的后续资金等全部存入监管账户，不得存入其他账户。如在日常房地产市场检查过程中发现违反此项规定，由监管部门责令限期整改，暂停监管资金拨付和商品房网签，并将违法违规行为予以公示，作为不良行为记入信用档案。同时，各房地产开发企业应在项目销售场所明显位置张贴提醒事项，提醒购房人在交纳购房款时，应查验房款是否进入监管账户。目前，市住建局正在对商品房预售资金入账方式进行系统调整，待系统调整到位后，通过在预售项目销售场所统一配置POS机的方式，确保预售资金直接存入监管账户。
二、金融机构要认真履行职责，在与房地产开发企业协商取得建设项目按揭贷款业务后，应先到兰州房地产交易中心进行报备，并签署“严格落实商品房预售资金监管规定承诺书”。待建设项目按揭贷款额度审批通过后，立即将按揭贷款存入监管账户。如发现未将该项目按揭贷款及时存入监管账户或按揭贷款用于偿还开发贷的，监管部门立即停止金融机构对该项目的商品房按揭贷款业务及暂停办理存量房抵押网签，并将金融机构违规行为通报人民银行兰州中心支行和甘肃银保监局予以处理。同时，不再委托你行承接后续我市商品房预售资金监管、商品房按揭贷款业务。如果因金融机构的违规行为造成项目建设资金出现风险，导致影响项目后续建设的，金融机构应当与房地产开发企业承担连带的经济和法律责任。
特此通知。




                                兰州市住房和城乡建设局
                                    2021年8月5日
===================================",兰州市 监管 额度 单方 工程造价 装修 单方 造价 预测 报告 面积 单方 工程造价 原则上 不得 低于 按照 工程进度 予以 拨付 项目 建设 必须 工程进度 建筑材料 设备 配套 设施 装修 工程 监理 税金 监管 账户 确保 在建 项目 竣工 交付 资金 额度 作为 监管 额度 监管部门 综合 核定 监管 额度 单方 工程造价 装修 单方 造价 预测 报告 面积 单方 工程造价 设置 最低价 原则上 不得 低于 房地产 开发 企业 签订 三方 协议 时向 监管 机构 上报 单方 工程造价 房地产 开发 企业 上报 单方 工程造价 高于 最低价 房地产 开发 企业 上报 数据 为准 低于 最低价 最低价 为准 单方 工程造价 最低价 工程造价 变动 情况 监管 机构 适时 调整 装修 单方 造价 房地产 开发 企业 上报 价格 为准 不可 预见 费用 监管 资金 拨付 监管 账户 资金 优先 用于 工程建设 按照 工程建设 进度 予以 拨付 首次 拨付 节点 取得 商品房 预售 许可证 最后 拨付 节点 完成 项目 房屋 所有权 首次 登记 取消 预售 资金 监管 监管部门 累计 拨付 监管 额度 资金 不得 高于 当前 项目 节点 比例 对应 监管 额度 节点 允许 拨付 比例 范围 房地产 开发 企业 提供 相应 佐证 材料 可不 限次 申请 提取 预售 资金 取得 商品房 预售 许可证 完成 主体 结构 验收 房地产 开发 企业 累计 申请 使用 资金 额度 不得 超过 监管 额度 完成 主体 结构 验收 工程质量 竣工 验收 房地产 开发 企业 累计 申请 使用 资金 额度 不得 超过 监管 额度 完成 工程质量 竣工 验收 竣工 验收 备案 房地产 开发 企业 累计 申请 使用 资金 额度 不得 超过 监管 额度 完成 竣工 验收 备案 不动产 首次 登记 房地产 开发 企业 累计 申请 使用 资金 额度 不得 超过 监管 额度 完成 房屋 所有权 首次 登记 可以 解除 预售 资金 监管 房地产 开发 企业 金融机构 住房 城乡 建设局 今年 专门 召开 主城区 加强 规范 商品房 预售 资金 监管 工作 会议 就是 针对 商品房 预售 资金 监管 工作 存在 突出 问题 进行 规范 整顿 通过 强有力 问题 纠错 我市 商品房 预售 资金 监管 工作 进入 良性 发展 轨道 确保 购房人 利益 受损害 规范 商品房 预售 资金 监管 工作 要求 认识 到位 落实 打折扣 仍然 存在 房地产 开发 企业 定金 认筹金 首付款 全款 分期付款 后续 资金 存入 监管 账户 以及 金融机构 按揭 及时 存入 监管 账户 随意 抽贷 逃避 监管 问题 甚至 存在 极个别 开发 企业 金融机构 相互 串通 提供 虚假 账户 余额 进行 账外 收存 挪用 监管 资金 问题 为了 切实加强 商品房 预售 资金 监管 解决 上述 突出 问题 维护 购房人 合法权益 保证 商品房 预售 资金 优先 用于 项目 建设 根据 中华人民共和国 城市 房地产 管理法 城市 商品房 预售 管理 办法 法律法规 以及 兰州市 商品房 预售 资金 监管 规定 现将 进一步 加强 商品房 预售 资金 监管 工作 有关 要求 通知 如下 房地产 开发 企业 按照 兰州市 商品房 预售 资金 监管 规定 购房人 合同 约定 支付 定金 首付款 全款 分期付款 后续 资金 全部 存入 监管 账户 不得 存入 其他 账户 日常 房地产 市场 检查 过程 发现 违反 此项 规定 监管部门 责令 限期 整改 暂停 监管 资金 拨付 商品房 网签 违法 违规行为 予以 公示 作为 不良行为 记入 信用 档案 同时 房地产 开发 企业 项目 销售 场所 明显 位置 张贴 提醒 事项 提醒 购房人 交纳 购房款 查验 房款 是否 进入 监管 账户 目前 市住 建局 正在 商品房 预售 资金 入账 方式 进行 系统 调整 系统 调整 到位 通过 预售 项目 销售 场所 统一 配置 方式 确保 预售 资金 直接 存入 监管 账户 金融机构 认真 履行职责 房地产 开发 企业 协商 取得 建设项目 按揭 贷款 业务 应先 兰州 房地产 交易中心 进行 报备 签署 严格 落实 商品房 预售 资金 监管 规定 承诺书 建设项目 按揭 贷款额度 审批 通过 立即 按揭 贷款 存入 监管 账户 发现 项目 按揭 贷款 及时 存入 监管 账户 按揭 贷款 用于 偿还 开发 监管部门 立即 停止 金融机构 该项 目的 商品房 按揭 贷款 业务 暂停 办理 存量房 抵押 网签 金融机构 违规行为 通报 人民银行 兰州 中心 支行 甘肃 保监局 予以 处理 同时 不再 委托 你行 承接 后续 我市 商品房 预售 资金 监管 商品房 按揭 贷款 业务 如果 金融机构 违规行为 造成 项目 建设 资金 出现 风险 导致 影响 项目 后续 建设 金融机构 应当 房地产 开发 企业 承担 连带 经济 法律责任 特此通知 兰州市 住房 城乡 建设局 各县区 房地产 行政 主管部门 房地产 开发 企业 银行业 金融机构 兰州市 商品房 预售 资金 监管 规定 兰房 到期 现我局 结合 近两年 工作 实际 兰州市 商品房 预售 资金 监管 规定 进行 修订 完善 研究 制定 兰州市 商品房 预售 资金 监管 规定 局长 办公会议 审议 通过 报市 法制办 审查 备案 现将 规定 印发 你们 认真 遵照执行 兰州市 住房 保障 房产 管理局 兰州市 商品房 预售 资金 监管 规定 第一条 加强 商品房 预售 资金 监管 维护 预售 商品房 当事人 合法权益 促进 我市 房地产 市场 健康 有序 发展 根据 中华人民共和国 城市 房地产 管理法 城市 商品房 预售 管理 办法 法律法规 结合 本市 实际 制定 规定 第二条 兰州市 城关区 七里河区 西固区 安宁区 范围 新开工 房地产 开发 项目 其经 批准 预售 商品房 预售 资金 收存 拨付 监管 适用 规定 兰州 新区 红古区 榆中县 永登县 皋兰县 参照 规定 执行 第三条 房地产 行政 主管部门 商品房 预售 资金 监管 主管部门 以下 简称 监管部门 负责 商品房 预售 资金 监管 工作 第四条 规定 商品房 预售 资金 预售 开发 商品房 竣工 验收 销售 预购 合同 约定 预先 支付 定金 首付款 后续 付款 包括 预售 商品房 按揭 贷款 购房款 预售 预售 商品房 房地产 开发 企业 预购 购买 预售 商品房 单位 个人 第五条 规定 监管 银行 预售 监管部门 签订 商品房 预售 资金 专用 账户 监管 协议 设立 预售 资金 监管 专用 账户 银行业 金融机构 监管 银行 必须 具备 资金 监管 安全 规范 运行 金融管理 业务 能力 网络 技术 条件 兰州市 商品房 预售 资金 监管 信息系统 对接 实现 信息 互通 共享 监管 银行 应当 根据 规定 密切配合 监管部门 预售 确保 预售 资金 监管 业务 办理 连续 安全 便捷 第六条 预售 申请 商品房 许可证 预售 项目 设定 土地 抵押 在建 工程 抵押 开发 贷款 优先选择 开发 贷款 银行 监管 银行 监管部门 预售 人及 监管 银行 三方 应当 签订 商品房 预售 资金 监管 专用 账户 监管 协议书 应当 监管 银行 设立 商品房 预售 资金 监管 专用 账户 一个 监管 专用 账户 对应 一个 预售 项目 预售 涉及 几个 预售 项目 必须 开设 相对 专用 账户 账户 实行 专款 专户 专款 专存 专款专用 监管 账户 户名 房地产 开发 企业 名称 项目名称 楼盘 组成 企业 名称 基本 账户 名称 一致 项目名称 建设工程 规划 许可证书 名称 一致 监管 账户 不得 开通 任何 形式 自助 转账 业务 已经 设立 监管 专用 账户 预售 项目 尚未 发生 销售 行为 可以 申请 变更 监管 银行 变更 期间 账户 范围 商品房 不得 销售 已经 发生 销售 行为 监管 银行 不得 变更 其他 内容 根据 实际 情况 进行 调整 第七条 监管 账户 开设 企业 提交 开设 专用 账户 申请 监管部门 审核 监管 银行 开设 监管 账户 监管部门 受理 开设 专用 账户 申请 提交 申请材料 审核 通过 企业 出具 兰州市 商品房 预售 资金 监管 账户 开户 通知书 企业 兰州市 商品房 预售 资金 监管 账户 开户 通知书 监管 银行 开设 专用 账户 第八条 申请 开设 专用 账户 提交 以下 材料 兰州市 商品房 预售 资金 监管 申请表 工商 营业执照 国有土地 使用 权证 建设工程 规划 许可证 建设 工程施工 许可证 项目 规划 平面图 房屋 建筑面积 预测 报告 建设 主管部门 备案 工程施工 承包合同 材料 采购 合同 施工进度 计划 进展 情况 其他 相关 资料 第九条 商品房 预售 资金 应当 直接 存入 相应 监管 专用 账户 预售 预购 签订 商品房 买卖合同 应当 明确 缴款 方式 缴款 具体 时间 金额 预购 支付 预售 款项 预售 开具 商品房 预售 资金 缴纳 通知书 监管 银行 预售 存入 监管 专用 账户 缴款通知 回执 银行 进账单 缴款 回单 预售 人换领 缴款 票据 预购 申请 购房 贷款 发放贷款 银行业 金融机构 应当 按照 借款 合同 约定 时间 金额 贷款 直接 划转 预售 资金 监管 专用 账户 贷款 银行 监管 银行 无法 实现 转账 业务 开发 企业 按揭 及时 转入 资金 监管 账户 第十条 监管 专用 账户 商品房 预售 资金 重点 监管 资金 重点 监管 资金 重点 监管 资金 指本 监管 项目 达到 竣工 交付 条件 工程建设 费用 用于 购买 必需 建筑材料 设备 支付 建设 施工进度 重点 监管 资金 超出 重点 监管 资金 以外 资金 重点 监管 资金 监管 项目 工程建设 费用 总额 建筑安装 工程 基础设施 公共 配套 设施 费用 不可 预见 组成 工程建设 费用 总额 监管部门 依据 建设 工程造价 管理 部门 确认 商品房 建设工程 单位 综合 造价 乘以 监管 项目 商品房 预测 建筑 总面积 核定 第十一条 监管部门 应当 受理 预售 拨付 商品房 预售 资金 申请 之日起 工作日内 做出 答复 经审查 符合条件 出具 商品房 预售 资金 监管 专用 账户 资金 拨付 通知书 以下 简称 资金 拨付 通知书 下列 情形 之一 不予 核准 超出 监管部门 核准 数额 收款 单位 申请 用途 不符 一笔 用款 按照 核准 用途 使用 纠正 其他 限制性 情形 第十二条 重点 监管 资金 拨付 重点 监管 资金 实行 建设 施工 合同 工程进度 节点 相结合 方式 拨付 预售 需要 使用 重点 监管 资金 应当 建设 工程施工 合同 约定 付款 节点 工程进度 节点 制定 用款 计划 重点 资金 拨付 监管 银行 依据 监管部门 出具 资金 拨付 通知书 核准 使用 资金 拨付 给与 房地产 开发 企业 签约 合同 当事人 相关 单位 施工 合同 拨付 监管 账户 累计 入账 资金 金额 超过 重点 监管 资金 依据 建设 部门 备案 施工 合同 全额 拨付 施工 节点 拨付 监管 账户 累计 入账 资金 金额 超过 重点 监管 资金 依据 完成 工程 进度 节点 实际 情况 实行 节点 拨付 对于 高层 超高层 精装修 或者 大体 建筑 监管 机构 根据 预售 信用 状况 资质等级 情况 可以 增加 控制 节点 适当 降低 商品房 预售 监管 资金 留存 比例 监管 资金 留存 比例 不得 突破 上述 规定 监管 账户 累计 入账 资金 金额 超过 重点 监管 资金 房地产 开发 企业 可以 重点 监管 资金 申请 资金 用于 支付 监管 项目 监理 营业税 土地 增值税 税款 不得 超过 项目 重点 监管 资金 总额 第十三条 申请 重点 资金 拨付 提交 以下 材料 兰州市 商品房 预售 监管 资金 使用 申请表 商品房 预售 许可证 申请人 营业执照 法人 授权 委托书 经办人 身份证明 银行 余额 证明 符合 重点 监管 资金 拨付 条件 证明 材料 申请 支付 监管 项目 建设 施工 费用 提交 相应 施工 合同 工程 监理 部门 工程进度 证明 申请 支付 监管 项目 建设 材料 费用 提交 相应 材料 合同 申请 支付 监管 项目 建筑安装 费用 提交 相应 安装 合同 申请 支付 监管 项目 建设 设备 费用 提交 相应 设备 合同 申请 支付 监管 项目 建设 监理 税费 提交 工程 监理 合同 缴纳 税费 证明 相关 证明 材料 申请 用于 支付 项目 其他 建设 费用 提交 相应 证明 材料 法律 法规 规定 其他 文件 材料 第十四条 重点 监管 资金 拨付 预售 使用 重点 监管 资金 需提交 商品房 预售 资金 重点 监管 资金 拨付 申请表 监管部门 审核 通过 房地产 开发 企业 资金 拨付 通知书 监管 银行 办理 拨付 手续 监管 项目 发生 非正常 停工 不良 状况 暂停 拨付 重点 监管 资金 第十五条 监管 银行 依据 监管部门 出具 资金 拨付 通知书 中所载 事项 金额 即时 拨付 支付 事项 必须 通知书 载明 拨付 事项 一致 商品房 预售 资金 监管 系统 实现 信息 互通 共享 应当 同时 核对 电子信息 第十六条 监管部门 定期 商品房 预售 资金 使用 情况 进行 检查 监管 银行 适时 商品房 预售 资金 专用 账户 收支 情况 提供 监管部门 对于 有关 部门 商品房 预售 资金 监管 专用 账户 进行 冻结 扣划 及时 书面 告知 监管部门 第十七条 预售 双方 达成 退房 协议 办理 相关 退房 手续 按照 商品房 买卖合同 撤案 程序 办理 审核 准予 撤案 监管部门 应当 工作日内 通知 监管 银行 解除 部分 房款 监管 第十八条 商品房 预售 资金 监管 期限 核发 商品房 预售 许可证 开始 工程 竣工 验收 后止 预售 项目 取得 规划 竣工 验收 合格 证明 竣工 验收 备案 监管部门 出具 商品房 预售 专用 账户 取消 通知书 监管 银行 办理 取消 监管 账户 手续 第十九条 预售 人未 取得 商品房 预售 许可证 擅自 预售 商品房 房地产 开发 主管部门 按照 城市 房地产 开发 经营 管理条例 规定 责令 停止 违法行为 没收 违法 所得 可以 并处 收取 预付款 以下 罚款 第二十条 预售 提供 虚假 申报材料 骗取 工程建设 资金 按规定 用途 使用 商品房 预售 资金 监管 专用 账户 款项 以及 直接 收取 商品房 预售 资金 监管部门 应当 责令 限期 改正 暂停 商品房 预售 预售 资金 拨付 情节严重 监管部门 按照 城市 商品房 预售 管理 办法 规定 可处 违法 所得 以下 超过 万元 罚款 同时 违法 违规行为 予以 公示 作为 不良行为 记入 信用 档案 第二十一条 监管 银行 擅自 拨付 预售 监管 专用 账户 款项 监管部门 暂停 银行 新开设 预售 资金 监管 专用 账户 业务 预购 造成 损失 监管 银行 应当 承担 经济 赔偿 法律责任 第二十二条 监管部门 工作人员 玩忽职守 徇私舞弊 给予 行政处分 涉嫌犯罪 依法 移送 司法机关 追究 刑事责任 第二十三条 规定 公布 之日起 施行 有效期 五年 兰州市 商品房 预售 资金 监管 规定 兰房 同时 废止 房地产 开发 企业 兰州市 实施 商品房 预售 资金 监管 制度 以来 大部分 开发 企业 能够 严格 按照 要求 执行 资金 监管 制度 及时 商品房 预售 资金 纳入 监管 范围 此举 保障 购房 群众 购房 资金 安全 有效 维护 商品房 销售 市场秩序 部分 开发 企业 无视 规定 逃避 资金 监管 私自 设立 账外 按规定 要求 及时 预售 资金 缴存 监管 账户 游离 制度 之外 进一步 加强 落实 商品房 预售 资金 监管 工作 近期 兰州市 住房 保障 房产 管理局 兰州市 物价局 联合 开展 为期 一个月 商品房 销售 明码标价 商品房 销售 经营 行为 商品房 预售 资金 监管 专项 检查 活动 房地产 开发 企业 接到 通知 之日起 立即 组织 开展 企业 自查自纠 活动 尚未 缴存 售房 资金 及时 全额 缴存 监管 账户 及时 整改 房产局 检查 过程 尚未 整改 企业 按照 有关 规定 严肃处理 纳入 企业信用 考核 评级 范围 违法 违规行为 情节严重 整改 企业 停止 其网 销售 资格 通过 媒体 社会 进行 曝光 特此通知 兰州市 住房 保障 房产 管理局 兰州 新区 商品房 预售 资金 监管 办法 试行 来源 兰州 新区 管委会 办公室 第一章 第一条 加强 商品房 预售 监管 维护 预购 商品房 当事人 合法权益 促进 兰州 新区 房地产 市场 健康 有序 发展 根据 中华人民共和国 城市 房地产 管理法 城市 房地产 开发 经营 管理条例 城市 商品房 预售 管理 办法 法律法规 结合 新区 实际 制定 办法 第二条 兰州 新区 规划 范围 办理 商品房 预售 许可 项目 预售 资金 收存 支付 使用 监管 适用 办法 第三条 兰州 新区 商品房 预售 资金 按照 政府 指导 银行 监管 专户 存储 专款专用 原则 进行 监管 兰州 新区 城乡建设 交通 管理局 以下 简称 监管部门 负责 兰州 新区 商品房 预售 资金 监管 工作 园区 城市 建设 管理局 具体 负责 监督 辖区 房地产 开发 项目 建设 进度 施工 情况 营销 监管 工作 第四条 办法 商品房 预售 资金 预售 开发 商品房 竣工 验收 合格 销售 预购 合同 约定 预先 支付 定金 首付款 分期 一次性 付款 按揭 贷款 全部 购房款 预售 预售 商品房 房地产 开发 企业 预购 购买 预售 商品房 单位 个人 第五条 办法 监管 银行 预售 监管部门 签订 新建 商品房 预售 资金 监管 协议 设立 预售 资金 监管 专用 账户 银行 监管 银行 必须 具备 监管 资金 安全 规范 运行 金融管理 业务 能力 网络 技术 条件 实现 有关 数据 资金 入账 划转 以及 按揭 贷款 受理 审批 发放 拒贷 结清 信息 数据 即时 传输 监管 银行 预售 自行 选定 选择 新区 范围 监管部门 签订 兰州 新区 预售 商品房 资金 监管 委托 协议 金融机构 第六条 按揭 贷款 银行 指为 预购 提供 购房 抵押 贷款 银行 按揭 贷款 银行 应当 积极 配合 监管 银行 做好 预售 资金 交存 对账 工作 及时 有关 信息 推送 预售 资金 监管 系统 第二章 预售 资金 监管 第七条 预售 申请 开设 监管 专用 账户 监管部门 提交 以下 材料 兰州 新区 商品房 预售 资金 监管 申请表 附件 房地产 开发 企业 营业执照 申请 预售 项目 不动产 权证 建设 工程施工 许可证 企业法人 身份证明 经办人 法人 授权 委托书 身份证明 预售 资金 拨付 进度 控制 其他 需要 提供 资料 预售 提交 开设 专户 申请材料 审核 通过 监管 银行 应当 严格 按照 办法 兰州 新区 新建 商品房 预售 资金 监管 协议书 约定 加强 日常 管理 履行 监管 职责 第八条 预售 申请 商品房 预售 许可证 监管 银行 设立 商品房 预售 资金 监管 专用 账户 监管部门 监管 银行 三方 签订 兰州 新区 新建 商品房 预售 资金 监管 协议书 监管 账户 户名 房地产 开发 企业 名称 项目名称 楼盘 组成 混淆 情况 可用 简称 企业 名称 基本 账户 名称 一致 项目名称 建设工程 规划 许可证 名称 一致 第九条 商品房 预售 资金 全部 直接 存入 对应 商品房 预售 监管 专用 账户 监管 专用 账户 不得 开通 任何 形式 自助 转账 业务 预售 预购 签订 商品房 买卖合同 应当 明确 缴款 方式 具体 时限 金额 预购 通过 电子 银行 预售 资金 专户 支付 预购 款项 预购 直接 存入 监管 银行 专用 账户 缴款 回执 银行 进账单 缴款 回单 预售 人换领 缴款 票据 预购 申请 购房 贷款 按揭 贷款 银行 按照 借款 合同 约定 期限 贷款额度 贷款 直接 划转 监管 专用 账户 第十条 预售 负责 协调 按揭 贷款 银行 按揭 及时 直接 转入 监管 专用 账户 工作日内 监管 账户 变动 数据传输 商品房 预售 资金 监管 系统 预售 人及 按揭 贷款 银行 不得 任何理由 购房人 按揭 贷款 扣划 转存 至非 监管 账户 应当 纳入 监管 预售 资金 实际 缴入 监管 专用 账户 资金 不符 预售 应当 及时 申请 办理 账目 核对 第十一条 商品房 预售 重点 监管 资金 核发 商品房 预售 许可证 开始 工程 竣工 验收 合格 为止 预售 监管部门 出具 商品房 预售 资金 监管 专用 账户 取消 通知书 监管 银行 办理 取消 账户 监管 手续 第三章 预售 资金 拨付 第十二条 监管 专用 账户 商品房 预售 资金 重点 监管 资金 机动 备用金 重点 监管 资金 重点 监管 资金 指本 监管 项目 达到 竣工 交付 条件 工程建设 费用 用于 购买 必需 建筑材料 设施 设备 支付 建设 施工 工程款 机动 备用金 用于 项目 停工 违约 造成 农民工 欠薪 工程质量 安全 保证 应急 支付 项目 交付使用 第一批 不动产 登记证 办理 结束 连续 有效 投诉 事件 解除 监管 重点 监管 资金 指除 重点 监管 资金 机动 备用金 以外 预售 预售 自由支配 重点 监管 资金 额度 项目 备案 预售 资金 总额 机动 备用金 预售 资金 总额 同一 预售 机动 备用金 额度 超过 万元 重点 监管 资金 项目 备案 预售 资金 总额 第十三条 申请 拨付 重点 监管 资金 监管部门 提交 以下 材料 兰州 新区 商品房 预售 监管 资金 使用 申请表 附件 法人 本人 身份证明 经办人 法人 授权 委托书 本人 身份证明 监管 银行 审核 出具 商品房 项目 预售 资金 总额 历次 拨付 清单 施工 监理 预售 园区 审核 项目 进度 证明 应当 提供 其他 材料 监管部门 应当 受理 预售 申请 拨付 预售 资金 之日起 工作日内 做出 答复 经审查 符合条件 出具 商品房 预售 重点 监管 资金 拨付 通知书 以下 简称 资金 拨付 通知书 下列 情形 之一 不予 核准 超出 监管部门 核准 数额 收款 单位 申请 用途 不符 一笔 用款 按照 核准 用途 使用 纠正 存在 重大 质量 安全隐患 项目 处于 处罚 结案 企业 其他 限制性 情形 第十四条 重点 监管 资金 实行 商品房 预售 资金 收款 工程进度 节点 比例 相结合 方式 拨付 预售 每季度 提取 重点 监管 资金 原则上 不得 超过 三次 重点 资金 拨付 监管 银行 依据 监管部门 出具 资金 拨付 通知书 核准 使用 资金 拨付 预售 指定 合同 当事人 相关 单位 第十五条 预售 预购 双方 达成 退房 协议 办理 相关 手续 按照 商品房 买卖合同 撤案 程序 办理 满足 退房 退款 条件 预售 负责 申请 监管部门 工作日内 通知 监管 银行 解除 部分 房款 监管 预售 人应 解除 监管 工作日内 完成 退款 第十六条 监管 银行 依据 监管部门 出具 资金 拨付 通知书 中所载 付款 单位 付款 金额 事项 工作日内 完成 拨付 支付 事项 必须 通知书 载明 拨付 事项 一致 商品房 预售 资金 监管 系统 实现 信息 互通 共享 应当 同时 核对 电子信息 第十七条 监管部门 定期 商品房 预售 资金 使用 情况 进行 抽查 检查 监管 银行 实时 商品房 预售 资金 专用 账户 收支 情况 传给 监管部门 有关 部门 商品房 预售 资金 监管 专用 账户 进行 冻结 扣划 书面 告知 监管部门 第四章 风险 管控 第十八条 商品房 预售 符合 有关 法律法规 规定 原则上 工程 形象 进度 还应 达到 以下 要求 商业 主体 施工 地上 三层 以上 住宅 及其 项目 主体 施工 地上 二层 以上 预售 应当 销售 现场 公示 监管 银行 监管 账户 按揭 银行 相关 信息 第十九条 根据 项目风险 研判 情况 划分 监管 等级 告知 监管 银行 信用等级 年内 出现 拖欠 工程款 列为 三级 监管 项目 重点 监管 资金 额度 上调 项目 预售 总额 出现 延期 交房 拖欠 农民工 工资 房屋 质量 问题 引发 批量 群众 投诉 存在 重大 安全隐患 列为 二级 监管 项目 重点 监管 资金 额度 上调 项目 预售 总额 停工 以上 出现 烂尾 迹象 监管 账户 查封 情况 列为 一级 监管 项目 监管 资金 比例 上调 项目 预售 总额 建立 新区 园区 两级 联动 工作 制度 采取 园区 经常性 检查 新区 不定期 抽查 方式 加强 日常 监督管理 出现异常 情况 项目 停工 拖欠 农民工 工资 监管 账户 查封 商品房 预售 项目 两级 住建 部门 进行 风险 综合 研判 第五章 法律责任 第二十条 预售 人有 下列 行为 之一 监管部门 会同 园区 管委会 参照 第十九条 情节 轻重 提高 重点 监管 资金 额度 暂停 监管 资金 拨付 关闭 网签 备案 功能 暂停 办理 项目 后续 商品房 预售 许可证 措施 责令 限期 整改 根据 情况 予以 通报 记入 企业 不良 信用 记录 造成 损失 承担 相应 法律责任 售楼处 明显 位置 公示 监管 银行 监管 账户 按揭 银行 相关 信息 营销 部门 负责人 经纪 机构 负责人 以及 新区 园区 住房 建设 市场 监管部门 监督 举报电话 按规定 及时 预售 资金 存入 监管 账户 指使 按揭 银行 或者 协同 按揭 银行 商品房 按揭 贷款 划入 资金 监管 账户 提供 虚假 材料 申请 拨付 商品房 预售 监管 资金 按规定 预售 资金 退还 购房人 公司 经营 问题 导致 开发 项目 分期 开发 出现 以上 延期 交房 发生 拖欠 农民工 工资 房屋 质量 问题 引发 批量 群众 信访 投诉 其他 变相 逃避 商品房 预售 资金 监管 行为 第二十一条 施工单位 监理 单位 隐瞒 虚构 事实 或者 出具 虚假 证明 材料 套取 或者 协助 预售 套取 预售 监管 资金 监管部门 依照 规定 处理 记入 建筑业 不良 信用 记录 造成 损失 承担 相应 法律责任 第二十二条 监管 银行 违规 擅自 拨付 预售 监管 专用 账户 重点 监管 资金 机动 备用金 款项 实时 商品房 预售 资金 专用 账户 收支 情况 上传 监管部门 监管部门 暂停 监管 银行 新开设 预售 资金 监管 专用 账户 业务 预购 造成 损失 监管 银行 依法 承担 相应 法律责任 第二十三条 监管 银行 兰州 新区 新建 商品房 预售 资金 监管 协议书 履行 监管 职责 新区 管委会 通报 上级 主管部门 上级 主管部门 责令 整改 情节严重 依法 承担 相应 法律责任 整改 期间 暂停 承接 商品房 预售 资金 监管 业务 年内 发生 整改 情形 列入 受限 清单 社会 公示 列入 受限 清单 银行 年内 不得 承接 新区 商品房 预售 资金 监管 业务 第二十四条 按揭 贷款 银行 按规定 预售 资金 划入 监管 账户 或者 及时 有关 信息 推送 商品房 预售 资金 监管 系统 监管部门 限制 参与 新区 商品房 预售 资金 监管 业务 预售 造成 损失 新区 管委会 通报 上级 主管部门 责令 整改 按揭 银行 依法 承担 相应 法律责任 第二十五条 逾期 申请 办理 商品房 预售 资金 监管 暂停 预售 预售 项目 网签 业务 第二十六条 有关 部门 工作人员 玩忽职守 徇私舞弊 按照 有关 规定 给予 行政处分 涉嫌犯罪 依法追究 刑事责任 第六章 第二十七条 办法 印发 之日起 施行 试行期 办理 商品房 预售 许可证 交房 自本 办法 施行 开始 预售 人应 主动 申请 办理 商品房 预售 资金 监管 房地产 开发 企业 进一步 规范 商品房 销售 行为 保障 购房人 知情权 选择权 减少 售后 纠纷 营造 公开 透明 规范 有序 房地产 市场 发展 环境 根据 中华人民共和国 城市 房地产 管理法 商品房 销售 管理 办法 城市 商品房 预售 管理 办法 甘肃省 城市 房地产 管理条例 有关 规定 现将 规范 我市 商品房 销售 现场 信息 公示 有关 事宜 通知 如下 公示 内容 我市 行政区划 范围 销售 商品房 房地产 开发 企业 应当 遵循 诚实 重诺 守信 公开 及时 准确 原则 销售 现场 公示 以下 信息 企业 信息 房地产 开发 企业 营业执照 房地产 开发 企业 资质证书 客服 联系电话 集团公司 应当 公示 集团公司 投诉 电话 及其 投诉 方式 委托 销售 应当 公示 受托 房地产 经纪 机构 营业执照 房地产 经纪 机构 备案 证书 授权 委托书 客服 联系电话 所有 驻场 销售 人员 姓名 职务 照片 小于 证照 信息 建设 用地 规划 许可证 不动产 证书 国有土地 使用证 建设工程 规划 许可证 建筑 工程施工 许可证 商品房 预售 许可证 项目 信息 审定 建设工程 设计方案 平面图 楼幢 分层 平面图 立面图 以及 建筑 密度 容积率 绿地率 主要 规划设计 指标 各楼 当月 工程 进展 对应 图片 资料 车位 规划 配比 个数 类型 位置 租售 方式 装修 商品房 项目 公示 装修 内容 装饰 装修 标准 交付 要求 包括 主要 装饰 装修 材料 名称 品牌 规格 型号 提供 室内 设施 设备 应当 标明 设施 设备 名称 品牌 规格 型号 设置 样板房 样板房 结构 面积 房屋 实际 交付 标准 一致 一致 显著 位置 明确 标示 交付 标准 装修 样板房 摆放 交付 范围 设施 设备 标注 尺寸 大小 显著 位置 明示 交付 标准 房屋 销售 信息 购房 流程 指引 包括 购房 信息 登记 购房 资格 审查 合同 网签 备案 按揭 贷款 环节 条件 资料 内容 住房 建设 行政 主管部门 申报 商品房 预售 方案 认购 协议 认购书 样本 商品房 买卖合同 样本 及其 附件 文本 商品房 预售 资金 监管 银行 名称 监管 账号 具体 交款 方式 商品房 销控表 内容 包含 未售 已售 已网 备案 已售 未网 备案 销售 动态 信息 房屋 户型图 详细 标明 房间 开间 进深 尺寸 层高 朝向 物价管理 部门 批准 商品 住房 一房 一价 备案 测绘 机构 出具 住房 建设 主管部门 备案 房屋 面积 测绘 成果 报告书 拒绝 购房人 使用 住房 公积金 贷款 承诺书 项目 设定 土地 抵押 建筑物 抵押 公示 抵押 情况 以及 抵押权人 同意 销售 书面 意见 项目 不利因素 信息 红线 不利因素 红线 项目 可能 产生 废气 噪音 烟尘 影响 因素 包括 公共厕所 垃圾站 变压器 通讯 基站 道路 桥梁 隧道 火车站 汽车站 油气 库站 危险品 仓库 殡仪馆 公墓 红线 不利因素 红线 可能 产生 废气 噪音 烟尘 影响 因素 包括 公共厕所 化粪池 垃圾站 变压器 换热站 配电室 通讯 基站 车库 出入口 健身 场所 装修 使用 不利因素 房屋 外立面 造型 外连廊 管道 烟道 天然气 管道 户内 位置 尺寸 可能 影响 购房 群众 装修 使用 方面 因素 教育 信息 购房人 所购 商品房 相对 学区 学校 教育 主管部门 制定 当年 入学 政策 为准 予以 公示 房地产 开发 企业 一律 无权 承诺 物业 服务 信息 物业 服务 企业 营业执照 前期 物业 服务 合同 物业管理 区域 划分 情况 政策法规 文件 商品房 销售 管理 办法 建设部 城市 商品房 预售 管理 办法 建设部 甘肃省 商品房 交易 风险 提示 购房款 直接 存入 商品房 预售 资金 监管 账户 重要 提示 商品房 买卖合同 网签 备案 须知 市政府 关于 房地产 市场 调控 政策 文件 各级 住房 建设 主管部门 关于 房屋交易 风险 防控 方面 风险 提示 法律 法规 规章 主管部门 要求 公示 其他 材料 公示 方式 通知 要求 公示 所有 信息 放置 销售 场所 显著 醒目 便于 观看 阅览 位置 公示栏 展示 公示 阅览 为主 电子 显示屏 查询 机等 其他 方式 展示 辅助 多个 公示 内容 分类 集中 排放 遵循 全面 准确 真实 有效 原则 公示栏 方式 进行 公示 公示栏 标注 信息 公示栏 字样 采取 落地 张挂 方式 展现 公示 阅览 方式 公示 公示 位置 标注 项目 资料 欢迎 查阅 字样 公示 不少 公示 首页 注明 目录 页码 按照 目录 顺序 资料 有序 排放 置于 固定 位置 购房 群众 查阅 证照 信息 副本 公示 副本 副本 集中 公示 加盖 公司 印章 扫描 打印 工作 要求 房地产 开发 企业 房屋 开盘 销售 之日 全部 房屋 销售 结束 期间 应当 依法 依规 公示 涉及 房地产 开发 项目 相关 信息 充分 保障 购房 群众 知情权 公平交易 加强 销售 人员 培训 根据 购房 群众 需求 如实 介绍 项目 相关 信息 严禁 符合 项目 实际 违反 政策 误导 虚假 宣传 销售 场所 展示 户型图 模型 沙盘 模型 区位 示意图 绿化 园林景观 应当 严格 按照 规划设计 尺寸 比例 标注 比例尺 制作 不得 制作 夸大 有利 因素 缩小 弱化 隐瞒 不利因素 不得 制作 规划设计 实际 相符 图标 模型 不得 楼盘 附近 规划 论证 阶段 交通 学校 机场 火车站 地铁站 市政 配套 设施 诱导 购房 群众 公示 内容 发生变化 房地产 开发 企业 应立即 销售 场所 更新 告知 购房 群众 信息 公示 问题 产生 交易 纠纷 买卖双方 按照 签订 认购 协议 商品房 买卖合同 本着 平等 公平 原则 协商 解决 协商 不成 应当 通过 司法 途径 解决 自本 通知 下发 之日起 所有 在售 商品房 项目 执行 通知 兰州市 住房 城乡 建设局 房地产 开发 企业 金融机构 住房 城乡 建设局 今年 专门 召开 主城区 加强 规范 商品房 预售 资金 监管 工作 会议 就是 针对 商品房 预售 资金 监管 工作 存在 突出 问题 进行 规范 整顿 通过 强有力 问题 纠错 我市 商品房 预售 资金 监管 工作 进入 良性 发展 轨道 确保 购房人 利益 受损害 规范 商品房 预售 资金 监管 工作 要求 认识 到位 落实 打折扣 仍然 存在 房地产 开发 企业 定金 认筹金 首付款 全款 分期付款 后续 资金 存入 监管 账户 以及 金融机构 按揭 及时 存入 监管 账户 随意 抽贷 逃避 监管 问题 甚至 存在 极个别 开发 企业 金融机构 相互 串通 提供 虚假 账户 余额 进行 账外 收存 挪用 监管 资金 问题 为了 切实加强 商品房 预售 资金 监管 解决 上述 突出 问题 维护 购房人 合法权益 保证 商品房 预售 资金 优先 用于 项目 建设 根据 中华人民共和国 城市 房地产 管理法 城市 商品房 预售 管理 办法 法律法规 以及 兰州市 商品房 预售 资金 监管 规定 现将 进一步 加强 商品房 预售 资金 监管 工作 有关 要求 通知 如下 房地产 开发 企业 按照 兰州市 商品房 预售 资金 监管 规定 购房人 合同 约定 支付 定金 首付款 全款 分期付款 后续 资金 全部 存入 监管 账户 不得 存入 其他 账户 日常 房地产 市场 检查 过程 发现 违反 此项 规定 监管部门 责令 限期 整改 暂停 监管 资金 拨付 商品房 网签 违法 违规行为 予以 公示 作为 不良行为 记入 信用 档案 同时 房地产 开发 企业 项目 销售 场所 明显 位置 张贴 提醒 事项 提醒 购房人 交纳 购房款 查验 房款 是否 进入 监管 账户 目前 市住 建局 正在 商品房 预售 资金 入账 方式 进行 系统 调整 系统 调整 到位 通过 预售 项目 销售 场所 统一 配置 方式 确保 预售 资金 直接 存入 监管 账户 金融机构 认真 履行职责 房地产 开发 企业 协商 取得 建设项目 按揭 贷款 业务 应先 兰州 房地产 交易中心 进行 报备 签署 严格 落实 商品房 预售 资金 监管 规定 承诺书 建设项目 按揭 贷款额度 审批 通过 立即 按揭 贷款 存入 监管 账户 发现 项目 按揭 贷款 及时 存入 监管 账户 按揭 贷款 用于 偿还 开发 监管部门 立即 停止 金融机构 该项 目的 商品房 按揭 贷款 业务 暂停 办理 存量房 抵押 网签 金融机构 违规行为 通报 人民银行 兰州 中心 支行 甘肃 保监局 予以 处理 同时 不再 委托 你行 承接 后续 我市 商品房 预售 资金 监管 商品房 按揭 贷款 业务 如果 金融机构 违规行为 造成 项目 建设 资金 出现 风险 导致 影响 项目 后续 建设 金融机构 应当 房地产 开发 企业 承担 连带 经济 法律责任 特此通知 兰州市 住房 城乡 建设局,4.266702205764764,3.138980252532324,4.883333333333333,6.216666666666667,10711,52.1,28.00833333333333,3649.36660268714,32.85616429924242,139.000731765835,7343.030303030303,8.893134588068177,4,3,0.008625,0.9999999999999999,三分之二,13.0,16.0,20.18600390624999,1.7875,0.9999999999999999,阶段2,17.0,23.0,2.462472892992424,0.6541666666666668,0.9999999999999999,竣备,24.0,28.0,0.0,,1.0,确权,29.0,30.0,10.2076875,3.2875,,,,,,,2,3,139.000731765835
北京,北京,Beijing-1,approved construction cost,with multiplier or floor,named administrative certificates,retained balance,specified,condition beyond first registration,True,True,4.0,,0.05,explicit Chinese count in evidence excerpt,not explicitly parseable from retained excerpt,manual 5% retained flag,监管额度和建设周期，项目可不进行预售资金监管 | 监管账户内资金达到住房和城乡建设部门规定的监管额度后，房地产企业可向商业银行申请出具保函置换监管额度内资金，保函置换金额不得超过监管账户中确保项目竣工交付所需的资金额度的30%，置换后的监管资金不得低于监管账户中确保项目竣工交付所需的资金额度的70%” | 完成、主体结构完成、竣工验收备案、首次登记完成四个环节设置资金使用节点,True,policy_identification_filled.xlsx,City_audit,4stage_Ncost,4,1,stage_1|stage_2|stage_3|stage_4,三分之二|阶段2|竣备|确权,三分之二,partial_named_milestones,,,1,,,not_estimable:topout_stage_name_unmapped,not_estimable:registration_stage_name_unmapped,expert_calibrated_operational_proxy_pending_source_mapping,monthly-revenue stage ratio or within-cohort amount share; not automatically a policy percentage,external/Modelling Dep/41_Cities_Dep/city_catalog.json,data/pmc_data.xlsx,dep-operational-h1-v1,Beijing-1,2022,一线,北京,,"
北京市商品房预售资金监督管理办法
（2021年修订版  公开征求意见稿）

第一章 总则
第一条  为进一步加强本市商品房预售资金监督管理，保证商品房预售资金优先用于工程建设，切实维护商品房交易双方合法权益，促进本市房地产市场平稳健康发展，根据《中华人民共和国城市房地产管理法》《城市商品房预售管理办法》（建设部令第131号）、《关于进一步加强房地产市场监管完善商品住房预售制度有关问题的通知》（建房〔2010〕53号）有关规定，结合本市实际，制定本办法。
第二条  本市行政区域内申请商品房预售许可的项目，其预售资金监管账户（以下简称专用账户）的设立，预售资金的收存、支取、使用、监督管理，适用本办法。
本办法所称商品房预售资金，是指商品房预售时购房人按照预售合同约定支付的全部房价款，包括定金、首付款、购房贷款以及其他形式的购房款。商品房预售资金应全部存入专用账户。
第三条  本市商品房预售资金的监督管理坚持银行监管、政府指导、多方监督、保障建设的原则。
第四条  北京市住房和城乡建设委员会（以下简称市住房城乡建设委）指导各区开展预售资金监管工作，组织预售资金管理信息系统建设。 
各区住房城乡建设主管部门负责指导、监督、协调本行政区域内商品房预售资金监管工作的具体实施。 
中国人民银行营业管理部（以下简称人行营管部）负责管理商业银行办理专用账户开立、变更和撤销业务。
中国银行保险监督管理委员会北京监管局（以下简称北京银保监局）配合市住房城乡建设委开展指导、监督商品房预售资金监管等相关行业监管工作。
商业银行在各主管部门监督指导下，开展预售资金监管工作，承担监管主体责任。

第二章 一般规定
第五条  市住房城乡建设委会同北京银保监局、人行营管部，综合商业银行监管能力、服务效率、研发水平、经营状况等因素，经公开招标，选定可从事预售资金监管工作的银行。同时，以两年为周期组织考核评价，淘汰未履行预售资金监管职责，以及无法承担预售资金监管工作的银行，并按前述程序相应增加监管银行。
第六条  申请商品房预售许可前，房地产开发企业应在中标银行范围内选择专用账户的开户银行(以下简称监管银行)，与监管银行签订预售资金监管协议，并按照一个预售许可证对应一个账户的原则在监管银行开立专用账户。
房地产开发企业可凭非监管银行出具的现金保函，免除同等额度的监管资金。如现金保函额度和有效期可覆盖房地产开发项目的重点监管额度和建设周期，项目可不进行预售资金监管。
预售资金监管协议示范文本、现金保函示范文本由市住房城乡建设委、人行营管部、北京银保监局共同制定。
第七条　商品房预售资金由监管银行对重点监管额度部分实行重点监管，优先保障工程建设。专用账户累计入账金额超出重点监管额度部分，开发企业可按照用款计划分节点进行支取使用。
项目重点监管额度由区住房城乡建设主管部门根据项目综合建设费用、交付使用条件、开发企业信用水平和经营状况等综合确定，每平方米不得低于5000元。
综合建设费用是指预售项目所需的建筑施工、设备安装、材料购置、配套建设、代征代建等相关建设费用总额。其中，住宅项目应包括本市相关规定达到同步交付使用条件所需的建设费用。
第八条  申请办理商品房预售许可时，房地产开发企业应在预售方案中明确预售资金监管方案，并提交预售资金监管协议。预售资金监管方案应包括以下内容： 
(一)项目重点监管额度；
(二)项目用款计划；
(三)专用账户名称、账号；
(四)其他需要说明的情况。
房地产开发企业取得商品房预售许可后，应在售楼场所显著位置公示预售资金监管方案及监管协议。
第九条 市住房城乡建设委通过门户网站公示预售项目的监管银行、专用账户名称及账号。购房人可凭网签编号、密码等信息，通过政府网站查询预售许可项目对应的预售资金监管账户入账、支取、余额。社会公众可查询各监管账户总额。
第十条 项目用款计划按照地下结构完成、主体结构完成、竣工验收备案、首次登记完成四个环节设置资金使用节点。
项目拟预售楼栋中最高楼栋为7层以上（含7层）10层以下建筑的，可增加“建设层数达二分之一”节点；拟预售楼栋中最高楼栋为10层以上（含10层）建筑的，可增加“建设层数达三分之一” “建设层数达三分之二”节点。
房地产开发企业应结合自身资金状况、融资能力，合理确定每个节点的用款额度。完成首次登记前，专用账户内的资金不得低于重点监管额度的5%。
第十一条  区住房城乡建设主管部门应核定各节点用款额度。核定保障性住房项目重点监管额度及各节点用款额度时，应考虑其建设和销售特点。
第十二条  预售项目需变更监管银行的，应由房地产开发企业和监管银行向属地住房城乡建设主管部门提出申请。变更期间，属地住房城乡建设主管部门暂停该项目销售。
项目暂停销售后，房地产开发企业应与原监管银行解除监管协议，重新选定监管银行，开立新专用账户，签订预售资金监管协议；项目已销售的，还应向全部购房人及购房贷款银行告知监管银行变更情况，并将原专用账户内资金全部转入新开立的专用账户，撤销原专用账户。
上述事项办理完成后，房地产开发企业应持以下材料到区住房城乡建设主管部门办理监管银行变更手续。区住房城乡建设主管部门恢复该项目销售。
（一）变更监管银行申请；
（二）解除监管协议；
（三）新签订的监管协议；
（四）已告知购房人监管银行变更情况的有关材料；
（五）已告知购房贷款银行监管银行变更情况的有关材料；
（六）新监管银行出具的资金转入新专用账户的有关材料；
（七）原监管银行出具的原专用账户撤销的有关材料；
（八）区住房城乡建设主管部门要求的其他材料。
预售项目变更监管银行的档案由各区住房城乡建设主管部门保管。

第十三条  预售资金监管期间，发生房地产开发企业名称变更、项目转让等情形的，房地产开发企业需办理预售资金监管相关变更手续。

第三章 预售资金收存、支取
第十四条　项目预售过程中，购房人支付的定金、首付款等购房款应由购房人账户直接存入监管账户,开发企业不得转存入其它账户。
第十五条  监管银行通过北京银保监局金融专网与本市房地产交易管理系统实时共享房屋网上签约和入账信息，对预售资金收存实施监管。
购房人将定金、符合个人住房贷款规定的首付款足额存入专用账户后，方可完成拟购房屋的认购书网上签约、售房合同网上签约等功能。
第十六条  购房人申请贷款的，开发企业应将专用账户提供给贷款银行，作为贷款到账账户。贷款银行应将贷款直接发放至专用账户，相应条款应写入购房人贷款合同。
第十七条 专用账户内资金超出剩余工程建设节点用款额度后，房地产开发企业可向监管银行申请支取超出部分的资金。支取资金用于剩余工程建设的，相应额度可在专用账户内核减。
第十八条 房地产开发企业可以单一楼栋或多楼栋分别申请支取预售资金，申请时应向监管银行提出书面申请，并提交以下材料：
（一）资金用途和入账账户；
（二）地下结构完成节点，提交勘察、设计、施工、监理（建设）等单位签字（章）的《地基与基础分部工程验收记录》；
（三）建设层数达三分之一、二分之一、三分之二节点，提交由勘察、设计、施工、监理（建设）等单位签字（章）的相应层数的《主体结构子分部工程验收记录》；
（四）主体结构完成节点，提交勘察、设计、施工、监理（建设）等单位签字（章）的《主体结构分部工程验收记录》；
（五）竣工验收备案节点，提交建设、设计、施工、监理等单位签章的《北京市房屋建筑和市政基础设施工程竣工验收备案表》。实施联合验收的项目，可用联合验收意见通知书替代《工程竣工验收备案表》；
（六）属地城乡建设主管部门现场查勘证明或北京市房屋建筑和市政基础设施工程质量风险分级管控平台记录的工程进度。
第十九条  监管银行收到开发企业用款申请后，应对申请材料进行审核，符合资金使用条件的，监管银行应在本市商品房预售资金监管系统中上传本办法第十九条规定的相关材料,2个工作日内拨付资金。不符合资金使用条件的，应一次性告知开发企业存在的问题，并在本市商品房预售资金监管系统中进行记录。
开发企业对监管银行不支付资金存在异议的，可向区住房城乡建设主管部门或北京银保监局提出异议申请。
第二十条  专用账户内资金未达到剩余工程建设节点用款额度时，房地产开发企业与购房人解除购房合同的，房地产开发企业应持区住房城乡建设主管部门出具的网签合同注销证明文件，向监管银行申请退回已入账相应购房款，监管银行应在2个工作日内拨付。
专用账户内资金超出剩余工程建设节点用款额度后，房地产开发企业与购房人解除购房合同的，由房地产开发企业自行退款。
第二十一条  预售项目完成房屋首次登记的，房地产开发企业需持房屋不动产权登记证明向监管银行申请解除资金监管并撤销专用账户。监管银行审核符合条件的，应在3个工作日内解除对该项目的预售资金监管，并撤销专用账户。
房屋不动产权登记楼栋号与预售许可楼栋号不一致的，房地产开发企业应一并提交《房产测绘成果备案表》《北京市楼门牌编号证明信》。
第二十二条  有下列情形之一的，市、区住房城乡建设主管部门可以暂停房地产开发企业专用账户的资金支取，督促房地产开发企业尽快改正，并会同银保监部门监督专用账户内资金使用。
（一）预售项目发生质量事故的；
（二）预售项目未按期交付或存在不能按期交付风险的；
（三）房地产开发企业存在严重违法违规行为，影响工程建设或存在经营风险的；
（四）市、区住房城乡建设主管部门认为的其他情形。
当预售项目存在重大风险隐患时，区住房城乡建设部门应全面接管预售资金监管账户或建立政府监管账户，实施封闭管理保障账户资金安全，优先用于本项目工程建设。
第二十三条  专用账户内资金未达到剩余工程建设节点用款额度时，房地产开发企业因支付工程建设费用或农民工工资困难，存在社会矛盾风险隐患，确需使用预售资金支付相应费用的，应向区住房城乡建设主管部门提出书面用款申请，经区住房城乡建设主管部门审核后，可启动应急用款方式支取资金。区住房城乡建设主管部门应监督该项目的后续资金使用。
第四章 监督管理
第二十四条  监管银行应切实履行预售资金监管主体责任，按公示的预售资金监管方案，加强监管账户出入账管理，落实专人负责制，完善授权审批等内部管理制度。按照本市商品房预售资金监管系统相关接口规定，准确、及时上传数据，定期核查预售资金审批支出等环节的制度执行情况，自觉接受北京银保监局，人行营管部，市、区住房城乡建设主管部门及购房家庭监督。
第二十五条  监管银行发现房地产开发企业预售资金未按时、足额存入专用账户的，应及时将有关情况书面告知区住房城乡建设主管部门。 
监管银行接到人民法院等对监管账户的查封、冻结或者法律规定的其他保全措施时，应将有关情况在3个工作日内书面告知属地住房城乡建设主管部门。
第二十六条  市住房城乡建设委、北京银保监局通过金融专网共享的开发项目销售进度、网签备案明细、监管账户交易明细信息，与监管银行上报数据交叉核验，通过大数据穿透监测开发企业与监管银行预售资金监管执行情况。
区住房城乡建设主管部门应做好日常指导、监督工作，建立预售项目巡查制度，发现项目出入账违反本通知规定的，责令房地产开发企业限期改正，未按期改正的暂停钥匙盘网上签约服务功能。发现监管银行违规的，应将相关情况报送市住房城乡建设委和北京银保监局。
第二十七条  房地产开发企业存在下列情形之一的，由市、区住房城乡建设主管部门责令其限期改正，未按期改正的暂停违规项目的钥匙盘网上签约服务功能，并将其违法违规行为记入企业信用信息系统。
（一）未按本办法规定收存、支取、使用预售资金的；
（二）以收取预付款等其他款项为由逃避资金监管的；
（三）提供虚假证明材料申请使用预售资金的；
（四）未按本办法规定向购房人贷款银行提供专用账户作为贷款到账账户的；
（五）其他违反预售资金监管规定的行为。
第二十八条  监管银行存在下列情形之一的，由市住房城乡建设委移送人行营管部、北京银保监局依法作出处理。违规情节严重的，不得监管新预售项目。
（一）不遵守投标承诺，违反预售资金监管工作方案的；
（二）未按规定审核用款申请拨付预售资金的；
（三）拖延资金拨付或擅自挪用、划扣预售资金的；
（四）发现房地产开发企业存在违规收存、支取预售资金行为，未及时报送区住房城乡建设主管部门的；
（五）未按预售资金监管系统数据接口规范传输数据的；
（六）其他违反预售资金监管规定的行为。
第二十九条 施工单位、监理单位提供虚假材料或采取其它方式协助房地产开发企业违规支取预售资金的，由市、区住房城乡建设主管部门依法对相关责任单位和责任人予以处理，将其违规行为记入企业信用信息系统，并向社会公示。
勘察单位、设计单位违反上述规定的，由市、区住房城乡建设主管部门移交相关管理部门予以处理。
第三十条  开发企业、监管银行及参建各方单位在资金监管过程中发生违规行为的，由各行政主管部门依法予以处分。
开发企业、监管银行违规挪用、划转、占扣预售监管资金的，应及时足额返还。挪用、划转、占扣预售监管资金或协助挪用、划转、占扣预售监管资金造成项目烂尾、侵害购房人合法权益造成严重后果的，由各行业主管部门移送公安部门行刑衔接，构成犯罪的，依法追究刑事责任。
第三十一条 自2021年 月 日起，新申请办理销售手续的商品房项目按本通知规定执行，《关于印发<北京市商品房预售资金监督管理办法>的通知》（京建法〔2013〕11号）、《关于加强本市商品房预售资金使用管理的通知》(京建法〔2015〕23号)同时废止。
============================================
各房地产开发企业,各有关单位:
为进一步优化本市营商环境,做好商品住房预售现售衔接,促进我市房地产市场平稳健康发展,现将有关事项通知如下。
一、商品住房项目(含共有产权住房,下同)可按栋申请办理预售许可,最低规模不得小于栋,不得分层、分单元、分套(间)申请。地下可售仓储、车位等可单独申请办理预售许可。按预售许可范围进行预售资金监管,对已纳入监管范围的预售资金不重复监管。
二、开发企业在取得土地使用权时已承诺商品住房销售价格的,申请预售许可应按照承诺价格填报“一房一价”；未承诺价格的,同一施工许可证批准范围内的楼栋,后期申报预售价格不得超过前期同品质产品申报预售价格。
三、商品住房项目预售许可截止日期为预售方案中确定的房屋交付日期,预售合同中约定的房屋交付日期应与预售方案中确定的交付日期一致。预售许可确需延期的,房地产开发企业可依法向项目所在区房屋行政主管部门书面提出延期申请,延期期限每次不超过6个月,截止日期为不动产首次登记日期。
开发企业申请预售许可延期时,如项目尚未交付,应提交预售许可延期申请及确保项目交付的书面承诺、措施等,确保预售资金专项用于工程建设。
四、商品住房项目按规定办理现房销售备案手续后,确因司法查封或行政限制解除、预售合同解除等原因,符合现售条件但未纳入备案范围的房屋,可再次申请办理现房销售备案手续。商品住房现房销售备案原则上由项目所在区房屋行政主管部门办理,遇有重大复杂等特殊情形的,也可向市住房城乡建设委申请办理。
五、本通知自发布之日起执行,现行有关规定与本通知不一致的,按本通知规定执行。北京市住房和城乡建设委员会《关于优化商品住房项目预售许可办理事项的通知》(京建发〔2020〕107号)同时废止。
北京市住房和城乡建设委员会
2022年8月12日
===================

北京市商品房预售资金监督管理办法
（2023年修订版 公开征求意见稿）
第一章 总则
第一条【上位法依据】 为进一步加强本市商品房预售资金监督管理，保证商品房预售资金优先用于工程建设，切实维护商品房交易双方合法权益，促进本市房地产市场平稳健康发展，根据《中华人民共和国城市房地产管理法》《城市商品房预售管理办法》《关于进一步加强房地产市场监管 完善商品住房预售制度有关问题的通知》（建房〔2010〕53号）、《关于规范人民法院保全执行措施 确保商品房预售资金用于项目建设的通知》（法〔2022〕12号）、《关于规范商品房预售资金监管的意见》（建房〔2022〕16号）、《关于商业银行出具保函置换预售监管资金有关工作的通知》（银保监办发〔2022〕104号）等有关法律法规规章、规范性文件，结合本市实际，制定本办法。
第二条【定义及适用范围】 本市行政区域内申请商品房预售许可的项目，预售资金的收存、支取、使用、监督管理，适用本办法。
本办法所称商品房预售资金，是指商品房预售时购房人为购买房屋支付的全部房价款，包括定金、首付款、购房贷款、分期购房款以及其他形式的购房款。
第三条【基本原则】 本市商品房预售资金监督管理遵循政府监管、社会监督、专户收存、专款专用、核定支出、违规追责的原则。
第四条【职责分工】 北京市住房和城乡建设委员会（以下简称市住房城乡建设委）负责指导协调各区、各部门开展预售资金监管工作。
北京市住房资金管理中心（以下简称资金中心）负责我市商品房预售资金监管账户（以下简称监管账户）管理工作，主要包括开设监管账户、系统建设运维、入账归集标识、用款初审支付、资金统计分析等。
各区住房城乡建设主管部门（含房管部门，下同）负责指导、监督、检查本行政区域内商品房预售资金监管工作的具体实施，承担预售资金用款审核工作。
中国人民银行北京市分行负责指导承办银行办理预售资金专用存管账户（监管账户）的开立、变更和撤销业务。
国家金融监督管理总局北京监管局负责对承办银行预售资金监管的操作风险和合规性进行监督检查。
北京市高级人民法院（以下简称市高院）负责监督指导本市各中级人民法院、各基层人民法院、各专门法院规范人民法院保全执行行为，确保商品房预售资金用于项目建设。

第二章 一般规定
第五条【公招银行】 市住房城乡建设委会同国家金融监督管理总局北京监管局、中国人民银行北京市分行、资金中心通过公开招标方式，综合商业银行资信状况、业务能力、服务水平等因素，确定能够承接商品房预售资金监管业务的商业银行。资金中心在中标承办银行开设监管账户。监管账户的名称应保持一致，便于购房家庭和社会识别。
市住房城乡建设委会同国家金融监督管理总局北京监管局、中国人民银行北京市分行、资金中心定期对承办银行考核评价，淘汰未按本办法或无法配合开展预售资金监管工作的银行，并可另行招标承办银行。
第六条【签订协议】 开发企业申请商品房预售许可前，应按照一个预售许可证一个监管专户的原则，在中标承办银行中选择一家，向资金中心申请开立监管专户，并与区住房城乡建设主管部门、资金中心签订《商品房预售资金监管协议》，明确预售资金收存和使用方式、重点监管额度、违约责任等内容，协议主要内容应在预售方案中予以明确，并在商品房销售现场显著位置公示。监管账户、项目名称应当在《商品房预售合同》上载明，并在市住房城乡建设委、资金中心门户网站进行公示。
预售资金监管协议示范文本由市住房城乡建设委、国家金融监督管理总局北京监管局、中国人民银行北京市分行、资金中心联合制定。
第七条【监管方案内容】 开发企业申请办理商品房预售许可时，应在预售方案中明确预售资金监管方案，预售资金监管方案应包括以下内容：
(一)项目重点监管额度；
(二)项目用款计划；
(三)监管账户名称、账号；
(四)预售资金监管协议；
(五)其他需要说明的情况。
开发企业取得商品房预售许可后，应在售楼场所显著位置公示预售资金监管方案。
第八条【区分重点监管额度】 重点监管额度是指预售项目所需的建筑施工、设备安装、材料购置、配套建设、代征代建及勘察、设计、监理等相关建设费用总额。其中，住宅项目应包括按照本市相关规定达到同步交付使用条件所需的建设费用。重点监管额度资金应确保封闭运行、专款专用于本项目有关的工程建设。
重点监管额度及各节点用款额度由施工总承包单位根据工程造价提出，由区住房城乡建设主管部门综合项目交付使用条件及开发企业风险情况等因素核定。重点监管额度应与预售方案中明确、预售合同中约定的交付标准相适应。资金中心对重点监管额度内的资金进行重点监管，项目股东、集团公司不得以任何名义抽调重点监管额度内资金。
第九条【节点设置】 项目用款计划按照地下结构完成、主体结构完成、竣工验收备案、首次登记完成四个环节设置资金使用节点。

项目拟预售楼栋中最高楼栋为7层以上（含7层）10层以下建筑的，可增加“建设层数达二分之一”节点；拟预售楼栋中最高楼栋为10层以上（含10层）建筑的，可增加“建设层数达三分之一”“建设层数达三分之二”节点。

开发企业应结合自身资金状况、融资能力，合理确定每个节点的用款额度。非住宅项目完成首次登记前，监管专户内的资金不得低于重点监管额度的5%，住宅项目完成首次登记并实际交付满6个月前，监管专户内的资金不得低于重点监管额度的5%。

第十条【核定额度】 区住房城乡建设主管部门核定项目重点监管额度及各节点用款额度后，应将核定结果录入至预售资金监管系统。核定保障性住房项目重点监管额度及各节点用款额度时，应考虑其建设和销售特点。
第十一条【信息变更】 预售资金监管期间，发生开发企业名称变更、项目转让等情形的，开发企业应向资金中心、各区住房城乡建设主管部门申请调整预售资金监管信息。
第十二条【计息及收益】 监管专户内存入的重点监管额度资金按照人民银行活期存款挂牌利率计息，超出重点监管额度资金按协定存款利率计息，监管专户撤销时，专户剩余本金和相应利息一并结转至开发企业指定账户。过程中可能产生的其他收益，由市住房城乡建设委和资金中心按照财政相关规定另行制定使用管理办法。
第十三条【管理成本支出】 住建部门、资金中心承担本办法规定职责所需费用，纳入财政预算管理。

第三章 预售资金收存、支取
第十四条【房款统一归集】购房人支付的定金、首付款、按揭贷款、分期购房款和其他形式的购房款等预售资金，应全部直接存入监管账户，由资金中心按开发企业、预售证项目、楼栋、房号、购房人、资金种类、金额等进行标识。预售资金进入监管账户后，应首先用于归集重点监管额度资金。
购房人可通过资金中心网站等查询本人入账信息和项目重点监管额度内资金余额。
第十五条【贷款统一归集】 购房人申请个人住房贷款的，开发企业应将监管账户提供给贷款银行，由贷款银行将贷款资金直接拨付到监管账户，注明借款人身份信息，借款人姓名、项目名称等。相应条款应写入购房人借款合同。
第十六条【一般支取要求】 重点监管额度内资金未能覆盖后续建设费用时，开发企业不得使用重点监管额度内资金支付建设费用；重点监管额度内资金可覆盖后续建设费用时，开发企业可按照用款计划、资金使用节点申请支取重点监管额度内资金，但应确保支取后，剩余资金仍可覆盖后续建设费用。
支取重点监管额度内资金时，由开发企业按规定向资金中心提出申请，资金中心现场踏勘后，提出初审意见，区住房城乡建设部门审核同意后由资金中心支付。承办银行可配合资金中心进行现场踏勘。按照商品房预售资金监管协议，重点监管额度内资金收款人原则上应为施工总承包、监理设计、专业分包、劳务分包、材料设备采购等合同中约定的当事人。
支取重点监管额度外资金时，由开发企业向资金中心提出申请，资金中心提出初审意见，区住房城乡建设部门审核同意后由资金中心拨付至开发企业指定账户。
监管账户资金支付时间自区住房城乡建设部门审核同意后不超过2个工作日。对于资金中心初审不同意或区住房城乡建设主管部门审核不同意的，应一次性告知开发企业存在的问题。开发企业对不予支付资金存在异议的，可向市住房城乡建设委提出异议申请。
鼓励开发企业将超出重点监管额度外资金留存在监管专户内使用。
第十七条【办理支取】 开发企业向资金中心申请支取监管专户资金，应提交支取申请，写明资金用途、入账账户、收款人、支取金额等信息。支取重点监管额度内资金，还应提交以下材料：
（一）地下结构完成节点，提交勘察、设计、施工、监理（建设）等单位签字（章）的《地基与基础分部工程验收记录》；
（二）建设层数达三分之一、二分之一、三分之二节点，提交由勘察、设计、施工、监理（建设）等单位签字（章）的相应层数的《主体结构子分部工程验收记录》；
（三）主体结构完成节点，提交勘察、设计、施工、监理（建设）等单位签字（章）的《主体结构分部工程验收记录》；
（四）竣工验收备案节点，提交建设、设计、施工、监理等单位签章的《北京市房屋建筑和市政基础设施工程竣工验收备案表》。实施联合验收的项目，可用联合验收意见通知书替代《工程竣工验收备案表》；
（五）施工合同等写明收款人信息的材料。
第十八条【退房款来源】 重点监管额度内资金未能覆盖后续建设费用时，开发企业与购房人解除购房合同的，开发企业可持区住房城乡建设主管部门出具的网签合同注销证明文件，向资金中心申请退回已入账相应购房款；开发企业与购房人尚未完成购房合同网签的，开发企业可持与购房人签订的解除购房协议，向资金中心申请退回已入账相应款项。资金中心在收到材料后2个工作日内将款项支付给购房人，并及时注销购房人信息。
重点监管额度内资金可覆盖后续建设费用时，监管专户内超出重点监管额度资金部分足以支付退房款的，开发企业可持上述文件，向资金中心申请退回已入账相应购房款，资金中心在收到材料后2个工作日内将款项支付给购房人，并及时注销购房人信息；监管专户内超出重点监管额度资金部分不足以支付退房款的，由开发企业自行解决退房款，并持上述文件，向资金中心申请注销购房人信息。
第十九条【暂停支取】 有下列情形之一的，市、区住房城乡建设主管部门可以暂停开发企业支取监管专户内资金，督促开发企业尽快改正，并会同资金中心监督监管专户内资金使用。
（一）预售项目发生质量事故的；
（二）预售项目未按期交付或存在不能按期交付风险的；
（三）开发企业存在严重违法违规行为，影响工程建设或存在经营风险的；
（四）市、区住房城乡建设主管部门认为的其他情形。
第二十条 【应急支取】 当项目确需应急使用重点监管额度内预售资金推进项目建设，在不超建设阶段支付资金或支付后剩余资金仍可覆盖后续建设费用的前提下，可提交有关材料向区住房城乡建设部门申请拨付使用。
当预售项目存在重大风险隐患，需向购房人退款或支付农民工工资的，区住房城乡建设主管部门同意后，会同资金中心核定剩余重点监管额度，资金中心可在重点监管额度外及时拨付。
第二十一条【专户撤销】 预售项目完成房屋所有权首次登记后，非住宅项目可凭房屋不动产权登记证明、住宅项目可凭房屋不动产权登记证明及房屋交付满6个月证明，向资金中心申请解除资金监管并撤销监管专户。经区住房城乡建设主管部门审核同意后，资金中心应在2个工作日内将剩余资金退回开发企业指定账户。
房屋不动产权登记楼栋号与预售许可楼栋号不一致的，开发企业应一并提交由具备相应资质的房产测绘机构出具的《预、实测楼号对照表》。
第四章 监督管理
第二十二条【资金中心管理责任】 资金中心应按本办法规定切实履行监管责任，加强对资金入账、用款的监督管理。对接到的法律保全措施等特殊情况，要及时告知项目所在区住房城乡建设部门。
第二十三条【区住建管理责任】 区住房城乡建设主管部门建立预售项目巡查制度，做好用款审核，通过预售资金监管系统检查预售项目资金出入账情况。
第二十四条【法院责任】 人民法院保全、执行商品房预售资金的，按照《关于规范人民法院保全执行措施 确保商品房预售资金用于项目建设的通知》（法〔2022〕12号）有关规定办理。
第二十五条【企业责任】 开发企业存在下列情形之一的，由市、区住房城乡建设主管部门责令其限期改正，未按期改正的暂停提供违规项目网上签约服务，并将其违法违规行为记入企业信用信息系统。
（一）未按本办法规定收存、支取、使用预售资金的；
（二）以收取预付款等其他款项为由逃避资金监管的；
（三）提供虚假证明材料申请使用预售资金的；
（四）未按本办法规定向购房人贷款银行提供监管账户作为贷款拨付账户的；
（五）其他违反预售资金监管规定的行为。
第二十六条【参建方责任】 施工总承包单位应当科学、合理提出重点监管额度和各节点用款额度，确保能够覆盖项目工程建设并保证工程建设质量。
施工、监理等单位提供虚假材料或采取其他方式协助开发企业违规支取预售资金的，由市、区住房城乡建设主管部门依法对相关责任单位和责任人予以处理，将其违规行为记入企业信用信息系统，并向社会公示。
勘察、设计单位提供虚假材料或采取其他方式协助开发企业违规支取预售资金的，由市、区住房城乡建设主管部门移交相关管理部门予以处理。
第二十七条【银行责任】 承办银行违反监管协议，未经资金中心及区级住房城乡建设主管部门核实同意，擅自拨付重点监管额度内资金的，应当追回资金，无法追回的依法承担相应赔偿责任。
开发企业、承办银行违规挪用、划转、占扣重点监管额度内资金的，应及时足额返还。挪用、划转、占扣重点监管额度内资金或协助挪用、划转、占扣重点监管额度内资金造成项目烂尾、侵害购房人合法权益造成严重后果的，由行业主管部门移送公安部门，构成犯罪的，依法追究刑事责任。
第二十八条【部门工作人员责任】 市住房城乡建设委、区住房城乡建设主管部门、资金中心等管理部门自觉接受开发企业和购房人的监督。监管工作人员玩忽职守、滥用职权的，依法予以处理。
第二十九条【购房人责任】 购房人应将所支付的购房款存入市住房城乡建设委、资金中心门户网站公示的项目预售资金监管账户，并及时查看、比对监管账户信息，确保个人购房款全部存入监管账户。
第三十条【执行时点】 自2024年 月 日起，新办理预售许可的商品房项目按本办法规定执行。《关于印发<北京市商品房预售资金监督管理办法>的通知》（京建法〔2013〕11号）、《关于加强本市商品房预售资金使用管理的通知》(京建法〔2015〕23号)不再执行。
2024年 月 日前已取得销售手续的存量项目，预售资金监管仍可按原模式继续进行，但不再执行《关于加强本市商品房预售资金使用管理的通知》(京建法〔2015〕23号)。
北京拟修订商品房预售资金监管办法，售楼处应公示预售资金监管协议

====================
2023年12月22日至2024年1月22日，北京市住房和城乡建设委员会在市政府门户网站（“首都之窗”）和本单位门户网站对《〈北京市商品房预售资金监督管理办法（2023年修订版）〉征求意见稿》向社会公开征集意见。经统计，共收到社会各界意见建议35条，经逐条认真分析研究，现将意见采纳情况说明如下：

一、予以采纳的情况
1．针对“建议明确监管账户名称与谁保持一致，通常账户名称与开户主体（即‘北京市住房资金管理中心’）名称一致”的建议，我们已吸收采纳，在征求意见稿中进一步明确“监管账户的名称应与开户主体保持一致”。
2．针对“使用《商品房预售合同》全称”的建议，我们已吸收采纳，在征求意见稿中修订为“《北京市商品房预售合同》”。
3．针对“《方案》的内容基本包括《协议》，最终统一披露《方案》即可，不用重复披露信息”的建议，我们已吸收采纳，在本条中删除“并在商品房销售现场显著位置公示”，统一在第七条中明确“应在售楼场所显著位置公示预售资金监管方案”。
4．针对“每一个商品房预售都属于一案一议一核定，如保障性住房项目的核定方式没有特殊规定，则不用另外表述”的建议，我们已吸收采纳，在征求意见稿中删除“核定保障性住房项目重点监管额度及各节点用款额度时，应考虑其建设和销售特点”。
5．针对“2个工作日内提出初审意见”的建议，我们已吸收采纳，在征求意见稿中拟修订为“对于提交资料齐全的，资金中心原则上2个工作日内完成现场踏勘，根据踏勘情况提出初审意见”。
6．针对“购房人角度，监管专户内超出重点监管额度的资金不足以支付退房款时，需由开发企业自行解决情况下，退房款难以保障”的建议，我们已吸收采纳，拟在修订时优化退房款来源，要求开发企业在监管专户中先行补齐退房款后，再发起退房款申请流程，避免购房人网签已注销，但退房款无法落实的风险。
7．针对“市级和区级应当按照职责分工条款行使暂停支取的职能：市级负责指导，区级负责执行。否则如是市级作出的决定，有效性的意义上，开发企业无法向市级异议申请（裁判和球员兼具）”的建议，我们已吸收采纳，在本条中删除相关市级表述。
8．针对“应酌情考虑超出重点监管额度的资金用于企业日常合理支出及归还银行开发贷的情况，该意见稿虽未禁止相关用途，但后续实施过程中容易执行过严，不利项目的正常运营”的建议，我们已吸收采纳，拟在修订中增加相关表述。
9．针对“统一购房人、购房者等用语”的建议，我们已吸收采纳，在征求意见稿中统一使用‘购房人’表述”。
10.针对“取消现场踏勘，改为通过技术手段”的建议，我们部分采纳，部分采纳的理由为“现场踏勘与技术手段并不矛盾，我们将结合多种方式进行监管，鼓励使用技术手段监管施工进度，但在事中、事后依然保留现场踏勘的有关规定”。

二、不予采纳的情况
1．针对“中国人民银行、国家金融监督管理总局、人民法院属于中央垂直领导，其职责不应该由省级人民政府确定”的建议，我们不予采纳，不予采纳的理由为“本办法对中国人民银行北京市分行、国家金融监督管理总局北京监管局、北京市高级人民法院的职责分工均按照国家有关规定执行，且在公开征求意见前已征求过前述部门的意见”。
2.针对“采取承办银行申请，多家银行皆可成为承办银行更符合竞争市场要求”“至少确定两家能够承接商品房预售资金监管业务的商业银行”“实行双银行账户冗余措施”“剩余监管资金迁移至冗余银行监管账户”的建议，我们不予采纳，不予采纳的理由为“住房城乡建设部《关于规范商品房预售资金监管的意见》（建房〔2022〕16号）已明确提出招标确定监管银行，通过招标的方式同样符合市场竞争要求，各银行均可参与，本办法并未限制招标银行的数量，开发企业可在中标银行中自行选择”“冗余监管在实际工作中操作性不强”。
3.针对“资金监管账户应以企业名义开户”“监管账户的建立应按项目为单位，一个项目对应一个监管账户，而不是按预售证开户”“应明确‘交付’概念，细化交付的标准和条件”的建议，我们不予采纳，不予采纳的理由为“根据住房城乡建设部《关于规范商品房预售资金监管的意见》（建房〔2022〕16号）有关规定，监管账户中监管额度内的资金，不同于房地产开发企业自有资金。本办法规定监管账户设置在资金中心名下，开发企业在监管账户下开设监管专户，更有利于加强预售资金监管，保障购房人权益”“根据住房城乡建设部《关于规范商品房预售资金监管的意见》（建房〔2022〕16号）有关规定，一次预售许可申请对应一个监管账户”“交付的标准和条件已在《北京市建设工程质量条例》第五十条明确，在此不作强调”。
4.针对“并非所有的商品房预售皆采施工总承包模式，且仅开发企业为监管协议相对方”的建议，我们不予采纳，不予采纳的理由为“开发企业申报商品房预售需取得建筑工程施工许可证，取得建筑工程施工许可证的房地产开发项目需采用施工总承包模式”。
5.针对“将‘重点监管额度应与预售方案中明确、预售合同中约定的交付标准相适应’调整为‘预售方案中明确、预售合同中约定的交付标准应与重点监管额度相适应’”的建议，我们不予采纳，不予采纳的理由为“重点监管额度依据交付标准确定，原表述更为清晰准确”。
6.针对“除了合同解除，合同无效或不成立皆有可能涉退房款的问题；退房款的产生，可能是基于开发企业的违约退还给购房人，也有可能是基于购房人违约并归于开发企业”的建议，我们不予采纳，不予采纳的理由为“本条款主要解决合同解除后退款的具体路径，并不罗列导致合同解除的具体情形，合同无效或不成立都是构成合同解除的具体情形，无需额外表述。”
7.针对“预售商品房资金监管作为源头管理，应当同后续的中游和下游资金监管相适应，本条主要涉及其同《建设工程质量保证金管理办法》的匹配”的建议，我们不予采纳，不予采纳的理由为“本办法不涉及质量保证金，与《建设工程质量保证金管理办法》相关要求不冲突”。
8.针对“申请信息变更可能涉及事前申请或事后申请两种模式，实质性变更应当比照‘先监管协议，后预售许可’的模式，先申请信息变更，再实质性变更”的建议，我们不予采纳，不予采纳的理由为“相关信息发生变更后，开发企业向资金中心、各区住房城乡建设主管部门申请信息变更即可”。
9.针对“贷款统一归集，应当明确预售购房人贷款时间、明确开发商不可强制购房人选择固定银行贷款”的建议，我们不予采纳，不予采纳的理由为“与本办法无关”。
10.针对“预售商品房资金监管作为源头管理，应当同后续的中游和下游资金监管相适应，本条主要涉及其同《保障农民工工资支付条例》的匹配”的建议，我们不予采纳，不予采纳的理由为“农民工工资已由《北京市工程建设领域保障农民工工资支付工作管理办法》等有关规定予以保障，在本办法第二十条中也明确了紧急情况下，应急支取用于农民工工资支付的流程和条件”。
11.针对“请明确重点监管资金提取节点设置中，各节点的资金释放比例，建议地下结构完成40%、达三分之一节点50%、达二分之一节点55%、达三分之二节点60%、主体结构完成70%、竣工验收备案95%、首次登记完成100%”的建议，我们不予采纳，不予采纳的理由为“由于各项目建设规模不一，不宜固化各节点资金支取比例，本办法规定的由开发企业结合自身资金状况、融资能力，合理确定每个节点的用款额度的做法更具有灵活性，开发企业在用款计划中可自行设置各节点资金支取比例，此外我们也考虑进一步优化节点支取”。
12.针对“监管专户内超出重点监管额度资金部分不足以支付退房款的，由按揭贷款银行先行垫付，再向开发企业追偿。资金中心会同住房城乡建设主管部门注销购房人信息和网签合同”的建议，我们不予采纳，不采纳的理由为“由按揭贷款银行先行垫付无法律法规依据”。
13.针对“未能如期交房，购房人可选择在合同约定交房后的第28天、第6个月退房”“出现项目未能如期交付等因素导致购房协议解除的，按揭放贷银行须同步自动解除对应的按揭贷款协议，并于7个工作日内将购房人已还款的本金和利息全额退回给购房人”的建议，我们不予采纳，不予采纳的理由为“以上情形应按双方购房合同及购房人与贷款银行签订的贷款合同约定执行”。
14.针对“增加‘有下列情形之一的，放贷银行可提出申请，...’‘（四）市、区住房城乡建设主管部门、放贷银行认为的其他情形’”的建议，我们不予采纳，不予采纳的理由为“本办法重点强调政府监管职能，银行可根据掌握的情况及时向监管部门反映问题线索”。
15.针对“增加‘缺陷责任期期满证明’”的建议，我们不予采纳，不予采纳的理由为“《北京市住宅工程质量潜在缺陷保险暂行管理办法的通知》（京政办发〔2019〕11号）已有相关规定”。
16.针对“企业法律责任，应明确新房预售开发企业如涉及违规行为则处以处罚”的建议，我们不予采纳，不予采纳的理由为“《中华人民共和国行政处罚法》第十六条明确：除法律、法规、规章外，其他规范性文件不得设定行政处罚”。
17.针对“增加‘...责令其限期改正，追回所有监管外资金’”的建议，我们不予采纳，不予采纳的理由为“该条明确规定责令开发企业限期整改，已包括补足监管资金的含义，不再另行表述”。
18.针对“没有理由支持不对勘察和设计单位进行信用管理”“删除‘勘察、设计单位提供虚假材料或采取其他方式协助开发企业违规支取预售资金的，由市、区住房城乡建设主管部门移交相关管理部门予以处理’”的建议，我们不予采纳，不予采纳的理由为“本条中已明确施工、监理、勘察、设计等参建方责任，由于勘察、设计行业的监管非住建部门工作职责，需移交相关管理部门予以处理”。
19.针对“资金监管额度和支取节点，与原来做法保持不变，不必提高监管额度”“监管额度及各节点用款额度应以当事双方合同为准，而不是由施工总承包单位提出”的建议，我们不予采纳，不予采纳的理由为“本办法规定由总包单位提出、区住建部门核定重点监管额度，更有利于保障重点监管额度资金能覆盖项目建安成本，防范项目资金风险。关于支取节点，本办法比原来做法更加优化”。
20.针对“预售资金监管系统加入对未达到用款节点不可支用重点监管资金的刚控手段”的建议，我们不予采纳，不予采纳的理由为“本市商品房预售资金监管系统侧重对资金出入账的监测分析，并非商业银行拨付预售资金的前置条件，预售资金各支取节点均有明确的申请条件和审批流程”。
21.针对“非住宅情况参考本办法”的建议，我们不予采纳，不予采纳的理由为“本办法的适用范围为申请预售许可的商品房项目，已包括住宅、非住宅商品房项目”。
22.针对“北京市住房资金管理中心属于市住房城乡建设委的内设机构，并无独立的门户网站，为求精简，在市住房城乡建设委门户网站公示即可”的建议，我们不予采纳，不予采纳的理由为“北京市住房资金管理中心并非市住房城乡建设委的内设机构，而是市政府直属事业单位，且有独立门户网站”。
23.针对延续执行“房地产开发企业可凭非监管银行出具的现金保函，免除同等额度的监管资金”“对企业进行分级分类管理，允许使用保函置换预售监管资金”的建议，我们不予采纳，不予采纳的理由为“《关于商业银行出具保函置换预售监管资金有关工作的通知》（银保监办发〔2022〕104号）已明确：监管账户内资金达到住房和城乡建设部门规定的监管额度后，房地产企业可向商业银行申请出具保函置换监管额度内资金，保函置换金额不得超过监管账户中确保项目竣工交付所需的资金额度的30%，置换后的监管资金不得低于监管账户中确保项目竣工交付所需的资金额度的70%”。
24.针对“采取多层次、复合型监管主体结构进行预售资金监管，律师事务所、会计师事务所作为资金监管主要主体”的建议，我们不予采纳，不予采纳的理由为“与《关于规范商品房预售资金监管的意见》（建房〔2022〕16号）明确的‘市、县住房和城乡建设部门要切实履行商品房预售资金监管职责’不符”。
25.针对“试点预售资金信托制度”的建议，我们不予采纳，不予采纳的理由为“与《关于规范商品房预售资金监管的意见》（建房〔2022〕16号）明确的‘市、县住房和城乡建设部门应当会同人民银行分支机构、银保监部门通过公开招标方式，综合商业银行资信状况、监管能力、服务水平等因素，确定能够承接商品房预售资金监管业务的商业银行’不符”。
感谢社会各界对我们工作的关心和支持。
北京市住房和城乡建设委员会
2024年2月22日",北京市 商品房 预售 资金 监督管理 办法 修订版 公开 征求意见 第一章 总则 第一条 进一步 加强 本市 商品房 预售 资金 监督管理 保证 商品房 预售 资金 优先 用于 工程建设 切实 维护 商品房 交易 双方 合法权益 促进 本市 房地产 市场 平稳 健康 发展 根据 中华人民共和国 城市 房地产 管理法 城市 商品房 预售 管理 办法 建设部 关于 进一步 加强 房地产 市场监管 完善 商品 住房 预售 制度 有关 问题 通知 建房 有关 规定 结合 本市 实际 制定 办法 第二条 本市 行政区域 申请 商品房 预售 许可 项目 预售 资金 监管 账户 以下 简称 专用 账户 设立 预售 资金 收存 支取 使用 监督管理 适用 办法 办法 商品房 预售 资金 商品房 预售 购房人 按照 预售 合同 约定 支付 全部 房价 包括 定金 首付款 购房 贷款 以及 其他 形式 购房款 商品房 预售 资金 全部 存入 专用 账户 第三条 本市 商品房 预售 资金 监督管理 坚持 银行 监管 政府 指导 多方 监督 保障 建设 原则 第四条 北京市 住房 城乡建设 委员会 以下 简称 住房 城乡建设 指导 各区 开展 预售 资金 监管 工作 组织 预售 资金 管理信息系统 建设 各区 住房 城乡建设 主管部门 负责 指导 监督 协调 本行政区域 商品房 预售 资金 监管 工作 具体实施 中国人民银行 营业 管理部 以下 简称 行营 管部 负责管理 商业银行 办理 专用 账户 开立 变更 撤销 业务 中国银行 保险 监督管理 委员会 北京 监管局 以下 简称 北京 保监局 配合 住房 城乡建设 开展 指导 监督 商品房 预售 资金 监管 相关 行业 监管 工作 商业银行 主管部门 监督 指导 开展 预售 资金 监管 工作 承担 监管 主体 责任 第二章 一般 规定 第五条 住房 城乡建设 会同 北京 保监局 行营 管部 综合 商业银行 监管 能力 服务 效率 研发 水平 经营 状况 因素 公开招标 选定 从事 预售 资金 监管 工作 银行 同时 两年 周期 组织 考核 评价 淘汰 履行 预售 资金 监管 职责 以及 无法 承担 预售 资金 监管 工作 银行 前述 程序 相应 增加 监管 银行 第六条 申请 商品房 预售 许可 房地产 开发 企业 中标 银行 范围 选择 专用 账户 开户银行 以下 简称 监管 银行 监管 银行 签订 预售 资金 监管 协议 按照 一个 预售 许可证 对应 一个 账户 原则 监管 银行 开立 专用 账户 房地产 开发 企业 监管 银行 出具 现金 保函 免除 同等 额度 监管 资金 现金 保函 额度 有效期 覆盖 房地产 开发 项目 重点 监管 额度 建设周期 项目 可不 进行 预售 资金 监管 预售 资金 监管 协议 示范 文本 现金 保函 示范 文本 由市 住房 城乡建设 行营 管部 北京 保监局 共同 制定 第七条 商品房 预售 资金 监管 银行 重点 监管 额度 部分 实行 重点 监管 优先 保障 工程建设 专用 账户 累计 入账 金额 超出 重点 监管 额度 部分 开发 企业 按照 用款 计划 节点 进行 支取 使用 项目 重点 监管 额度 由区 住房 城乡建设 主管部门 根据 项目 综合 建设 费用 交付使用 条件 开发 企业信用 水平 经营 状况 综合 确定 每平方米 不得 低于 综合 建设 费用 预售 项目 建筑施工 设备 安装 材料 购置 配套 建设 代征 代建 相关 建设 费用 总额 其中 住宅 项目 包括 本市 相关 规定 达到 同步 交付使用 条件 建设 费用 第八条 申请 办理 商品房 预售 许可 房地产 开发 企业 预售 方案 明确 预售 资金 监管 方案 提交 预售 资金 监管 协议 预售 资金 监管 方案 包括 以下内容 项目 重点 监管 额度 项目 用款 计划 专用 账户 名称 账号 其他 需要 说明 情况 房地产 开发 企业 取得 商品房 预售 许可 售楼 场所 显著 位置 公示 预售 资金 监管 方案 监管 协议 第九条 住房 城乡建设 通过 门户网站 公示 预售 项目 监管 银行 专用 账户 名称 账号 购房人 网签 编号 密码 信息 通过 政府 网站 查询 预售 许可 项目 对应 预售 资金 监管 账户 入账 支取 余额 社会公众 查询 监管 账户 总额 第十条 项目 用款 计划 按照 地下 结构 完成 主体 结构 完成 竣工 验收 备案 首次 登记 完成 四个 环节 设置 资金 使用 节点 项目 预售 楼栋 最高 楼栋 以上 以下 建筑 增加 建设 层数 二分之一 节点 预售 楼栋 最高 楼栋 以上 建筑 增加 建设 层数 三分之一 建设 层数 三分之二 节点 房地产 开发 企业 结合 自身 资金 状况 融资 能力 合理 确定 每个 节点 用款 额度 完成 首次 登记 专用 账户 资金 不得 低于 重点 监管 额度 第十一条 住房 城乡建设 主管部门 核定 节点 用款 额度 核定 保障性 住房 项目 重点 监管 额度 节点 用款 额度 考虑 建设 销售 特点 第十二条 预售 项目 变更 监管 银行 应由 房地产 开发 企业 监管 银行 属地 住房 城乡建设 主管部门 提出申请 变更 期间 属地 住房 城乡建设 主管部门 暂停 项目 销售 项目 暂停 销售 房地产 开发 企业 监管 银行 解除 监管 协议 重新 选定 监管 银行 开立 专用 账户 签订 预售 资金 监管 协议 项目 销售 全部 购房人 购房 贷款 银行 告知 监管 银行 变更 情况 专用 账户 资金 全部 转入 开立 专用 账户 撤销 专用 账户 上述 事项 办理 完成 房地产 开发 企业 应持 以下 材料 到区 住房 城乡建设 主管部门 办理 监管 银行 变更 手续 住房 城乡建设 主管部门 恢复 项目 销售 变更 监管 银行 申请 解除 监管 协议 签订 监管 协议 告知 购房人 监管 银行 变更 情况 有关 材料 告知 购房 贷款 银行 监管 银行 变更 情况 有关 材料 监管 银行 出具 资金 转入 专用 账户 有关 材料 监管 银行 出具 专用 账户 撤销 有关 材料 住房 城乡建设 主管部门 要求 其他 材料 预售 项目 变更 监管 银行 档案 各区 住房 城乡建设 主管部门 保管 第十三条 预售 资金 监管 期间 发生 房地产 开发 企业 名称 变更 项目 转让 情形 房地产 开发 企业 办理 预售 资金 监管 相关 变更 手续 第三章 预售 资金 收存 支取 第十四条 项目 预售 过程 购房人 支付 定金 首付款 购房款 应由 购房人 账户 直接 存入 监管 账户 开发 企业 不得 存入 其它 账户 第十五条 监管 银行 通过 北京 保监局 金融 专网 本市 房地产 交易 管理系统 实时 共享 房屋 网上 签约 入账 信息 预售 资金 收存 实施 监管 购房人 定金 符合 个人 住房贷款 规定 首付款 足额 存入 专用 账户 方可 完成 拟购 房屋 认购书 网上 签约 售房 合同 网上 签约 功能 第十六条 购房人 申请 贷款 开发 企业 专用 账户 提供 贷款 银行 作为 贷款 账户 贷款 银行 贷款 直接 发放 专用 账户 相应 条款 写入 购房人 贷款 合同 第十七条 专用 账户 资金 超出 剩余 工程建设 节点 用款 额度 房地产 开发 企业 监管 银行 申请 支取 超出 部分 资金 支取 资金 用于 剩余 工程建设 相应 额度 专用 账户 核减 第十八条 房地产 开发 企业 可以 单一 楼栋 楼栋 分别 申请 支取 预售 资金 申请 时应 监管 银行 提出 书面 申请 提交 以下 材料 资金 用途 入账 账户 地下 结构 完成 节点 提交 勘察 设计 施工 监理 建设 单位 签字 地基 基础 分部 工程验收 记录 建设 层数 三分之一 二分之一 三分之二 节点 提交 勘察 设计 施工 监理 建设 单位 签字 相应 层数 主体 结构 分部 工程验收 记录 主体 结构 完成 节点 提交 勘察 设计 施工 监理 建设 单位 签字 主体 结构 分部 工程验收 记录 竣工 验收 备案 节点 提交 建设 设计 施工 监理 单位 签章 北京市 房屋建筑 市政 基础设施 工程 竣工 验收 备案 实施 联合 验收 项目 可用 联合 验收 意见 通知书 替代 工程 竣工 验收 备案 属地 城乡建设 主管部门 现场 查勘 证明 北京市 房屋建筑 市政 基础设施 工程质量 风险 分级 管控 平台 记录 工程进度 第十九条 监管 银行 收到 开发 企业 用款 申请 应对 申请材料 进行 审核 符合 资金 使用 条件 监管 银行 本市 商品房 预售 资金 监管 系统 上传 办法 第十九条 规定 相关 材料 工作日内 拨付 资金 符合 资金 使用 条件 一次性 告知 开发 企业 存在 问题 本市 商品房 预售 资金 监管 系统 进行 记录 开发 企业 监管 银行 支付 资金 存在 异议 可向区 住房 城乡建设 主管部门 北京 保监局 提出异议 申请 第二十条 专用 账户 资金 达到 剩余 工程建设 节点 用款 额度 房地产 开发 企业 购房人 解除 购房 合同 房地产 开发 企业 应持 住房 城乡建设 主管部门 出具 签合同 注销 证明文件 监管 银行 申请 退回 入账 相应 购房款 监管 银行 工作日内 拨付 专用 账户 资金 超出 剩余 工程建设 节点 用款 额度 房地产 开发 企业 购房人 解除 购房 合同 房地产 开发 企业 自行 退款 第二十一条 预售 项目 完成 房屋 首次 登记 房地产 开发 企业 需持 房屋 不动产 登记 证明 监管 银行 申请 解除 资金 监管 撤销 专用 账户 监管 银行 审核 符合条件 工作日内 解除 该项 目的 预售 资金 监管 撤销 专用 账户 房屋 不动产 登记 楼栋 预售 许可 楼栋 一致 房地产 开发 企业 一并 提交 房产 测绘 成果 备案 北京市 门牌 编号 证明信 第二十二条 下列 情形 之一 住房 城乡建设 主管部门 可以 暂停 房地产 开发 企业 专用 账户 资金 支取 督促 房地产 开发 企业 尽快 改正 会同 银保监 部门 监督 专用 账户 资金 使用 预售 项目 发生 质量事故 预售 项目 按期 交付 存在 不能 按期 交付 风险 房地产 开发 企业 存在 严重 违法 违规行为 影响 工程建设 存在 经营风险 住房 城乡建设 主管部门 认为 其他 情形 预售 项目 存在 重大 风险 隐患 住房 城乡建设 部门 全面 接管 预售 资金 监管 账户 建立 政府 监管 账户 实施 封闭 管理 保障 账户 资金 安全 优先 用于 项目 工程建设 第二十三条 专用 账户 资金 达到 剩余 工程建设 节点 用款 额度 房地产 开发 企业 支付 工程建设 费用 农民工 工资 困难 存在 社会 矛盾 风险 隐患 确需 使用 预售 资金 支付 相应 费用 应向区 住房 城乡建设 主管部门 提出 书面 用款 申请 经区 住房 城乡建设 主管部门 审核 启动 应急 用款 方式 支取 资金 住房 城乡建设 主管部门 监督 该项 目的 后续 资金 使用 第四章 监督管理 第二十四条 监管 银行 切实 履行 预售 资金 监管 主体 责任 公示 预售 资金 监管 方案 加强 监管 账户 入账 管理 落实 专人 负责制 完善 授权 审批 内部 管理制度 按照 本市 商品房 预售 资金 监管 系统 相关 接口 规定 准确 及时 上传 数据 定期 核查 预售 资金 审批 支出 环节 制度 执行 情况 自觉 接受 北京 保监局 行营 管部 住房 城乡建设 主管部门 购房 家庭 监督 第二十五条 监管 银行 发现 房地产 开发 企业 预售 资金 按时 足额 存入 专用 账户 及时 有关 情况 书面 告知 住房 城乡建设 主管部门 监管 银行 接到 人民法院 监管 账户 查封 冻结 或者 法律 规定 其他 保全 措施 有关 情况 工作日内 书面 告知 属地 住房 城乡建设 主管部门 第二十六条 住房 城乡建设 北京 保监局 通过 金融 专网 共享 开发 项目 销售 进度 网签 备案 明细 监管 账户 交易 明细 信息 监管 银行 上报 数据 交叉 核验 通过 数据 穿透 监测 开发 企业 监管 银行 预售 资金 监管 执行 情况 住房 城乡建设 主管部门 做好 日常 指导 监督 工作 建立 预售 项目 巡查 制度 发现 项目 入账 违反 通知 规定 责令 房地产 开发 企业 限期 改正 按期 改正 暂停 钥匙盘 网上 签约 服务 功能 发现 监管 银行 违规 相关 情况 报送 住房 城乡建设 委和 北京 保监局 第二十七条 房地产 开发 企业 存在 下列 情形 之一 由市 住房 城乡建设 主管部门 责令 限期 改正 按期 改正 暂停 违规 项目 钥匙盘 网上 签约 服务 功能 违法 违规行为 记入 企业信用 信息系统 按本 办法 规定 收存 支取 使用 预售 资金 收取 预付款 其他 款项 逃避 资金 监管 提供 虚假 证明 材料 申请 使用 预售 资金 按本 办法 规定 购房人 贷款 银行 提供 专用 账户 作为 贷款 账户 其他 违反 预售 资金 监管 规定 行为 第二十八条 监管 银行 存在 下列 情形 之一 由市 住房 城乡建设 移送 行营 管部 北京 保监局 依法 作出 处理 违规 情节严重 不得 监管 预售 项目 遵守 投标 承诺 违反 预售 资金 监管 工作 方案 按规定 审核 用款 申请 拨付 预售 资金 拖延 资金 拨付 擅自 挪用 划扣 预售 资金 发现 房地产 开发 企业 存在 违规 收存 支取 预售 资金 行为 及时 报送 住房 城乡建设 主管部门 预售 资金 监管 系统 数据 接口 规范 传输数据 其他 违反 预售 资金 监管 规定 行为 第二十九条 施工单位 监理 单位 提供 虚假 材料 采取 其它 方式 协助 房地产 开发 企业 违规 支取 预售 资金 由市 住房 城乡建设 主管部门 依法 相关 责任 单位 责任人 予以 处理 违规行为 记入 企业信用 信息系统 社会 公示 勘察 单位 设计 单位 违反 上述 规定 由市 住房 城乡建设 主管部门 移交 相关 管理 部门 予以 处理 第三十条 开发 企业 监管 银行 参建 各方 单位 资金 监管 过程 发生 违规行为 行政 主管部门 依法 予以 处分 开发 企业 监管 银行 违规 挪用 划转 占扣 预售 监管 资金 及时 足额 返还 挪用 划转 占扣 预售 监管 资金 协助 挪用 划转 占扣 预售 监管 资金 造成 项目 烂尾 侵害 购房人 合法权益 造成 严重后果 行业 主管部门 移送 公安部门 行刑 衔接 构成犯罪 依法追究 刑事责任 第三十一条 日起 申请 办理 销售 手续 商品房 项目 按本 通知 规定 执行 关于 印发 北京市 商品房 预售 资金 监督管理 办法 通知 京建法 关于 加强 本市 商品房 预售 资金 使用 管理 通知 京建法 同时 废止 房地产 开发 企业 有关 单位 进一步 优化 本市 营商 环境 做好 商品 住房 预售 现售 衔接 促进 我市 房地产 市场 平稳 健康 发展 现将 有关 事项 通知 如下 商品 住房 项目 共有 产权 住房 下同 按栋 申请 办理 预售 许可 最低 规模 不得 小于 不得 分层 单元 分套 申请 地下 可售 仓储 车位 单独 申请 办理 预售 许可 预售 许可 范围 进行 预售 资金 监管 纳入 监管 范围 预售 资金 重复 监管 开发 企业 取得 土地 使用权 承诺 商品 住房 销售价格 申请 预售 许可 按照 承诺 价格 填报 一房 一价 承诺 价格 同一 施工 许可证 批准 范围 楼栋 后期 申报 预售 价格 不得 超过 前期 品质 产品 申报 预售 价格 商品 住房 项目 预售 许可 截止 日期 预售 方案 确定 房屋 交付 日期 预售 合同 约定 房屋 交付 日期 预售 方案 确定 交付 日期 一致 预售 许可 确需 延期 房地产 开发 企业 依法 项目 所在区 房屋 行政 主管部门 书面 提出 延期 申请 延期 期限 每次 超过 截止 日期 不动产 首次 登记 日期 开发 企业 申请 预售 许可 延期 项目 尚未 交付 提交 预售 许可 延期 申请 确保 项目 交付 书面 承诺 措施 确保 预售 资金 专项 用于 工程建设 商品 住房 项目 按规定 办理 现房 销售 备案 手续 确因 司法 查封 行政 限制 解除 预售 合同 解除 原因 符合 现售 条件 纳入 备案 范围 房屋 再次 申请 办理 现房 销售 备案 手续 商品 住房 现房 销售 备案 原则上 项目 所在区 房屋 行政 主管部门 办理 重大 复杂 特殊 情形 可向市 住房 城乡建设 申请 办理 通知 发布 之日起 执行 现行 有关 规定 通知 一致 按本 通知 规定 执行 北京市 住房 城乡建设 委员会 关于 优化 商品 住房 项目 预售 许可 办理 事项 通知 京建发 同时 废止 北京市 住房 城乡建设 委员会 北京市 商品房 预售 资金 监督管理 办法 修订版 公开 征求意见 第一章 总则 第一条 上位法 依据 进一步 加强 本市 商品房 预售 资金 监督管理 保证 商品房 预售 资金 优先 用于 工程建设 切实 维护 商品房 交易 双方 合法权益 促进 本市 房地产 市场 平稳 健康 发展 根据 中华人民共和国 城市 房地产 管理法 城市 商品房 预售 管理 办法 关于 进一步 加强 房地产 市场监管 完善 商品 住房 预售 制度 有关 问题 通知 建房 关于 规范 人民法院 保全 执行 措施 确保 商品房 预售 资金 用于 项目 建设 通知 关于 规范 商品房 预售 资金 监管 意见 建房 关于 商业银行 出具 保函 置换 预售 监管 资金 有关 工作 通知 银保监 办发 有关 法律法规 规章 规范性 文件 结合 本市 实际 制定 办法 第二条 定义 适用范围 本市 行政区域 申请 商品房 预售 许可 项目 预售 资金 收存 支取 使用 监督管理 适用 办法 办法 商品房 预售 资金 商品房 预售 购房人 购买 房屋 支付 全部 房价 包括 定金 首付款 购房 贷款 分期 购房款 以及 其他 形式 购房款 第三条 基本 原则 本市 商品房 预售 资金 监督管理 遵循 政府 监管 社会 监督 专户 收存 专款专用 核定 支出 违规 追责 原则 第四条 职责 分工 北京市 住房 城乡建设 委员会 以下 简称 住房 城乡建设 负责 指导 协调 各区 部门 开展 预售 资金 监管 工作 北京市 住房 资金 管理中心 以下 简称 资金 中心 负责 我市 商品房 预售 资金 监管 账户 以下 简称 监管 账户 管理工作 主要 包括 开设 监管 账户 系统 建设 运维 入账 归集 标识 用款 初审 支付 资金 统计分析 各区 住房 城乡建设 主管部门 房管 部门 下同 负责 指导 监督 检查 本行政区域 商品房 预售 资金 监管 工作 具体实施 承担 预售 资金 用款 审核 工作 中国人民银行 北京市 分行 负责 指导 承办 银行 办理 预售 资金 专用 存管 账户 监管 账户 开立 变更 撤销 业务 国家 金融 监督管理 总局 北京 监管局 负责 承办 银行 预售 资金 监管 操作 风险 合规性 进行 监督 检查 北京市高级人民法院 以下 简称 高院 负责 监督 指导 本市 中级 人民法院 基层 人民法院 专门 法院 规范 人民法院 保全 执行 行为 确保 商品房 预售 资金 用于 项目 建设 第二章 一般 规定 第五条 公招 银行 住房 城乡建设 会同 国家 金融 监督管理 总局 北京 监管局 中国人民银行 北京市 分行 资金 中心 通过 公开招标 方式 综合 商业银行 资信 状况 业务 能力 服务水平 因素 确定 能够 承接 商品房 预售 资金 监管 业务 商业银行 资金 中心 中标 承办 银行 开设 监管 账户 监管 账户 名称 保持一致 便于 购房 家庭 社会 识别 住房 城乡建设 会同 国家 金融 监督管理 总局 北京 监管局 中国人民银行 北京市 分行 资金 中心 定期 承办 银行 考核 评价 淘汰 按本 办法 无法 配合 开展 预售 资金 监管 工作 银行 另行 招标 承办 银行 第六条 签订协议 开发 企业 申请 商品房 预售 许可 按照 一个 预售 许可证 一个 监管 专户 原则 中标 承办 银行 选择 一家 资金 中心 申请 开立 监管 专户 住房 城乡建设 主管部门 资金 中心 签订 商品房 预售 资金 监管 协议 明确 预售 资金 收存 使用 方式 重点 监管 额度 违约责任 内容 协议 主要 内容 预售 方案 予以 明确 商品房 销售 现场 显著 位置 公示 监管 账户 项目名称 应当 商品房 预售 合同 载明 住房 城乡建设 资金 中心 门户网站 进行 公示 预售 资金 监管 协议 示范 文本 由市 住房 城乡建设 国家 金融 监督管理 总局 北京 监管局 中国人民银行 北京市 分行 资金 中心 联合 制定 第七条 监管 方案 内容 开发 企业 申请 办理 商品房 预售 许可 预售 方案 明确 预售 资金 监管 方案 预售 资金 监管 方案 包括 以下内容 项目 重点 监管 额度 项目 用款 计划 监管 账户 名称 账号 预售 资金 监管 协议 其他 需要 说明 情况 开发 企业 取得 商品房 预售 许可 售楼 场所 显著 位置 公示 预售 资金 监管 方案 第八条 区分 重点 监管 额度 重点 监管 额度 预售 项目 建筑施工 设备 安装 材料 购置 配套 建设 代征 代建及 勘察 设计 监理 相关 建设 费用 总额 其中 住宅 项目 包括 按照 本市 相关 规定 达到 同步 交付使用 条件 建设 费用 重点 监管 额度 资金 确保 封闭 运行 专款专用 于本 项目 有关 工程建设 重点 监管 额度 节点 用款 额度 施工 承包单位 根据 工程造价 提出 由区 住房 城乡建设 主管部门 综合 项目 交付使用 条件 开发 企业 风险 情况 因素 核定 重点 监管 额度 预售 方案 明确 预售 合同 约定 交付 标准 相适应 资金 中心 重点 监管 额度 资金 进行 重点 监管 项目 股东 集团公司 不得 任何 名义 抽调 重点 监管 额度 资金 第九条 节点 设置 项目 用款 计划 按照 地下 结构 完成 主体 结构 完成 竣工 验收 备案 首次 登记 完成 四个 环节 设置 资金 使用 节点 项目 预售 楼栋 最高 楼栋 以上 以下 建筑 增加 建设 层数 二分之一 节点 预售 楼栋 最高 楼栋 以上 建筑 增加 建设 层数 三分之一 建设 层数 三分之二 节点 开发 企业 结合 自身 资金 状况 融资 能力 合理 确定 每个 节点 用款 额度 非住宅 项目 完成 首次 登记 监管 专户 资金 不得 低于 重点 监管 额度 住宅 项目 完成 首次 登记 实际 交付 监管 专户 资金 不得 低于 重点 监管 额度 第十条 核定 额度 住房 城乡建设 主管部门 核定 项目 重点 监管 额度 节点 用款 额度 核定 结果 录入 预售 资金 监管 系统 核定 保障性 住房 项目 重点 监管 额度 节点 用款 额度 考虑 建设 销售 特点 第十一条 信息 变更 预售 资金 监管 期间 发生 开发 企业 名称 变更 项目 转让 情形 开发 企业 资金 中心 各区 住房 城乡建设 主管部门 申请 调整 预售 资金 监管 信息 第十二条 计息 收益 监管 专户 内存 重点 监管 额度 资金 按照 人民银行 活期存款 挂牌 利率 计息 超出 重点 监管 额度 资金 协定 存款 利率 计息 监管 专户 撤销 专户 剩余 本金 相应 利息 一并 结转 开发 企业 指定 账户 过程 可能 产生 其他 收益 由市 住房 城乡建设 委和 资金 中心 按照 财政 相关 规定 另行 制定 使用 管理 办法 第十三条 管理 成本 支出 住建 部门 资金 中心 承担 办法 规定 职责 费用 纳入 财政预算 管理 第三章 预售 资金 收存 支取 第十四条 房款 统一 归集 购房人 支付 定金 首付款 按揭 贷款 分期 购房款 其他 形式 购房款 预售 资金 全部 直接 存入 监管 账户 资金 中心 开发 企业 预售证 项目 楼栋 房号 购房人 资金 种类 金额 进行 标识 预售 资金 进入 监管 账户 首先 用于 归集 重点 监管 额度 资金 购房人 通过 资金 中心 网站 查询 本人 入账 信息 项目 重点 监管 额度 资金 余额 第十五条 贷款 统一 归集 购房人 申请 个人 住房贷款 开发 企业 监管 账户 提供 贷款 银行 贷款 银行 贷款 资金 直接 拨付 监管 账户 注明 借款人 身份 信息 借款人 姓名 项目名称 相应 条款 写入 购房人 借款 合同 第十六条 一般 支取 要求 重点 监管 额度 资金 未能 覆盖 后续 建设 费用 开发 企业 不得 使用 重点 监管 额度 资金 支付 建设 费用 重点 监管 额度 资金 覆盖 后续 建设 费用 开发 企业 按照 用款 计划 资金 使用 节点 申请 支取 重点 监管 额度 资金 但应 确保 支取 剩余 资金 覆盖 后续 建设 费用 支取 重点 监管 额度 资金 开发 企业 按规定 资金 中心 提出申请 资金 中心 现场 踏勘 提出 初审 意见 住房 城乡建设 部门 审核 同意 资金 中心 支付 承办 银行 配合 资金 中心 进行 现场 踏勘 按照 商品房 预售 资金 监管 协议 重点 监管 额度 资金 收款人 原则上 应为 施工 承包 监理 设计 专业 分包 劳务 分包 材料 设备 采购 合同 约定 当事人 支取 重点 监管 额度 资金 开发 企业 资金 中心 提出申请 资金 中心 提出 初审 意见 住房 城乡建设 部门 审核 同意 资金 中心 拨付 开发 企业 指定 账户 监管 账户 资金 支付 时间 自区 住房 城乡建设 部门 审核 同意 超过 工作日 对于 资金 中心 初审 同意 或区 住房 城乡建设 主管部门 审核 同意 一次性 告知 开发 企业 存在 问题 开发 企业 不予 支付 资金 存在 异议 可向市 住房 城乡建设 提出异议 申请 鼓励 开发 企业 超出 重点 监管 额度 资金 留存 监管 专户 使用 第十七条 办理 支取 开发 企业 资金 中心 申请 支取 监管 专户 资金 提交 支取 申请 写明 资金 用途 入账 账户 收款人 支取 金额 信息 支取 重点 监管 额度 资金 还应 提交 以下 材料 地下 结构 完成 节点 提交 勘察 设计 施工 监理 建设 单位 签字 地基 基础 分部 工程验收 记录 建设 层数 三分之一 二分之一 三分之二 节点 提交 勘察 设计 施工 监理 建设 单位 签字 相应 层数 主体 结构 分部 工程验收 记录 主体 结构 完成 节点 提交 勘察 设计 施工 监理 建设 单位 签字 主体 结构 分部 工程验收 记录 竣工 验收 备案 节点 提交 建设 设计 施工 监理 单位 签章 北京市 房屋建筑 市政 基础设施 工程 竣工 验收 备案 实施 联合 验收 项目 可用 联合 验收 意见 通知书 替代 工程 竣工 验收 备案 施工 合同 写明 收款人 信息 材料 第十八条 房款 来源 重点 监管 额度 资金 未能 覆盖 后续 建设 费用 开发 企业 购房人 解除 购房 合同 开发 企业 可持区 住房 城乡建设 主管部门 出具 签合同 注销 证明文件 资金 中心 申请 退回 入账 相应 购房款 开发 企业 购房人 尚未 完成 购房 合同 网签 开发 企业 可持 购房人 签订 解除 购房 协议 资金 中心 申请 退回 入账 相应 款项 资金 中心 收到 材料 工作日内 款项 支付 购房人 及时 注销 购房人 信息 重点 监管 额度 资金 覆盖 后续 建设 费用 监管 专户 超出 重点 监管 额度 资金 部分 足以 支付 房款 开发 企业 可持 上述 文件 资金 中心 申请 退回 入账 相应 购房款 资金 中心 收到 材料 工作日内 款项 支付 购房人 及时 注销 购房人 信息 监管 专户 超出 重点 监管 额度 资金 部分 不足以 支付 房款 开发 企业 自行解决 房款 并持 上述 文件 资金 中心 申请 注销 购房人 信息 第十九条 暂停 支取 下列 情形 之一 住房 城乡建设 主管部门 可以 暂停 开发 企业 支取 监管 专户 资金 督促 开发 企业 尽快 改正 会同 资金 中心 监督 监管 专户 资金 使用 预售 项目 发生 质量事故 预售 项目 按期 交付 存在 不能 按期 交付 风险 开发 企业 存在 严重 违法 违规行为 影响 工程建设 存在 经营风险 住房 城乡建设 主管部门 认为 其他 情形 第二十条 应急 支取 项目 确需 应急 使用 重点 监管 额度 预售 资金 推进 项目 建设 不超 建设 阶段 支付 资金 支付 剩余 资金 覆盖 后续 建设 费用 前提 提交 有关 材料 向区 住房 城乡建设 部门 申请 拨付 使用 预售 项目 存在 重大 风险 隐患 需向 购房人 退款 支付 农民工 工资 住房 城乡建设 主管部门 同意 会同 资金 中心 核定 剩余 重点 监管 额度 资金 中心 重点 监管 额度 及时 拨付 第二十一条 专户 撤销 预售 项目 完成 房屋 所有权 首次 登记 非住宅 项目 房屋 不动产 登记 证明 住宅 项目 房屋 不动产 登记 证明 房屋 交付 证明 资金 中心 申请 解除 资金 监管 撤销 监管 专户 经区 住房 城乡建设 主管部门 审核 同意 资金 中心 工作日内 剩余 资金 退回 开发 企业 指定 账户 房屋 不动产 登记 楼栋 预售 许可 楼栋 一致 开发 企业 一并 提交 具备 相应 资质 房产 测绘 机构 出具 实测 对照表 第四章 监督管理 第二十二条 资金 中心 管理 责任 资金 中心 按本 办法 规定 切实 履行 监管 责任 加强 资金 入账 用款 监督管理 接到 法律 保全 措施 特殊 情况 及时 告知 项目 所在区 住房 城乡建设 部门 第二十三条 区住 管理 责任 住房 城乡建设 主管部门 建立 预售 项目 巡查 制度 做好 用款 审核 通过 预售 资金 监管 系统 检查 预售 项目 资金 入账 情况 第二十四条 法院 责任 人民法院 保全 执行 商品房 预售 资金 按照 关于 规范 人民法院 保全 执行 措施 确保 商品房 预售 资金 用于 项目 建设 通知 有关 规定 办理 第二十五条 企业 责任 开发 企业 存在 下列 情形 之一 由市 住房 城乡建设 主管部门 责令 限期 改正 按期 改正 暂停 提供 违规 项目 网上 签约 服务 违法 违规行为 记入 企业信用 信息系统 按本 办法 规定 收存 支取 使用 预售 资金 收取 预付款 其他 款项 逃避 资金 监管 提供 虚假 证明 材料 申请 使用 预售 资金 按本 办法 规定 购房人 贷款 银行 提供 监管 账户 作为 贷款 拨付 账户 其他 违反 预售 资金 监管 规定 行为 第二十六条 参建 责任 施工 承包单位 应当 科学 合理 提出 重点 监管 额度 节点 用款 额度 确保 能够 覆盖 项目 工程建设 保证 工程建设 质量 施工 监理 单位 提供 虚假 材料 采取 其他 方式 协助 开发 企业 违规 支取 预售 资金 由市 住房 城乡建设 主管部门 依法 相关 责任 单位 责任人 予以 处理 违规行为 记入 企业信用 信息系统 社会 公示 勘察 设计 单位 提供 虚假 材料 采取 其他 方式 协助 开发 企业 违规 支取 预售 资金 由市 住房 城乡建设 主管部门 移交 相关 管理 部门 予以 处理 第二十七条 银行 责任 承办 银行 违反 监管 协议 未经 资金 中心 区级 住房 城乡建设 主管部门 核实 同意 擅自 拨付 重点 监管 额度 资金 应当 追回 资金 无法 追回 依法 承担 相应 赔偿 责任 开发 企业 承办 银行 违规 挪用 划转 占扣 重点 监管 额度 资金 及时 足额 返还 挪用 划转 占扣 重点 监管 额度 资金 协助 挪用 划转 占扣 重点 监管 额度 资金 造成 项目 烂尾 侵害 购房人 合法权益 造成 严重后果 行业 主管部门 移送 公安部门 构成犯罪 依法追究 刑事责任 第二十八条 部门 工作人员 责任 住房 城乡建设 住房 城乡建设 主管部门 资金 中心 管理 部门 自觉 接受 开发 企业 购房人 监督 监管 工作人员 玩忽职守 滥用职权 依法 予以 处理 第二十九条 购房人 责任 购房人 支付 购房款 存入 住房 城乡建设 资金 中心 门户网站 公示 项目 预售 资金 监管 账户 及时 查看 监管 账户 信息 确保 个人 购房款 全部 存入 监管 账户 第三十条 执行 日起 办理 预售 许可 商品房 项目 按本 办法 规定 执行 关于 印发 北京市 商品房 预售 资金 监督管理 办法 通知 京建法 关于 加强 本市 商品房 预售 资金 使用 管理 通知 京建法 不再 执行 日前 取得 销售 手续 存量 项目 预售 资金 监管 按原 模式 继续 进行 不再 执行 关于 加强 本市 商品房 预售 资金 使用 管理 通知 京建法 北京 修订 商品房 预售 资金 监管 办法 售楼处 公示 预售 资金 监管 协议 日至 北京市 住房 城乡建设 委员会 市政府 门户网站 首都 之窗 单位 门户网站 北京市 商品房 预售 资金 监督管理 办法 修订版 征求意见 社会 公开 征集 意见 统计 收到 社会各界 意见建议 逐条 认真 分析 研究 现将 意见 采纳 情况 说明 如下 予以 采纳 情况 针对 建议 明确 监管 账户 名称 保持一致 通常 账户 名称 开户 主体 北京市 住房 资金 管理中心 名称 一致 建议 我们 吸收 采纳 征求意见 进一步 明确 监管 账户 名称 开户 主体 保持一致 针对 使用 商品房 预售 合同 全称 建议 我们 吸收 采纳 征求意见 修订 北京市 商品房 预售 合同 针对 方案 内容 基本 包括 协议 最终 统一 披露 方案 即可 不用 重复 披露 信息 建议 我们 吸收 采纳 本条 删除 商品房 销售 现场 显著 位置 公示 统一 第七条 明确 售楼 场所 显著 位置 公示 预售 资金 监管 方案 针对 一个 商品房 预售 属于 一案 一议 核定 保障性 住房 项目 核定 方式 没有 特殊 规定 不用 另外 表述 建议 我们 吸收 采纳 征求意见 删除 核定 保障性 住房 项目 重点 监管 额度 节点 用款 额度 考虑 建设 销售 特点 针对 工作日内 提出 初审 意见 建议 我们 吸收 采纳 征求意见 中拟 修订 对于 提交 资料齐全 资金 中心 原则上 工作日内 完成 现场 踏勘 根据 踏勘 情况 提出 初审 意见 针对 购房人 角度 监管 专户 超出 重点 监管 额度 资金 不足以 支付 房款 需由 开发 企业 自行解决 情况 房款 难以 保障 建议 我们 吸收 采纳 修订 优化 房款 来源 要求 开发 企业 监管 专户 先行 补齐 房款 发起 房款 申请 流程 避免 购房人 网签 注销 房款 无法 落实 风险 针对 市级 区级 应当 按照 职责 分工 条款 行使 暂停 支取 职能 市级 负责 指导 区级 负责 执行 否则 如是 市级 作出 决定 有效性 意义 开发 企业 无法 市级 异议 申请 裁判 球员 兼具 建议 我们 吸收 采纳 本条 删除 相关 市级 表述 针对 酌情 考虑 超出 重点 监管 额度 资金 用于 企业 日常 合理 支出 归还 银行 开发 情况 意见 禁止 相关 用途 后续 实施 过程 容易 执行 过严 不利 项目 正常 运营 建议 我们 吸收 采纳 修订 增加 相关 表述 针对 统一 购房人 购房者 用语 建议 我们 吸收 采纳 征求意见 统一 使用 购房人 表述 针对 取消 现场 踏勘 改为 通过 技术手段 建议 我们 部分 采纳 部分 采纳 理由 现场 踏勘 技术手段 并不矛盾 我们 结合 多种 方式 进行 监管 鼓励 使用 技术手段 监管 施工进度 事后 依然 保留 现场 踏勘 有关 规定 不予 采纳 情况 针对 中国人民银行 国家 金融 监督管理 总局 人民法院 属于 中央 垂直 领导 职责 应该 省级 人民政府 确定 建议 我们 不予 采纳 不予 采纳 理由 办法 中国人民银行 北京市 分行 国家 金融 监督管理 总局 北京 监管局 北京市高级人民法院 职责 分工 按照 国家有关 规定 执行 公开 征求意见 征求 前述 部门 意见 针对 采取 承办 银行 申请 多家 银行 成为 承办 银行 符合 竞争 市场 要求 至少 确定 两家 能够 承接 商品房 预售 资金 监管 业务 商业银行 实行 银行 账户 冗余 措施 剩余 监管 资金 迁移 冗余 银行 监管 账户 建议 我们 不予 采纳 不予 采纳 理由 住房 城乡 建设部 关于 规范 商品房 预售 资金 监管 意见 建房 明确提出 招标 确定 监管 银行 通过 招标 方式 同样 符合 市场竞争 要求 银行 参与 办法 并未 限制 招标 银行 数量 开发 企业 中标 银行 自行 选择 冗余 监管 实际 工作 操作性 针对 资金 监管 账户 企业 名义 开户 监管 账户 建立 项目 单位 一个 项目 对应 一个 监管 账户 不是 预售证 开户 明确 交付 概念 细化 交付 标准 条件 建议 我们 不予 采纳 不予 采纳 理由 根据 住房 城乡 建设部 关于 规范 商品房 预售 资金 监管 意见 建房 有关 规定 监管 账户 监管 额度 资金 不同于 房地产 开发 企业 自有 资金 办法 规定 监管 账户 设置 资金 中心 名下 开发 企业 监管 账户 开设 监管 专户 有利于 加强 预售 资金 监管 保障 购房人 权益 根据 住房 城乡 建设部 关于 规范 商品房 预售 资金 监管 意见 建房 有关 规定 一次 预售 许可 申请 对应 一个 监管 账户 交付 标准 条件 北京市 建设工程 质量 条例 第五十 明确 不作 强调 针对 并非 所有 商品房 预售 施工 承包 模式 开发 企业 监管 协议 对方 建议 我们 不予 采纳 不予 采纳 理由 开发 企业 申报 商品房 预售 取得 建筑 工程施工 许可证 取得 建筑 工程施工 许可证 房地产 开发 项目 采用 施工 承包 模式 针对 重点 监管 额度 预售 方案 明确 预售 合同 约定 交付 标准 相适应 调整 预售 方案 明确 预售 合同 约定 交付 标准 重点 监管 额度 相适应 建议 我们 不予 采纳 不予 采纳 理由 重点 监管 额度 依据 交付 标准 确定 表述 更为 清晰 准确 针对 除了 合同 解除 合同 无效 成立 可能 涉退 房款 问题 房款 产生 可能 基于 开发 企业 违约 退还给 购房人 可能 基于 购房人 违约 归于 开发 企业 建议 我们 不予 采纳 不予 采纳 理由 条款 主要 解决 合同 解除 退款 具体 路径 罗列 导致 合同 解除 具体 情形 合同 无效 成立 构成 合同 解除 具体 情形 无需 额外 表述 针对 预售 商品房 资金 监管 作为 源头 管理 应当 后续 中游 下游 资金 监管 相适应 本条 主要 涉及 其同 建设工程 质量 保证金 管理 办法 匹配 建议 我们 不予 采纳 不予 采纳 理由 办法 涉及 质量 保证金 建设工程 质量 保证金 管理 办法 相关 要求 冲突 针对 申请 信息 变更 可能 涉及 事前 申请 事后 申请 两种 模式 实质性 变更 应当 比照 监管 协议 预售 许可 模式 申请 信息 变更 实质性 变更 建议 我们 不予 采纳 不予 采纳 理由 相关 信息 发生 变更 开发 企业 资金 中心 各区 住房 城乡建设 主管部门 申请 信息 变更 即可 针对 贷款 统一 归集 应当 明确 预售 购房人 贷款 时间 明确 开发商 不可 强制 购房人 选择 固定 银行贷款 建议 我们 不予 采纳 不予 采纳 理由 办法 无关 针对 预售 商品房 资金 监管 作为 源头 管理 应当 后续 中游 下游 资金 监管 相适应 本条 主要 涉及 其同 保障 农民工 工资 支付 条例 匹配 建议 我们 不予 采纳 不予 采纳 理由 农民工 工资 北京市 工程建设 领域 保障 农民工 工资 支付 工作 管理 办法 有关 规定 予以 保障 办法 第二十条 明确 紧急情况 应急 支取 用于 农民工 工资 支付 流程 条件 针对 明确 重点 监管 资金 提取 节点 设置 节点 资金 释放 比例 建议 地下 结构 完成 三分之一 节点 二分之一 节点 三分之二 节点 主体 结构 完成 竣工 验收 备案 首次 登记 完成 建议 我们 不予 采纳 不予 采纳 理由 由于 项目 建设 规模 不宜 固化 节点 资金 支取 比例 办法 规定 开发 企业 结合 自身 资金 状况 融资 能力 合理 确定 每个 节点 用款 额度 做法 具有 灵活性 开发 企业 用款 计划 自行 设置 节点 资金 支取 比例 此外 我们 考虑 进一步 优化 节点 支取 针对 监管 专户 超出 重点 监管 额度 资金 部分 不足以 支付 房款 按揭 贷款 银行 先行 垫付 开发 企业 追偿 资金 中心 会同 住房 城乡建设 主管部门 注销 购房人 信息 签合同 建议 我们 不予 采纳 采纳 理由 按揭 贷款 银行 先行 垫付 法律法规 依据 针对 未能 如期 交房 购房人 选择 合同 约定 交房 退房 出现 项目 未能 如期 交付 因素 导致 购房 协议 解除 按揭 放贷 银行 同步 自动 解除 对应 按揭 贷款 协议 工作日内 购房人 还款 本金 利息 全额 退回 购房人 建议 我们 不予 采纳 不予 采纳 理由 以上 情形 双方 购房 合同 购房人 贷款 银行 签订 贷款 合同 约定 执行 针对 增加 下列 情形 之一 放贷 银行 提出申请 住房 城乡建设 主管部门 放贷 银行 认为 其他 情形 建议 我们 不予 采纳 不予 采纳 理由 办法 重点 强调 政府 监管 职能 银行 根据 掌握 情况 及时 监管部门 反映 问题 线索 针对 增加 缺陷 责任 期满 证明 建议 我们 不予 采纳 不予 采纳 理由 北京市 住宅 工程质量 潜在 缺陷 保险 暂行 管理 办法 通知 政办发 已有 相关 规定 针对 企业 法律责任 明确 新房 预售 开发 企业 涉及 违规行为 处以 处罚 建议 我们 不予 采纳 不予 采纳 理由 中华人民共和国 行政处罚法 第十六条 明确 法律 法规 规章 其他 规范性 文件 不得 设定 行政处罚 针对 增加 责令 限期 改正 追回 所有 监管 资金 建议 我们 不予 采纳 不予 采纳 理由 该条 明确规定 责令 开发 企业 限期 整改 包括 补足 监管 资金 含义 不再 另行 表述 针对 没有 理由 支持 勘察 设计 单位 进行 信用 管理 删除 勘察 设计 单位 提供 虚假 材料 采取 其他 方式 协助 开发 企业 违规 支取 预售 资金 由市 住房 城乡建设 主管部门 移交 相关 管理 部门 予以 处理 建议 我们 不予 采纳 不予 采纳 理由 本条 明确 施工 监理 勘察 设计 参建 责任 由于 勘察 设计 行业 监管 非住 部门 工作 职责 移交 相关 管理 部门 予以 处理 针对 资金 监管 额度 支取 节点 原来 做法 保持 不变 不必 提高 监管 额度 监管 额度 节点 用款 额度 当事 双方 合同 为准 不是 施工 承包单位 提出 建议 我们 不予 采纳 不予 采纳 理由 办法 规定 总包 单位 提出 区住 部门 核定 重点 监管 额度 有利于 保障 重点 监管 额度 资金 覆盖 项目 建安 成本 防范 项目 资金 风险 关于 支取 节点 办法 原来 做法 更加 优化 针对 预售 资金 监管 系统 加入 达到 用款 节点 不可 重点 监管 资金 刚控 手段 建议 我们 不予 采纳 不予 采纳 理由 本市 商品房 预售 资金 监管 系统 侧重 资金 入账 监测 分析 并非 商业银行 拨付 预售 资金 前置条件 预售 资金 支取 节点均 明确 申请 条件 审批 流程 针对 非住宅 情况 参考 办法 建议 我们 不予 采纳 不予 采纳 理由 办法 适用范围 申请 预售 许可 商品房 项目 包括 住宅 非住宅 商品房 项目 针对 北京市 住房 资金 管理中心 属于 住房 城乡建设 委的 内设 机构 独立 门户网站 为求 精简 住房 城乡建设 门户网站 公示 即可 建议 我们 不予 采纳 不予 采纳 理由 北京市 住房 资金 管理中心 并非 住房 城乡建设 委的 内设 机构 而是 市政府 直属 事业单位 独立 门户网站 针对 延续 执行 房地产 开发 企业 监管 银行 出具 现金 保函 免除 同等 额度 监管 资金 企业 进行 分级分类 管理 允许 使用 保函 置换 预售 监管 资金 建议 我们 不予 采纳 不予 采纳 理由 关于 商业银行 出具 保函 置换 预售 监管 资金 有关 工作 通知 银保监 办发 明确 监管 账户 资金 达到 住房 城乡建设 部门 规定 监管 额度 房地产 企业 商业银行 申请 出具 保函 置换 监管 额度 资金 保函 置换 金额 不得 超过 监管 账户 确保 项目 竣工 交付 资金 额度 置换 监管 资金 不得 低于 监管 账户 确保 项目 竣工 交付 资金 额度 针对 采取 多层次 复合型 监管 主体 结构 进行 预售 资金 监管 律师 事务所 会计师 事务所 作为 资金 监管 主要 主体 建议 我们 不予 采纳 不予 采纳 理由 关于 规范 商品房 预售 资金 监管 意见 建房 明确 住房 城乡建设 部门 切实 履行 商品房 预售 资金 监管 职责 不符 针对 试点 预售 资金 信托 制度 建议 我们 不予 采纳 不予 采纳 理由 关于 规范 商品房 预售 资金 监管 意见 建房 明确 住房 城乡建设 部门 应当 会同 人民银行 分支机构 银保监 部门 通过 公开招标 方式 综合 商业银行 资信 状况 监管 能力 服务水平 因素 确定 能够 承接 商品房 预售 资金 监管 业务 商业银行 不符 感谢 社会各界 我们 工作 关心 支持 北京市 住房 城乡建设 委员会,6.430824304428928,7.100253537460678,5.25,6.916666666666666,40094,19.0,28.00833333333333,5000.0,291.2148675426136,1175.851697368421,1309.318181818182,11.29286931818182,4,3,0.008625,0.9999999999999998,三分之二,13.0,15.0,291.2148675426136,25.7875,0.0,阶段2,,,0.0,,0.0,竣备,,,0.0,,0.0,确权,,,0.0,,,,,,,,1,4,1175.851697368421
北海,北海,Beihai-3,approved construction cost,with multiplier or floor,verified physical milestones,drawdown ceiling,specified but count unavailable,other / unclear,False,False,,0.25,,not explicitly countable from retained excerpt,explicit percentage near 主体结构; midpoint used for a stated range,not explicitly parseable from retained excerpt,监管额度具体计算公式为：监管额度＝120%×施工合同价总额 | 监管账户内的资金达到监管额度后，超出监管额度的资金可由开发企业提取使用 | 完成房屋所有权首次登记后止,True,policy_identification_filled.xlsx,City_audit,4stage_Ncost,4,2,stage_1|stage_2|stage_3|stage_4,主体|装修|竣备|确权,竣备|确权,partial_named_milestones,,stage_4,2,,1.0,not_estimable:topout_stage_name_unmapped,terminal_stage_share:within_cohort_amount_share,expert_calibrated_operational_proxy_pending_source_mapping,monthly-revenue stage ratio or within-cohort amount share; not automatically a policy percentage,external/Modelling Dep/41_Cities_Dep/city_catalog.json,data/pmc_data.xlsx,dep-operational-h1-v1,Beihai-3,2023,三线,北海,Guangxi,"北海市
由工程建设费用（主要指施工合同价总额，含建筑施工、设备安装、材料购置、配套建设等费用）和不可预见费（施工合同价总额的20%）组成。监管额度具体计算公式为：监管额度＝120%×施工合同价总额。建设内容以建设工程规划许可证及规划总平图内容为准。施工合同中工程建安成本低于北海市房地产开发项目工程建安成本参考价的，以造价管理部门发布的市场参考价参考确定监管额度。
按8个进度节点分别申请使用监管额度内资金。 节点1：取得预售许可证且地下结构已完成；
节点2：建成层数已达到规划设计总层数的三分之一；
节点3：建成层数已达到规划设计总层数的二分之一；
节点4：建成层数已达到规划设计总层数的四分之三；
节点5：主体结构已封顶；
节点6-1：毛坯交付的，外墙装修完成，脚手架已拆除；
节点6-2：精装修交付的，精装修完成；
节点7：竣工验收备案且现售备案已完成；
节点8：房屋所有权首次登记已完成。 各节点相应使用最高限额分别累计不得超过总监管额度资金额的25%、30%、40%、60%、70%、80%、90%、100%。 监管账户内的资金达到监管额度后，超出监管额度的资金可由开发企业提取使用。
监管项目出现重大涉稳案件或“保交楼”风险的，我局适时调整监管额度、资金使用节点及节点申请使用额度可调整至最高限额。
专项用于支付监管项目的建筑施工、设备安装、材料购置、配套建设及其他相关费用，不包含税金及土地款，不得挪作他用。
北海市住房和城乡建设局关于明确商品房预售资金节点使用额度等有关事项的通知（北建规〔2023〕1号）



================================
北海市住房和城乡建设局 中国人民银行 北海市分行 国家金融监督管理总局 北海监管分局关于进一步强化商品房预售资金监管的通知
北建房〔2023〕261号


各商业银行，各房地产开发企业，各工程监理机构，各相关单位、购房人：
自《北海市商品房预售资金监管实施细则（试行）》（北建规〔2022〕1号）及《北海市住房和城乡建设局 人民银行北海市中心支行 中国银行保险监督管理委员会北海监管分局关于进一步规范商品房预售资金监管的通知》（北建房〔2023〕27号）实施以来，我市强化商品房预售资金管理工作已取得一定成效。为进一步加强我市商品房预售资金监管，降低项目逾期交付风险，现就有关事项通知如下：
一、商品房预售资金应存入对应预售许可证载明的预售资金监管账户，实行专款专户、专款专存、专款专用
（一）各房地产开发企业、购房人不得将项目预售资金存入非对应的预售资金监管账户。
（二）各商业银行应确保本机构发放的购房贷款转入对应的预售资金监管账户，且不得协助他人将预售资金存入非监管账户；发现有疑似预售资金存入非监管账户的，应及时将异常情况报送市住房城乡建设局。
各商业银行应在每季度首月10日前，将监管账户上一季度的资金收支情况及监管情况盖章后报市住房城乡建设局备案，同步抄报国家金融监管总局北海监管分局。
（三）购房人应在支付购房款时仔细核对所购房屋预售许可证上载明的预售资金监管账号，并对开发企业或经纪机构引导将购房款存入非预售资金监管账户的行为予以拒绝，并及时向市住房城乡建设局举报。
二、预售资金存入监管账户时应载明楼盘名称、楼栋号及房号
各开发企业、商业银行应在业务办理窗口的显著位置设置明确提示，并在为购房人办理相关业务时予以提醒。
三、同步查核预售资金缴存入账情况
办理商品房预售合同网签备案时，房地产开发企业应当提供购房款已存入监管账户的相关付款凭证。市房地产交易中心同步核查预售资金归集情况。
四、强化旧项目预售资金申请用款核查工作
《北海市商品房预售资金监管实施细则（试行）》（北建规〔2022〕1号）实施前已获得商品房预售许可的项目（以下简称“旧项目”），在申请使用预售资金时：
（一）房地产开发企业应如实按照工程进度及用款计划向监管银行提交申请，申请中应载明已收存预售资金总额、预估工程总造价、实际工程进度、已支付的工程款、本次需要支付的工程款等内容，并附相关证明材料。
（二）各工程监理机构应如实对项目施工进度作出真实审核监管，确保施工进度与申请用款进度相匹配，且出具的工程实际进度及用款金额证明应经市住房城乡建设局审核确认。
（三）各商业银行应当按监管协议条款，严格核查开发企业申请和工程监理机构报告，并根据经市住房城乡建设局审核确认后的工程监理机构出具的工程实际进度及用款金额证明，核定用款额度和拨付预售资金，严禁在申请材料不完整、未经审核的情况下擅自拨付预售资金。
（四）各商业银行应将旧项目的预售资金监管账户视同专户管理，严格管控账户内资金，严禁开通网银等开发企业可自主划转资金的账户功能。
五、预售资金使用范畴
预售资金监管账户的资金必须优先用于有关的工程建设，包括项目建设所必须的建筑材料、设备和施工进度款等相关支出。
六、其他工作要求
对以弄虚作假手段申请预售资金的房地产企业、监理机构，一经发现，纳入信用系统不良记录，并依法坚决予以惩戒。对不按规定执行预售资金监管的商业银行，由金融主管部门依法坚决予以惩戒；情节严重的，由北海市住房和城乡建设局、中国人民银行
北海市分行、国家金融监督管理总局取消其预售资金监管银行资格。 
北海市住房和城乡建设局 中国人民银行北海市分行
国家金融监督管理总局
北海监管分局
2023年10月17日
==============================
北建规〔2022〕1号
 
各县、区人民政府，市政府各部门，各管委会，市直各事业、企业单位： 
《北海市商品房预售资金监管实施细则（试行）》已经市政府同意，现予以印发。我市首批监管银行名录确认公示后，本细则正式施行。
特此通知
 
北海市住房和城乡建设局 北海市行政审批局
北海综合行政执法局 人民银行北海市中心支行
中国银行保险监督管理委员会北海监管分局
2022年9月15日
 
北海市商品房预售资金监管实施细则（试行）
 
第一章 总则
 
第一条 商品房预售资金监管是商品房预售制度的重要组成部分。为保障房地产项目竣工交付，维护购房人合法权益，促进房地产市场平稳健康发展，根据《中华人民共和国城市房地产管理法》、《城市商品房预售管理办法》等法律规章规定及住房和城乡建设部、人民银行、银保监会等要求，结合我市实际，制定本实施细则。
第二条 本市市区范围内申请商品房预售许可的项目，其预售资金监管账户的设立，预售资金的收存、支取、使用、监督管理，适用本实施细则。
第三条 本实施细则所称商品房预售资金，是指商品房预售时购房人按照预售合同的约定支付的全部房价款( 包括定金、首付款、商业银行按揭贷款、住房公积金贷款以及其他形式的购房款)。
第四条 市住房和城乡建设管理部门是商品房预售资金监管的主管部门( 以下简称“主管部门”)，负责规范商品房预售资金监管。市房地产交易中心承办商品房预售资金监管具体事务性工作。
第五条 本实施细则所称监管银行，是指主管部门会同人民银行北海市中心支行、北海银保监分局通过公开招标方式，综合商业银行资信状况、监管能力、服务水平等因素，选定能够承接商品房预售资金监管业务的商业银行。监管银行应具备能够保证商品房预售资金安全及规范运行所需的金融管理业务能力及网络技术安全条件。监管银行名录通过主管部门门户网站予以公示，实行动态管理。
本实施细则所称商品房预售资金监管协议，是指主管部门、房地产开发企业( 以下简称“开发企业”)、 监管银行就预售资金的监管内容、监管额度以及违约责任等签订的三方监管协议( 以下简称《监管协议》)。《监管协议》文本由主管部门制定。
本实施细则所称商品房预售资金监管专用账户，是指开发企业在监管银行设立的专门用于存取商品房预售资金的账户( 以下简称“监管账户”)。
 
第二章 一般规定
 
第六条 主管部门会同人民银行北海市中心支行、北海银保监分局及监管银行等按照本实施细则的规定，共同做好商品房预售资金的监管工作。
人民银行北海市中心支行负责指导监管银行做好监管账户管理工作。
北海银保监分局对监管银行预售资金监管的操作风险和合规性进行监督检查。
监管银行履行监管账户管理责任;及时发现、上报开发企业在商品房预售资金收支方面的异常情况;严格按照预售资金三方监管协议做好监管账户监控，发现开发企业存在违规挪用监管资金问题的，应当停止拨付，并立即告知主管部门; 自觉接受人民银行北海市中心支行、北海银保监分局、主管部门的监督。
开发企业负责预售资金的收集、使用，防止预售资金被抽逃、挪用等违法违规行为发生。
第七条 主管部门会同人民银行北海市中心支行、北海银保监分局推动网签备案系统和监管银行、其他商业银行的业务管理系统对接，加强房屋网签备案、监管账户资金、银行按揭贷款等数据信息共享，提高资金监管效率。
第八条 有关部门要求对监管账户进行冻结或扣划商品房预售资金的，监管银行应当向有关部门说明监管账户和商品房预售资金的性质及用途，并及时书面告知主管部门及被监管预售资金的开发企业。
第九条 商品房预售资金监管期限，自核发商品房预售许可证开始，至完成房屋所有权首次登记后止。监管额度内的资金实行专款专用，监管银行不得擅自扣划，设立子公司的开发企业，集团公司不得抽调。
第十条 商品房预售资金监管额度是监管账户中确保项目竣工交付所需的资金额度。监管额度由主管部门确定，原则上由工程建设费用( 主要指施工合同价总额，含建筑施工、设备安装、材料购置、配套建设等费用 )和不可预见费(施工合同价总额的20%)组成。管账户内的资金达到监管额度后，超出监管额度的资金可由开发企业提取使用。
施工合同中工程建安成本低于北海市房地产开发项目工程建安成本参考价的，以造价管理部门发布的市场参考价参考确定监管额度。
第十一条 开发企业在申请商品房预售许可前，应当选择本市监管银行名录中的监管银行开设监管账户，并与主管部门、监管银行签订三方《监管协议》。行政审批部门凭《监管协议》办理商品房预售许可。
开发企业申请商品房预售许可前，按照一次预售许可申请对应一个账户的原则开设预售资金监管账户。监管账户名称、账号等信息应在《商品房预售许可证》《商品房买卖合同》中载明，并在商品房销售现场显著位置以及主管部门门户网站进行公示。
 
第三章 商品房预售资金缴存
 
第十二条 购房人缴交的定金、首付款、商业银行发放的按揭贷款、住房公积金贷款和其他形式的购房款等商品房预售资金，应当全部直接存入监管账户。
第十三条 开发企业与购房人签订《商品房买卖合同》前，应将监管账户信息明确告知购房人，并协助购房人或商业银行将购房款、按揭贷款等全部存入监管账户。《监管协议》应通过附件方式在《商品房买卖合同》中予以体现。
第十四条 开发企业获得商品房预售许可后原则上不得变更监管账户，确需变更监管账户或监管银行的，应当经主管部门批准后，重新签订《监管协议》，将原监管账户的结余资金转入新监管账户，并及时到行政审批部门办理预售许可变更，将变更后的预售许可证在商品房销售现场显著位置以及主管部门门户网站进行公示。有开发贷款的，需经开发贷款发放银行同意。
申请变更监管账户期间，暂停开发企业对应项目的销售。
第十五条 办理商品房交易合同网签备案时，商品房预售资金应按要求同步存入监管账户。市房地产交易中心同步核查预售资金归集情况。
第十六条 监管银行应当按《监管协议》建立商品房预售资金收支台账，并定期与市房地产交易中心进行对账。
 
第四章 商品房预售资金使用
 
第十七条 商品房预售资金监管额度内资金必须用于本行政区域内的监管项目建设，专项用于支付监管项目的建筑施工、设备安装、材料购置、配套建设及其他相关费用，不得挪作他用。
第十八条 监管账户被人民法院保全、执行监管账户资金的，由人民法院、相关部门按相关规定执行。
第十九条 原则上,开发企业可按8个进度节点分别申请使用监管额度内资金。
节点1: 取得预售许可证 且地下结构已完成;
节点2:建成层数已达到规划设计总层数的三分之一;
节点3:建成层数已达到规划设计总层数的二分之一;
节点4:建成层数已达到规划设计总层数的四分之三;
节点5:主体结构已封顶;
节点6-1:毛坯交付的，外墙装修完成，脚手架已拆除;
节点6-2: 精装修交付的， 精装修完成;
节点7:竣工验收备案且现售备案已完成;
节点8:房屋所有权首次登记已完成。
第二十条 各节点相应使用资金额度由主管部门根据项目实际情况确定。
第二十一条 开发企业使用监管额度内资金，应提供达到使用节点的相关证明材料，到市房地产交易中心窗口提出申请，并向监管银行同步申请监管账户核查。监管银行应在2个工作日内出具核查意见反馈市房地产交易中心。主管部门审核通过后，监管银行按审核意见拨付资金给相关企业。
第二十二条 预售商品房完成房屋所有权首次登记后，开发企业可申请解除对应项目的预售资金监管。开发企业到市房地产交易中心提交申请并经主管部门核实同意通过后，《监管协议》终止。
 
第五章 责任追究
 
第二十三条 开发企业未按规定将商品房预售资金存入监管账户的，或未按规定使用商品房预售资金的，或以收取其他款项为由变相逃避监管的，或提交虚假材料申请使用商品房预售资金的，一经查实，由主管部门责令其限期整改，并可停止签订违规企业新增的监管协议，停止审核拨付监管资金，直至整改完成。未按期整改的，主管部门可实施提高预售资金监管额度、暂停商品房预售合同网上签约、暂停商品房销售、录入企业不良信用档案、推送信息实施联合惩戒等行政措施促进整改。开发企业违反相关法律、法规、规章规定的，由相关执法部门依法予以处理。
第二十四条 监管银行未按《监管协议》约定履行监管账户管理责任的，或未按公开招标中的承诺履行义务的，拒不配合有关商品房预售资金监管业务检查的，主管部门将暂停其新增项目的《监管协议》的签订并同步报送人民银行北海市中心支行、北海银保监分局，人民银行北海市中心支行、北海银保监分局应责令其限期整改。拒不整改或整改不到位的，主管部门将停止其新增项目的《监管协议》的签订，并且其不能继续作为监管银行。监管银行应当负责追回未按规定拨付的资金，无法追回的依法承担相应赔偿责任。
第二十五条 主管部门、行政审批部门、人民银行北海市中心支行、北海银保监分局、市房地产交易中心、监管银行、开发企业的工作人员在商品房预售资金监管工作中玩忽职守、滥用职权、徇私舞弊的，依法追究责任。
 
第六章 附则
 
第二十六条 本实施细则施行前已取得《商品房预售许可证》的商品房项目，原则上按原监管协议执行。
第二十七条 本实施细则自我市首批监管银行名录确认公示后施行。本实施细则施行后，《关于加强北海市商品房预售款监督管理的通知》(北建房〔2006〕 58号)停止执行。合浦县商品房预售资金监管可参照执行。",北海市 工程建设 费用 主要 施工 合同价 总额 建筑施工 设备 安装 材料 购置 配套 建设 费用 不可 预见 施工 合同价 总额 组成 监管 额度 具体 计算公式 监管 额度 施工 合同价 总额 建设 内容 建设工程 规划 许可证 规划 总平图 内容 为准 施工 合同 工程 建安 成本 低于 北海市 房地产 开发 项目 工程 建安 成本 参考价 造价 管理 部门 发布 市场 参考价 参考 确定 监管 额度 进度 节点 分别 申请 使用 监管 额度 资金 节点 取得 预售 许可证 地下 结构 完成 节点 建成 层数 达到 规划设计 层数 三分之一 节点 建成 层数 达到 规划设计 层数 二分之一 节点 建成 层数 达到 规划设计 层数 四分之三 节点 主体 结构 封顶 节点 毛坯 交付 外墙 装修 完成 脚手架 拆除 节点 精装修 交付 精装修 完成 节点 竣工 验收 备案 现售 备案 完成 节点 房屋 所有权 首次 登记 完成 节点 相应 使用 最高 限额 分别 累计 不得 超过 监管 额度 资金额 监管 账户 资金 达到 监管 额度 超出 监管 额度 资金 开发 企业 提取 使用 监管 项目 出现 重大 涉稳 案件 保交楼 风险 我局 适时 调整 监管 额度 资金 使用 节点 节点 申请 使用 额度 调整 最高 限额 专项 用于 支付 监管 项目 建筑施工 设备 安装 材料 购置 配套 建设 及其 相关 费用 包含 税金 土地 不得 挪作他用 北海市 住房 城乡 建设局 关于 明确 商品房 预售 资金 节点 使用 额度 有关 事项 通知 北建规 北海市 住房 城乡 建设局 中国人民银行 北海市 分行 国家 金融 监督管理 总局 北海 监管 分局 关于 进一步 强化 商品房 预售 资金 监管 通知 建房 商业银行 房地产 开发 企业 工程 监理 机构 相关 单位 购房人 北海市 商品房 预售 资金 监管 实施细则 试行 北建规 北海市 住房 城乡 建设局 人民银行 北海市 中心 支行 中国银行 保险 监督管理 委员会 北海 监管 分局 关于 进一步 规范 商品房 预售 资金 监管 通知 建房 实施 以来 我市 强化 商品房 预售 资金 管理工作 取得 一定 成效 进一步 加强 我市 商品房 预售 资金 监管 降低 项目 逾期 交付 风险 有关 事项 通知 如下 商品房 预售 资金 存入 对应 预售 许可证 载明 预售 资金 监管 账户 实行 专款 专户 专款 专存 专款专用 房地产 开发 企业 购房人 不得 项目 预售 资金 存入 对应 预售 资金 监管 账户 商业银行 确保 机构 发放 购房 贷款 转入 对应 预售 资金 监管 账户 不得 协助 他人 预售 资金 存入 监管 账户 发现 疑似 预售 资金 存入 监管 账户 及时 异常情况 报送 住房 城乡 建设局 商业银行 每季度 日前 监管 账户 一季度 资金 收支 情况 监管 情况 盖章 报市 住房 城乡 建设局 备案 同步 抄报 国家 金融监管 总局 北海 监管 分局 购房人 支付 购房款 仔细 核对 所购 房屋 预售 许可证 载明 预售 资金 监管 账号 开发 企业 经纪 机构 引导 购房款 存入 预售 资金 监管 账户 行为 予以 拒绝 及时 向市 住房 城乡 建设局 举报 预售 资金 存入 监管 账户 时应 载明 楼盘 名称 楼栋 房号 开发 企业 商业银行 业务 办理 窗口 显著 位置 设置 明确 提示 购房人 办理 相关 业务 予以 提醒 同步 查核 预售 资金 缴存 入账 情况 办理 商品房 预售 合同 网签 备案 房地产 开发 企业 应当 提供 购房款 存入 监管 账户 相关 付款 凭证 房地产 交易中心 同步 核查 预售 资金 归集 情况 强化 项目 预售 资金 申请 用款 核查 工作 北海市 商品房 预售 资金 监管 实施细则 试行 北建规 实施 获得 商品房 预售 许可 项目 以下 简称 项目 申请 使用 预售 资金 房地产 开发 企业 如实 按照 工程进度 用款 计划 监管 银行 提交 申请 申请 中应 载明 收存 预售 资金 总额 预估 工程 造价 实际 工程进度 支付 工程款 本次 需要 支付 工程款 内容 相关 证明 材料 工程 监理 机构 如实 项目 施工进度 作出 真实 审核 监管 确保 施工进度 申请 用款 进度 相匹配 出具 工程 实际 进度 用款 金额 证明 应经市 住房 城乡 建设局 审核 确认 商业银行 应当 监管 协议 条款 严格 核查 开发 企业 申请 工程 监理 机构 报告 根据 经市 住房 城乡 建设局 审核 确认 工程 监理 机构 出具 工程 实际 进度 用款 金额 证明 核定 用款 额度 拨付 预售 资金 严禁 申请材料 完整 未经 审核 情况 擅自 拨付 预售 资金 商业银行 项目 预售 资金 监管 账户 视同 专户 管理 严格 管控 账户 资金 严禁 开通 网银 开发 企业 自主 划转 资金 账户 功能 预售 资金 使用 范畴 预售 资金 监管 账户 资金 必须 优先 用于 有关 工程建设 包括 项目 建设 必须 建筑材料 设备 施工进度 相关 支出 其他 工作 要求 对以 弄虚作假 手段 申请 预售 资金 房地产 企业 监理 机构 一经 发现 纳入 信用 系统 不良 记录 依法 坚决 予以 惩戒 按规定 执行 预售 资金 监管 商业银行 金融 主管部门 依法 坚决 予以 惩戒 情节严重 北海市 住房 城乡 建设局 中国人民银行 北海市 分行 国家 金融 监督管理 总局 取消 预售 资金 监管 银行 资格 北海市 住房 城乡 建设局 中国人民银行 北海市 分行 国家 金融 监督管理 总局 北海 监管 分局 北建规 各县 人民政府 市政府 部门 管委会 市直 事业 企业 单位 北海市 商品房 预售 资金 监管 实施细则 试行 已经 市政府 同意 予以 印发 我市 首批 监管 银行 名录 确认 公示 本细则 正式 施行 特此通知 北海市 住房 城乡 建设局 北海市 行政 审批 北海 综合 行政 执法局 人民银行 北海市 中心 支行 中国银行 保险 监督管理 委员会 北海 监管 分局 北海市 商品房 预售 资金 监管 实施细则 试行 第一章 总则 第一条 商品房 预售 资金 监管 商品房 预售 制度 重要 组成部分 保障 房地产 项目 竣工 交付 维护 购房人 合法权益 促进 房地产 市场 平稳 健康 发展 根据 中华人民共和国 城市 房地产 管理法 城市 商品房 预售 管理 办法 法律 规章 规定 住房 城乡 建设部 人民银行 保监会 要求 结合 我市 实际 制定 实施细则 第二条 本市 市区 范围 申请 商品房 预售 许可 项目 预售 资金 监管 账户 设立 预售 资金 收存 支取 使用 监督管理 适用 实施细则 第三条 实施细则 商品房 预售 资金 商品房 预售 购房人 按照 预售 合同 约定 支付 全部 房价 包括 定金 首付款 商业银行 按揭 贷款 住房 公积金 贷款 以及 其他 形式 购房款 第四条 住房 城乡建设 管理 部门 商品房 预售 资金 监管 主管部门 以下 简称 主管部门 负责 规范 商品房 预售 资金 监管 房地产 交易中心 承办 商品房 预售 资金 监管 具体 事务性 工作 第五条 实施细则 监管 银行 主管部门 会同 人民银行 北海市 中心 支行 北海 银保监 分局 通过 公开招标 方式 综合 商业银行 资信 状况 监管 能力 服务水平 因素 选定 能够 承接 商品房 预售 资金 监管 业务 商业银行 监管 银行 具备 能够 保证 商品房 预售 资金 安全 规范 运行 金融管理 业务 能力 网络 技术 安全 条件 监管 银行 名录 通过 主管部门 门户网站 予以 公示 实行 动态 管理 实施细则 商品房 预售 资金 监管 协议 主管部门 房地产 开发 企业 以下 简称 开发 企业 监管 银行 预售 资金 监管 内容 监管 额度 以及 违约责任 签订 三方 监管 协议 以下 简称 监管 协议 监管 协议 文本 主管部门 制定 实施细则 商品房 预售 资金 监管 专用 账户 开发 企业 监管 银行 设立 专门 用于 存取 商品房 预售 资金 账户 以下 简称 监管 账户 第二章 一般 规定 第六条 主管部门 会同 人民银行 北海市 中心 支行 北海 银保监 分局 监管 银行 按照 实施细则 规定 共同 做好 商品房 预售 资金 监管 工作 人民银行 北海市 中心 支行 负责 指导 监管 银行 做好 监管 账户 管理工作 北海 银保监 分局 监管 银行 预售 资金 监管 操作 风险 合规性 进行 监督 检查 监管 银行 履行 监管 账户 管理 责任 及时发现 上报 开发 企业 商品房 预售 资金 收支 方面 异常情况 严格 按照 预售 资金 三方 监管 协议 做好 监管 账户 监控 发现 开发 企业 存在 违规 挪用 监管 资金 问题 应当 停止 拨付 立即 告知 主管部门 自觉 接受 人民银行 北海市 中心 支行 北海 银保监 分局 主管部门 监督 开发 企业 负责 预售 资金 收集 使用 防止 预售 资金 挪用 违法 违规行为 发生 第七条 主管部门 会同 人民银行 北海市 中心 支行 北海 银保监 分局 推动 网签 备案 系统 监管 银行 其他 商业银行 业务 管理系统 对接 加强 房屋 网签 备案 监管 账户 资金 银行 按揭 贷款 数据 信息 共享 提高 资金 监管 效率 第八条 有关 部门 要求 监管 账户 进行 冻结 扣划 商品房 预售 资金 监管 银行 应当 有关 部门 说明 监管 账户 商品房 预售 资金 性质 用途 及时 书面 告知 主管部门 监管 预售 资金 开发 企业 第九条 商品房 预售 资金 监管 期限 核发 商品房 预售 许可证 开始 完成 房屋 所有权 首次 登记 后止 监管 额度 资金 实行 专款专用 监管 银行 不得 擅自 扣划 设立 子公司 开发 企业 集团公司 不得 抽调 第十条 商品房 预售 资金 监管 额度 监管 账户 确保 项目 竣工 交付 资金 额度 监管 额度 主管部门 确定 原则上 工程建设 费用 主要 施工 合同价 总额 建筑施工 设备 安装 材料 购置 配套 建设 费用 不可 预见 施工 合同价 总额 组成 账户 资金 达到 监管 额度 超出 监管 额度 资金 开发 企业 提取 使用 施工 合同 工程 建安 成本 低于 北海市 房地产 开发 项目 工程 建安 成本 参考价 造价 管理 部门 发布 市场 参考价 参考 确定 监管 额度 第十一条 开发 企业 申请 商品房 预售 许可 应当 选择 本市 监管 银行 名录 监管 银行 开设 监管 账户 主管部门 监管 银行 签订 三方 监管 协议 行政 审批 部门 监管 协议 办理 商品房 预售 许可 开发 企业 申请 商品房 预售 许可 按照 一次 预售 许可 申请 对应 一个 账户 原则 开设 预售 资金 监管 账户 监管 账户 名称 账号 信息 商品房 预售 许可证 商品房 买卖合同 载明 商品房 销售 现场 显著 位置 以及 主管部门 门户网站 进行 公示 第三章 商品房 预售 资金 缴存 第十二条 购房人 缴交 定金 首付款 商业银行 发放 按揭 贷款 住房 公积金 贷款 其他 形式 购房款 商品房 预售 资金 应当 全部 直接 存入 监管 账户 第十三条 开发 企业 购房人 签订 商品房 买卖合同 监管 账户 信息 明确 告知 购房人 协助 购房人 商业银行 购房款 按揭 贷款 全部 存入 监管 账户 监管 协议 通过 附件 方式 商品房 买卖合同 予以 体现 第十四条 开发 企业 获得 商品房 预售 许可 原则上 不得 变更 监管 账户 确需 变更 监管 账户 监管 银行 应当 主管部门 批准 重新 签订 监管 协议 监管 账户 结余 资金 转入 监管 账户 及时 行政 审批 部门 办理 预售 许可 变更 变更 预售 许可证 商品房 销售 现场 显著 位置 以及 主管部门 门户网站 进行 公示 开发 贷款 需经 开发 贷款 发放 银行 同意 申请 变更 监管 账户 期间 暂停 开发 企业 对应 项目 销售 第十五条 办理 商品房 交易 合同 网签 备案 商品房 预售 资金 要求 同步 存入 监管 账户 房地产 交易中心 同步 核查 预售 资金 归集 情况 第十六条 监管 银行 应当 监管 协议 建立 商品房 预售 资金 收支 台账 定期 房地产 交易中心 进行 对账 第四章 商品房 预售 资金 使用 第十七条 商品房 预售 资金 监管 额度 资金 必须 用于 本行政区域 监管 项目 建设 专项 用于 支付 监管 项目 建筑施工 设备 安装 材料 购置 配套 建设 及其 相关 费用 不得 挪作他用 第十八条 监管 账户 人民法院 保全 执行 监管 账户 资金 人民法院 相关 部门 相关 规定 执行 第十九条 原则上 开发 企业 进度 节点 分别 申请 使用 监管 额度 资金 节点 取得 预售 许可证 地下 结构 完成 节点 建成 层数 达到 规划设计 层数 三分之一 节点 建成 层数 达到 规划设计 层数 二分之一 节点 建成 层数 达到 规划设计 层数 四分之三 节点 主体 结构 封顶 节点 毛坯 交付 外墙 装修 完成 脚手架 拆除 节点 精装修 交付 精装修 完成 节点 竣工 验收 备案 现售 备案 完成 节点 房屋 所有权 首次 登记 完成 第二十条 节点 相应 使用 资金 额度 主管部门 根据 项目 实际 情况 确定 第二十一条 开发 企业 使用 监管 额度 资金 提供 达到 使用 节点 相关 证明 材料 到市 房地产 交易中心 窗口 提出申请 监管 银行 同步 申请 监管 账户 核查 监管 银行 工作日内 出具 核查 意见反馈 房地产 交易中心 主管部门 审核 通过 监管 银行 审核 意见 拨付 资金 相关 企业 第二十二条 预售 商品房 完成 房屋 所有权 首次 登记 开发 企业 申请 解除 对应 项目 预售 资金 监管 开发 企业 到市 房地产 交易中心 提交 申请 主管部门 核实 同意 通过 监管 协议 终止 第五章 责任 追究 第二十三条 开发 企业 按规定 商品房 预售 资金 存入 监管 账户 按规定 使用 商品房 预售 资金 收取 其他 款项 变相 逃避 监管 提交 虚假 材料 申请 使用 商品房 预售 资金 一经 查实 主管部门 责令 限期 整改 停止 签订 违规 企业 新增 监管 协议 停止 审核 拨付 监管 资金 直至 整改 完成 按期 整改 主管部门 实施 提高 预售 资金 监管 额度 暂停 商品房 预售 合同 网上 签约 暂停 商品房 销售 录入 企业 不良 信用 档案 推送 信息 实施 联合 惩戒 行政 措施 促进 整改 开发 企业 违反 相关 法律 法规 规章 规定 相关 执法 部门 依法 予以 处理 第二十四条 监管 银行 监管 协议 约定 履行 监管 账户 管理 责任 公开招标 承诺 履行义务 配合 有关 商品房 预售 资金 监管 业务 检查 主管部门 暂停 新增 项目 监管 协议 签订 同步 报送 人民银行 北海市 中心 支行 北海 银保监 分局 人民银行 北海市 中心 支行 北海 银保监 分局 责令 限期 整改 整改 整改 到位 主管部门 停止 新增 项目 监管 协议 签订 并且 不能 继续 作为 监管 银行 监管 银行 应当 负责 追回 按规定 拨付 资金 无法 追回 依法 承担 相应 赔偿 责任 第二十五条 主管部门 行政 审批 部门 人民银行 北海市 中心 支行 北海 银保监 分局 房地产 交易中心 监管 银行 开发 企业 工作人员 商品房 预售 资金 监管 工作 玩忽职守 滥用职权 徇私舞弊 依法追究 责任 第六章 附则 第二十六条 实施细则 施行 取得 商品房 预售 许可证 商品房 项目 原则上 按原 监管 协议 执行 第二十七条 实施细则 自我 首批 监管 银行 名录 确认 公示 施行 实施细则 施行 关于 加强 北海市 商品房 预售 监督管理 通知 建房 停止 执行 合浦县 商品房 预售 资金 监管 参照 执行,2.499707941893676,5.313945890725441,3.416666666666667,3.416666666666667,6800,11.52489681774349,27.14166666666667,2560.10789772308,318.3245085227273,315.8609939589927,1945.757575757576,16.78215909090909,4,3,0.008625,0.0,主体,,,0.0,4.725000000000002,0.0,装修,,,0.0,4.725000000000002,1.0,竣备,11.0,14.0,289.4738835227273,5.478246753246755,1.0,确权,27.0,27.0,28.85062500000001,4.880844155844158,,,,,,,3,5,315.8609939589927
合肥,合肥,Hefei-2,approved construction cost,with multiplier or floor,named administrative certificates,drawdown ceiling,specified but count unavailable,other / unclear,False,False,,0.1,,not explicitly countable from retained excerpt,explicit percentage near 主体结构封顶; midpoint used for a stated range,not explicitly parseable from retained excerpt,监管账户内的监管资金进行查封、冻结、划拨的，监管银行有义务证明商品房预售资金及监管账户的性质，并及时书面告知监管处,True,policy_identification_filled.xlsx,City_audit,5stage_Pcost,5,4,stage_1|stage_2|stage_3|stage_4|stage_5,阶段1|阶段2|竣备|阶段4|阶段5,阶段1|阶段2|竣备|阶段4,partial_named_milestones,,,4,,,not_estimable:topout_stage_name_unmapped,not_estimable:registration_stage_name_unmapped,expert_calibrated_operational_proxy_pending_source_mapping,monthly-revenue stage ratio or within-cohort amount share; not automatically a policy percentage,external/Modelling Dep/41_Cities_Dep/city_catalog.json,data/pmc_data.xlsx,dep-operational-h1-v1,Hefei-2,2021,二线,合肥,Anhui,"合肥市商品房预售资金监管实施细则

为贯彻落实《合肥市商品房预售资金监督管理办法》（合政办〔2018〕21号）（以下简称《办法》），进一步规范商品房预售资金监管工作流程，提高监管工作效率，结合本市实际，制定本实施细则。
 
一、主管部门及监管机构
 
（一）合肥市住房保障和房产管理局为本市商品房预售资金监管的主管部门，并负责对违反商品房预售资金管理的行为依法进行查处。
 
（二）合肥市商品房预售款监督管理处（以下简称监管处）为商品房预售资金监管实施部门，具体负责商品房预售资金的监督管理工作。
 
二、监管范围及期限
 
（三）本市市区范围内预售商品房项目，其预售资金的收存、拨付及使用管理适用本细则。
 
（四）监管期限自取得《商品房预售许可证》开始，至该项目取得《房屋建筑工程和市政基础设施工程竣工验收备案表》和《合肥市建设工程竣工验收查验合格证明》时止。
 
三、监管原则
 
（五）商品房预售资金监管实行分类监管、专款专户、专款专存、专款专用、全程全额监管的原则。
 
四、监管银行
 
（六）各商业银行分行（以下简称监管分行）应当与监管处签订《合肥市商品房预售资金监管合作协议》，并与商品房预售资金监管系统（以下简称监管系统）实行联网，方可开展预售资金监管业务。
 
（七）具体开展监管业务的银行支行（以下简称监管银行）由监管分行与监管处共同确定。监管银行撤销或名称等发生变更的，监管分行应及时书面告知监管处，并办理相关手续。
 
（八）商品房预售资金监管专用账户（以下简称监管账户）发生不明入账的，监管银行应在房地产开发企业提供缴款通知书编号之后3个工作日内补录。
 
（九）有关部门依法拟对监管账户内的监管资金进行查封、冻结、划拨的，监管银行有义务证明商品房预售资金及监管账户的性质，并及时书面告知监管处。
 
（十）鼓励监管银行与房地产开发企业对监管账户内的资金办理协定存款。
 
五、监管账户设立
 
（十一）房地产开发企业申请《商品房预售许可证》前，应当选择监管银行，设立监管账户，不得选择已被监管处暂停预售资金监管业务的监管银行。一个监管账户可以对应一个预售楼幢，也可以对应多个预售楼幢。一个监管账户对应多个预售楼幢的，应当属同一施工标段，且竣工交付时间基本相同。
 
监管账户户名由房地产开发企业名称、项目名称（5个汉字以内）和加括号的楼幢号三部分组成，其中企业名称应与基本存款账户名称一致；项目名称应与《标准地名使用证书》上的核准名一致；预留签章名称由房地产开发企业名称和项目名称组成。
 
监管账户不得开设网银转账业务。
 
（十二）申请设立监管账户操作流程：
 
1.建立网上楼盘信息。房地产开发企业申请设立监管账户前，应在商品房买卖合同网签系统发布楼盘信息。
 
2.开户资料提交。房地产开发企业登录监管系统，按照系统要求，填写相关信息，上传申请开户资料的电子文档，并向监管处提交《合肥市商品房预售资金监管账户开户申请表》、项目规划总平面图、施工形象进度计划、工程施工承包合同和材料设备采购合同等相关资料，监管处向开发企业出具《合肥市商品房预售资金监管账户开户通知书》。
 
3.监管账户设立。房地产开发企业持《合肥市商品房预售资金监管账户开户通知书》到监管银行开设监管账户。
 
六、监管协议签订及账户公示
 
（十三）房地产开发企业设立监管账户后，登录监管系统下载打印《合肥市商品房预售资金监管协议》（以下简称《监管协议》）文本，与监管处、监管银行签订三方《监管协议》。
 
（十四）房地产开发企业应在售楼处公示每幢楼的预售资金监管账户开户银行名称、账号、地址和联系电话。
 
七、监管账户变更
 
（十五）已经设立监管账户的预售项目尚未发生销售行为的，可以申请变更监管账户，变更期间该账户范围内的商品房不得销售；已经发生销售行为的，原则上监管账户不得变更，确需变更监管账户，必须由企业、涉及银行共同申请并作出相关承诺。
 
（十六）房地产开发企业申请变更监管账户的，登录监管系统，上传变更申请电子文档，并向监管处提交下列资料：
 
1.《合肥市商品房预售资金监管账户变更申请表》；
 
2.原监管银行同意变更监管账户的证明文件；
 
3.房地产开发企业关于监管项目未发生销售行为的承诺；
 
4.其他应当提供的资料。
 
（十七）监管处受理申请后1个工作日内完成审核，审核通过后，向房地产开发企业出具《合肥市商品房预售资金监管账户开户通知书》和《合肥市商品房预售资金监管账户变更通知书》。房地产开发企业持开户通知书到新监管银行办理开户手续，持变更通知书到原监管银行办理销户手续。
 
（十八）房地产开发企业设立新的监管账户后，登录监管系统下载打印《监管协议》文本，与监管处、监管银行重新签订三方《监管协议》，原《监管协议》自动作废。
 
八、监管资金入账
 
（十九）房地产开发企业应在《商品房买卖合同》中明确预购人缴款的方式及具体时间、金额和监管银行名称、账号。预购人应当将定金等预定款及购房首付款直接存入监管账户。其中，定金等预定款按定金编号存入对应的监管账户，首付款凭网签系统打印的《合肥市商品房预售款缴款通知书》通过银行柜台现金或转账缴存，采用POS机缴存的必须使用资金监管专用POS机。
 
（二十）预购人以按揭贷款（包括公积金贷款）方式购买商品房的，其按揭贷款在扣除保证金后由放贷银行在3个工作日内转至监管账户。
 
（二十一）房地产开发企业依据银行出具的交款凭证或银联专用POS机签单为预购人换领购房票据。
 
（二十二）房地产开发企业申请增加《商品房买卖合同》约定的首付款金额的，在合同变更后，应及时将增加的首付款存入监管账户。
 
九、监管资金拨付
 
（二十三）监管资金分为重点监管资金和一般监管资金。重点监管资金是指本监管项目达到竣工交付条件所需的工程建设费用总额，工程建设费用总额依据市建设工程造价管理部门确认的商品房建设工程单位综合造价乘以建设工程规划许可证登记的建筑面积核定（含建筑安装工程、基础设施及公共配套设施费用），加20％不可预见费组成。全装修项目的重点监管资金在毛坯综合造价的基础上每平米再增加2000元。
 
一般监管资金是指超出核定的重点监管资金以外的资金。
 
（二十四）房地产开发企业申请使用重点监管资金前，应在监管系统内上传相应施工、采购合同和监管项目形象进度证明电子文档，经监管处审核通过，可按照合同约定申请。
 
房地产开发企业首次申请使用重点监管资金时，销售现场相关信息公示应当符合规范要求。
 
（二十五）房地产开发企业申请使用重点监管资金时，登录监管系统，上传申请拨付的电子文档，并提交以下资料：
 
1.《合肥市商品房预售资金重点监管资金拨付申请表》；
 
2.申请拨付至施工企业（供应商）的，提供房地产开发企业、施工企业（供应商）及监理公司三方联合出具的《重点监管资金拨付证明表》；
 
3.申请拨付房地产开发企业垫付款的，提供监理单位出具的进度证明、相应的银行进账单和收款方盖章确认的发票复印件；
 
4.首次拨款后，每次申请拨款应提交上一次拨付的相关票据。
 
监管处自受理之日起1个工作日内完成审核，审核通过的，出具《合肥市商品房预售资金监管资金拨付通知书》；审核未通过的，出具《不予拨付通知书》，并告知原因。
 
房地产开发企业持拨付通知书到监管银行办理拨付手续，监管银行应在2个工作日内予以办理。
 
（二十六）监管项目达到以下条件，房地产开发企业可以从重点监管资金中申请资金用于支付该监管项目增值税、土地增值税、企业所得税等税款，申请拨付资金总额不超过该监管项目重点监管资金总额的7.7%。
 
1.监管账户累计入账资金额达到核定重点监管资金总额的60%以上;
 
2.已拨付重点监管资金达到核定重点监管资金总额的40%以上；
 
3.监管项目形象进度达到主体结构封顶。
 
（二十七）监管账户留存余额达到重点监管资金总额的10%以后，方可申请拨付重点监管资金。重点监管资金按施工合同和工程进度节点拨付。
 
1.取得《商品房预售许可证》后，可拨付不超过重点监管资金总额的40%；
 
2.主体结构封顶，可拨付不超过重点监管资金总额的60%；
 
3.单体全部完工，完成水、电、门窗、外墙工程，可拨付不超过重点监管资金总额的75%；
 
4.综合配套完成，可拨付不超过重点监管资金总额的90%。（特殊情况下，余额可优先用于支付农民工工资等）。
 
（二十八）监管账户累计入账资金超过重点监管资金总额，方可申请使用一般监管资金，并优先用于项目有关工程建设。
 
（二十九）房地产开发企业申请使用一般监管资金时，登录监管系统，提交《合肥市商品房预售资金一般监管资金拨付申请表》。监管处1个工作日内完成审核，审核通过的，房地产开发企业在监管系统中自行打印加盖电子章的《合肥市商品房预售资金监管资金拨付通知书》，持拨付通知书到监管银行办理拨付手续。监管项目发生非正常停工等不良状况时，暂停拨付一般监管资金。
 
（三十）房地产开发企业在监管系统中添加的施工和采购合同总金额累计超过核算重点监管资金总额后，超出部分作为重点监管资金监管。
 
（三十一）房地产开发企业可以根据自身资质等级及信用考评情况，申请分类监管或采用银行保函等额替换一定比例的商品房预售重点监管资金。
 
十、退款处理
 
（三十二）房地产开发企业和购房人达成退房协议、撤销商品房合同备案，并办理完退房手续的，可申请退款。
 
（三十三）房地产开发企业申请退款时，登录监管系统，提交《合肥市商品房预售资金监管退款申请表》，监管处1个工作日内完成审核。审核通过的，房地产开发企业在监管系统中打印加盖电子印章的《合肥市商品房预售资金监管退款通知书》，持退款通知书到监管银行办理退款手续。
 
十一、取消监管
 
（三十四）监管项目取得《房屋建筑工程和市政基础设施工程竣工验收备案表》和《合肥市建设工程竣工验收查验合格证明》后，房地产开发企业可以申请取消监管，并在10个工作日内办理取消手续。
 
（三十五）房地产开发企业申请取消项目监管时，应登录监管系统，上传申请取消的电子文档，并提交以下资料：
 
1.《合肥市商品房预售资金取消监管申请表》；
 
2.《房屋建筑工程和市政基础设施工程竣工验收备案表》；
 
3.《合肥市建设工程竣工验收查验合格证明》。
 
（三十六）监管处自受理之日起1个工作日内完成审核，符合取消条件的，出具《合肥市商品房预售资金取消监管通知书》。房地产开发企业1个工作日内持取消监管通知书到监管银行办理取消监管账户手续。
 
十二、相关责任
 
（三十七）房地产开发企业未按规定在销售现场公示监管账户开户银行名称、账号等相关信息，且拒不整改的，暂停该项目商品房预售资金拨付，并将该行为记入企业信用档案。
 
（三十八）房地产开发企业提供虚假材料骗取工程建设资金、擅自截留挪用商品房预售资金或者不将购房款存入资金监管账户的，由市房地产主管部门责令限期改正，暂停该项目的商品房预售资金拨付；情节严重的，暂停该项目商品房预售，同时将其违法违规行为予以公示，并记入企业信用档案。
 
（三十九）房地产开发企业不按规定使用商品房预售资金的，由市房地产主管门按照《城市商品房预售管理办法》第十四条规定，责令限期纠正，并依法查处。
 
（四十）监管银行擅自向房地产开发企业拨付预售款项的，由商品房预售资金主管部门暂停该监管银行在本市开展新项目预售资金监管业务资格；同时将其违规违约行为向其上级主管部门通报，并记入监管银行信用档案。
 
（四十一）监管银行未将按揭贷款及时交存监管账户，或者挪用商品房预售资金的，由商品房预售资金主管部门责令其限期整改，并记入监管银行信用档案。拒不整改或情节严重的，由商品房预售资金主管部门暂停该监管银行在本市开展新项目预售资金监管业务资格。
 
（四十二）监管工作人员在商品房预售资金监管工作中，玩忽职守、滥用职权、徇私舞弊的，按《合肥市商品房预售资金监督管理办法》第十六条规定追究相关责任。
 
十三、有效期限
 
（四十三）本实施细则自印发之日起实行，有效期2年。原合肥市房地产管理局关于印发《合肥市商品房预售款监管实施细则》的通知（合房〔2014〕16号）同时废止。

合肥市住房保障和房产管理局办公室         

2020年1月10日印发



============

各房地产开发企业:
《合肥市新建商品房楼盘表管理办法》已经按程序审议通过,现印发给你们,请认真贯彻执行。
合肥市住房保障和房产管理局
2021年5月6日
合肥市新建商品房楼盘表管理办法
第一条 为进一步规范新建商品房楼盘表管理工作,提高房屋交易管理服务效能,根据《商品房销售管理办法》(建设部令第88号)、《住房和城乡建设部办公厅关于印发<房屋交易与产权管理工作导则>的通知》(建办房〔2015〕45号)、《住房和城乡建设部关于提升房屋网签备案服务效能的意见》(建房规〔2020〕4号)等相关规定,结合本市实际,制订本办法。
第二条 本办法适用于本市市区范围内国有土地上新建商品房楼盘表(以下简称楼盘表)的管理。
第三条 本办法所称楼盘表是基于房产测绘成果建立,记载各类新建商品房基础信息和应用信息的数据库。
第四条 市住房保障和房产管理局是楼盘表管理的行政主管部门。市房屋交易管理中心(以下简称交易中心)负责实施楼盘表管理的具体业务。
第五条 房地产开发企业应当在新建商品房销售前、竣工验收后以幢(栋)为单位分别申报建立预售和现房楼盘表。
第六条 房地产开发企业申报建立楼盘表的,应当如实填报以下信息:
(一)物理状态信息。包括项目基本信息、房屋基本单元、房屋坐落、房屋编码、建筑面积、建筑结构、房屋楼层等；
(二)权利状况信息。包括土地权利状况信息、房屋权利状况信息、房屋抵押信息等；
(三)交易状态信息。包括房屋销售信息、合同示范文本、房屋查封限制信息、住宅价格信息等。
第七条 交易中心应当对申报材料的真实性、完整性、规范性和政策合规性等内容进行审查。
符合条件的,应当在三个工作日内办理完毕。
第八条 楼盘表信息发生变化的,房地产开发企业应当申报楼盘表变更(更正)。
申报楼盘表变更(更正)期间,该楼盘相关销售或抵押的新增信息暂停记载。
第九条 申报楼盘表变更(更正)的,应当提供楼盘信息变更(更正)申请表及楼盘发生变更(更正)的材料,符合条件的,应当在三个工作日内办理完毕。
已经办理过商品房预售许可或商品房项目现售备案的,申报变更(更正)的内容与预售许可或现售备案记载的房屋幢号、层数、套数、用途等不一致的,应当先变更预售许可或现售备案。
申报已售商品房所在楼盘表变更(更正),且变更(更正)内容与买受人有关的,房地产开发企业应当书面告知买受人并在项目销售现场公示变更(更正)内容,公示期不少于十日。变更(更正)内容可能对买受人或其他利害关系人的利益产生不利影响的,应当经买受人或其他利害关系人同意。
第十条 申报楼盘表变更(更正)涉及的房屋存在以下情形的,经相关权利人、利害关系人确认同意后予以变更:
(一)房屋已签约销售且建筑面积误差比绝对值超过3%的；
(二)房屋已办理在建工程抵押的；
(三)房屋已被依法查封、预查封的；
(四)其他情形。
第十一条 建筑物灭失的,房地产开发企业或相关当事人应当及时申报楼盘表注销。
第十二条 申报楼盘表注销的,应当提交楼盘表注销申请表及建筑物灭失的相关材料。
符合条件的,应当在一个工作日内办理完毕。
第十三条 开展商品房销售许可、商品房现售备案、商品房买卖合同网签备案、预售资金监管、住宅专项维修资金管理等业务产生的,或者通过部门间信息共享获取的交易状况、权利状况等相关信息,应当及时载入楼盘表,实现楼盘表信息动态更新。
第十四条 楼盘表建立、变更(更正)、注销业务形成的档案材料应当立卷归档,并按档案管理的相关规定保管。
第十五条 巢湖市、肥东县、肥西县、长丰县、庐江县可参照本办法执行。
第十六条 本办法由市住房保障和房产管理局负责解释。
第十七条 本办法自发布之日起施行,有效期三年。



各房地产开发企业、房地产经纪机构,各相关单位:????经研究,2021年4月14日施行的《关于新建商品住房公证摇号公开销售有关事项的通知》(合房〔2021〕17 号)需继续实施,其有效期延长3年。合肥市住房保障和房产管理局 2023年4月3日 



各县(市)、区人民政府,市政府有关部门,各房地产开发企业:
为深入落实习总书记“房子是用来住的,不是用来炒的”定位,加快推进房地产市场供给侧结构性改革,保障购房人合法权益,促进全市房地产市场平稳健康发展,经市土地管理委员会2018年第六次主任(扩大)会议研究同意,现就调整商品房预售许可形象进度要求通知如下:
从2018年8月20日起,我市(含四县一市)范围内商品房预售许可的工程形象进度要求调整如下:地上建筑层数1～6层的,主体结构封顶；建筑层数7层及以上的达到地上层数的三分之一且不低于7层。以上条款纳入土地供应方案和出让合同。对于发文前已公告出让的房地产开发项目,其预售许可形象进度要求仍按照原规定执行。

合肥市房地产管理局
2018年8月27日


各县(市)、区人民政府,市有关单位:
《合肥市商品房预售资金监督管理办法》已经市政府同意,现印发给你们,请认真贯彻执行。
2018年4月26日
合肥市商品房预售资金监督管理办法
第一条 为加强商品房预售资金的监督管理,保护预售商品房当事人的合法权益,促进我市房地产市场健康有序发展,根据《中华人民共和国城市房地产管理法》、《城市商品房预售管理办法》(建设部令第131号)、《国务院办公厅关于继续做好房地产市场调控工作的通知》(国办发〔2013〕17号)等有关规定,结合我市实际,制定本办法。
第二条 本市市区范围内新开工的房地产开发项目,其经批准预售的商品房预售资金收存、拨付的监督管理,适用本办法。
第三条 本办法所称商品房预售资金,是指预售人将其开发的商品房(含住宅、商业、办公、工业厂房、车库、仓储及可预售的地下空间等房屋,下同)在竣工验收前销售,由预购人按合同约定预先支付的定金、首付款及后续付款(包括预售商品房按揭贷款)等预购房款。
预售人,是指预售商品房的房地产开发企业。
预购人,是指购买预售商品房的单位和个人。
第四条 市房地产管理局为商品房预售资金监管的主管部门(以下简称监管部门),负责组织实施商品房预售资金的监督管理工作,并依法查处预售人违法使用商品房预售资金的行为。
第五条 设立商品房预售资金监管专用账户的银行(以下简称监管银行),应当根据本办法的规定,密切配合,共同做好商品房预售资金监管工作。
第六条 预售人进行商品房预售,应当向监管部门申请预售许可,取得《商品房预售许可证》。未取得《商品房预售许可证》的,不得进行商品房预售或者变相预售。
第七条 预售人申请《商品房预售许可证》前,应当在银行设立商品房预售资金监管专用账户,一个预售项目只能设立一个监管专用账户,该账户实行专款专户、专款专存、专款专用。
预售人申请《商品房预售许可证》时,监管部门、预售人及监管银行三方应当签订《商品房预售资金监管专用账户监管协议书》。
已经设立监管专用账户的预售项目尚未发生销售行为的,可以申请变更监管专用账户,变更期间该账户范围内的商品房不得销售；已经发生销售行为的,监管专用账户不得变更。
第八条 商品房预售资金应当直接存入相应的监管专用账户。预售人和预购人签订《商品房买卖合同》时,应当明确缴款的方式及缴款的具体时间和金额。
预购人支付的预售款项,应当凭预售人开具的《商品房预售资金通知书》,存入监管银行的监管专用账户内；凭缴款通知书回执及银行进账单(缴款回单)向预售人换领缴款票据。
预购人申请购房贷款的,发放贷款单位应当按照借款合同约定的时间和金额将贷款直接划转至商品房预售资金监管专用账户。
第九条 监管专用账户内的商品房预售资金分重点监管资金和一般监管资金。重点监管资金是指本监管项目达到竣工交付条件所需的工程建设费用,用于购买必需的建筑材料、设备及支付建设施工进度款；一般监管资金是指超过重点监管资金以外的资金。
重点监管资金由监管项目的工程建设费用总额(含建筑安装工程、基础设施及公共配套设施费用),加20%不可预见费组成。工程建设费用总额由监管部门依据市建设工程造价管理部门确认的商品房建设工程单位综合造价乘以监管项目的测绘建筑面积核定。
第十条 预售人需要使用重点监管资金时,应当向监管部门提交《商品房预售资金重点监管资金拨付申请表》及以下资料:
(一)用于支付购买建筑材料、设备的,应当提供采购合同；
(二)用于支付施工单位工程款的,应当提供施工合同和施工单位、工程监理单位出具的工程进度和用款证明;
(三)其他需要的相关材料。
预售人使用一般监管资金时,需提交《商品房预售资金一般监管资金拨付申请表》。
第十一条 监管部门应当自受理预售人拨付商品房预售资金申请之日起1个工作日内做出答复。
经审查符合条件的,出具《商品房预售资金监管专用账户资金拨付通知书》(以下简称《通知书》)；有下列情形之一的,不予核准并书面告知预售人理由:
(一)超出监管部门核准数额的；
(二)收款单位与申请用途不符的；
(三)前一笔用款未按照核准用途使用且未纠正的。
一份通知书只能签开一张与之记载事项完全一致的支票,不得一份通知书签开多张支票。
监管银行应当按通知书准予拨付的金额,复核后即时拨付。
第十二条 监管项目取得《房屋建筑工程和市政基础设施工程竣工验收备案表》和《合肥市建设工程竣工验收查验合格证明》后,预售人方可申请取消该项目预售资金监管,并凭监管部门出具的《商品房预售资金监管专用账户取消监管通知书》到监管银行办理取消监管手续。
第十三条 预售人未取得《商品房预售许可证》,擅自预售或者变相预售商品房的,由监管部门按照《城市房地产开发经营管理条例》的规定,责令停止违法行为,没收违法所得,可以并处已收取的预付款1%以下的罚款。
第十四条 预售人提供虚假申报材料骗取工程建设资金、不按规定用途使用或挪用商品房预售资金监管专用账户内的款项以及直接收取商品房预售资金的,监管部门应当责令其限期改正,暂停商品房预售和预售资金拨付,并按照《城市商品房预售管理办法》的规定予以处罚,同时作为不良行为记入信用档案。
第十五条 银行擅自拨付预售人监管专用账户内款项、未将购房贷款直接划转至监管专用账户的,监管部门可按照协议约定,暂停该银行新开设预售资金监管专用账户业务。给预购人造成损失的,银行应当依法承担法律责任。
第十六条 监管部门工作人员玩忽职守、徇私舞弊,有应当核准拨付资金而不及时核准、不应当核准拨付资金而核准等情形的,依法予以行政处分；涉嫌犯罪的,依法移送司法机关追究刑事责任。
第十七条 监管部门应当依据本办法制定实施细则,明确工作流程、办事程序,提高工作效率,拟定《商品房预售资金监管专用账户监管协议书》文本。
第十八条 肥东县、肥西县、长丰县、庐江县、巢湖市参照本办法执行。
第十九条 本办法自发布之日起施行,有效期3年。《合肥市人民政府办公厅关于印发合肥市商品房预售资金监督管理暂行办法的通知》(合政办〔2013〕38号)同时废止",合肥市 商品房 预售 资金 监管 实施细则 贯彻落实 合肥市 商品房 预售 资金 监督管理 办法 合政办 以下 简称 办法 进一步 规范 商品房 预售 资金 监管 工作 流程 提高 监管 工作效率 结合 本市 实际 制定 实施细则 主管部门 监管 机构 合肥市 住房 保障 房产 管理局 本市 商品房 预售 资金 监管 主管部门 负责 违反 商品房 预售 资金 管理 行为 依法 进行 查处 合肥市 商品房 预售 监督 管理处 以下 简称 监管 商品房 预售 资金 监管 实施 部门 具体 负责 商品房 预售 资金 监督管理 工作 监管 范围 期限 本市 市区 范围 预售 商品房 项目 预售 资金 收存 拨付 使用 管理 适用 本细则 监管 期限 取得 商品房 预售 许可证 开始 至该 项目 取得 房屋建筑 工程 市政 基础设施 工程 竣工 验收 备案 合肥市 建设工程 竣工 验收 查验 合格 证明 时止 监管 原则 商品房 预售 资金 监管 实行 分类 监管 专款 专户 专款 专存 专款专用 全程 全额 监管 原则 监管 银行 商业银行 分行 以下 简称 监管 分行 应当 监管 签订 合肥市 商品房 预售 资金 监管 合作 协议 商品房 预售 资金 监管 系统 以下 简称 监管 系统 实行 联网 方可 开展 预售 资金 监管 业务 具体 开展 监管 业务 银行 支行 以下 简称 监管 银行 监管 分行 监管 共同 确定 监管 银行 撤销 名称 发生 变更 监管 分行 及时 书面 告知 监管 办理 相关 手续 商品房 预售 资金 监管 专用 账户 以下 简称 监管 账户 发生 不明 入账 监管 银行 房地产 开发 企业 提供 缴款通知 编号 之后 工作日内 补录 有关 部门 依法 监管 账户 监管 资金 进行 查封 冻结 划拨 监管 银行 义务 证明 商品房 预售 资金 监管 账户 性质 及时 书面 告知 监管 鼓励 监管 银行 房地产 开发 企业 监管 账户 资金 办理 协定 存款 监管 账户 设立 十一 房地产 开发 企业 申请 商品房 预售 许可证 应当 选择 监管 银行 设立 监管 账户 不得 选择 监管 暂停 预售 资金 监管 业务 监管 银行 一个 监管 账户 可以 对应 一个 预售 楼幢 可以 对应 多个 预售 楼幢 一个 监管 账户 对应 多个 预售 楼幢 应当 同一 施工 标段 竣工 交付 时间 基本相同 监管 账户 户名 房地产 开发 企业 名称 项目名称 汉字 以内 括号 部分 组成 其中 企业 名称 基本 存款 账户 名称 一致 项目名称 标准 地名 使用 证书 核准 一致 预留 签章 名称 房地产 开发 企业 名称 项目名称 组成 监管 账户 不得 开设 网银 转账 业务 十二 申请 设立 监管 账户 操作 流程 建立 网上 楼盘 信息 房地产 开发 企业 申请 设立 监管 账户 商品房 买卖合同 网签 系统 发布 楼盘 信息 开户 资料 提交 房地产 开发 企业 登录 监管 系统 按照 系统 要求 填写 相关 信息 上传 申请 开户 资料 电子 文档 监管 提交 合肥市 商品房 预售 资金 监管 账户 开户 申请表 项目 规划 平面图 施工 形象 进度 计划 工程施工 承包合同 材料 设备 采购 合同 相关 资料 监管 处向 开发 企业 出具 合肥市 商品房 预售 资金 监管 账户 开户 通知书 监管 账户 设立 房地产 开发 企业 合肥市 商品房 预售 资金 监管 账户 开户 通知书 监管 银行 开设 监管 账户 监管 协议 签订 账户 公示 十三 房地产 开发 企业 设立 监管 账户 登录 监管 系统 下载 打印 合肥市 商品房 预售 资金 监管 协议 以下 简称 监管 协议 文本 监管 监管 银行 签订 三方 监管 协议 十四 房地产 开发 企业 售楼处 公示 每幢 预售 资金 监管 账户 开户银行 名称 账号 地址 联系电话 监管 账户 变更 十五 已经 设立 监管 账户 预售 项目 尚未 发生 销售 行为 可以 申请 变更 监管 账户 变更 期间 账户 范围 商品房 不得 销售 已经 发生 销售 行为 原则上 监管 账户 不得 变更 确需 变更 监管 账户 必须 企业 涉及 银行 共同 申请 作出 相关 承诺 十六 房地产 开发 企业 申请 变更 监管 账户 登录 监管 系统 上传 变更 申请 电子 文档 监管 提交 下列 资料 合肥市 商品房 预售 资金 监管 账户 变更 申请表 监管 银行 同意 变更 监管 账户 证明文件 房地产 开发 企业 关于 监管 项目 发生 销售 行为 承诺 其他 应当 提供 资料 十七 监管 受理 申请 工作日内 完成 审核 审核 通过 房地产 开发 企业 出具 合肥市 商品房 预售 资金 监管 账户 开户 通知书 合肥市 商品房 预售 资金 监管 账户 变更 通知书 房地产 开发 企业 开户 通知书 监管 银行 办理 开户 手续 变更 通知书 监管 银行 办理 销户 手续 十八 房地产 开发 企业 设立 监管 账户 登录 监管 系统 下载 打印 监管 协议 文本 监管 监管 银行 重新 签订 三方 监管 协议 监管 协议 自动 作废 监管 资金 入账 十九 房地产 开发 企业 商品房 买卖合同 明确 预购 缴款 方式 具体 时间 金额 监管 银行 名称 账号 预购 应当 定金 预定 款及 购房 首付款 直接 存入 监管 账户 其中 定金 预定 定金 编号 存入 对应 监管 账户 首付款 网签 系统 打印 合肥市 商品房 预售 缴款通知 通过 银行 柜台 现金 转账 缴存 采用 缴存 必须 使用 资金 监管 专用 二十 预购 人以 按揭 贷款 包括 公积金 贷款 方式 购买 商品房 按揭 贷款 扣除 保证金 放贷 银行 工作日内 监管 账户 二十一 房地产 开发 企业 依据 银行 出具 交款 凭证 银联 专用 签单 预购 人换领 购房 票据 二十二 房地产 开发 企业 申请 增加 商品房 买卖合同 约定 首付款 金额 合同 变更 及时 增加 首付款 存入 监管 账户 监管 资金 拨付 二十三 监管 资金 分为 重点 监管 资金 一般 监管 资金 重点 监管 资金 指本 监管 项目 达到 竣工 交付 条件 工程建设 费用 总额 工程建设 费用 总额 依据 建设 工程造价 管理 部门 确认 商品房 建设工程 单位 综合 造价 乘以 建设工程 规划 许可证 登记 建筑面积 核定 建筑安装 工程 基础设施 公共 配套 设施 费用 不可 预见 组成 装修 项目 重点 监管 资金 毛坯 综合 造价 基础 每平米 增加 一般 监管 资金 超出 核定 重点 监管 资金 以外 资金 二十四 房地产 开发 企业 申请 使用 重点 监管 资金 监管 系统 上传 相应 施工 采购 合同 监管 项目 形象 进度 证明 电子 文档 监管 审核 通过 按照 合同 约定 申请 房地产 开发 企业 首次 申请 使用 重点 监管 资金 销售 现场 相关 信息 公示 应当 符合规范 要求 二十五 房地产 开发 企业 申请 使用 重点 监管 资金 登录 监管 系统 上传 申请 拨付 电子 文档 提交 以下 资料 合肥市 商品房 预售 资金 重点 监管 资金 拨付 申请表 申请 拨付 施工 企业 供应商 提供 房地产 开发 企业 施工 企业 供应商 监理 公司 三方 联合 出具 重点 监管 资金 拨付 证明 申请 拨付 房地产 开发 企业 付款 提供 监理 单位 出具 进度 证明 相应 银行 进账单 收款 盖章 确认 发票 复印件 首次 拨款 每次 申请 拨款 提交 一次 拨付 相关 票据 监管 处自 受理 之日起 工作日内 完成 审核 审核 通过 出具 合肥市 商品房 预售 资金 监管 资金 拨付 通知书 审核 通过 出具 不予 拨付 通知书 告知 原因 房地产 开发 企业 拨付 通知书 监管 银行 办理 拨付 手续 监管 银行 工作日内 予以 办理 二十六 监管 项目 达到 以下 条件 房地产 开发 企业 可以 重点 监管 资金 申请 资金 用于 支付 监管 项目 增值税 土地 增值税 企业 所得税 税款 申请 拨付 资金 总额 超过 监管 项目 重点 监管 资金 总额 监管 账户 累计 入账 资金额 达到 核定 重点 监管 资金 总额 以上 拨付 重点 监管 资金 达到 核定 重点 监管 资金 总额 以上 监管 项目 形象 进度 达到 主体 结构 封顶 二十七 监管 账户 留存 余额 达到 重点 监管 资金 总额 以后 方可 申请 拨付 重点 监管 资金 重点 监管 资金 施工 合同 工程进度 节点 拨付 取得 商品房 预售 许可证 拨付 超过 重点 监管 资金 总额 主体 结构 封顶 拨付 超过 重点 监管 资金 总额 单体 全部 完工 完成 门窗 外墙 工程 拨付 超过 重点 监管 资金 总额 综合 配套 完成 拨付 超过 重点 监管 资金 总额 特殊 情况 余额 优先 用于 支付 农民工 工资 二十八 监管 账户 累计 入账 资金 超过 重点 监管 资金 总额 方可 申请 使用 一般 监管 资金 优先 用于 项目 有关 工程建设 二十九 房地产 开发 企业 申请 使用 一般 监管 资金 登录 监管 系统 提交 合肥市 商品房 预售 资金 一般 监管 资金 拨付 申请表 监管 工作日内 完成 审核 审核 通过 房地产 开发 企业 监管 系统 自行 打印 加盖 电子 合肥市 商品房 预售 资金 监管 资金 拨付 通知书 拨付 通知书 监管 银行 办理 拨付 手续 监管 项目 发生 非正常 停工 不良 状况 暂停 拨付 一般 监管 资金 三十 房地产 开发 企业 监管 系统 添加 施工 采购 合同 总金额 累计 超过 核算 重点 监管 资金 总额 超出 部分 作为 重点 监管 资金 监管 三十一 房地产 开发 企业 可以 根据 自身 资质等级 信用 考评 情况 申请 分类 监管 采用 银行 保函 等额 替换 一定 比例 商品房 预售 重点 监管 资金 退款 处理 三十二 房地产 开发 企业 购房人 达成 退房 协议 撤销 商品房 合同 备案 办理 退房 手续 申请 退款 三十三 房地产 开发 企业 申请 退款 登录 监管 系统 提交 合肥市 商品房 预售 资金 监管 退款 申请表 监管 工作日内 完成 审核 审核 通过 房地产 开发 企业 监管 系统 打印 加盖 电子 印章 合肥市 商品房 预售 资金 监管 退款 通知书 退款 通知书 监管 银行 办理 退款 手续 十一 取消 监管 三十四 监管 项目 取得 房屋建筑 工程 市政 基础设施 工程 竣工 验收 备案 合肥市 建设工程 竣工 验收 查验 合格 证明 房地产 开发 企业 可以 申请 取消 监管 工作日内 办理 取消 手续 三十五 房地产 开发 企业 申请 取消 项目 监管 登录 监管 系统 上传 申请 取消 电子 文档 提交 以下 资料 合肥市 商品房 预售 资金 取消 监管 申请表 房屋建筑 工程 市政 基础设施 工程 竣工 验收 备案 合肥市 建设工程 竣工 验收 查验 合格 证明 三十六 监管 处自 受理 之日起 工作日内 完成 审核 符合 取消 条件 出具 合肥市 商品房 预售 资金 取消 监管 通知书 房地产 开发 企业 工作日内 取消 监管 通知书 监管 银行 办理 取消 监管 账户 手续 十二 相关 责任 三十七 房地产 开发 企业 按规定 销售 现场 公示 监管 账户 开户银行 名称 账号 相关 信息 整改 暂停 项目 商品房 预售 资金 拨付 行为 记入 企业信用 档案 三十八 房地产 开发 企业 提供 虚假 材料 骗取 工程建设 资金 擅自 截留 挪用 商品房 预售 资金 或者 购房款 存入 资金 监管 账户 由市 房地产 主管部门 责令 限期 改正 暂停 该项 目的 商品房 预售 资金 拨付 情节严重 暂停 项目 商品房 预售 同时 违法 违规行为 予以 公示 记入 企业信用 档案 三十九 房地产 开发 企业 按规定 使用 商品房 预售 资金 由市 房地产 主管 按照 城市 商品房 预售 管理 办法 第十四条 规定 责令 限期 纠正 依法查处 四十 监管 银行 擅自 房地产 开发 企业 拨付 预售 款项 商品房 预售 资金 主管部门 暂停 监管 银行 本市 开展 项目 预售 资金 监管 业务 资格 同时 违规 违约 行为 上级 主管部门 通报 记入 监管 银行信用 档案 四十一 监管 银行 按揭 贷款 及时 交存 监管 账户 或者 挪用 商品房 预售 资金 商品房 预售 资金 主管部门 责令 限期 整改 记入 监管 银行信用 档案 整改 情节严重 商品房 预售 资金 主管部门 暂停 监管 银行 本市 开展 项目 预售 资金 监管 业务 资格 四十二 监管 工作人员 商品房 预售 资金 监管 工作 玩忽职守 滥用职权 徇私舞弊 合肥市 商品房 预售 资金 监督管理 办法 第十六条 规定 追究 相关 责任 十三 有效期限 四十三 实施细则 印发 之日起 实行 有效期 合肥市 房地产 管理局 关于 印发 合肥市 商品房 预售 监管 实施细则 通知 合房 同时 废止 合肥市 住房 保障 房产 管理局 办公室 印发 房地产 开发 企业 合肥市 新建 商品房 楼盘 管理 办法 已经 按程序 审议 通过 印发 你们 认真贯彻 执行 合肥市 住房 保障 房产 管理局 合肥市 新建 商品房 楼盘 管理 办法 第一条 进一步 规范 新建 商品房 楼盘 管理工作 提高 房屋交易 管理 服务 效能 根据 商品房 销售 管理 办法 建设部 住房 城乡 建设部 办公厅 关于 印发 房屋交易 产权 管理工作 导则 通知 建办 住房 城乡 建设部 关于 提升 房屋 网签 备案 服务 效能 意见 建房 相关 规定 结合 本市 实际 制订 办法 第二条 办法 适用 本市 市区 范围 国有土地 新建 商品房 楼盘 以下 简称 楼盘 管理 第三条 办法 楼盘 表是 基于 房产 测绘 成果 建立 记载 各类 新建 商品房 基础 信息 应用 信息 数据库 第四条 住房 保障 房产 管理局 楼盘 管理 行政 主管部门 房屋交易 管理中心 以下 简称 交易中心 负责 实施 楼盘 管理 具体 业务 第五条 房地产 开发 企业 应当 新建 商品房 销售 竣工 验收 单位 分别 申报 建立 预售 现房 楼盘 第六条 房地产 开发 企业 申报 建立 楼盘 应当 如实 填报 以下 信息 物理 状态 信息 包括 项目 基本 信息 房屋 基本 单元 房屋 坐落 房屋 编码 建筑面积 建筑 结构 房屋 楼层 权利 状况 信息 包括 土地 权利 状况 信息 房屋 权利 状况 信息 房屋 抵押 信息 交易 状态 信息 包括 房屋 销售 信息 合同 示范 文本 房屋 查封 限制 信息 住宅 价格 信息 第七条 交易中心 应当 申报材料 真实性 完整性 规范性 政策 合规性 内容 进行 审查 符合条件 应当 三个 工作日内 办理 完毕 第八条 楼盘 信息 发生变化 房地产 开发 企业 应当 申报 楼盘 变更 更正 申报 楼盘 变更 更正 期间 楼盘 相关 销售 抵押 新增 信息 暂停 记载 第九条 申报 楼盘 变更 更正 应当 提供 楼盘 信息 变更 更正 申请表 楼盘 发生 变更 更正 材料 符合条件 应当 三个 工作日内 办理 完毕 已经 办理 商品房 预售 许可 商品房 项目 现售 备案 申报 变更 更正 内容 预售 许可 现售 备案 记载 房屋 层数 套数 用途 一致 应当 变更 预售 许可 现售 备案 申报 已售 商品房 所在 楼盘 变更 更正 变更 更正 内容 买受人 有关 房地产 开发 企业 应当 书面 告知 买受人 项目 销售 现场 公示 变更 更正 内容 公示 不少 十日 变更 更正 内容 可能 买受人 其他 利害 关系人 利益 产生 不利 影响 应当 买受人 其他 利害 关系人 同意 第十条 申报 楼盘 变更 更正 涉及 房屋 存在 以下 情形 相关 权利 利害 关系人 确认 同意 予以 变更 房屋 签约 销售 建筑面积 误差 绝对值 超过 房屋 办理 在建 工程 抵押 房屋 依法 查封 查封 其他 情形 第十一条 建筑物 灭失 房地产 开发 企业 相关 当事人 应当 及时 申报 楼盘 注销 第十二条 申报 楼盘 注销 应当 提交 楼盘 注销 申请表 建筑物 灭失 相关 材料 符合条件 应当 一个 工作日内 办理 完毕 第十三条 开展 商品房 销售 许可 商品房 现售 备案 商品房 买卖合同 网签 备案 预售 资金 监管 住宅 专项 维修 资金 管理 业务 产生 或者 通过 部门 信息 共享 获取 交易 状况 权利 状况 相关 信息 应当 及时 载入 楼盘 实现 楼盘 信息 动态 更新 第十四条 楼盘 建立 变更 更正 注销 业务 形成 档案 材料 应当 立卷 归档 档案管理 相关 规定 保管 第十五条 巢湖市 肥东县 肥西县 长丰县 庐江县 参照 办法 执行 第十六条 办法 由市 住房 保障 房产 管理局 负责 解释 第十七条 办法 发布 之日起 施行 有效期 三年 房地产 开发 企业 房地产 经纪 机构 相关 单位 研究 施行 关于 新建 商品 住房 公证 摇号 公开 销售 有关 事项 通知 合房 继续 实施 有效期 延长 合肥市 住房 保障 房产 管理局 各县 人民政府 市政府 有关 部门 房地产 开发 企业 深入 实习 总书记 房子 用来 不是 用来 定位 加快 推进 房地产 市场 供给 结构性 改革 保障 购房人 合法权益 促进 全市 房地产 市场 平稳 健康 发展 经市 土地 管理 委员会 第六次 主任 扩大 会议 研究 同意 调整 商品房 预售 许可 形象 进度 要求 通知 如下 日起 我市 含四县 一市 范围 商品房 预售 许可 工程 形象 进度 要求 调整 如下 地上 建筑 层数 主体 结构 封顶 建筑 层数 层及 以上 达到 上层 三分之一 低于 以上 条款 纳入 土地 供应 方案 出让 合同 对于 发文 公告 出让 房地产 开发 项目 预售 许可 形象 进度 要求 按照 规定 执行 合肥市 房地产 管理局 各县 人民政府 有关 单位 合肥市 商品房 预售 资金 监督管理 办法 已经 市政府 同意 印发 你们 认真贯彻 执行 合肥市 商品房 预售 资金 监督管理 办法 第一条 加强 商品房 预售 资金 监督管理 保护 预售 商品房 当事人 合法权益 促进 我市 房地产 市场 健康 有序 发展 根据 中华人民共和国 城市 房地产 管理法 城市 商品房 预售 管理 办法 建设部 国务院办公厅 关于 继续 做好 房地产 市场 调控 工作 通知 国办发 有关 规定 结合 我市 实际 制定 办法 第二条 本市 市区 范围 新开工 房地产 开发 项目 其经 批准 预售 商品房 预售 资金 收存 拨付 监督管理 适用 办法 第三条 办法 商品房 预售 资金 预售 开发 商品房 住宅 商业 办公 工业 厂房 车库 仓储 预售 地下 空间 房屋 下同 竣工 验收 销售 预购 合同 约定 预先 支付 定金 首付款 后续 付款 包括 预售 商品房 按揭 贷款 购房款 预售 预售 商品房 房地产 开发 企业 预购 购买 预售 商品房 单位 个人 第四条 房地产 管理局 商品房 预售 资金 监管 主管部门 以下 简称 监管部门 负责 组织 实施 商品房 预售 资金 监督管理 工作 依法查处 预售 违法 使用 商品房 预售 资金 行为 第五条 设立 商品房 预售 资金 监管 专用 账户 银行 以下 简称 监管 银行 应当 根据 办法 规定 密切配合 共同 做好 商品房 预售 资金 监管 工作 第六条 预售 进行 商品房 预售 应当 监管部门 申请 预售 许可 取得 商品房 预售 许可证 取得 商品房 预售 许可证 不得 进行 商品房 预售 或者 变相 预售 第七条 预售 申请 商品房 预售 许可证 应当 银行 设立 商品房 预售 资金 监管 专用 账户 一个 预售 项目 只能 设立 一个 监管 专用 账户 账户 实行 专款 专户 专款 专存 专款专用 预售 申请 商品房 预售 许可证 监管部门 预售 人及 监管 银行 三方 应当 签订 商品房 预售 资金 监管 专用 账户 监管 协议书 已经 设立 监管 专用 账户 预售 项目 尚未 发生 销售 行为 可以 申请 变更 监管 专用 账户 变更 期间 账户 范围 商品房 不得 销售 已经 发生 销售 行为 监管 专用 账户 不得 变更 第八条 商品房 预售 资金 应当 直接 存入 相应 监管 专用 账户 预售 预购 签订 商品房 买卖合同 应当 明确 缴款 方式 缴款 具体 时间 金额 预购 支付 预售 款项 应当 预售 开具 商品房 预售 资金 通知书 存入 监管 银行 监管 专用 账户 缴款通知 回执 银行 进账单 缴款 回单 预售 人换领 缴款 票据 预购 申请 购房 贷款 发放贷款 单位 应当 按照 借款 合同 约定 时间 金额 贷款 直接 划转 商品房 预售 资金 监管 专用 账户 第九条 监管 专用 账户 商品房 预售 资金 重点 监管 资金 一般 监管 资金 重点 监管 资金 指本 监管 项目 达到 竣工 交付 条件 工程建设 费用 用于 购买 必需 建筑材料 设备 支付 建设 施工进度 一般 监管 资金 超过 重点 监管 资金 以外 资金 重点 监管 资金 监管 项目 工程建设 费用 总额 建筑安装 工程 基础设施 公共 配套 设施 费用 不可 预见 组成 工程建设 费用 总额 监管部门 依据 建设 工程造价 管理 部门 确认 商品房 建设工程 单位 综合 造价 乘以 监管 项目 测绘 建筑面积 核定 第十条 预售 需要 使用 重点 监管 资金 应当 监管部门 提交 商品房 预售 资金 重点 监管 资金 拨付 申请表 以下 资料 用于 支付 购买 建筑材料 设备 应当 提供 采购 合同 用于 支付 施工单位 工程款 应当 提供 施工 合同 施工单位 工程 监理 单位 出具 工程进度 用款 证明 其他 需要 相关 材料 预售 使用 一般 监管 资金 需提交 商品房 预售 资金 一般 监管 资金 拨付 申请表 第十一条 监管部门 应当 受理 预售 拨付 商品房 预售 资金 申请 之日起 工作日内 做出 答复 经审查 符合条件 出具 商品房 预售 资金 监管 专用 账户 资金 拨付 通知书 以下 简称 通知书 下列 情形 之一 不予 核准 书面 告知 预售 理由 超出 监管部门 核准 数额 收款 单位 申请 用途 不符 一笔 用款 按照 核准 用途 使用 纠正 一份 通知书 只能 签开 一张 记载 事项 完全一致 支票 不得 一份 通知书 签开 支票 监管 银行 应当 通知书 准予 拨付 金额 复核 即时 拨付 第十二条 监管 项目 取得 房屋建筑 工程 市政 基础设施 工程 竣工 验收 备案 合肥市 建设工程 竣工 验收 查验 合格 证明 预售 方可 申请 取消 项目 预售 资金 监管 监管部门 出具 商品房 预售 资金 监管 专用 账户 取消 监管 通知书 监管 银行 办理 取消 监管 手续 第十三条 预售 人未 取得 商品房 预售 许可证 擅自 预售 或者 变相 预售 商品房 监管部门 按照 城市 房地产 开发 经营 管理条例 规定 责令 停止 违法行为 没收 违法 所得 可以 并处 收取 预付款 以下 罚款 第十四条 预售 提供 虚假 申报材料 骗取 工程建设 资金 按规定 用途 使用 挪用 商品房 预售 资金 监管 专用 账户 款项 以及 直接 收取 商品房 预售 资金 监管部门 应当 责令 限期 改正 暂停 商品房 预售 预售 资金 拨付 按照 城市 商品房 预售 管理 办法 规定 予以 处罚 同时 作为 不良行为 记入 信用 档案 第十五条 银行 擅自 拨付 预售 监管 专用 账户 款项 购房 贷款 直接 划转 监管 专用 账户 监管部门 按照 协议 约定 暂停 银行 新开设 预售 资金 监管 专用 账户 业务 预购 造成 损失 银行 应当 依法 承担 法律责任 第十六条 监管部门 工作人员 玩忽职守 徇私舞弊 应当 核准 拨付 资金 及时 核准 应当 核准 拨付 资金 核准 情形 依法 予以 行政处分 涉嫌犯罪 依法 移送 司法机关 追究 刑事责任 第十七条 监管部门 应当 依据 办法 制定 实施细则 明确 工作 流程 办事 程序 提高 工作效率 拟定 商品房 预售 资金 监管 专用 账户 监管 协议书 文本 第十八条 肥东县 肥西县 长丰县 庐江县 巢湖市 参照 办法 执行 第十九条 办法 发布 之日起 施行 有效期 合肥市 人民政府 办公厅 关于 印发 合肥市 商品房 预售 资金 监督管理 暂行办法 通知 合政办 同时 废止,3.698539678853364,9.585215341295184,3.416666666666667,4.0,21353,7.1,27.14166666666667,2400.0,13.19625,244.26,2400.0,5.175000000000001,5,3,0.008625,1.0,阶段1,7.0,12.0,0.0,,1.0,阶段2,13.0,15.0,0.0,,1.0,竣备,16.0,27.0,13.19625,1.550000000000001,1.0,阶段4,28.0,37.0,0.0,,0.0,阶段5,,,0.0,,2,3,244.26
定安,定安,Ding'an-3,approved construction cost,with multiplier or floor,unspecified construction progress,找不到/未明确,specified but count unavailable,other / unclear,False,False,,,,not explicitly countable from retained excerpt,not explicitly parseable from retained excerpt,not explicitly parseable from retained excerpt,监管额度和拨付节点 | 监管账户内的资金达到监管额度后，超出部分可由开发企业自行提取使用 | 完成房屋所有权首次登记后终止,True,policy_identification_filled.xlsx,City_audit,4stage_Ncost,4,4,stage_1|stage_2|stage_3|stage_4,主体|装修|竣备|确权,主体|装修|竣备|确权,complete_named_milestones,stage_1,stage_4,4,0.3,0.1,cumulative_same_denominator_stage_shares,terminal_stage_share:monthly_revenue_stage_ratio,expert_calibrated_operational_proxy_pending_source_mapping,monthly-revenue stage ratio or within-cohort amount share; not automatically a policy percentage,external/Modelling Dep/41_Cities_Dep/city_catalog.json,data/pmc_data.xlsx,dep-operational-h1-v1,Ding'an-3,2022,三线,定安,Hainan,"定安县住房保障与房产服务中心
关于公开选取定安县商品房预售资金监管项目招标代理机构的公告
我单位拟对定安县商品房预售资金监管项目进行招标，为保证招标代理机构的选定公开、公平、公正，现通过公开方式择优选择一家招标代理机构。有关事宜公告如下：
一、业主单位：定安县住房保障与房产服务中心
二、项目名称：定安县商品房预售资金监管
三、招标范围：定安县商品房预售资金
商品房预售资金是开发商将正在建设中的商品房出售给购房人，购房人按照商品房买卖合同约定支付给开发商的购房款，包括定金（订金）、首付款、一次性付款、分期付款、按揭款等。房产开发企业须将预售资金存入银行专用监管账户，只能用作本项目建设，不得随意支取、使用。 由监管银行按照相关规定及协议约定实行全过程监管。 
四、招标代理机构资格要求
1.在中华人民共和国注册的，具有独立法人资格企事业单位；
2.具备招标代理机构必须的专业技术人员及人数；
3.信誉良好，遵守行业规范，必须为未被列入中国执行信息公开网（http://zxgk.court.gov.cn/shixin/）失信被执行人和中国政府采购网(www.ccgp.gov.cn)政府采购严重违法失信行为记录名单的响应人(提供“中国执行信息公开网＂和“中国政府采购网”网站查询截图)。并提供近2年来类似业绩；
4.在海南省政府采购网备案的政府采购招标代理机构，可依法开展政府采购代理业务。
五、报名提供资料（提供复印件一份并盖单位公章）
1.营业执照副本复印件、组织机构代码证、税务登记证复印件或“一照三号”或“一照一码”营业执照副本复印件；
2.法人证明及委托书；
3.在海南省政府采购网备案的截图；
4.代理项目类似业绩证明资料；
5.提供“中国执行信息公开网＂和“中国政府采购网”网站查询结果。
（以上提交材料需密封提交）
六、报名时间、地点、联系方式
1.报名时间:2022年11月21日上午8:00至2022年11 月 25日下午17:00(共5个工作日)。
2.报名地点:定安县住房保障与房产服务中心（海南省定安县定城镇岳崧路32号第二办公区320办公室 ），不接受邮寄材料报名。
3.联系方式：王充，联系电话：0898-63831030。
定安县住房保障与房产服务中心
2022年11月18日
=========================

定安：降低房地产开发企业保证金留存比例 
2022-10-10 20:28 
新海南客户端、南海网、南国都市报10月10日消息（记者 王康景）近日，记者从定安县住房公积金管理局获悉，该局启动纵横联动工作机制，结合“万名干部下企业”活动，通过实地宣传走访，问计问需，落实企业缓交公积金及降低保证金留存比例等助企纾困措施 
定安县住房公积金管理局充分运用大数据平台为公积金缴存主体刻画精准“画像”，变“人找政策”为“政策找人”，分类进行点对点、一对一辅导，推动缓缴降比、减存保证金等公积金政策红利第一时间从纸上落到账上，确保企业应享尽享。截至目前，共受理审批海南日广投资有限公司等7家单位的阶段性缓缴住房公积金申请，释放缴存额压力共计143200元；预计减存辖区内楼盘项目保证金600万余元，进一步加速房企资金回流，提升企业竞争力，稳定市场预期。
《海南省住房公积金关于落实阶段性住房公积金助企纾困特别措施》是继上半年出台阶段性缓缴和降低住房公积金缴存比例措施的再次升级，《特别措施》中规定自2022年8月1日起至2022年10月31日，受疫情影响无法正常缴存住房公积金的单位视同缓缴，缓缴单位职工住房公积金视同正常缴存，可正常申请办理提取、贷款业务。2022年11月1日后，单位应及时补缴视同缓缴期间的住房公积金。2022年11月1日至2022年12月31日无法补缴的单位，须按正常缓缴住房公积金程序申请缓缴。
为切实缓解房地产开发企业资金流动性压力，海南省住房公积金管理局于6月27日印发《关于降低住房公积金贷款保证金比例的通知》。通知规定未取得不动产权证的商品房公积金贷款保证金留存比例由5%调低至2%；对按《海南省商品房预售资金监管办法》执行监管账户管理的商品房项目，保证金留存比例调低至1%；未取得不动产权证的保障性住房公积金贷款保证金留存比例由3%调低至1%。
==================================

海南省住房和城乡建设厅
中国人民银行海口中心支行
中国银行保险监督管理委员会海南监管局
关于印发《海南省商品房预售资金监管办法》的通知 
各市、县、自治县人民政府，省直各有关部门，各有关单位：
经省政府同意，现将《海南省商品房预售资金监管办法》印发给你们，请认真贯彻执行。
附件：海南省商品房预售资金三方监管协议参考文本
海南省住房和城乡建设厅  中国人民银行海口中心支行 
中国银行保险监督管理委员会海南监管局
2022年9月26日
（此件主动公开）
海南省商品房预售资金监管办法
第一章 总 则
第一条 为规范我省商品房预售资金(以下简称预售资金)的监督管理，保障房地产项目竣工交付，维护购房人合法权益，促进房地产市场平稳健康发展，根据《中华人民共和国城市房地产管理法》、《城市商品房预售管理办法》、《住房和城乡建设部 人民银行 银保监会关于规范商品房预售资金监管的意见》等有关规定，结合我省实际，制定本办法。
第二条 凡在我省行政区域内申请商品房预售许可的项目，其预售资金的收存、使用及监督管理，适用本办法。
第三条 我省预售资金的监督管理遵循专户存储、专款专用、全程监管、节点控制、多方监督的原则。
第四条 本办法所称预售资金，是指预售商品房的房地产开发企业(以下简称开发企业)依法将其开发的商品房出售，由购房人缴交的定金、首付款、住房公积金贷款、商业银行发放的按揭贷款和其他形式的购房款等各种款项。
第五条 预售资金监管期限自项目核发《商品房预售许可证》开始，至项目完成房屋所有权首次登记后终止。
第六条 省住房和城乡建设厅负责指导全省预售资金的收存、使用工作。人民银行分支机构指导商业银行做好监管账户管理工作。银保监部门负责对商业银行预售资金监管的操作风险和合规性进行监督检查。商业银行按照监管协议做好监管账户监控和拨付工作，并定期与市、县、自治县住房和城乡建设部门（以下称市县住建部门）对账，对发现的违法违规行为及时向市县住建部门反馈。
市县住建部门履行辖区内预售资金监管职责。具体为：
（一）会同本辖区内的人民银行分支机构、银保监部门通过公开招标方式，确定能够承接商品房预售资金监管业务的商业银行。
（二）制定本市县监管实施细则和三方监管协议文本。
（三）合理确定监管额度和拨付节点。
（四）与开发企业、商业银行共同签订预售资金三方监管协议（以下称监管协议），受理开发企业使用预售资金申请，出具审核意见。
（五）定期巡查预售项目，对开发企业管理使用预售资金的行为进行监督检查。
（六）受理预售资金收存、使用中违法违规行为的投诉，对预售资金监管相关矛盾纠纷进行调处化解。
（七）本办法规定的其他有关工作。
第二章 一般规定
第七条 市县住建部门会同属地人民银行分支机构、银保监部门通过公开招标方式，综合商业银行资信状况、监管能力、服务水平等因素，确定能够承接商品房预售资金监管业务的商业银行，并通过市县住建部门门户网站予以公示，开发企业应从公示的名单中选择商业银行作为监管银行。
第八条 开发企业在申请办理《商品房预售许可证》前，按一次预售许可开设一个监管账户的原则，与市县住建部门和监管银行签订监管协议，明确预售资金收存和使用方式、监管额度、违约责任等，监管协议主要内容要在预售方案中予以明确，并通过附件方式在《商品房买卖合同》中予以体现。
监管账户应当在《商品房预售许可证》《商品房买卖合同》上载明，并在商品房销售现场显著位置，以及所在市县住建部门的门户网站进行公示。
监管账户一经设立，原则上不得随意变更；确需变更的，应由市县住建部门、开发企业、监管银行三方协商同意后解除原监管协议，重新签订新的监管协议，并在5个工作日内将原监管账户中的预售资金全部转入变更后的监管账户。账户变更期间，原监管账户范围内的商品房暂停销售。
第九条 商品房预售资金应全部直接存入监管账户进行监管，开发企业不得直接收取或另设账户收存购房人的购房款。省住房和城乡建设厅建立健全房产管理信息系统，市县住建部门在办理房屋交易合同网签备案时，需确认商品房预售资金已按要求同步存入监管账户。
第十条 商品房预售资金实行全程监管，确保专款专用，对用于支付工程建设等费用的预售资金要实施重点监管，市县住建部门要根据商品房项目建设工程造价、施工合同金额以及项目交付使用条件等因素合理确定监管额度，并在监管协议中予以明确。
监管账户监管额度内的资金只能用于购买该项目建设必需的建筑材料、设备和支付施工进度款等相关支出。监管额度内的资金应按照工程进度予以拨付，首次拨付节点不得早于地下结构完成，最后拨付节点为项目完成房屋所有权首次登记。各市县住建部门可根据主体分部验收、装修分部验收、竣工验收、联合验收、房屋所有权首次登记等环节具体确定资金拨付节点以及相应的资金余额要求。
开发企业申请支取监管额度内的预售资金，须经所在市县住建部门核实同意。监管账户内的资金达到监管额度后，超出部分可由开发企业自行提取使用。监管额度内的资金，在解除预售资金监管前，监管银行不得擅自划扣。商品房预售资金监管账户不得开通网上银行功能和自动扣款等转账业务。设立子公司的房地产开发企业，集团公司不得抽调。
第十一条 各市县住建部门应建立商品房预售资金分类监管机制。对合法依规经营，一定年限内未受到房地产市场监管部门行政处罚,且未发生监管账户被采取冻结、划拨、税收保全措施或强制执行措施、拖欠工程款和拖欠农民工工资等情况的开发企业,可申请以提交符合要求的银行保函等方式替代一定额度的预售资金监管。各市县住建部门可根据全省住房和城乡建设领域信用体系建设情况，强化信用评价结果共享应用，根据开发企业信用等级和保函情况，适当降低或上浮预售资金的监管额度。
第三章 预售资金收存和使用管理
第十二条 由购房人缴交的定金、首付款、住房公积金贷款、商业银行发放的按揭贷款和其他形式的购房款存入相应的监管账户后，开发企业凭相应的监管账户缴款回单，为购房人开具售房发票。购房人按揭贷款购买商品房的，其按揭贷款由贷款银行按开发企业提供的监管账户直接划入。
开发企业不得向购房人以集资、借款、会员费、工程抵押等形式变相预售商品房，逃避资金监管。
第十三条 开发企业应按照监管协议所确定的资金使用节点向市县住建部门提出使用预售资金申请，并提交相应材料：
（一）商品房预售资金使用申请书。
（二）用于支付工程款的，提供工程建设合同及工程监理机构出具的施工进度资料及影像资料。
（三）用于支付工程建设所需的建筑材料、设备款项的，提供与供应商签订的购销合同。
（四）用于支付工程监理或其他行政事业性收费的，提供合同或缴费通知。
（五）其他应当提供的材料。
首次拨付款后，每次申请拨款时还应当提交上一次申请用款事项的转款回单。如支付工程款的，则需提交监理单位对相应款项使用情况的证明材料。
第十四条 在销售中若发生退款的，开发企业可以向市县住建部门申请解除退款部分的监管，市县住建部门应在3个工作日内核实，书面通知监管银行。
第十五条 市县住建部门受理开发企业使用商品房预售资金的申请后，应严格依据本办法相关规定进行审核，需要确认开发项目建设进度的，应结合工程进度资料现场核查或通过信息系统比对，审核工作不得超过3个工作日。
第十六条 监管银行收到市县住建部门同意拨付意见后，应在2个工作日内将资金拨付给与开发企业签订合同的相关当事人或单位。商业银行违反监管协议，未经所在市县住建部门核实同意，擅自拨付监管额度内资金的，应当负责追回资金，无法追回的依法承担相应赔偿责任。
第十七条 开发企业办理完成项目房屋所有权首次登记后，可以凭相关证明文件向市县住建部门申请解除预售资金监管。市县住建部门应在5个工作日内核实，出具解除预售资金监管证明，并书面通知开发企业和监管银行。开发企业和监管银行接到通知后，按规定办理解除预售资金监管手续。
第十八条 有下列情形之一的，市县住建部门可书面通知监管银行暂停拨付监管账户内的预售资金，并启动应急措施，协调相关部门监督监管账户内资金的使用：
（一）开发企业存在违法违规行为导致工程停工的。
（二）预售项目发生质量事故或存在严重质量问题的。
（三）预售项目未按期交付使用或存在不能按时交付风险的。
（四）项目存在违法违规建设和销售的。
（五）项目存在严重债务和劳务纠纷的。
（六）市县住建部门认定应当暂停拨付的其他情形。
开发企业侵害购房人权益，依法应给予赔偿的，应优先用超出项目监管额度以外的预售资金支付。
第十九条 市县住建部门要会同金融监管部门推动房屋网签备案系统和商业银行业务管理系统对接，加强数据共享，推进资金申请、审核、拨付“全程网办”，提高资金拨付效率。
第四章 监督管理
第二十条 监管银行应按月将预售资金收支等情况报送市县住建部门。市县住建部门应主动在部门门户系统公示监管协议、工程形象进度和预售资金收支情况等相关信息，方便购房人查询。
第二十一条 省住房和城乡建设厅和人行海口中心支行、海南银保监局根据各自的监管职责做好日常指导和监督检查工作。市县住建部门要定期巡查预售项目，发现项目收支存在异常情况的，责令开发企业限期改正。人行海口中心支行及属地市县支行、海南银保监局及其派出机构发现监管银行违规的，应当依法严肃处理。监管银行发现房地产开发企业存在违规挪用监管额度内资金问题的，应当停止拨付，并立即告知市县住建部门，市县住建部门要及时作出处理。
第二十二条 涉及人民法院保全、执行商品房预售资金的，按照《最高人民法院 住房和城乡建设部 中国人民银行关于规范人民法院保全执行措施确保商品房预售资金用于项目建设的通知》（法〔2022〕12号）有关要求执行。
第二十三条 开发企业有下列行为之一的，由市县住建部门责令其限期改正，整改期间开发企业不得申请拨付预售资金：
（一）未按本办法规定收存、使用预售资金的。
（二）提供虚假证明材料申请使用预售资金的。
（三）以收取其他款项为名变相逃避监管的。
（四）其他违反预售资金监管规定的。
情节严重或拒不改正的,按照国家及我省诚信管理有关规定处理。违反相关法律、法规、规章规定的，依照有关规定处罚。
第二十四条 施工单位、监理单位提供虚假证明或采取其他方式协助开发企业违规支取预售资金的，由市县住建部门依法对相关责任单位和责任人予以处理。违反相关法律、法规、规章规定的，依照有关规定处罚。
第二十五条 监管银行违反规定或未按照商品房预售资金监管协议约定，擅自收存、管理以开发企业名义转入的资金，未按规定监控、反馈购房贷款入账情况，擅自拨付资金，或存在其他违规行为的，依法承担相应法律责任。
第二十六条 违反本办法规定，相关部门及其工作人员在预售资金监管工作中玩忽职守、滥用职权、徇私舞弊的，依法追究责任。
第五章 附则
第二十七条 各市县可结合本办法制定具体操作细则。
第二十八条 本办法的具体应用由省住房和城乡建设厅会同人行海口中心支行、海南银保监局负责解释。
第二十九条 本办法自2022年10月1日起施行。2013年11月15日海南省住房和建设厅 中国人民银行海口中心支行 中国银行业监督管理委员会海南监管局印发的《海南省商品房预售资金监管暂行办法》（琼建房〔2013〕237号）同时废止。
附件",定安县 住房 保障 房产 服务中心 关于 公开 选取 定安县 商品房 预售 资金 监管 项目 招标 代理 机构 公告 单位 定安县 商品房 预售 资金 监管 项目 进行 招标 保证 招标 代理 机构 选定 公开 公平 公正 通过 公开 方式 择优 选择 一家 招标 代理 机构 有关 事宜 公告 如下 业主 单位 定安县 住房 保障 房产 服务中心 项目名称 定安县 商品房 预售 资金 监管 招标 范围 定安县 商品房 预售 资金 商品房 预售 资金 开发商 正在 建设 商品房 出售 购房人 购房人 按照 商品房 买卖合同 约定 支付 开发商 购房款 包括 定金 订金 首付款 一次性 付款 分期付款 按揭 房产 开发 企业 预售 资金 存入 银行 专用 监管 账户 只能 用作 项目 建设 不得 随意 支取 使用 监管 银行 按照 相关 规定 协议 约定 实行 全过程 监管 招标 代理 机构 资格 要求 中华人民共和国 注册 具有 独立 法人资格 企事业 单位 具备 招标 代理 机构 必须 专业 技术人员 人数 信誉 良好 遵守 行业 规范 必须 列入 中国 执行 信息 公开 失信 被执行人 中国政府 采购网 政府 采购 严重 违法 失信 行为 记录 名单 响应 提供 中国 执行 信息 公开 中国政府 采购网 网站 查询 截图 提供 类似 业绩 海南省政府 采购网 备案 政府 采购 招标 代理 机构 依法 开展 政府 采购 代理 业务 报名 提供 资料 提供 复印件 一份 单位 公章 营业执照 副本 复印件 组织 机构 代码证 税务 登记证 复印件 一照 三号 一照 一码 营业执照 副本 复印件 法人 证明 委托书 海南省政府 采购网 备案 截图 代理 项目 类似 业绩 证明 资料 提供 中国 执行 信息 公开 中国政府 采购网 网站 查询 结果 以上 提交 材料 密封 提交 报名 时间 地点 联系方式 报名 时间 上午 下午 工作日 报名 地点 定安县 住房 保障 房产 服务中心 海南省 定安县 城镇 岳崧 第二 办公区 办公室 接受 邮寄 材料 报名 联系方式 王充 联系电话 定安县 住房 保障 房产 服务中心 定安 降低 房地产 开发 企业 保证金 留存 比例 海南 客户端 南海 南国 都市报 消息 记者 王康景 近日 记者 定安县 住房 公积金 管理局 获悉 该局 启动 纵横 联动 工作 机制 结合 万名 干部 企业 活动 通过 实地 宣传 走访 问计 问需 落实 企业 缓交 公积金 降低 保证金 留存 比例 等助 企纾困 措施 定安县 住房 公积金 管理局 充分运用 数据 平台 公积金 缴存 主体 刻画 精准 画像 政策 政策 找人 分类 进行 点对点 一对一 辅导 推动 缓缴 降比 减存 保证金 公积金 政策 红利 第一 时间 从纸 落到 账上 确保 企业 享尽 截至 目前 受理 审批 海南 日广 投资 有限公司 单位 阶段性 缓缴 住房 公积金 申请 释放 缴存 压力 共计 预计 减存 辖区 楼盘 项目 保证金 万余元 进一步 加速 房企 资金 回流 提升 企业 竞争力 稳定 市场 预期 海南省 住房 公积金 关于 落实 阶段性 住房 公积金 助企纾困 特别 措施 上半年 出台 阶段性 缓缴 降低 住房 公积金 缴存 比例 措施 再次 升级 特别 措施 规定 日起 疫情 影响 无法 正常 缴存 住房 公积金 单位 视同 缓缴 缓缴 单位 职工 住房 公积金 视同 正常 缴存 正常 申请 办理 提取 贷款 业务 日后 单位 及时 补缴 视同 缓缴 期间 住房 公积金 日至 无法 补缴 单位 正常 缓缴 住房 公积金 程序 申请 缓缴 切实 缓解 房地产 开发 企业 资金 流动性 压力 海南省 住房 公积金 管理局 印发 关于 降低 住房 公积金 贷款 保证金 比例 通知 通知 规定 取得 不动产 权证 商品房 公积金 贷款 保证金 留存 比例 调低 海南省 商品房 预售 资金 监管 办法 执行 监管 账户 管理 商品房 项目 保证金 留存 比例 调低 取得 不动产 权证 保障性 住房 公积金 贷款 保证金 留存 比例 调低 海南省 住房 城乡 建设厅 中国人民银行 海口 中心 支行 中国银行 保险 监督管理 委员会 海南 监管局 关于 印发 海南省 商品房 预售 资金 监管 办法 通知 各市 自治县 人民政府 省直 有关 部门 有关 单位 省政府 同意 现将 海南省 商品房 预售 资金 监管 办法 印发 你们 认真贯彻 执行 附件 海南省 商品房 预售 资金 三方 监管 协议 参考 文本 海南省 住房 城乡 建设厅 中国人民银行 海口 中心 支行 中国银行 保险 监督管理 委员会 海南 监管局 此件 主动 公开 海南省 商品房 预售 资金 监管 办法 第一章 第一条 规范 我省 商品房 预售 资金 以下 简称 预售 资金 监督管理 保障 房地产 项目 竣工 交付 维护 购房人 合法权益 促进 房地产 市场 平稳 健康 发展 根据 中华人民共和国 城市 房地产 管理法 城市 商品房 预售 管理 办法 住房 城乡 建设部 人民银行 保监会 关于 规范 商品房 预售 资金 监管 意见 有关 规定 结合 我省 实际 制定 办法 第二条 我省 行政区域 申请 商品房 预售 许可 项目 预售 资金 收存 使用 监督管理 适用 办法 第三条 我省 预售 资金 监督管理 遵循 专户 存储 专款专用 全程 监管 节点 控制 多方 监督 原则 第四条 办法 预售 资金 预售 商品房 房地产 开发 企业 以下 简称 开发 企业 依法 开发 商品房 出售 购房人 缴交 定金 首付款 住房 公积金 贷款 商业银行 发放 按揭 贷款 其他 形式 购房款 各种 款项 第五条 预售 资金 监管 期限 项目 核发 商品房 预售 许可证 开始 项目 完成 房屋 所有权 首次 登记 终止 第六条 住房 城乡 建设厅 负责 指导 全省 预售 资金 收存 使用 工作 人民银行 分支机构 指导 商业银行 做好 监管 账户 管理工作 银保监 部门 负责 商业银行 预售 资金 监管 操作 风险 合规性 进行 监督 检查 商业银行 按照 监管 协议 做好 监管 账户 监控 拨付 工作 定期 自治县 住房 城乡建设 部门 以下 市县 住建 部门 对账 发现 违法 违规行为 及时 市县 住建 部门 反馈 市县 住建 部门 履行 辖区 预售 资金 监管 职责 具体 会同 辖区 人民银行 分支机构 银保监 部门 通过 公开招标 方式 确定 能够 承接 商品房 预售 资金 监管 业务 商业银行 制定 本市 监管 实施细则 三方 监管 协议 文本 合理 确定 监管 额度 拨付 节点 开发 企业 商业银行 共同 签订 预售 资金 三方 监管 协议 以下 监管 协议 受理 开发 企业 使用 预售 资金 申请 出具 审核 意见 定期 巡查 预售 项目 开发 企业 管理 使用 预售 资金 行为 进行 监督 检查 受理 预售 资金 收存 使用 违法 违规行为 投诉 预售 资金 监管 相关 矛盾 纠纷 进行 调处 化解 办法 规定 其他 有关 工作 第二章 一般 规定 第七条 市县 住建 部门 会同 属地 人民银行 分支机构 银保监 部门 通过 公开招标 方式 综合 商业银行 资信 状况 监管 能力 服务水平 因素 确定 能够 承接 商品房 预售 资金 监管 业务 商业银行 通过 市县 住建 部门 门户网站 予以 公示 开发 企业 应从 公示 名单 选择 商业银行 作为 监管 银行 第八条 开发 企业 申请 办理 商品房 预售 许可证 一次 预售 许可 开设 一个 监管 账户 原则 市县 住建 部门 监管 银行 签订 监管 协议 明确 预售 资金 收存 使用 方式 监管 额度 违约责任 监管 协议 主要 内容 预售 方案 予以 明确 通过 附件 方式 商品房 买卖合同 予以 体现 监管 账户 应当 商品房 预售 许可证 商品房 买卖合同 载明 商品房 销售 现场 显著 位置 以及 所在 市县 住建 部门 门户网站 进行 公示 监管 账户 一经 设立 原则上 不得 随意 变更 确需 变更 应由 市县 住建 部门 开发 企业 监管 银行 三方 协商 同意 解除 监管 协议 重新 签订 监管 协议 工作日内 监管 账户 预售 资金 全部 转入 变更 监管 账户 账户 变更 期间 监管 账户 范围 商品房 暂停 销售 第九条 商品房 预售 资金 全部 直接 存入 监管 账户 进行 监管 开发 企业 不得 直接 收取 另设 账户 收存 购房人 购房款 住房 城乡 建设厅 建立健全 房产 管理信息系统 市县 住建 部门 办理 房屋交易 合同 网签 备案 确认 商品房 预售 资金 要求 同步 存入 监管 账户 第十条 商品房 预售 资金 实行 全程 监管 确保 专款专用 用于 支付 工程建设 费用 预售 资金 实施 重点 监管 市县 住建 部门 根据 商品房 项目 建设 工程造价 施工 合同 金额 以及 项目 交付使用 条件 因素 合理 确定 监管 额度 监管 协议 予以 明确 监管 账户 监管 额度 资金 只能 用于 购买 项目 建设 必需 建筑材料 设备 支付 施工进度 相关 支出 监管 额度 资金 按照 工程进度 予以 拨付 首次 拨付 节点 不得 地下 结构 完成 最后 拨付 节点 项目 完成 房屋 所有权 首次 登记 各市县 住建 部门 根据 主体 分部 验收 装修 分部 验收 竣工 验收 联合 验收 房屋 所有权 首次 登记 环节 具体 确定 资金 拨付 节点 以及 相应 资金 余额 要求 开发 企业 申请 支取 监管 额度 预售 资金 所在 市县 住建 部门 核实 同意 监管 账户 资金 达到 监管 额度 超出 部分 开发 企业 自行 提取 使用 监管 额度 资金 解除 预售 资金 监管 监管 银行 不得 擅自 划扣 商品房 预售 资金 监管 账户 不得 开通 网上银行 功能 自动 扣款 转账 业务 设立 子公司 房地产 开发 企业 集团公司 不得 抽调 第十一条 各市县 住建 部门 建立 商品房 预售 资金 分类 监管 机制 合法 依规 经营 一定 年限 内未 受到 房地产 市场 监管部门 行政处罚 发生 监管 账户 采取 冻结 划拨 税收 保全 措施 强制执行 措施 拖欠 工程款 拖欠 农民工 工资 情况 开发 企业 申请 提交 符合要求 银行 保函 方式 替代 一定 额度 预售 资金 监管 各市县 住建 部门 根据 全省 住房 城乡建设 领域 信用 体系 建设 情况 强化 信用 评价 结果 共享 应用 根据 开发 企业 信用等级 保函 情况 适当 降低 上浮 预售 资金 监管 额度 第三章 预售 资金 收存 使用 管理 第十二条 购房人 缴交 定金 首付款 住房 公积金 贷款 商业银行 发放 按揭 贷款 其他 形式 购房款 存入 相应 监管 账户 开发 企业 相应 监管 账户 缴款 回单 购房人 开具 售房 发票 购房人 按揭 贷款 购买 商品房 按揭 贷款 贷款 银行 开发 企业 提供 监管 账户 直接 划入 开发 企业 不得 购房人 集资 借款 会员费 工程 抵押 形式 变相 预售 商品房 逃避 资金 监管 第十三条 开发 企业 按照 监管 协议 确定 资金 使用 节点 市县 住建 部门 提出 使用 预售 资金 申请 提交 相应 材料 商品房 预售 资金 使用 申请书 用于 支付 工程款 提供 工程建设 合同 工程 监理 机构 出具 施工进度 资料 影像 资料 用于 支付 工程建设 建筑材料 设备 款项 提供 供应商 签订 购销 合同 用于 支付 工程 监理 其他 行政 事业性 收费 提供 合同 缴费通知 其他 应当 提供 材料 首次 付款 每次 申请 拨款 应当 提交 一次 申请 用款 事项 转款 回单 支付 工程款 需提交 监理 单位 相应 款项 使用 情况 证明 材料 第十四条 销售 中若 发生 退款 开发 企业 可以 市县 住建 部门 申请 解除 退款 部分 监管 市县 住建 部门 工作日内 核实 书面通知 监管 银行 第十五条 市县 住建 部门 受理 开发 企业 使用 商品房 预售 资金 申请 严格 依据 办法 相关 规定 进行 审核 需要 确认 开发 项目 建设 进度 结合 工程进度 资料 现场 核查 通过 信息系统 审核 工作 不得 超过 工作日 第十六条 监管 银行 收到 市县 住建 部门 同意 拨付 意见 工作日内 资金 拨付 给与 开发 企业 签订合同 相关 当事人 单位 商业银行 违反 监管 协议 未经 所在 市县 住建 部门 核实 同意 擅自 拨付 监管 额度 资金 应当 负责 追回 资金 无法 追回 依法 承担 相应 赔偿 责任 第十七条 开发 企业 办理 完成 项目 房屋 所有权 首次 登记 可以 相关 证明文件 市县 住建 部门 申请 解除 预售 资金 监管 市县 住建 部门 工作日内 核实 出具 解除 预售 资金 监管 证明 书面通知 开发 企业 监管 银行 开发 企业 监管 银行 接到 通知 按规定 办理 解除 预售 资金 监管 手续 第十八条 下列 情形 之一 市县 住建 部门 书面通知 监管 银行 暂停 拨付 监管 账户 预售 资金 启动 应急 措施 协调 相关 部门 监督 监管 账户 资金 使用 开发 企业 存在 违法 违规行为 导致 工程 停工 预售 项目 发生 质量事故 存在 严重 质量 问题 预售 项目 按期 交付使用 存在 不能 按时 交付 风险 项目 存在 违法 违规 建设 销售 项目 存在 严重 债务 劳务 纠纷 市县 住建 部门 认定 应当 暂停 拨付 其他 情形 开发 企业 侵害 购房人 权益 依法 给予 赔偿 优先 超出 项目 监管 额度 以外 预售 资金 支付 第十九条 市县 住建 部门 会同 金融 监管部门 推动 房屋 网签 备案 系统 商业银行 业务 管理系统 对接 加强 数据共享 推进 资金 申请 审核 拨付 全程 网办 提高 资金 拨付 效率 第四章 监督管理 第二十条 监管 银行 预售 资金 收支 情况 报送 市县 住建 部门 市县 住建 部门 主动 部门 门户 系统 公示 监管 协议 工程 形象 进度 预售 资金 收支 情况 相关 信息 方便 购房人 查询 第二十一条 住房 城乡 建设厅 人行 海口 中心 支行 海南 保监局 根据 各自 监管 职责 做好 日常 指导 监督 检查 工作 市县 住建 部门 定期 巡查 预售 项目 发现 项目 收支 存在 异常情况 责令 开发 企业 限期 改正 人行 海口 中心 支行 属地 市县 支行 海南 保监局 及其 派出机构 发现 监管 银行 违规 应当 依法 严肃处理 监管 银行 发现 房地产 开发 企业 存在 违规 挪用 监管 额度 资金 问题 应当 停止 拨付 立即 告知 市县 住建 部门 市县 住建 部门 及时 作出 处理 第二十二条 涉及 人民法院 保全 执行 商品房 预售 资金 按照 最高人民法院 住房 城乡 建设部 中国人民银行 关于 规范 人民法院 保全 执行 措施 确保 商品房 预售 资金 用于 项目 建设 通知 有关 要求 执行 第二十三条 开发 企业 下列 行为 之一 市县 住建 部门 责令 限期 改正 整改 期间 开发 企业 不得 申请 拨付 预售 资金 按本 办法 规定 收存 使用 预售 资金 提供 虚假 证明 材料 申请 使用 预售 资金 收取 其他 款项 为名 变相 逃避 监管 其他 违反 预售 资金 监管 规定 情节严重 改正 按照 国家 我省 诚信 管理 有关 规定 处理 违反 相关 法律 法规 规章 规定 依照 有关 规定 处罚 第二十四条 施工单位 监理 单位 提供 虚假 证明 采取 其他 方式 协助 开发 企业 违规 支取 预售 资金 市县 住建 部门 依法 相关 责任 单位 责任人 予以 处理 违反 相关 法律 法规 规章 规定 依照 有关 规定 处罚 第二十五条 监管 银行 违反规定 按照 商品房 预售 资金 监管 协议 约定 擅自 收存 管理 开发 企业 名义 转入 资金 按规定 监控 反馈 购房 贷款 入账 情况 擅自 拨付 资金 存在 其他 违规行为 依法 承担 相应 法律责任 第二十六条 违反 办法 规定 相关 部门 及其 工作人员 预售 资金 监管 工作 玩忽职守 滥用职权 徇私舞弊 依法追究 责任 第五章 附则 第二十七条 各市县 结合 办法 制定 具体操作 细则 第二十八条 办法 具体 应用 由省 住房 城乡 建设厅 会同 人行 海口 中心 支行 海南 保监局 负责 解释 第二十九条 办法 日起 施行 海南省 住房 建设厅 中国人民银行 海口 中心 支行 中国 银行业 监督管理 委员会 海南 监管局 印发 海南省 商品房 预售 资金 监管 暂行办法 建房 同时 废止 附件,1.625777890790961,2.986646346160663,3.116666666666667,3.45,8030,41.5,27.14166666666667,1315.759036144578,273.4003661931819,67.58986445783134,2967.787878787879,21.08002272727274,4,3,0.008625,0.3,主体,19.0,19.0,6.465167684659091,4.737987012987015,0.3,装修,19.0,25.0,68.97119936079547,5.088636363636366,0.3,竣备,19.0,26.0,83.34137556818183,5.19253246753247,0.1,确权,19.0,38.0,114.6226235795455,7.452272727272729,,,,,,,3,4,67.58986445783134
屯昌,屯昌县,Tunchang County-3,approved construction cost,with multiplier or floor,successive inspection stages,retained balance,specified but count unavailable,other / unclear,False,False,,,,not explicitly countable from retained excerpt,not explicitly parseable from retained excerpt,not explicitly parseable from retained excerpt,监管额度和拨付节点 | 监管账户内的资金达到监管额度后，超出部分可由开发企业自行提取使用 | 完成房屋所有权首次登记后终止,True,policy_identification_filled.xlsx,City_audit,4stage_Ncost,4,4,stage_1|stage_2|stage_3|stage_4,主体|装修|竣备|确权,主体|装修|竣备|确权,complete_named_milestones,stage_1,stage_4,4,0.3,0.1,cumulative_same_denominator_stage_shares,terminal_stage_share:monthly_revenue_stage_ratio,expert_calibrated_operational_proxy_pending_source_mapping,monthly-revenue stage ratio or within-cohort amount share; not automatically a policy percentage,external/Modelling Dep/41_Cities_Dep/city_catalog.json,data/pmc_data.xlsx,dep-operational-h1-v1,Tunchang County-3,2022,三线,屯昌县,Hainan,"海南省住房和城乡建设厅
中国人民银行海口中心支行
中国银行保险监督管理委员会海南监管局
关于印发《海南省商品房预售资金监管办法》的通知 
各市、县、自治县人民政府，省直各有关部门，各有关单位：
经省政府同意，现将《海南省商品房预售资金监管办法》印发给你们，请认真贯彻执行。
附件：海南省商品房预售资金三方监管协议参考文本
海南省住房和城乡建设厅  中国人民银行海口中心支行 
中国银行保险监督管理委员会海南监管局
2022年9月26日
（此件主动公开）
海南省商品房预售资金监管办法
第一章 总 则
第一条 为规范我省商品房预售资金(以下简称预售资金)的监督管理，保障房地产项目竣工交付，维护购房人合法权益，促进房地产市场平稳健康发展，根据《中华人民共和国城市房地产管理法》、《城市商品房预售管理办法》、《住房和城乡建设部 人民银行 银保监会关于规范商品房预售资金监管的意见》等有关规定，结合我省实际，制定本办法。
第二条 凡在我省行政区域内申请商品房预售许可的项目，其预售资金的收存、使用及监督管理，适用本办法。
第三条 我省预售资金的监督管理遵循专户存储、专款专用、全程监管、节点控制、多方监督的原则。
第四条 本办法所称预售资金，是指预售商品房的房地产开发企业(以下简称开发企业)依法将其开发的商品房出售，由购房人缴交的定金、首付款、住房公积金贷款、商业银行发放的按揭贷款和其他形式的购房款等各种款项。
第五条 预售资金监管期限自项目核发《商品房预售许可证》开始，至项目完成房屋所有权首次登记后终止。
第六条 省住房和城乡建设厅负责指导全省预售资金的收存、使用工作。人民银行分支机构指导商业银行做好监管账户管理工作。银保监部门负责对商业银行预售资金监管的操作风险和合规性进行监督检查。商业银行按照监管协议做好监管账户监控和拨付工作，并定期与市、县、自治县住房和城乡建设部门（以下称市县住建部门）对账，对发现的违法违规行为及时向市县住建部门反馈。
市县住建部门履行辖区内预售资金监管职责。具体为：
（一）会同本辖区内的人民银行分支机构、银保监部门通过公开招标方式，确定能够承接商品房预售资金监管业务的商业银行。
（二）制定本市县监管实施细则和三方监管协议文本。
（三）合理确定监管额度和拨付节点。
（四）与开发企业、商业银行共同签订预售资金三方监管协议（以下称监管协议），受理开发企业使用预售资金申请，出具审核意见。
（五）定期巡查预售项目，对开发企业管理使用预售资金的行为进行监督检查。
（六）受理预售资金收存、使用中违法违规行为的投诉，对预售资金监管相关矛盾纠纷进行调处化解。
（七）本办法规定的其他有关工作。
第二章 一般规定
第七条 市县住建部门会同属地人民银行分支机构、银保监部门通过公开招标方式，综合商业银行资信状况、监管能力、服务水平等因素，确定能够承接商品房预售资金监管业务的商业银行，并通过市县住建部门门户网站予以公示，开发企业应从公示的名单中选择商业银行作为监管银行。
第八条 开发企业在申请办理《商品房预售许可证》前，按一次预售许可开设一个监管账户的原则，与市县住建部门和监管银行签订监管协议，明确预售资金收存和使用方式、监管额度、违约责任等，监管协议主要内容要在预售方案中予以明确，并通过附件方式在《商品房买卖合同》中予以体现。
监管账户应当在《商品房预售许可证》《商品房买卖合同》上载明，并在商品房销售现场显著位置，以及所在市县住建部门的门户网站进行公示。
监管账户一经设立，原则上不得随意变更；确需变更的，应由市县住建部门、开发企业、监管银行三方协商同意后解除原监管协议，重新签订新的监管协议，并在5个工作日内将原监管账户中的预售资金全部转入变更后的监管账户。账户变更期间，原监管账户范围内的商品房暂停销售。
第九条 商品房预售资金应全部直接存入监管账户进行监管，开发企业不得直接收取或另设账户收存购房人的购房款。省住房和城乡建设厅建立健全房产管理信息系统，市县住建部门在办理房屋交易合同网签备案时，需确认商品房预售资金已按要求同步存入监管账户。
第十条 商品房预售资金实行全程监管，确保专款专用，对用于支付工程建设等费用的预售资金要实施重点监管，市县住建部门要根据商品房项目建设工程造价、施工合同金额以及项目交付使用条件等因素合理确定监管额度，并在监管协议中予以明确。
监管账户监管额度内的资金只能用于购买该项目建设必需的建筑材料、设备和支付施工进度款等相关支出。监管额度内的资金应按照工程进度予以拨付，首次拨付节点不得早于地下结构完成，最后拨付节点为项目完成房屋所有权首次登记。各市县住建部门可根据主体分部验收、装修分部验收、竣工验收、联合验收、房屋所有权首次登记等环节具体确定资金拨付节点以及相应的资金余额要求。
开发企业申请支取监管额度内的预售资金，须经所在市县住建部门核实同意。监管账户内的资金达到监管额度后，超出部分可由开发企业自行提取使用。监管额度内的资金，在解除预售资金监管前，监管银行不得擅自划扣。商品房预售资金监管账户不得开通网上银行功能和自动扣款等转账业务。设立子公司的房地产开发企业，集团公司不得抽调。
第十一条 各市县住建部门应建立商品房预售资金分类监管机制。对合法依规经营，一定年限内未受到房地产市场监管部门行政处罚,且未发生监管账户被采取冻结、划拨、税收保全措施或强制执行措施、拖欠工程款和拖欠农民工工资等情况的开发企业,可申请以提交符合要求的银行保函等方式替代一定额度的预售资金监管。各市县住建部门可根据全省住房和城乡建设领域信用体系建设情况，强化信用评价结果共享应用，根据开发企业信用等级和保函情况，适当降低或上浮预售资金的监管额度。
第三章 预售资金收存和使用管理
第十二条 由购房人缴交的定金、首付款、住房公积金贷款、商业银行发放的按揭贷款和其他形式的购房款存入相应的监管账户后，开发企业凭相应的监管账户缴款回单，为购房人开具售房发票。购房人按揭贷款购买商品房的，其按揭贷款由贷款银行按开发企业提供的监管账户直接划入。
开发企业不得向购房人以集资、借款、会员费、工程抵押等形式变相预售商品房，逃避资金监管。
第十三条 开发企业应按照监管协议所确定的资金使用节点向市县住建部门提出使用预售资金申请，并提交相应材料：
（一）商品房预售资金使用申请书。
（二）用于支付工程款的，提供工程建设合同及工程监理机构出具的施工进度资料及影像资料。
（三）用于支付工程建设所需的建筑材料、设备款项的，提供与供应商签订的购销合同。
（四）用于支付工程监理或其他行政事业性收费的，提供合同或缴费通知。
（五）其他应当提供的材料。
首次拨付款后，每次申请拨款时还应当提交上一次申请用款事项的转款回单。如支付工程款的，则需提交监理单位对相应款项使用情况的证明材料。
第十四条 在销售中若发生退款的，开发企业可以向市县住建部门申请解除退款部分的监管，市县住建部门应在3个工作日内核实，书面通知监管银行。
第十五条 市县住建部门受理开发企业使用商品房预售资金的申请后，应严格依据本办法相关规定进行审核，需要确认开发项目建设进度的，应结合工程进度资料现场核查或通过信息系统比对，审核工作不得超过3个工作日。
第十六条 监管银行收到市县住建部门同意拨付意见后，应在2个工作日内将资金拨付给与开发企业签订合同的相关当事人或单位。商业银行违反监管协议，未经所在市县住建部门核实同意，擅自拨付监管额度内资金的，应当负责追回资金，无法追回的依法承担相应赔偿责任。
第十七条 开发企业办理完成项目房屋所有权首次登记后，可以凭相关证明文件向市县住建部门申请解除预售资金监管。市县住建部门应在5个工作日内核实，出具解除预售资金监管证明，并书面通知开发企业和监管银行。开发企业和监管银行接到通知后，按规定办理解除预售资金监管手续。
第十八条 有下列情形之一的，市县住建部门可书面通知监管银行暂停拨付监管账户内的预售资金，并启动应急措施，协调相关部门监督监管账户内资金的使用：
（一）开发企业存在违法违规行为导致工程停工的。
（二）预售项目发生质量事故或存在严重质量问题的。
（三）预售项目未按期交付使用或存在不能按时交付风险的。
（四）项目存在违法违规建设和销售的。
（五）项目存在严重债务和劳务纠纷的。
（六）市县住建部门认定应当暂停拨付的其他情形。
开发企业侵害购房人权益，依法应给予赔偿的，应优先用超出项目监管额度以外的预售资金支付。
第十九条 市县住建部门要会同金融监管部门推动房屋网签备案系统和商业银行业务管理系统对接，加强数据共享，推进资金申请、审核、拨付“全程网办”，提高资金拨付效率。
第四章 监督管理
第二十条 监管银行应按月将预售资金收支等情况报送市县住建部门。市县住建部门应主动在部门门户系统公示监管协议、工程形象进度和预售资金收支情况等相关信息，方便购房人查询。
第二十一条 省住房和城乡建设厅和人行海口中心支行、海南银保监局根据各自的监管职责做好日常指导和监督检查工作。市县住建部门要定期巡查预售项目，发现项目收支存在异常情况的，责令开发企业限期改正。人行海口中心支行及属地市县支行、海南银保监局及其派出机构发现监管银行违规的，应当依法严肃处理。监管银行发现房地产开发企业存在违规挪用监管额度内资金问题的，应当停止拨付，并立即告知市县住建部门，市县住建部门要及时作出处理。
第二十二条 涉及人民法院保全、执行商品房预售资金的，按照《最高人民法院 住房和城乡建设部 中国人民银行关于规范人民法院保全执行措施确保商品房预售资金用于项目建设的通知》（法〔2022〕12号）有关要求执行。
第二十三条 开发企业有下列行为之一的，由市县住建部门责令其限期改正，整改期间开发企业不得申请拨付预售资金：
（一）未按本办法规定收存、使用预售资金的。
（二）提供虚假证明材料申请使用预售资金的。
（三）以收取其他款项为名变相逃避监管的。
（四）其他违反预售资金监管规定的。
情节严重或拒不改正的,按照国家及我省诚信管理有关规定处理。违反相关法律、法规、规章规定的，依照有关规定处罚。
第二十四条 施工单位、监理单位提供虚假证明或采取其他方式协助开发企业违规支取预售资金的，由市县住建部门依法对相关责任单位和责任人予以处理。违反相关法律、法规、规章规定的，依照有关规定处罚。
第二十五条 监管银行违反规定或未按照商品房预售资金监管协议约定，擅自收存、管理以开发企业名义转入的资金，未按规定监控、反馈购房贷款入账情况，擅自拨付资金，或存在其他违规行为的，依法承担相应法律责任。
第二十六条 违反本办法规定，相关部门及其工作人员在预售资金监管工作中玩忽职守、滥用职权、徇私舞弊的，依法追究责任。
第五章 附则
第二十七条 各市县可结合本办法制定具体操作细则。
第二十八条 本办法的具体应用由省住房和城乡建设厅会同人行海口中心支行、海南银保监局负责解释。
第二十九条 本办法自2022年10月1日起施行。2013年11月15日海南省住房和建设厅 中国人民银行海口中心支行 中国银行业监督管理委员会海南监管局印发的《海南省商品房预售资金监管暂行办法》（琼建房〔2013〕237号）同时废止。
附件",海南省 住房 城乡 建设厅 中国人民银行 海口 中心 支行 中国银行 保险 监督管理 委员会 海南 监管局 关于 印发 海南省 商品房 预售 资金 监管 办法 通知 各市 自治县 人民政府 省直 有关 部门 有关 单位 省政府 同意 现将 海南省 商品房 预售 资金 监管 办法 印发 你们 认真贯彻 执行 附件 海南省 商品房 预售 资金 三方 监管 协议 参考 文本 海南省 住房 城乡 建设厅 中国人民银行 海口 中心 支行 中国银行 保险 监督管理 委员会 海南 监管局 此件 主动 公开 海南省 商品房 预售 资金 监管 办法 第一章 第一条 规范 我省 商品房 预售 资金 以下 简称 预售 资金 监督管理 保障 房地产 项目 竣工 交付 维护 购房人 合法权益 促进 房地产 市场 平稳 健康 发展 根据 中华人民共和国 城市 房地产 管理法 城市 商品房 预售 管理 办法 住房 城乡 建设部 人民银行 保监会 关于 规范 商品房 预售 资金 监管 意见 有关 规定 结合 我省 实际 制定 办法 第二条 我省 行政区域 申请 商品房 预售 许可 项目 预售 资金 收存 使用 监督管理 适用 办法 第三条 我省 预售 资金 监督管理 遵循 专户 存储 专款专用 全程 监管 节点 控制 多方 监督 原则 第四条 办法 预售 资金 预售 商品房 房地产 开发 企业 以下 简称 开发 企业 依法 开发 商品房 出售 购房人 缴交 定金 首付款 住房 公积金 贷款 商业银行 发放 按揭 贷款 其他 形式 购房款 各种 款项 第五条 预售 资金 监管 期限 项目 核发 商品房 预售 许可证 开始 项目 完成 房屋 所有权 首次 登记 终止 第六条 住房 城乡 建设厅 负责 指导 全省 预售 资金 收存 使用 工作 人民银行 分支机构 指导 商业银行 做好 监管 账户 管理工作 银保监 部门 负责 商业银行 预售 资金 监管 操作 风险 合规性 进行 监督 检查 商业银行 按照 监管 协议 做好 监管 账户 监控 拨付 工作 定期 自治县 住房 城乡建设 部门 以下 市县 住建 部门 对账 发现 违法 违规行为 及时 市县 住建 部门 反馈 市县 住建 部门 履行 辖区 预售 资金 监管 职责 具体 会同 辖区 人民银行 分支机构 银保监 部门 通过 公开招标 方式 确定 能够 承接 商品房 预售 资金 监管 业务 商业银行 制定 本市 监管 实施细则 三方 监管 协议 文本 合理 确定 监管 额度 拨付 节点 开发 企业 商业银行 共同 签订 预售 资金 三方 监管 协议 以下 监管 协议 受理 开发 企业 使用 预售 资金 申请 出具 审核 意见 定期 巡查 预售 项目 开发 企业 管理 使用 预售 资金 行为 进行 监督 检查 受理 预售 资金 收存 使用 违法 违规行为 投诉 预售 资金 监管 相关 矛盾 纠纷 进行 调处 化解 办法 规定 其他 有关 工作 第二章 一般 规定 第七条 市县 住建 部门 会同 属地 人民银行 分支机构 银保监 部门 通过 公开招标 方式 综合 商业银行 资信 状况 监管 能力 服务水平 因素 确定 能够 承接 商品房 预售 资金 监管 业务 商业银行 通过 市县 住建 部门 门户网站 予以 公示 开发 企业 应从 公示 名单 选择 商业银行 作为 监管 银行 第八条 开发 企业 申请 办理 商品房 预售 许可证 一次 预售 许可 开设 一个 监管 账户 原则 市县 住建 部门 监管 银行 签订 监管 协议 明确 预售 资金 收存 使用 方式 监管 额度 违约责任 监管 协议 主要 内容 预售 方案 予以 明确 通过 附件 方式 商品房 买卖合同 予以 体现 监管 账户 应当 商品房 预售 许可证 商品房 买卖合同 载明 商品房 销售 现场 显著 位置 以及 所在 市县 住建 部门 门户网站 进行 公示 监管 账户 一经 设立 原则上 不得 随意 变更 确需 变更 应由 市县 住建 部门 开发 企业 监管 银行 三方 协商 同意 解除 监管 协议 重新 签订 监管 协议 工作日内 监管 账户 预售 资金 全部 转入 变更 监管 账户 账户 变更 期间 监管 账户 范围 商品房 暂停 销售 第九条 商品房 预售 资金 全部 直接 存入 监管 账户 进行 监管 开发 企业 不得 直接 收取 另设 账户 收存 购房人 购房款 住房 城乡 建设厅 建立健全 房产 管理信息系统 市县 住建 部门 办理 房屋交易 合同 网签 备案 确认 商品房 预售 资金 要求 同步 存入 监管 账户 第十条 商品房 预售 资金 实行 全程 监管 确保 专款专用 用于 支付 工程建设 费用 预售 资金 实施 重点 监管 市县 住建 部门 根据 商品房 项目 建设 工程造价 施工 合同 金额 以及 项目 交付使用 条件 因素 合理 确定 监管 额度 监管 协议 予以 明确 监管 账户 监管 额度 资金 只能 用于 购买 项目 建设 必需 建筑材料 设备 支付 施工进度 相关 支出 监管 额度 资金 按照 工程进度 予以 拨付 首次 拨付 节点 不得 地下 结构 完成 最后 拨付 节点 项目 完成 房屋 所有权 首次 登记 各市县 住建 部门 根据 主体 分部 验收 装修 分部 验收 竣工 验收 联合 验收 房屋 所有权 首次 登记 环节 具体 确定 资金 拨付 节点 以及 相应 资金 余额 要求 开发 企业 申请 支取 监管 额度 预售 资金 所在 市县 住建 部门 核实 同意 监管 账户 资金 达到 监管 额度 超出 部分 开发 企业 自行 提取 使用 监管 额度 资金 解除 预售 资金 监管 监管 银行 不得 擅自 划扣 商品房 预售 资金 监管 账户 不得 开通 网上银行 功能 自动 扣款 转账 业务 设立 子公司 房地产 开发 企业 集团公司 不得 抽调 第十一条 各市县 住建 部门 建立 商品房 预售 资金 分类 监管 机制 合法 依规 经营 一定 年限 内未 受到 房地产 市场 监管部门 行政处罚 发生 监管 账户 采取 冻结 划拨 税收 保全 措施 强制执行 措施 拖欠 工程款 拖欠 农民工 工资 情况 开发 企业 申请 提交 符合要求 银行 保函 方式 替代 一定 额度 预售 资金 监管 各市县 住建 部门 根据 全省 住房 城乡建设 领域 信用 体系 建设 情况 强化 信用 评价 结果 共享 应用 根据 开发 企业 信用等级 保函 情况 适当 降低 上浮 预售 资金 监管 额度 第三章 预售 资金 收存 使用 管理 第十二条 购房人 缴交 定金 首付款 住房 公积金 贷款 商业银行 发放 按揭 贷款 其他 形式 购房款 存入 相应 监管 账户 开发 企业 相应 监管 账户 缴款 回单 购房人 开具 售房 发票 购房人 按揭 贷款 购买 商品房 按揭 贷款 贷款 银行 开发 企业 提供 监管 账户 直接 划入 开发 企业 不得 购房人 集资 借款 会员费 工程 抵押 形式 变相 预售 商品房 逃避 资金 监管 第十三条 开发 企业 按照 监管 协议 确定 资金 使用 节点 市县 住建 部门 提出 使用 预售 资金 申请 提交 相应 材料 商品房 预售 资金 使用 申请书 用于 支付 工程款 提供 工程建设 合同 工程 监理 机构 出具 施工进度 资料 影像 资料 用于 支付 工程建设 建筑材料 设备 款项 提供 供应商 签订 购销 合同 用于 支付 工程 监理 其他 行政 事业性 收费 提供 合同 缴费通知 其他 应当 提供 材料 首次 付款 每次 申请 拨款 应当 提交 一次 申请 用款 事项 转款 回单 支付 工程款 需提交 监理 单位 相应 款项 使用 情况 证明 材料 第十四条 销售 中若 发生 退款 开发 企业 可以 市县 住建 部门 申请 解除 退款 部分 监管 市县 住建 部门 工作日内 核实 书面通知 监管 银行 第十五条 市县 住建 部门 受理 开发 企业 使用 商品房 预售 资金 申请 严格 依据 办法 相关 规定 进行 审核 需要 确认 开发 项目 建设 进度 结合 工程进度 资料 现场 核查 通过 信息系统 审核 工作 不得 超过 工作日 第十六条 监管 银行 收到 市县 住建 部门 同意 拨付 意见 工作日内 资金 拨付 给与 开发 企业 签订合同 相关 当事人 单位 商业银行 违反 监管 协议 未经 所在 市县 住建 部门 核实 同意 擅自 拨付 监管 额度 资金 应当 负责 追回 资金 无法 追回 依法 承担 相应 赔偿 责任 第十七条 开发 企业 办理 完成 项目 房屋 所有权 首次 登记 可以 相关 证明文件 市县 住建 部门 申请 解除 预售 资金 监管 市县 住建 部门 工作日内 核实 出具 解除 预售 资金 监管 证明 书面通知 开发 企业 监管 银行 开发 企业 监管 银行 接到 通知 按规定 办理 解除 预售 资金 监管 手续 第十八条 下列 情形 之一 市县 住建 部门 书面通知 监管 银行 暂停 拨付 监管 账户 预售 资金 启动 应急 措施 协调 相关 部门 监督 监管 账户 资金 使用 开发 企业 存在 违法 违规行为 导致 工程 停工 预售 项目 发生 质量事故 存在 严重 质量 问题 预售 项目 按期 交付使用 存在 不能 按时 交付 风险 项目 存在 违法 违规 建设 销售 项目 存在 严重 债务 劳务 纠纷 市县 住建 部门 认定 应当 暂停 拨付 其他 情形 开发 企业 侵害 购房人 权益 依法 给予 赔偿 优先 超出 项目 监管 额度 以外 预售 资金 支付 第十九条 市县 住建 部门 会同 金融 监管部门 推动 房屋 网签 备案 系统 商业银行 业务 管理系统 对接 加强 数据共享 推进 资金 申请 审核 拨付 全程 网办 提高 资金 拨付 效率 第四章 监督管理 第二十条 监管 银行 预售 资金 收支 情况 报送 市县 住建 部门 市县 住建 部门 主动 部门 门户 系统 公示 监管 协议 工程 形象 进度 预售 资金 收支 情况 相关 信息 方便 购房人 查询 第二十一条 住房 城乡 建设厅 人行 海口 中心 支行 海南 保监局 根据 各自 监管 职责 做好 日常 指导 监督 检查 工作 市县 住建 部门 定期 巡查 预售 项目 发现 项目 收支 存在 异常情况 责令 开发 企业 限期 改正 人行 海口 中心 支行 属地 市县 支行 海南 保监局 及其 派出机构 发现 监管 银行 违规 应当 依法 严肃处理 监管 银行 发现 房地产 开发 企业 存在 违规 挪用 监管 额度 资金 问题 应当 停止 拨付 立即 告知 市县 住建 部门 市县 住建 部门 及时 作出 处理 第二十二条 涉及 人民法院 保全 执行 商品房 预售 资金 按照 最高人民法院 住房 城乡 建设部 中国人民银行 关于 规范 人民法院 保全 执行 措施 确保 商品房 预售 资金 用于 项目 建设 通知 有关 要求 执行 第二十三条 开发 企业 下列 行为 之一 市县 住建 部门 责令 限期 改正 整改 期间 开发 企业 不得 申请 拨付 预售 资金 按本 办法 规定 收存 使用 预售 资金 提供 虚假 证明 材料 申请 使用 预售 资金 收取 其他 款项 为名 变相 逃避 监管 其他 违反 预售 资金 监管 规定 情节严重 改正 按照 国家 我省 诚信 管理 有关 规定 处理 违反 相关 法律 法规 规章 规定 依照 有关 规定 处罚 第二十四条 施工单位 监理 单位 提供 虚假 证明 采取 其他 方式 协助 开发 企业 违规 支取 预售 资金 市县 住建 部门 依法 相关 责任 单位 责任人 予以 处理 违反 相关 法律 法规 规章 规定 依照 有关 规定 处罚 第二十五条 监管 银行 违反规定 按照 商品房 预售 资金 监管 协议 约定 擅自 收存 管理 开发 企业 名义 转入 资金 按规定 监控 反馈 购房 贷款 入账 情况 擅自 拨付 资金 存在 其他 违规行为 依法 承担 相应 法律责任 第二十六条 违反 办法 规定 相关 部门 及其 工作人员 预售 资金 监管 工作 玩忽职守 滥用职权 徇私舞弊 依法追究 责任 第五章 附则 第二十七条 各市县 结合 办法 制定 具体操作 细则 第二十八条 办法 具体 应用 由省 住房 城乡 建设厅 会同 人行 海口 中心 支行 海南 保监局 负责 解释 第二十九条 办法 日起 施行 海南省 住房 建设厅 中国人民银行 海口 中心 支行 中国 银行业 监督管理 委员会 海南 监管局 印发 海南省 商品房 预售 资金 监管 暂行办法 建房 同时 废止 附件,1.522587731073258,8.83235305074328,2.416666666666667,2.75,8395,75.0,27.14166666666667,761.1466666666665,273.4003661931819,39.09971250000001,2967.787878787879,21.08002272727274,4,3,0.008625,0.3,主体,19.0,19.0,6.465167684659091,4.737987012987015,0.3,装修,19.0,25.0,68.97119936079547,5.088636363636366,0.3,竣备,19.0,26.0,83.34137556818183,5.19253246753247,0.1,确权,19.0,38.0,114.6226235795455,7.452272727272729,,,,,,,3,4,39.09971250000001
广州,广州,Guangzhou-1,presale proceeds,,successive inspection stages,retained balance,specified but count unavailable,5% retained,True,False,,0.65,0.05,not explicitly countable from retained excerpt,explicit percentage near 主体结构; midpoint used for a stated range,manual 5% retained flag,监管额度50% 2、主体结构分部工程验收后，拆除排栅前——监管额度35% | 完成首次登记 1、施工进度要达到对应的要求,True,policy_identification_filled.xlsx,City_audit,5stage_Pcost,5,4,stage_1|stage_2|stage_3|stage_4|stage_5,阶段1|阶段2|竣备|阶段4|阶段5,阶段1|阶段2|竣备|阶段4,partial_named_milestones,,,4,,,not_estimable:topout_stage_name_unmapped,not_estimable:registration_stage_name_unmapped,expert_calibrated_operational_proxy_pending_source_mapping,monthly-revenue stage ratio or within-cohort amount share; not automatically a policy percentage,external/Modelling Dep/41_Cities_Dep/city_catalog.json,data/pmc_data.xlsx,dep-operational-h1-v1,Guangzhou-1,2021,一线,广州,Guangdong,"1、地下结构完工验收后，主体结构分部工程验收前——监管额度50%
2、主体结构分部工程验收后，拆除排栅前——监管额度35%；
3、拆除排栅后，竣工验收备案或联合验收前——监管额度20%；
4、竣工验收备案或联合验收——监管额度5%；
5、监控户注销——预售证对应的房屋及地下室完成首次登记
1、施工进度要达到对应的要求；
2、监控户余额大于对应的监管额度要求；
暂无
1、工程款；
2、税金；
3、财政收费；
4、项目取得预售证前支付的工程款、法定税费等；
5、周转金；
广州市住房和城乡建设局 中国人民银行广东省分行营业管理部 国家金融监督管理总局广东监管局关于进一步规范商品房预售资金监管的通知（穗建房产〔2023〕506号）


《广州市房屋交易监督管理办法》已经2021年11月2日市人民政府第15届160次常务会议通过,现予公布,自2021年12月20日起施行。
市 长:温国辉
2021年11月15日
广州市房屋交易监督管理办法
(2014年9月4日广州市人民政府令第106号公布2021年11月15日广州市人民政府令第184号修订)
第一章 总 则
第一条 为加强房屋交易监督管理,规范交易行为,保障交易安全,维护交易当事人的合法权益,促进房地产业健康发展,根据《中华人民共和国城市房地产管理法》《广东省商品房预售管理条例》等法律、法规,结合本市实际,制定本办法。
第二条 本办法适用于本市行政区域内的房屋的交易活动及其监督管理。
第三条 市住房城乡建设主管部门负责本市行政区域内房屋交易的监督管理工作,组织实施本办法。
市住房城乡建设主管部门可以依法委托所属的交易事务机构组织实施与房屋交易相关的行政处罚。
发展改革、规划和自然资源、市场监督管理、税务、生态环境、网信等有关部门按照各自职责协同实施本办法。
第四条 房屋交易应当遵循平等、自愿、公平、诚信的原则。
房屋交易监督管理应当遵循加强管理与改善服务相结合、行政监管和社会监督相结合的原则,保障房屋交易安全、便捷、有序、规范。
第五条 市住房城乡建设主管部门应当建立完善全市统一的房屋交易信息化平台,制定平台使用规则并确保平台信息安全,提供房屋交易信息查询、交易合同网签以及解除等服务,实施交易资金监管。
房屋交易信息化平台应当与不动产登记、公积金管理、税务等相关系统对接,依托市政务信息共享平台实现房屋交易信息共享和管理联动。
住房城乡建设、规划和自然资源、税务等部门及其工作人员不得利用职务上的便利,非法取得、提供、泄露或者使用房屋档案以及房屋交易相关信息。
第六条 住房城乡建设主管部门应当及时、准确发布商品房预售许可及房屋状态信息、新建商品房预售统计信息、商品房销售统计信息、存量房登记统计信息、房地产中介服务机构及从业人员信息等房地产市场信息。
房屋交易当事人和房地产中介服务机构发布的房屋交易信息应当真实合法。
第二章 交易规则
第一节 一般规定
第七条 住房城乡建设主管部门应当制定房屋交易流程指引,通过政府网站或者其他互联网政务媒体、政务窗口、报刊等向社会公布。
住房城乡建设主管部门应当加强对房屋交易的日常监管和政策宣传,根据房地产市场状况,适时发布交易风险预警提示,提醒买受人查明商品房预售许可证、关注房屋抵押状态、及时签订网签合同、将预售款存入商品房预售款专用账户等事项。
第八条 新建商品房买卖合同、存量房买卖合同应当通过房屋交易信息化平台订立。新建商品房买卖合同、存量房买卖合同签订后,未办妥房屋转移登记手续或者未解除合同的,不得再通过房屋交易信息化平台订立以该房屋为标的物的买卖合同。市人民政府对企业间非住宅存量房交易另有规定的,从其规定。
市住房城乡建设主管部门应当会同市市场监督管理部门制定新建商品房买卖合同、存量房买卖合同的示范文本,引导交易当事人使用合同示范文本。交易当事人经协商达成一致后,可以对合同示范文本的内容进行修改和补充。
第九条 新建商品房买卖合同、存量房买卖合同通过房屋交易信息化平台订立后,该房源在房屋交易信息化平台自动锁定。
新建商品房买卖合同、存量房买卖合同经双方当事人协商解除的,双方当事人应当共同申请解除房源锁定。新建商品房买卖合同、存量房买卖合同经生效法律文书确认解除的,交易当事人可以单方凭生效法律文书向住房城乡建设主管部门申请解除房源锁定。住房城乡建设主管部门应当自受理申请之日起5个工作日内解除锁定；情况复杂需要调查核实的,应当自受理申请之日起30日内处理完毕。
第十条 房地产开发企业、房地产中介服务机构等单位以及商业网站、移动设备应用程序等网络信息发布平台在房屋交易或者提供服务过程中收集、处理个人信息应当遵循合法、正当、必要和诚信原则,不得非法收集、使用、买卖或者泄露在交易或者提供服务过程中获得的个人信息、商业秘密。
第十一条 房屋需要分割转让的,应当先行办理不动产变更登记。
第二节 新建商品房交易
第十二条 新建商品房销售包括商品房预售和商品房现售。商品房预售应当依法取得商品房预售许可证,商品房现售应当完成所有权首次登记,并符合法律、法规和规章规定的其他条件。
房地产开发企业申请商品房预售许可证,应当提交商品房预售方案。商品房预售方案应当包括项目基本情况,项目及配套公共服务设施的开发建设时序、进度和竣工验收交付使用时间,配套公共服务设施是否移交政府,项目销售计划,销售方式,销售价目表,预售款专用账户设立情况,建筑工程设计总平面图等主要内容。商品房预售方案主要内容发生变化的,房地产开发企业应当及时提交变更后的商品房预售方案。
房地产开发企业应当按照相关规定合理确定商品房销售价格,并接受住房城乡建设主管部门的指导。
第十三条 未取得商品房预售许可证的商品房项目,房地产开发企业不得进行预售,不得向买受人收取或者变相收取诚意金、订金、定金等费用。
房地产开发企业及其委托的代理销售企业销售商品房,销售价格不得超过销售价目表价格,不得以装修款等其他名义变相涨价。
单位和个人为房地产开发企业提供商品房销售服务的,除收取房地产开发企业支付的费用以外,不得以提供中介服务等名义向买受人变相收取电商费、团购费、服务费、咨询费等费用。
房地产开发企业不得强制买受人购买车位、接受装修或者接受第三方服务机构提供的按揭、法律等有偿服务。
第十四条 未取得商品房预售许可证的商品房项目,任何单位和个人不得发布商品房预售广告。商品房预售广告应当载明商品房预售许可证的编号和发证机关。
商品房销售广告、宣传资料中的项目名称、房屋用途等应当与商品房预售许可证或者所有权登记信息记载内容一致。商品房销售广告、宣传资料应当真实合法,不得含有下列内容:
(一)升值或者投资回报的承诺；
(二)以项目到达某一具体参照物的所需时间表示项目位置；
(三)违反国家有关价格管理的规定；
(四)对教育、医疗、交通等配套公共服务设施作虚假、夸大事实或者信息不完整的宣传,误导、欺骗公众；
(五)其他违反法律、法规规定的内容。
第十五条 房地产开发企业销售商品房时应当以书面方式在销售现场显著位置公示下列事项,公示期限自商品房销售之日起至全部销售完毕:
(一) 商品房预售许可证或者商品房完成所有权首次登记的证明；
(二)商品房销售方案及销售进度控制表,建筑区划内车位车库规划配建数量、位置、租售方式、租金标准和售价,楼盘是否开行楼巴服务及其线路、站点、退出时间具体设置方案；
(三)价目表和价格相关信息公示表；
(四)商品房买卖合同及其附件文本；
(五) 规划和自然资源部门审定的建筑工程设计方案审查批复及总平面图,并在沙盘中明确标示建筑区划内以及区划外直接相邻的城镇公共道路位置及宽度,以及建筑区划内的垃圾收集站、垃圾压缩站、再生资源回收点、变电站、公共厕所、医疗卫生服务机构、幼儿园、小学、中学、消防站、派出所、燃气供应站、公交首末站、农贸肉菜市场、社会停车场等配套公共服务设施的功能、用途、具体位置、规模和数量等内容；
(六)物业服务区域范围、已备案的前期物业服务合同文本等物业管理事项；
(七)中介服务授权委托书；
(八)商品住宅的质量保证书和使用说明书；
(九) 住宅项目红线外200米内可能对本住宅居民产生影响的废气、噪音、烟尘等环境因素；
(十)房屋的绿色建筑等级、能耗指标、节能措施和保护要求、保温工程保修期等信息；
(十一)商品房交易风险提示；
(十二)法律、法规规定的其他事项。
第十六条 房地产开发企业应当按照商品房销售明码标价相关规定,以价目表和价格相关信息公示表的方式公开标示每套商品房价格、相关收费以及与商品房价格密切相关的其他因素。
第十七条 房地产开发企业销售商品房,不得拒绝或者限制买受人选择住房公积金贷款支付购房款。
第十八条 房地产开发企业申请商品房预售许可证前,应当按照与银行、住房城乡建设主管部门签订的协议设立商品房预售款专用账户。房地产开发企业应当使用商品房预售款专用账户收存商品房预售款。
商品房预售款专用账户开户银行应当按照法律、法规、规章规定和与房地产开发企业、住房城乡建设主管部门签订的协议收存和划拨商品房预售款,及时在商品房预售款监管系统中录入、更新商品房预售款专用账户内资金收存及使用情况的相关资料。
项目主体工程以及房地产开发企业负责建设的配套公共服务设施均通过竣工验收后,房地产开发企业可凭项目竣工验收文件,办理商品房预售款专用账户注销手续。
第十九条 房地产开发企业以及买受人应当按照商品房买卖合同的约定,将到期应付购房款存入商品房预售款专用账户；买受人通过按揭贷款购房的,贷款银行应当将按揭房款直接转入商品房预售款专用账户。
房地产开发企业不得对商品房预售款专用账户的预售款设定担保责任。
第二十条 房地产开发企业按照法定用途申请使用商品房预售款时,应当向住房城乡建设主管部门提交资金核准申请表、法定代表人声明,以及符合以下规定的相应材料:
(一)首次申请的,提交规划和自然资源部门审定的建筑工程设计方案审查批复及总平面图纸；
(二)用于支付工程款的,提交款项有关的施工合同或者已支付的工程款发票；
(三)用于支付材料或者设备款的,提交材料或者设备购销合同；
(四)用于支付项目税收缴款或者财政收费的,提交税收缴款凭证、财政收费通知或者已支付的法定财税凭证；
(五)用于退还购房款的,提交买卖双方解除合同的协议、买受人购房缴款通知书、买受人身份证、买受人银行存折或者银行卡；
(六)其他能够证明法定用途需要资金的资料。
住房城乡建设主管部门应当在受理后4个工作日内将核准结果以书面或者电子公文方式通知申请人。
第二十一条 在商品房项目主体工程以及房地产开发企业负责建设的配套公共服务设施竣工之前,商品房预售款只能用于购买项目建设必需的建筑材料、设备和支付施工进度款、法定税费,不得挪作他用。
住房城乡建设主管部门应当按照以下规定核定商品房预售款的使用额度及留存比例:
(一)项目主体结构施工封顶前,留存比例为累积核准使用预售款的8%；
(二)项目主体结构施工封顶后、排栅未拆除前,留存比例为累积核准使用预售款的6%；
(三)项目拆除排栅后,施工进行至内外装修、设备安装阶段时,留存比例为累积核准使用预售款的3%。
第二十二条 房地产开发企业变更已预售商品房项目的建筑面积、建筑物高度、外立面、层数、建筑结构、户型和用途等建筑设计,应当依法办理商品房预售许可证变更手续；涉及规划管理许可事项的,还应当经规划和自然资源部门批准。
前款规定的变更,房地产开发企业应当征得相关买受人同意；相关买受人不同意变更的,可以按照相关法律、法规规定和合同约定进行处理。
第二十三条 房地产开发项目内规划用于停放机动车的车位、车库出售时,应当首先满足建筑区划内业主的需要。
建设单位销售车位、车库,应当制定销售方案,说明车位规划数量、分布、价格等情况；并将销售方案和相关产权证明文件在公开出售前连续30日在建筑区划内的小区、车库出入口显著位置公示。车位、车库应当采取摇珠等公开方式出售。
建设单位应当在公开出售车位、车库5日前通过房屋交易信息化平台上传销售方案、公示等相关信息。
第三节 存量房交易
第二十四条 房地产中介服务机构接受房屋出售人委托发布房源信息的,应当通过房屋交易信息化平台签订委托服务合同,取得房源信息编码。房地产中介服务机构对外发布的房源信息应当明示该房源信息编码。
有下列情形之一的,房地产中介服务机构应当在2个工作日内将房源信息从发布渠道上撤除:
(一)委托出售房屋已签订存量房买卖合同；
(二)出售人取消委托；
(三)委托期限届满。
第二十五条 商业网站、移动设备应用程序等网络信息发布平台对在平台上发布的房源信息应当履行信息发布审核责任,建立房源信息投诉举报机制,保证房源信息的真实、准确,对在平台发布的虚假信息应当及时采取删除或者屏蔽等必要措施。
商业网站、移动设备应用程序等网络信息发布平台不得为未经备案的房地产中介服务机构或者没有取得信用信息卡的从业人员开通房源信息发布端口；发现房地产中介服务机构及其从业人员通过平台发布的房源信息没有房源信息编码的,应当即时采取删除或者屏蔽等必要措施。
第二十六条 房地产中介服务机构及其从业人员提供房屋交易中介服务时,应当如实告知当事人房屋交易相关情况和本市房地产政策相关规定,不得为违反法律、法规、规章和政策的房屋交易提供服务。
房地产中介服务机构及其从业人员提供房屋交易服务时,应当依法查验以下事项并书面告知当事人:
(一) 房地产登记资料查询机构出具的房地产自然状况及查封、抵押等权利限制情况；
(二)出售房屋的当事人对房屋的处分权；
(三)当事人及其代理人的身份和权限；
(四) 房地产中介服务机构及其从业人员与当事人是否存在利害关系。
房地产中介服务机构制作的房屋状况说明书应当上传至房屋交易信息化平台。
市、区住房城乡建设主管部门应当在门户网站以及房屋交易信息化平台公示本市房屋交易相关政策以及房屋交易事项告知书、房屋状况说明书示范文本。
第二十七条 房地产中介服务机构促成的存量房交易,应当由本机构协助交易当事人办理存量房网上交易手续。存量房交易当事人书面另有约定的除外。
当事人自行成交的存量房交易,交易双方可以自行登录房屋交易信息化平台或者在住房城乡建设主管部门指定的签约服务点办理存量房网上交易手续,并上传房屋状况说明书。
房地产中介服务机构以及房屋交易当事人通过房屋交易信息化平台录入的存量房交易信息应当真实、准确。
第二十八条 存量房交易双方当事人自愿选择交易资金托管的,可以选择在商业银行或者具有金融经营许可资质的第三方机构设立的存量房交易资金托管账户划转交易资金。
房地产中介服务机构及其从业人员不得代收代管存量房交易资金。
第三章 监督检查
第二十九条 住房城乡建设主管部门应当建立网络监管平台,完善执法检查制度,通过日常巡查、受理投诉举报等方式,加强对房屋交易的监督检查。
第三十条 住房城乡建设主管部门有权采取以下方式进行执法检查:
(一)进入房地产开发企业、房地产中介服务机构及其他被检查对象的办公场所、经营场所和建设项目现场进行检查；
(二)询问房地产开发企业、房地产中介服务机构的工作人员,要求其对有关检查事项作出说明；
(三)查阅、复制房地产开发企业、房地产中介服务机构与检查事项有关的文件、资料；
(四)向其他相关人员调查了解情况；
(五)法律、法规和规章规定的其他检查方式。
住房城乡建设主管部门实施执法检查,应当依法对现场检查、随机抽查、调查取证、文书送达等容易引发争议的行政执法过程进行拍照、摄影等音像记录。
住房城乡建设主管部门实施执法检查,需要采取先行登记保存证据等措施的,依照《中华人民共和国行政处罚法》《中华人民共和国行政强制法》等规定办理。
第三十一条 房地产开发企业、房地产中介服务机构及其他被检查对象、相关从业人员应当配合住房城乡建设主管部门的监督检查,如实陈述事实和提供相关资料。
第三十二条 住房城乡建设主管部门应当依法加强房地产开发企业、房地产中介服务机构及其从业人员的信用管理,建立、完善信用档案。
前款所称信用档案应当包括房地产开发企业、房地产中介服务机构及其从业人员的基本情况、业务开展情况、奖励情况、被投诉情况、行政处罚情况等资料。
第三十三条 房地产开发企业的以下行为应当依法纳入房屋交易信用管理范围:
(一)商品房销售的宣传和房屋交易信息的发布；
(二)商品房预售方案的提交和公示；
(三)商品房销售明码标价；
(四)公示与商品房销售相关的事项；
(五)制定和签订商品房买卖合同；
(六)办理预售商品房预告登记手续；
(七)协助办理住房公积金贷款购房手续；
(八)商品房预售款的收存和使用；
(九)车位、车库的销售；
(十)配套公共服务设施的移交情况；
(十一)其他事项。
第三十四条 房地产中介服务机构及其从业人员的以下行为应当依法纳入房屋交易信用管理范围:
(一)房屋交易信息的发布；
(二)房地产中介服务合同的订立；
(三)查验、告知规定事项；
(四)房屋交易信息化平台的使用；
(五)当事人信息的保密；
(六)履行合同义务、提供中介服务情况；
(七)协助交易当事人办理存量房网上交易、不动产登记、申请贷款等手续；
(八)其他事项。
第三十五条 住房城乡建设主管部门应当将房地产开发企业、房地产中介服务机构及其从业人员的信用信息归集到市公共信用信息管理系统,通过“信用广州”等政府网站向社会公示并提供查询服务。
第三十六条 鼓励消费者权益保护组织、志愿者组织、相关行业协会、新闻媒体等机构和社会公众参与房屋交易监督工作。
第四章 法律责任
第三十七条 房地产开发企业违反本办法第十二条第一款、第十三条第一款规定,商品房预售时未取得商品房预售许可证的,由住房城乡建设主管部门依照《城市房地产开发经营管理条例》予以处罚。
房地产开发企业违反本办法第十五条规定,销售商品房未按规定在销售现场显著位置公示相关事项的,由住房城乡建设主管部门依照《广东省商品房预售管理条例》予以处罚。
第三十八条 单位或者个人违反本办法第十四条规定,有下列情形之一的,由市场监督管理部门依照《中华人民共和国广告法》《房地产广告发布规定》等予以处罚:
(一)对未取得商品房预售许可证的商品房项目,发布商品房预售广告的；
(二)商品房预售广告未载明商品房预售许可证的编号和发证机关的；
(三) 商品房销售广告、宣传资料中的项目名称、房屋用途等与商品房预售许可证或者所有权登记信息记载内容不一致的；
(四)商品房销售广告、宣传资料的内容违反规定的。
房地产开发企业违反本办法第十六条规定,未按规定明码标价,或者未按规定公开标示商品房价格、相关收费以及与商品房价格密切相关的其他因素的,由市场监督管理部门依照《中华人民共和国价格法》等予以处罚。
第三十九条 商品房预售款专用账户开户银行违反本办法第十八条第二款规定,未按法律、法规、规章规定和协议约定收存和划拨商品房预售款,未及时在房屋交易信息化平台中录入、更新商品房预售款专用账户内资金收存及使用情况的相关信息的,由住房城乡建设主管部门责令其限期改正,根据法律、法规、规章规定和协议约定追究其法律责任,并将未履行协议情况告知其上级银行及当地银行业金融机构监管部门。
第四十条 房地产开发企业违反本办法第十八条第一款、第二十条、第二十一条规定,有下列情形之一的,由住房城乡建设主管部门依照《广东省商品房预售管理条例》予以处罚:
(一)未按规定使用商品房预售款专用账户收存预售款的；
(二)提供虚假资料骗取核准使用预售款的；
(三)未按照规定用途使用预售款或者将预售款挪作他用的。
第四十一条 违反本办法第二十三条规定,建筑区划内建设的车位、车库出售时,未首先满足建筑区划内业主的需要的,由住房城乡建设主管部门依照《广州市停车场条例》予以处罚。
第四十二条 商业网站、移动设备应用程序等网络信息发布平台违反本办法第二十五条规定,发布没有房源信息编码的房源信息的,住房城乡建设主管部门应当要求发布主体删除相关房源信息。
商业网站、移动设备应用程序等网络信息发布平台发布虚假房源信息的,经住房城乡建设主管部门认定后,由网信部门依法处置。
第四十三条 有关管理部门及其工作人员违反本办法规定,不依法履行职责的,由有权机关责令改正,对负有责任的领导人员和直接责任人员依法给予处分；构成犯罪的,依法追究刑事责任。
第五章 附 则
第四十四条 本办法所称房屋,是指国有建设用地上的房屋。
本办法所称新建商品房,是指房地产开发企业在依法取得国有土地使用权的土地上,根据建设工程规划开发建设并用于交易的房屋。
本办法所称存量房,包括已办理转移登记并取得不动产权证的商品房和国有建设用地上自建并取得不动产权证的房屋。
本办法所称房屋交易,是指房屋买卖行为和相关的房地产中介服务行为。
本办法所称建筑区划,是指根据建设用地规划许可证确定的红线范围,或者虽不属同一用地红线范围但配套设施设备共用的同一物业管理区域。
本办法所称房地产中介服务机构,是指为房地产开发经营、房屋交易、抵押借款和登记提供咨询、中介、代理等经营性服务的机构。
第四十五条 保障性住房、限价商品住宅的销售、上市交易和交易资金监管,参照本办法执行。
第四十六条 本办法自2021年12月20日起施行



各房地产开发企业、房地产中介服务机构:
为完善商品房销售现场公示管理,减少商品房买卖双方因信息不对称引起的矛盾纠纷,维护消费者合法权益,根据《广东省商品房预售管理条例》、《广州市房屋交易监督管理办法》等有关规定,现就进一步规范我市商品房销售现场信息公示通知如下:
一、公示内容
凡我市行政区域范围内销售商品房的房地产开发企业、房地产中介服务机构应当遵循诚实信用原则,在销售现场公示以下信息:
(一)企业信息:
1.房地产开发企业(预售人)的名称、注册地址、联系电话和法定代表人；
2.房地产开发企业委托房地产中介机构代理销售的,应当公示《房地产中介服务机构备案证明》、中介服务授权委托书、中介服务机构的地址和联系电话。
(二)项目信息:
1.商品房预售许可证或不动产权属证明；
2.建筑区划内车位(车库)规划配建数量、位置、租售方式、租金标准和售价,楼盘是否开行楼巴服务及其线路、站点、退出时间等具体设置方案；
3.城乡规划主管部门审定的建设工程设计方案总平面公示图；并明确标示建筑区划内的市政规划道路位置及宽度,以及建筑规划内的垃圾压缩站、变电站、公共厕所、化粪池、医疗卫生服务机构、学校、消防站、派出所、燃气供应站、公交首末站、车位(车库)、肉菜市场、移动通信基站等配套公共服务设施设备的功能、用途、具体位置、规模和数量等内容；
4. 配建保障性安居工程住房的数量、类型、区域位置、产权状况及物业管理模式;
5.商品房项目及其配套设施开发建设时序、进度和竣工验收交付使用时间,并明确配套设施是否移交政府；
6.《民用建筑节能信息表》；
7.现房销售的,应当公示《住宅质量保证书》和《住宅使用说明书》样本。
(三)销售信息:
1.《商品房买卖合同》样本及其附件文本；
2.已备案的商品房销售方案；
3.商品房销售价目表和商品房销售价格相关信息公示表；
4.商品房销售进度控制表；
5.物业管理事项(含已备案的前期物业服务合同及附件文本)；
6.环境影响评价文件(不涉及国家秘密、商业秘密、个人隐私等内容)。
(四)项目周边影响因素公示。该因素是指不局限于项目规划区域内,影响业主利益及可能引起交易纠纷或业主投诉的因素,主要包括:
1.曾被污染的土地及其他产生污染的场所；
2.核电站、油气库站、危险品仓库及其他危险场所；
3.高压线路、微波信道、无线通讯基站及其他辐射源；
4.规划的路桥、隧道、变电站及其他公共设施建设情况及其建设行为可能造成的影响；
5.规划的绿地、水面、树林等改变现状及其他生态环境变迁情况；
6.其他房地产开发企业、房地产中介服务机构认为可能影响业主利益或可能引起交易纠纷和业主投诉的因素。
二、公示信息获取
房地产开发企业、房地产中介服务机构为商品房销售现场信息公示工作,可以依法向市规划和自然资源管理部门、生态环境部门等相关机构申请公开相关政府信息。
三、公示时限
公示期限自商品房销售之日起至全部销售完毕之日止。
四、公示要求
(一)商品房销售现场公示内容应放置在销售现场显著位置,遵循全面、准确、真实、有效原则,做到字迹清晰、标示醒目。销售现场公示的相关信息有变化的,应及时更新,保持与实际情况相一致。
公示采取公示栏、公示簿等方式,有条件的可同时采取电子信息屏或电脑查询等方式进行辅助公示。
(二)公示栏正上方标注“公示栏”字样,公示栏尺寸不小于150cP�240cP,内容较多的,可以设置2个或2个以上公示栏,公示栏采取墙上张挂或落地架式放置,多个公示内容应分类集中排放。商品房销售进度控制表和项目周边影响因素公示公示尺寸不小于80cP�120cP,现场设立公示簿和公示台,公示簿尺寸不小于30cP�40cP,封面标注“信息公示簿”字样,公示簿不少于2套,首页设信息目录,公示内容按目录序号设置。公示台台面尺寸不小于40cP�100cP,高120cP左右,公示台正面标注“信息公示台”字样,公示簿应固定在公示台上。
(三)《商品房预售许可证》或不动产权属证明、规划和自然资源管理部门审定建设工程设计方案总平面公示图应当公示原件；原件用于向有关行政管理部门办理相关手续时,可以公示经加盖房地产开发企业公章后的复印件。
五、房地产开发企业、房地产中介服务机构违反本通知规定的,由房地产市场监督部门责令限期改正。如房地产开发企业、房地产中介服务机构拒不改正的,按照《广东省商品房预售管理条例》、《广州市房屋交易监督管理办法》的相关规定予以处理。
六、房地产开发企业、房地产中介服务机构违反本通知规定,给当事人造成损失的,依法承担赔偿责任。
七、 本通知自2020年3月1日起施行,有效期为五年。《广州市住房和城乡建设委员会关于进一步规范商品房销售现场信息公示的通知》(穗建规字〔2016〕7号)同时废止。
广州市住房和城乡建设局
2020年2月17日




广州市住房和城乡建设局关于调整商品房预售款使用核准工作规则的通 

各房地产开发企业、广州市房屋交易监管中心、黄埔区住房和城乡建设局(开发区建设和交通局)、花都区住房和城乡建设局、番禺区住房和城乡建设局、南沙区住房和城乡建设局、从化区住房和城乡建设局、增城区住房和城乡建设局:
为优化营商环境、保障我市房地产行业健康平稳发展,我局决定对商品房预售款使用核准工作规则进行调整,现将有关事项通知如下:
房地产开发企业凭已支付款项的发票及书面承诺,在符合规定的留存比例条件下,可申请划拨该项目在取得预售证前支付的工程款、法定税费等资金。
该调整事项由市(区)住房城乡建设局预售款监管部门组织实施,从本通知印发之日起实行。
广州市住房和城乡建设局
2019年9月20日



",地下 结构 完工 验收 主体 结构 分部 工程验收 监管 额度 主体 结构 分部 工程验收 拆除 排栅前 监管 额度 拆除 排栅后 竣工 验收 备案 联合 验收 监管 额度 竣工 验收 备案 联合 验收 监管 额度 监控 注销 预售证 对应 房屋 地下室 完成 首次 登记 施工进度 达到 对应 要求 监控 余额 大于 对应 监管 额度 要求 暂无 工程款 税金 财政 收费 项目 取得 预售证 支付 工程款 法定 税费 周转金 广州市 住房 城乡 建设局 中国人民银行 广东省 分行 营业 管理部 国家 金融 监督管理 总局 广东 监管局 关于 进一步 规范 商品房 预售 资金 监管 通知 穗建 房产 广州市 房屋交易 监督管理 办法 已经 日市 人民政府 常务会议 通过 现予 公布 日起 施行 温国辉 广州市 房屋交易 监督管理 办法 广州市 人民政府 公布 广州市 人民政府 修订 第一章 第一条 加强 房屋交易 监督管理 规范 交易 行为 保障 交易 安全 维护 交易 当事人 合法权益 促进 房地产业 健康 发展 根据 中华人民共和国 城市 房地产 管理法 广东省 商品房 预售 管理条例 法律 法规 结合 本市 实际 制定 办法 第二条 办法 适用 本市 行政区域 房屋 交易 活动 及其 监督管理 第三条 住房 城乡建设 主管部门 负责 本市 行政区域 房屋交易 监督管理 工作 组织 实施 办法 住房 城乡建设 主管部门 可以 依法 委托 所属 交易 事务 机构 组织 实施 房屋交易 相关 行政处罚 发展 改革 规划 自然资源 市场 监督管理 税务 生态环境 网信 有关 部门 按照 各自 职责 协同 实施 办法 第四条 房屋交易 应当 遵循 平等 自愿 公平 诚信 原则 房屋交易 监督管理 应当 遵循 加强 管理 改善服务 相结合 行政 监管 社会 监督 相结合 原则 保障 房屋交易 安全 便捷 有序 规范 第五条 住房 城乡建设 主管部门 应当 建立 完善 全市 统一 房屋交易 信息化 平台 制定 平台 使用 规则 确保 平台 信息安全 提供 房屋交易 信息 查询 交易 合同 网签 以及 解除 服务 实施 交易 资金 监管 房屋交易 信息化 平台 应当 不动产 登记 公积金 管理 税务 相关 系统 对接 依托 政务信息 共享 平台 实现 房屋交易 信息 共享 管理 联动 住房 城乡建设 规划 自然资源 税务 部门 及其 工作人员 不得 利用 职务 便利 非法 取得 提供 泄露 或者 使用 房屋 档案 以及 房屋交易 相关 信息 第六条 住房 城乡建设 主管部门 应当 及时 准确 发布 商品房 预售 许可 房屋 状态 信息 新建 商品房 预售 统计 信息 商品房 销售 统计 信息 存量房 登记 统计 信息 房地产 中介 服务 机构 从业人员 信息 房地产 市场 信息 房屋交易 当事人 房地产 中介 服务 机构 发布 房屋交易 信息 应当 真实 合法 第二章 交易规则 第一节 一般 规定 第七条 住房 城乡建设 主管部门 应当 制定 房屋交易 流程 指引 通过 政府 网站 或者 其他 互联网 政务 媒体 政务 窗口 报刊 社会 公布 住房 城乡建设 主管部门 应当 加强 房屋交易 日常 监管 政策 宣传 根据 房地产 市场 状况 适时 发布 交易 风险 预警 提示 提醒 买受人 查明 商品房 预售 许可证 关注 房屋 抵押 状态 及时 签订 签合同 预售 存入 商品房 预售 专用 账户 事项 第八条 新建 商品房 买卖合同 存量房 买卖合同 应当 通过 房屋交易 信息化 平台 订立 新建 商品房 买卖合同 存量房 买卖合同 签订 办妥 房屋 转移 登记手续 或者 解除合同 不得 通过 房屋交易 信息化 平台 订立 以该 房屋 标的物 买卖合同 人民政府 企业 非住宅 存量房 交易 另有 规定 规定 住房 城乡建设 主管部门 应当 会同 市场 监督管理 部门 制定 新建 商品房 买卖合同 存量房 买卖合同 示范 文本 引导 交易 当事人 使用 合同 示范 文本 交易 当事人 协商 达成 一致 可以 合同 示范 文本 内容 进行 修改 补充 第九条 新建 商品房 买卖合同 存量房 买卖合同 通过 房屋交易 信息化 平台 订立 房源 房屋交易 信息化 平台 自动 锁定 新建 商品房 买卖合同 存量房 买卖合同 双方 当事人 协商 解除 双方 当事人 应当 共同 申请 解除 房源 锁定 新建 商品房 买卖合同 存量房 买卖合同 生效 法律文书 确认 解除 交易 当事人 可以 单方 生效 法律文书 住房 城乡建设 主管部门 申请 解除 房源 锁定 住房 城乡建设 主管部门 应当 受理 申请 之日起 工作日内 解除 锁定 情况 复杂 需要 调查核实 应当 受理 申请 之日起 日内 处理完毕 第十条 房地产 开发 企业 房地产 中介 服务 机构 单位 以及 商业网站 移动 设备 应用程序 网络 信息 发布 平台 房屋交易 或者 提供 服务 过程 收集 处理 个人信息 应当 遵循 合法 正当 必要 诚信 原则 不得 非法 收集 使用 买卖 或者 泄露 交易 或者 提供 服务 过程 获得 个人信息 商业秘密 第十一条 房屋 需要 分割 转让 应当 先行 办理 不动产 变更 登记 第二节 新建 商品房 交易 第十二条 新建 商品房 销售 包括 商品房 预售 商品房 现售 商品房 预售 应当 依法 取得 商品房 预售 许可证 商品房 现售 应当 完成 所有权 首次 登记 符合 法律 法规 规章 规定 其他 条件 房地产 开发 企业 申请 商品房 预售 许可证 应当 提交 商品房 预售 方案 商品房 预售 方案 应当 包括 项目 基本 情况 项目 配套 公共服务 设施 开发 建设 时序 进度 竣工 验收 交付使用 时间 配套 公共服务 设施 是否 移交 政府 项目 销售 计划 销售 方式 销售 价目表 预售 专用 账户 设立 情况 建筑工程 设计 平面图 主要 内容 商品房 预售 方案 主要 内容 发生变化 房地产 开发 企业 应当 及时 提交 变更 商品房 预售 方案 房地产 开发 企业 应当 按照 相关 规定 合理 确定 商品房 销售价格 接受 住房 城乡建设 主管部门 指导 第十三条 取得 商品房 预售 许可证 商品房 项目 房地产 开发 企业 不得 进行 预售 不得 买受人 收取 或者 变相 收取 诚意金 订金 定金 费用 房地产 开发 企业 及其 委托 代理 销售 企业 销售 商品房 销售价格 不得 超过 销售 价目表 价格 不得 装修 其他 名义 变相涨价 单位 个人 房地产 开发 企业 提供 商品房 销售 服务 收取 房地产 开发 企业 支付 费用 以外 不得 提供 中介 服务 名义 买受人 变相 收取 电商 团购 服务费 咨询 费用 房地产 开发 企业 不得 强制 买受人 购买 车位 接受 装修 或者 接受 第三方 服务 机构 提供 按揭 法律 有偿 服务 第十四条 取得 商品房 预售 许可证 商品房 项目 任何 单位 个人 不得 发布 商品房 预售 广告 商品房 预售 广告 应当 载明 商品房 预售 许可证 编号 发证 机关 商品房 销售 广告 宣传 资料 项目名称 房屋 用途 应当 商品房 预售 许可证 或者 所有权 登记 信息 记载 内容 一致 商品房 销售 广告 宣传 资料 应当 真实 合法 不得 含有 下列 内容 升值 或者 投资 回报 承诺 项目 到达某 具体 参照物 时间 表示 项目 位置 违反 国家有关 价格 管理 规定 教育 医疗 交通 配套 公共服务 设施 虚假 夸大 事实 或者 信息 完整 宣传 误导 欺骗 公众 其他 违反 法律 法规 规定 内容 第十五条 房地产 开发 企业 销售 商品房 应当 书面 方式 销售 现场 显著 位置 公示 下列 事项 公示 期限 商品房 销售 之日起 全部 销售 完毕 商品房 预售 许可证 或者 商品房 完成 所有权 首次 登记 证明 商品房 销售 方案 销售 进度 控制 建筑 区划 车位 车库 规划 配建 数量 位置 租售 方式 租金 标准 售价 楼盘 是否 开行 楼巴 服务 及其 线路 站点 退出 时间 具体 设置 方案 价目表 价格 相关 信息 公示 商品房 买卖合同 及其 附件 文本 规划 自然资源 部门 审定 建筑工程 设计方案 审查 批复 平面图 沙盘 明确 标示 建筑 区划 以及 区划 直接 相邻 城镇 公共 道路 位置 宽度 以及 建筑 区划 垃圾 收集 垃圾 压缩 再生资源 回收 变电站 公共厕所 医疗卫生 服务 机构 幼儿园 小学 中学 消防站 派出所 燃气 供应站 公交 首末 农贸 菜市场 社会 停车场 配套 公共服务 设施 功能 用途 具体位置 规模 数量 内容 物业 服务 区域 范围 备案 前期 物业 服务 合同文本 物业管理 事项 中介 服务 授权 委托书 商品住宅 质量 保证书 使用 说明书 住宅 项目 红线 可能 对本 住宅 居民 产生 影响 废气 噪音 烟尘 环境因素 房屋 绿色 建筑 等级 能耗 指标 节能 措施 保护 要求 保温 工程 保修期 信息 十一 商品房 交易 风险 提示 十二 法律 法规 规定 其他 事项 第十六条 房地产 开发 企业 应当 按照 商品房 销售 明码标价 相关 规定 价目表 价格 相关 信息 公示 方式 公开 标示 每套 商品房 价格 相关 收费 以及 商品房 价格 密切相关 其他 因素 第十七条 房地产 开发 企业 销售 商品房 不得 拒绝 或者 限制 买受人 选择 住房 公积金 贷款 支付 购房款 第十八条 房地产 开发 企业 申请 商品房 预售 许可证 应当 按照 银行 住房 城乡建设 主管部门 签订 协议 设立 商品房 预售 专用 账户 房地产 开发 企业 应当 使用 商品房 预售 专用 账户 收存 商品房 预售 商品房 预售 专用 账户 开户银行 应当 按照 法律 法规 规章 规定 房地产 开发 企业 住房 城乡建设 主管部门 签订 协议 收存 划拨 商品房 预售 及时 商品房 预售 监管 系统 录入 更新 商品房 预售 专用 账户 资金 收存 使用 情况 相关 资料 项目 主体工程 以及 房地产 开发 企业 负责 建设 配套 公共服务 设施 通过 竣工 验收 房地产 开发 企业 项目 竣工 验收 文件 办理 商品房 预售 专用 账户 注销 手续 第十九条 房地产 开发 企业 以及 买受人 应当 按照 商品房 买卖合同 约定 到期 应付 购房款 存入 商品房 预售 专用 账户 买受人 通过 按揭 贷款 购房 贷款 银行 应当 按揭 房款 直接 转入 商品房 预售 专用 账户 房地产 开发 企业 不得 商品房 预售 专用 账户 预售 设定 担保责任 第二十条 房地产 开发 企业 按照 法定 用途 申请 使用 商品房 预售 款时 应当 住房 城乡建设 主管部门 提交 资金 核准 申请表 法定代表 声明 以及 符合 以下 规定 相应 材料 首次 申请 提交 规划 自然资源 部门 审定 建筑工程 设计方案 审查 批复 平面 图纸 用于 支付 工程款 提交 款项 有关 施工 合同 或者 支付 工程款 发票 用于 支付 材料 或者 设备 提交 材料 或者 设备 购销 合同 用于 支付 项目 税收 缴款 或者 财政 收费 提交 税收 缴款 凭证 财政 收费 通知 或者 支付 法定 财税 凭证 用于 退还 购房款 提交 买卖双方 解除合同 协议 买受人 购房 缴款通知 买受人 身份证 买受人 银行存折 或者 银行卡 其他 能够 证明 法定 用途 需要 资金 资料 住房 城乡建设 主管部门 应当 受理 工作日内 核准 结果 书面 或者 电子 公文 方式 通知 申请人 第二十一条 商品房 项目 主体工程 以及 房地产 开发 企业 负责 建设 配套 公共服务 设施 竣工 之前 商品房 预售 只能 用于 购买 项目 建设 必需 建筑材料 设备 支付 施工进度 法定 税费 不得 挪作他用 住房 城乡建设 主管部门 应当 按照 以下 规定 核定 商品房 预售 使用 额度 留存 比例 项目 主体 结构 施工 封顶 留存 比例 累积 核准 使用 预售 项目 主体 结构 施工 封顶 排栅未 拆除 留存 比例 累积 核准 使用 预售 项目 拆除 排栅后 施工 进行 内外 装修 设备 安装 阶段 留存 比例 累积 核准 使用 预售 第二十二条 房地产 开发 企业 变更 预售 商品房 项目 建筑面积 建筑物 高度 外立面 层数 建筑 结构 户型 用途 建筑设计 应当 依法办理 商品房 预售 许可证 变更 手续 涉及 规划 管理 许可 事项 应当 规划 自然资源 部门 批准 前款 规定 变更 房地产 开发 企业 应当 征得 相关 买受人 同意 相关 买受人 同意 变更 可以 按照 相关 法律 法规 规定 合同 约定 进行 处理 第二十三条 房地产 开发 项目 规划 用于 停放 机动车 车位 车库 出售 应当 首先 满足 建筑 区划 业主 需要 建设 单位 销售 车位 车库 应当 制定 销售 方案 说明 车位 规划 数量 分布 价格 情况 销售 方案 相关 产权 证明文件 公开 出售 连续 建筑 区划 小区 车库 出入口 显著 位置 公示 车位 车库 应当 采取 摇珠 公开 方式 出售 建设 单位 应当 公开 出售 车位 车库 日前 通过 房屋交易 信息化 平台 上传 销售 方案 公示 相关 信息 第三节 存量房 交易 第二十四条 房地产 中介 服务 机构 接受 房屋 出售 委托 发布 房源 信息 应当 通过 房屋交易 信息化 平台 签订 委托 服务 合同 取得 房源 信息 编码 房地产 中介 服务 机构 对外 发布 房源 信息 应当 明示 房源 信息 编码 下列 情形 之一 房地产 中介 服务 机构 应当 工作日内 房源 信息 发布 渠道 撤除 委托 出售 房屋 签订 存量房 买卖合同 出售 取消 委托 委托 期限 届满 第二十五条 商业网站 移动 设备 应用程序 网络 信息 发布 平台 平台 发布 房源 信息 应当 履行 信息 发布 审核 责任 建立 房源 信息 投诉 举报 机制 保证 房源 信息 真实 准确 平台 发布 虚假 信息 应当 及时 采取 删除 或者 屏蔽 必要措施 商业网站 移动 设备 应用程序 网络 信息 发布 平台 不得 未经 备案 房地产 中介 服务 机构 或者 没有 取得 信用 信息卡 从业人员 开通 房源 信息 发布 端口 发现 房地产 中介 服务 机构 及其 从业人员 通过 平台 发布 房源 信息 没有 房源 信息 编码 应当 即时 采取 删除 或者 屏蔽 必要措施 第二十六条 房地产 中介 服务 机构 及其 从业人员 提供 房屋交易 中介 服务 应当 如实 告知 当事人 房屋交易 相关 情况 本市 房地产 政策 相关 规定 不得 违反 法律 法规 规章 政策 房屋交易 提供 服务 房地产 中介 服务 机构 及其 从业人员 提供 房屋交易 服务 应当 依法 查验 以下 事项 书面 告知 当事人 房地产 登记 资料 查询 机构 出具 房地产 自然 状况 查封 抵押 权利 限制 情况 出售 房屋 当事人 房屋 处分权 当事人 及其 代理人 身份 权限 房地产 中介 服务 机构 及其 从业人员 当事人 是否 存在 利害关系 房地产 中介 服务 机构 制作 房屋 状况 说明书 应当 上传 房屋交易 信息化 平台 住房 城乡建设 主管部门 应当 门户网站 以及 房屋交易 信息化 平台 公示 本市 房屋交易 相关 政策 以及 房屋交易 事项 告知 房屋 状况 说明书 示范 文本 第二十七条 房地产 中介 服务 机构 促成 存量房 交易 应当 由本 机构 协助 交易 当事人 办理 存量房 网上交易 手续 存量房 交易 当事人 书面 另有 约定 除外 当事人 自行 成交 存量房 交易 交易 双方 可以 自行 登录 房屋交易 信息化 平台 或者 住房 城乡建设 主管部门 指定 签约 服务 办理 存量房 网上交易 手续 上传 房屋 状况 说明书 房地产 中介 服务 机构 以及 房屋交易 当事人 通过 房屋交易 信息化 平台 录入 存量房 交易 信息 应当 真实 准确 第二十八条 存量房 交易 双方 当事人 自愿 选择 交易 资金 托管 可以 选择 商业银行 或者 具有 金融 经营 许可 资质 第三方 机构 设立 存量房 交易 资金 托管 账户 划转 交易 资金 房地产 中介 服务 机构 及其 从业人员 不得 代收 代管 存量房 交易 资金 第三章 监督 检查 第二十九条 住房 城乡建设 主管部门 应当 建立 网络 监管 平台 完善 执法检查 制度 通过 日常 巡查 受理 投诉 举报 方式 加强 房屋交易 监督 检查 第三十条 住房 城乡建设 主管部门 有权 采取 以下 方式 进行 执法检查 进入 房地产 开发 企业 房地产 中介 服务 机构 及其 检查 对象 办公 场所 经营场所 建设项目 现场 进行 检查 询问 房地产 开发 企业 房地产 中介 服务 机构 工作人员 要求 有关 检查 事项 作出 说明 查阅 复制 房地产 开发 企业 房地产 中介 服务 机构 检查 事项 有关 文件 资料 其他 相关 人员 调查 了解 情况 法律 法规 规章 规定 其他 检查 方式 住房 城乡建设 主管部门 实施 执法检查 应当 依法 现场 检查 随机 抽查 调查取证 文书 送达 容易 引发 争议 行政 执法 过程 进行 拍照 摄影 音像 记录 住房 城乡建设 主管部门 实施 执法检查 需要 采取 先行 登记 保存 证据 措施 依照 中华人民共和国 行政处罚法 中华人民共和国 行政 强制 规定 办理 第三十一条 房地产 开发 企业 房地产 中介 服务 机构 及其 检查 对象 相关 从业人员 应当 配合 住房 城乡建设 主管部门 监督 检查 如实 陈述 事实 提供 相关 资料 第三十二条 住房 城乡建设 主管部门 应当 依法 加强 房地产 开发 企业 房地产 中介 服务 机构 及其 从业人员 信用 管理 建立 完善 信用 档案 前款 信用 档案 应当 包括 房地产 开发 企业 房地产 中介 服务 机构 及其 从业人员 基本 情况 业务 开展 情况 奖励 情况 投诉 情况 行政处罚 情况 资料 第三十三条 房地产 开发 企业 以下 行为 应当 依法 纳入 房屋交易 信用 管理 范围 商品房 销售 宣传 房屋交易 信息 发布 商品房 预售 方案 提交 公示 商品房 销售 明码标价 公示 商品房 销售 相关 事项 制定 签订 商品房 买卖合同 办理 预售 商品房 预告 登记手续 协助 办理 住房 公积金 贷款 购房 手续 商品房 预售 收存 使用 车位 车库 销售 配套 公共服务 设施 移交 情况 十一 其他 事项 第三十四条 房地产 中介 服务 机构 及其 从业人员 以下 行为 应当 依法 纳入 房屋交易 信用 管理 范围 房屋交易 信息 发布 房地产 中介 服务 合同 订立 查验 告知 规定 事项 房屋交易 信息化 平台 使用 当事人 信息 保密 履行合同 义务 提供 中介 服务 情况 协助 交易 当事人 办理 存量房 网上交易 不动产 登记 申请 贷款 手续 其他 事项 第三十五条 住房 城乡建设 主管部门 应当 房地产 开发 企业 房地产 中介 服务 机构 及其 从业人员 信用 信息 归集 到市 公共 信用 信息管理系统 通过 信用 广州 政府 网站 社会 公示 提供 查询 服务 第三十六条 鼓励 消费者 权益 保护 组织 志愿者 组织 相关 行业协会 新闻媒体 机构 社会公众 参与 房屋交易 监督 工作 第四章 法律责任 第三十七条 房地产 开发 企业 违反 办法 第十二条 第一款 第十三条 第一款 规定 商品房 预售 时未 取得 商品房 预售 许可证 住房 城乡建设 主管部门 依照 城市 房地产 开发 经营 管理条例 予以 处罚 房地产 开发 企业 违反 办法 第十五条 规定 销售 商品房 按规定 销售 现场 显著 位置 公示 相关 事项 住房 城乡建设 主管部门 依照 广东省 商品房 预售 管理条例 予以 处罚 第三十八条 单位 或者 个人 违反 办法 第十四条 规定 下列 情形 之一 市场 监督管理 部门 依照 中华人民共和国 广告法 房地产 广告 发布 规定 予以 处罚 取得 商品房 预售 许可证 商品房 项目 发布 商品房 预售 广告 商品房 预售 广告 载明 商品房 预售 许可证 编号 发证 机关 商品房 销售 广告 宣传 资料 项目名称 房屋 用途 商品房 预售 许可证 或者 所有权 登记 信息 记载 内容 一致 商品房 销售 广告 宣传 资料 内容 违反规定 房地产 开发 企业 违反 办法 第十六条 规定 按规定 明码标价 或者 按规定 公开 标示 商品房 价格 相关 收费 以及 商品房 价格 密切相关 其他 因素 市场 监督管理 部门 依照 中华人民共和国 价格法 予以 处罚 第三十九条 商品房 预售 专用 账户 开户银行 违反 办法 第十八条 第二款 规定 法律 法规 规章 规定 协议 约定 收存 划拨 商品房 预售 及时 房屋交易 信息化 平台 录入 更新 商品房 预售 专用 账户 资金 收存 使用 情况 相关 信息 住房 城乡建设 主管部门 责令 限期 改正 根据 法律 法规 规章 规定 协议 约定 追究其 法律责任 履行 协议 情况 告知 上级 银行 当地 银行业 金融机构 监管部门 第四十条 房地产 开发 企业 违反 办法 第十八条 第一款 第二十条 第二十一条 规定 下列 情形 之一 住房 城乡建设 主管部门 依照 广东省 商品房 预售 管理条例 予以 处罚 按规定 使用 商品房 预售 专用 账户 收存 预售 提供 虚假 资料 骗取 核准 使用 预售 按照 规定 用途 使用 预售 或者 预售 挪作他用 第四十一条 违反 办法 第二十三条 规定 建筑 区划 建设 车位 车库 出售 首先 满足 建筑 区划 业主 需要 住房 城乡建设 主管部门 依照 广州市 停车场 条例 予以 处罚 第四十二条 商业网站 移动 设备 应用程序 网络 信息 发布 平台 违反 办法 第二十五条 规定 发布 没有 房源 信息 编码 房源 信息 住房 城乡建设 主管部门 应当 要求 发布 主体 删除 相关 房源 信息 商业网站 移动 设备 应用程序 网络 信息 发布 平台 发布 虚假 房源 信息 住房 城乡建设 主管部门 认定 网信 部门 依法 处置 第四十三条 有关 管理 部门 及其 工作人员 违反 办法 规定 依法 履行职责 有权 机关 责令 改正 负有责任 领导人员 直接 责任人员 依法 给予 处分 构成犯罪 依法追究 刑事责任 第五章 第四十四条 办法 房屋 国有 建设 地上 房屋 办法 新建 商品房 房地产 开发 企业 依法 取得 国有土地 使用权 土地 根据 建设工程 规划 开发 建设 用于 交易 房屋 办法 存量房 包括 办理 转移 登记 取得 不动产 权证 商品房 国有 建设 地上 自建 取得 不动产 权证 房屋 办法 房屋交易 房屋买卖 行为 相关 房地产 中介 服务 行为 办法 建筑 区划 根据 建设 用地 规划 许可证 确定 红线 范围 或者 虽不属 同一 用地 红线 范围 配套 设施 设备 共用 同一 物业管理 区域 办法 房地产 中介 服务 机构 指为 房地产 开发 经营 房屋交易 抵押借款 登记 提供 咨询 中介 代理 经营性 服务 机构 第四十五 保障性 住房 限价 商品住宅 销售 上市 交易 交易 资金 监管 参照 办法 执行 第四十六 办法 日起 施行 房地产 开发 企业 房地产 中介 服务 机构 完善 商品房 销售 现场 公示 管理 减少 商品房 买卖双方 信息 对称 引起 矛盾 纠纷 维护 消费者 合法权益 根据 广东省 商品房 预售 管理条例 广州市 房屋交易 监督管理 办法 有关 规定 进一步 规范 我市 商品房 销售 现场 信息 公示 通知 如下 公示 内容 我市 行政区域 范围 销售 商品房 房地产 开发 企业 房地产 中介 服务 机构 应当 遵循 诚实信用 原则 销售 现场 公示 以下 信息 企业 信息 房地产 开发 企业 预售 名称 注册 地址 联系电话 法定代表 房地产 开发 企业 委托 房地产 中介机构 代理 销售 应当 公示 房地产 中介 服务 机构 备案 证明 中介 服务 授权 委托书 中介 服务 机构 地址 联系电话 项目 信息 商品房 预售 许可证 不动产 权属 证明 建筑 区划 车位 车库 规划 配建 数量 位置 租售 方式 租金 标准 售价 楼盘 是否 开行 楼巴 服务 及其 线路 站点 退出 时间 具体 设置 方案 城乡规划 主管部门 审定 建设工程 设计方案 平面 公示 明确 标示 建筑 区划 市政 规划 道路 位置 宽度 以及 建筑 规划 垃圾 压缩 变电站 公共厕所 化粪池 医疗卫生 服务 机构 学校 消防站 派出所 燃气 供应站 公交 首末 车位 车库 菜市场 移动 通信 基站 配套 公共服务 设施 设备 功能 用途 具体位置 规模 数量 内容 配建 保障性 安居工程 住房 数量 类型 区域 位置 产权 状况 物业管理 模式 商品房 项目 及其 配套 设施 开发 建设 时序 进度 竣工 验收 交付使用 时间 明确 配套 设施 是否 移交 政府 民用 建筑节能 信息 现房 销售 应当 公示 住宅 质量 保证书 住宅 使用 说明书 样本 销售 信息 商品房 买卖合同 样本 及其 附件 文本 备案 商品房 销售 方案 商品房 销售 价目表 商品房 销售价格 相关 信息 公示 商品房 销售 进度 控制 物业管理 事项 备案 前期 物业 服务 合同 附件 文本 环境影响 评价 文件 涉及 国家 秘密 商业秘密 个人隐私 内容 项目 周边 影响 因素 公示 因素 局限于 项目 规划 区域 影响 业主 利益 可能 引起 交易 纠纷 业主 投诉 因素 主要 包括 污染 土地 及其 产生 污染 场所 核电站 油气 库站 危险品 仓库 及其 危险 场所 高压 线路 微波 信道 无线通讯 基站 及其 辐射源 规划 路桥 隧道 变电站 及其 公共设施 建设 情况 及其 建设 行为 可能 造成 影响 规划 绿地 水面 树林 改变现状 及其 生态环境 变迁 情况 其他 房地产 开发 企业 房地产 中介 服务 机构 认为 可能 影响 业主 利益 可能 引起 交易 纠纷 业主 投诉 因素 公示 信息 获取 房地产 开发 企业 房地产 中介 服务 机构 商品房 销售 现场 信息 公示 工作 可以 依法 向市 规划 自然资源 管理 部门 生态环境 部门 相关 机构 申请 公开 相关 政府 信息 公示 时限 公示 期限 商品房 销售 之日起 全部 销售 完毕 之日止 公示 要求 商品房 销售 现场 公示 内容 放置 销售 现场 显著 位置 遵循 全面 准确 真实 有效 原则 做到 字迹 清晰 标示 醒目 销售 现场 公示 相关 信息 变化 及时 更新 保持 实际 情况 相一致 公示 采取 公示栏 公示 方式 条件 同时 采取 电子信息 电脑 查询 方式 进行 辅助 公示 公示栏 正上方 标注 公示栏 字样 公示栏 尺寸 小于 内容 可以 设置 以上 公示栏 公示栏 采取 墙上 张挂 落地 架式 放置 多个 公示 内容 分类 集中 排放 商品房 销售 进度 控制 项目 周边 影响 因素 公示 公示 尺寸 小于 现场 设立 公示 公示 公示 尺寸 小于 封面 标注 信息 公示 字样 公示 不少 首页 信息 目录 公示 内容 目录 序号 设置 公示 台面 尺寸 小于 左右 公示 正面 标注 信息 公示 字样 公示 固定 公示 台上 商品房 预售 许可证 不动产 权属 证明 规划 自然资源 管理 部门 审定 建设工程 设计方案 平面 公示 应当 公示 原件 原件 用于 有关 行政 管理 部门 办理 相关 手续 可以 公示 加盖 房地产 开发 企业 公章 复印件 房地产 开发 企业 房地产 中介 服务 机构 违反 通知 规定 房地产 市场 监督 部门 责令 限期 改正 房地产 开发 企业 房地产 中介 服务 机构 改正 按照 广东省 商品房 预售 管理条例 广州市 房屋交易 监督管理 办法 相关 规定 予以 处理 房地产 开发 企业 房地产 中介 服务 机构 违反 通知 规定 当事人 造成 损失 依法 承担 赔偿 责任 通知 日起 施行 有效期 五年 广州市 住房 城乡建设 委员会 关于 进一步 规范 商品房 销售 现场 信息 公示 通知 建规字 同时 废止 广州市 住房 城乡 建设局 广州市 住房 城乡 建设局 关于 调整 商品房 预售 使用 核准 工作 规则 房地产 开发 企业 广州市 房屋交易 监管 中心 黄埔区 住房 城乡 建设局 开发区 建设 交通局 花都区 住房 城乡 建设局 番禺区 住房 城乡 建设局 南沙 住房 城乡 建设局 从化区 住房 城乡 建设局 城区 住房 城乡 建设局 优化 营商 环境 保障 我市 房地产 行业 健康 平稳 发展 我局 决定 商品房 预售 使用 核准 工作 规则 进行 调整 现将 有关 事项 通知 如下 房地产 开发 企业 支付 款项 发票 书面 承诺 符合规定 留存 比例 条件 申请 划拨 项目 取得 预售证 支付 工程款 法定 税费 资金 调整 事项 由市 住房 城乡 建设局 预售 监管部门 组织 实施 从本 通知 印发 之日起 实行 广州市 住房 城乡 建设局,3.129459951807051,9.396313078597183,2.75,3.083333333333333,37881,17.6,27.14166666666667,6177.185795454546,164.1983198863636,809.7548024147728,1252.581060606061,9.787153409090912,5,3,0.008625,1.0,阶段1,16.0,20.0,146.8073011363636,18.0,0.05999999999999999,阶段2,16.0,23.0,4.743005113636364,4.5,0.03,竣备,16.0,28.0,6.211078125,6.5,0.01,阶段4,16.0,35.0,6.436935511363637,10.5,0.0,阶段5,,,0.0,,1,3,809.7548024147728
惠州,惠州,Huizhou-2,approved construction cost,,successive inspection stages,retained balance,specified,condition beyond first registration,True,True,6.0,,0.05,explicit Chinese count in evidence excerpt,not explicitly parseable from retained excerpt,manual 5% retained flag,"监管额度公式：预售证面积/系数*3960+预售证装修面积*1200 余下监管额度=(重点监管额度-已解工程款) ＜ 监管余额 （可用土地款或前期工程款发票解冻多出金额） 1.竣备 | 监管账户内的资金按项目销售总金额的10%计算留存; (二)监管项目规划验收后至竣工验收备案前，监管账户内的资金按项目销售总金额的8%计算留存; (三)监管项目竣工验收备案后至不动产首次登记前，监管账户内的资金按项目销售总金额的5%计算留存; (四)监管账户对应所有监管项目办理了不动产首次登记的，房地产开发企业可以申请解除账户的监管 | 完成房屋所有权首次登记后,房地产开发企业申请解除商品房预售资金监管的,经监管部门结合企业纳税信用等级等情况核实同意,可解除预售资金监管",True,policy_identification_filled.xlsx,City_audit,5stage_Pcost,5,3,stage_1|stage_2|stage_3|stage_4|stage_5,阶段1|阶段2|竣备|阶段4|阶段5,阶段1|竣备|阶段4,partial_named_milestones,,,3,,,not_estimable:topout_stage_name_unmapped,not_estimable:registration_stage_name_unmapped,expert_calibrated_operational_proxy_pending_source_mapping,monthly-revenue stage ratio or within-cohort amount share; not automatically a policy percentage,external/Modelling Dep/41_Cities_Dep/city_catalog.json,data/pmc_data.xlsx,dep-operational-h1-v1,Huizhou-2,2022,二线,惠州,Guangdong,"惠州市
重点监管额度公式：预售证面积/系数*3960+预售证装修面积*1200                                                                              余下监管额度=(重点监管额度-已解工程款) ＜ 监管余额                                           （可用土地款或前期工程款发票解冻多出金额）
1.竣备；
2.大确权；
3.解除监管
目前留存比例按照市局红头文件执行
1.工程款解冻（提供发票、完税证明）；
2.营销费解冻（提供发票、完税证明）；
3.税款解冻（提供税局申报表）；
4.开发贷利息解冻（提供银行催缴通知书）；
5、若余下监管额度＜监管余额时，可用土地款或前期工程款发票解冻多出金额
第十条商品房预售资金进入监管账户后，房地产开发企业按以下规定比例留存，其余部分可以根据本办法第九条、第十二条、第十三条、第十四条的规定向监管部门申请使用:
(一)监管项目预售后至规划验收前，监管账户内的资金按项目销售总金额的10%计算留存;
(二)监管项目规划验收后至竣工验收备案前，监管账户内的资金按项目销售总金额的8%计算留存;
(三)监管项目竣工验收备案后至不动产首次登记前，监管账户内的资金按项目销售总金额的5%计算留存;
(四)监管账户对应所有监管项目办理了不动产首次登记的，房地产开发企业可以申请解除账户的监管。与房地产开发项目相关的法定税费未完成清缴的，不得完全解除监管。
监管项目竣工验收备案后至不动产首次登记前，若监管账户内留存的预售资金超过本办法规定的留存额度的，超出部分房地产开发企业可申请支付预售前已支付的工程建设费用、法定税费、监管项目占地范围分摊的土地购置费用以及营销费用，其中营销费用不得超过项目销售总金额的3%。
监管项目未售房屋办理在建工程抵押，抵押贷款未存入监管账户的，抵押贷款额抵扣监管部门同意使用的预售资金。

各相关单位:
根据住房和城乡建设部、人民银行、银保监会有关文件精神及我省转发意见,为促进房地产业的良性循环和健康发展,经市人民政府同意,现就商品房预售资金监管额度有关事项通知如下:
一、预售资金监管额度。监管额度是监管账户中确保项目竣工交付所需的资金额度,核定标准为:
监管额度=3300元/㎡�项目建筑面积(含地下室等需同步交付工程建筑面积)�120%。
精装修商品房项目增加监管额度=1000元/㎡�项目预售面积�120%。
监管账户内资金按照《惠州市商品房预售资金监督管理办法》(惠府办〔2021〕1号,以下简称《办法》)第十条规定比例留存。监管额度内超出留存比例的资金按照《办法》第九条规定事项申请拨付。监管额度随拨付金额核减。
项目完成外立面施工且脚手架拆除后,监管账户内资金超出后续工程所占监管额度比例的,可申请拨付该项目预售前房地产开发企业未支付及已支付的工程建设费用、法定税费。
项目完成房屋所有权首次登记后,房地产开发企业申请解除商品房预售资金监管的,经监管部门结合企业纳税信用等级等情况核实同意,可解除预售资金监管。
项目建造成本高,监管额度不足以保障项目完工的,监管部门可根据工程实际造价上调监管额度。
二、监管额度外资金的使用。监管账户内的累计进账资金达到监管额度后,房地产开发企业可以申请将超出监管额度的资金用于以下特定用途:
(一)项目预售前已支付的工程建设费用；
(二)项目占地范围分摊的土地购置费用；
(三)项目预售前已支付的税费、行政事业性收费；
(四)开发企业代缴的住宅专项维修资金；
(五)用于本项目开发建设的开发贷款本息；
(六)项目营销费用。
房地产开发企业申请资金用于上述用途,按照《办法》规定向监管部门申请使用。
监管部门审核支付上述用途费用前,房地产开发企业应提交将资金优先用于同一施工许可证对应的其他非预售楼栋建设的用款计划。
三、使用银行保函替换预售资金。监管额度外资金按照本通知第二条规定申请使用后仍有结余的,房地产开发企业可凭商业银行出具的无条件的“见索即付”现金保函等额替换,并在达到保函约定注销条款前,不可撤销。
四、建立信息共享机制。监管部门与相关金融部门进行信息对接,共享开发贷款放款信息、预售资金拨付信息,避免同一事项重复使用开发贷款或预售资金。
五、本通知自2022年6月2日起施行,有效期3年。
惠州市住房和城乡建设局
2022年6月1日


各县、区人民政府,市政府各工作部门:
《惠州市商品房预售资金监督管理办法》业经十二届155次市政府常务会议通过,现印发给你们,请遵照执行。执行过程中遇到的问题,请径向市住房城乡建设局反映。
惠州市人民政府办公室
2021年3月26日
惠州市商品房预售资金监督管理办法
第一条为了促进房地产市场平稳健康发展,加强商品房预售资金监督管理,保证商品房预售资金专款专用,根据《中华人民共和国城市房地产管理法》《广东省商品房预售管理条例》等有关规定,结合我市实际,制定本办法。
第二条本市行政区域内取得预售许可的商品房项目(以下简称监管项目),其预售资金的收存、支取、使用及监督管理,适用本办法。
第三条商品房预售资金的监督管理遵循政府监管、银行配合、多方监督、专款专用的原则。
第四条市、县(区)住房和城乡建设主管部门或县(区)政府确定的房地产行政主管部门(以下简称监管部门)负责商品房预售资金的监督管理工作。
签订商品房预售资金专用账户监管协议的银行(以下简称监管银行)应当按照有关法律、法规、规章和本办法的规定及监管协议约定协同做好商品房预售资金的监管工作。
第五条本办法所称商品房预售资金是指房地产开发企业将其开发建设的商品房预售给购房人,购房人依照合同约定支付的首付款、一次性付款、分期付款、按揭款以及其他形式的全部购房资金。
第六条商品房预售资金专用账户(以下简称监管账户)应当与商品房预售项目相对应,项目规模较大、分期开发的,每期可分别设立专用账户。原则上一个项目每期开设一个专用账户,最多不超过两个。同一房地产开发企业有多个商品房预售项目的,应当分别设立监管账户。
项目预售过程中,除转让预售的商品房项目并按《广东省商品房预售管理条例》规定变更商品房预售许可证信息的情形外,监管账户不得变更、注销。
第七条房地产开发企业预售商品房时,应当将监管账户的名称、账号、对应的销售点终端机商户编号等信息在销售场所《房屋销售信息公示栏》公示。
第八条购房人应当按照与房地产开发企业签订的《商品房买卖合同》约定的付款方式及期限,将商品房预售房款直接存入监管账户。
房地产开发企业不得另设账户收存商品房预售资金。对于已收取的购房意向金、定金等款项,应当按照本办法规定,将其转为商品房价款存入监管账户。
第九条监管账户内的款项在项目竣工之前,只能用于下列事项,不得挪作他用:
(一)监管项目建设必需的建筑材料、设备和施工进度款及法定税费；
(二)监理、设计、检测等工程建设费用。
第十条 商品房预售资金进入监管账户后,房地产开发企业按以下规定比例留存,其余部分可以根据本办法第九条、第十二条、第十三条、第十四条的规定向监管部门申请使用:
(一)监管项目预售后至规划验收前,监管账户内的资金按项目销售总金额的10%计算留存；
(二)监管项目规划验收后至竣工验收备案前,监管账户内的资金按项目销售总金额的8%计算留存；
(三)监管项目竣工验收备案后至不动产首次登记前,监管账户内的资金按项目销售总金额的5%计算留存；
(四)监管账户对应所有监管项目办理了不动产首次登记的,房地产开发企业可以申请解除账户的监管。与房地产开发项目相关的法定税费未完成清缴的,不得完全解除监管。
监管项目竣工验收备案后至不动产首次登记前,若监管账户内留存的预售资金超过本办法规定的留存额度的,超出部分房地产开发企业可申请支付预售前已支付的工程建设费用、法定税费、监管项目占地范围分摊的土地购置费用以及营销费用,其中营销费用不得超过项目销售总金额的3%。
监管项目未售房屋办理在建工程抵押,抵押贷款未存入监管账户的,抵押贷款额抵扣监管部门同意使用的预售资金。
第十一条建立房地产开发企业违法违规行为部门间通报制度,监管部门应如实记录房地产开发企业行为情况,对违法违规记录较多、群众投诉集中、存在历史欠税以及取得销售(预售)许可证满5年仍未完成土地增值税清算的企业,监管部门应当加强该开发企业及其关联项目预售资金的收存与使用监管,落实税费清缴责任。
房地产开发企业可以书面申请查询本企业行为记录情况。
第十二条房地产开发企业应当根据预售项目建设方案和施工进度向监管部门申报后续工程量及所需的资金、用款计划,以及所需的税费。
后续工程量及所需的资金包括该项目预售时现状至各项工程竣工验收所需要完成的工程量(包含土建工程、配电、消防、给排水、通风设备管道、电梯及安装、道路、管网、照明、绿化、监控、通讯、网络等)、所需购买的材料和设备等款项,以及因本项目而产生的其他工程建设费用。
用款计划应按照预售后首次申请用款、主体结构封顶、安装工程完成、规划验收、竣工验收、竣工验收备案六个节点确定监管项目用款额度。所需的税费以房屋备案价格核算项目总销售额,按国家规定的税率计算。
第十三条房地产开发企业申报后续工程量及所需的资金、用款计划,应当向监管部门提交下列材料:
(一)施工合同、监理合同、设备材料买卖合同等合同(如施工合同已经网签,提供施工合同网签编号)；
(二)工程造价预算书；
(三)经房地产开发企业、施工许可证上载明的施工单位及监理单位三方确认的施工进度计划；
(四)未支付工程款、设备材料款清单及其用款计划；
(五)施工许可证及扣税协议复印件(验原件)；
(六)监管部门要求提供的其他资料。
后续工程量及所需的资金、用款计划由施工许可证载明的施工单位、监理单位盖章确认。
后续工程量及所需的资金发生变化的,房地产开发企业应及时补充申报。
第十四条房地产开发企业申请使用监管账户内资金的,应当向项目的监管部门提交下列材料:
(一)首次申请使用监管账户内资金的,提交施工单位、供货商出具的房地产开发企业在预售前支付工程款、设备材料款的税务发票复印件(验原件)；
(二)提交《商品房预售资金监管账户资金拨付申请表》。房地产开发企业、施工许可证上载明的施工单位及监理单位应按要求在表格对应栏目填写用款意见、施工进度并加盖单位公章；
(三)用于支付工程款的,提供施工单位的用款申请,并且确认用款金额及施工单位账户。用于支付购买项目建设必需的建筑材料、设备款项的,提供供货商的用款意见,并且确认用款金额及供货商账户。用于支付监管项目法定税费的,提供纳税申报表或税务部门开具的税票等缴税凭证；提供纳税申报表的,应由税务部门确认缴税金额和账户；
(四)监管账户的银行对账单；
(五)首次用款后,每次申请用款时还应当提交上一次申请用款的划款凭证；
(六)监管部门要求提供的其他资料。
第十五条监管部门收到房地产开发企业用款申请后,应在5个工作日内完成审核,必要时进行现场查看。同意使用商品房预售资金的,出具《拨付预售资金通知书》,并设定有效期；不同意的,以书面形式说明理由。
第十六条房地产开发企业与购房人解除商品房买卖协议,申请使用监管账户内资金用于退购房款的,应当向监管部门提交下列材料:
(一)商品房买卖双方共同签署的退房退款申请书；
(二)撤销认购书或解除商品房买卖协议等材料；
(三)购房款进入监管账户的凭证；
(四)购房人银行账号；
(五)监管账户的银行对账单；
(六)监管部门要求提供的其他资料。
监管部门应在收到申请后5个工作日内进行核实,经核实情况属实的,参照第十五条规定的程序原路退回该部分房款。
第十七条符合第十条第一款第四项的,监管部门应当按下列程序解除对监管账户的监管:
(一)房地产开发企业向监管部门提交《解除商品房预售资金监管账户监管呈批表》、监管账户对应所有监管项目的《竣工验收备案表》及不动产首次登记文件；
(二)经审核,符合条件的,监管部门应在5个工作日内出具解除商品房预售款专用账户监管函件；
(三)房地产开发企业持解除商品房预售款专用账户监管函件到监管银行办理监管账户解除监管手续。
第十八条房地产开发企业在申请商品房预售许可证前,应当在项目所在地商业银行设立监管账户,并与监管部门、监管银行三方签订《商品房预售资金专用账户监管协议》。监管银行向开发企业出具《商品房预售资金监管账户信息》。
第十九条 监管部门应构建全市统一的商品房预售资金监管系统,逐步推行监管银行按照“监管账户-预售项目记账账户-预售单元记账账户”建立三级预售监管资金核算账户。
第二十条以按揭贷款方式购房的,按揭银行应当根据《广东省商品房预售管理条例》有关资金收存的规定,在贷款合同或抵押合同中约定将按揭款发放到本房屋对应的监管账户,并在按揭款发放后通知购房人和房地产开发企业。
监管银行在按揭款发放后按《商品房预售资金专用账户监管协议》的约定向系统推送放款信息,发现商品房按揭款未进入监管账户的,监管银行应协助监管部门进行追缴。
第二十一条凡预售阶段网签商品房买卖合同的商品房,房地产开发企业应在合同签订后30日内向监管部门申请商品房预售资金查验,确认资金已进入监管账户。首次查验后,有分期付款的或增加首期款的,后续进账时需在30日内再次申请查验。
监管部门及监管银行应当充分运用商品房预售资金监管系统,实现商品房预售资金的实时监管。
第二十二条监管银行应按监管协议的约定建立监管账户收存、支出台账,每日定时向预售资金监管系统推送监管账户的数据信息。
发生监管账户被查封、冻结、强制扣款等情况,监管银行应当审查理由并依法提出意见,并按协议约定的时间和方式将相关函件复印件送达监管部门。
第二十三条监管银行必须严格按照监管部门核准的内容、数额、期限拨付监管账户内的资金,不得支付现金。
监管银行未经监管部门核准,不得擅自划扣监管账户资金。
第二十四条预售项目施工许可证载明的监理单位、施工单位应配合房地产开发企业申报后续工程量及所需的资金、用款计划,根据其工作职责审核申报材料的真实性,并对审核意见负责。
第二十五条监管部门应加强对监管项目预售资金使用的管理,充分利用商品房预售资金监管系统对资金实施实时监管,发现预售资金使用异常的,应当立即责令改正。
第二十六条房地产开发企业违反本办法第八条、第九条,有下列情形之一,由监管部门依据《广东省商品房预售管理条例》责令限期改正,责令限期改正期间暂停办理监管账户内的商品房预售资金的使用申请,降低或者注销其房地产开发资质,并记录企业行为信息。
(一)未按规定收存、使用商品房预售资金的；
(二)在商品房预售资金收存、使用过程中提供虚假资料的；
(三)应进入监管账户的商品房预售资金与实际进账存在较大差异的；
(四)监管部门认定应当暂停办理的其他情形。
有前款第一项情形的,可以依据《广东省商品房预售管理条例》处以违法使用款项百分之十以上百分之二十以下的罚款。
第二十七条施工单位、监理单位提供虚假证明或采取其他方式协助房地产开发企业违规使用商品房预售资金的,由建设行政主管部门将其违规行为记入企业行为记录,并依法对相关责任单位和责任人予以查处。
其他单位违反上述规定的,由监管部门移交相关主管部门依法予以查处。
第二十八条监管银行有下列行为的,监管部门按照监管协议要求监管银行改正,并视情形按《广东省商品房预售管理条例》第四十一条规定移交惠州银保监分局处理。逾期不整改的,监管部门可以根据《商品房预售资金专用账户监管协议》约定解除合同。
(一)未经监管部门同意,擅自拨付商品房预售资金的；
(二)未按规定时间办理预售资金划款,累计达三次的；
(三)不遵守《商品房预售资金专用账户监管协议》的；
(四)不执行本办法其他规定的。
第二十九条按揭银行违反《广东省商品房预售管理条例》未将预售性质的按揭款收存的,由监管部门移交惠州银保监分局处理。
第三十条监管部门及监管银行工作人员在商品房预售资金监管工作中玩忽职守、滥用职权、徇私舞弊的,依法追究责任；涉嫌犯罪的,移交司法机关处理。
第三十一条本办法自印发之日起施行,有效期5年




各县、区人民政府,市政府各部门、各直属机构:
《惠州市区中心区商品房预售资金监督管理办法》业经十一届104次市政府常务会议讨论通过,现印发给你们,请遵照执行。执行过程中遇到的问题,请径向市房管局反映。
惠州市人民政府办公室
2015年6月29日
惠州市区中心区商品房预售资金监督管理办法
第一章 总 则
第一条 为加强市区中心区商品房预售资金监督管理,保证商品房预售资金专款专用,防范信贷风险,根据《中华人民共和国城市房地产管理法》、《广东省商品房预售管理条例》、《城市商品房预售管理办法》(原建设部令第131号)、《住房和城乡建设部关于进一步加强房地产市场监管完善商品住房预售制度有关问题的通知》(建房〔2010〕53号)等有关法律、法规、规章和政策的规定,结合市区中心区的实际,制定本办法。
第二条 惠州市区中心区(含惠城区、仲恺高新区,以下简称市区)内取得预售许可的商品房项目(以下简称项目),其预售资金的收存、支取、使用及监督管理,适用本办法。
第三条 市区商品房预售资金的监督管理遵循政府监管、银行配合、多方监督、专款专用的原则。
第四条 市房地产行政主管部门(以下简称监管部门)负责市区内商品房预售资金的监督管理工作。
中国人民银行惠州市中心支行负责监督指导商业银行开设商品房预售资金专用账户(以下简称专用账户)。
银行业有关行政监管部门应按各自职责对本市市区内签订商品房预售资金专用账户监管协议的银行(以下简称监管银行)的预售资金监管行为进行监督检查。
监管银行应当按照有关法律、法规、规章和本办法的规定及监管协议约定协同做好商品房预售资金的监管工作。
房地产开发企业应当严格遵守有关法律、法规、规章和本办法的规定及监管协议约定,诚信守法,自觉接受监管。
购房人应当按照有关法律、法规、规章和本办法的规定,以及《商品房买卖合同》约定,维护自身合法权益,减少交易风险。
第二章 一般规定
第五条 本办法所称商品房预售资金是指房地产开发企业将其开发建设的商品房在竣工验收备案前预售给购房人,购房人依照合同约定支付的首付款、一次性付款、分期付款、按揭款以及其他形式的全部购房资金。
第六条 专用账户的设立:
(一)房地产开发企业在当地房地产行政主管部门商品房预售系统中查询已入网银行信息；
(二)房地产开发企业在项目所在地已入网银行开设专用账户；
(三)房地产开发企业、监管部门、银行三方共同签订《商品房预售资金专用账户监管协议书》；
(四)监管银行出具《商品房预售资金专用账户证明》。
商品房预售资金监管协议书及专用账户证明格式文本由监管部门制定。
第七条 专用账户应当与商品房预售项目相对应,项目规模较大、分期开发的,每期可分别设立专用账户。原则上一个项目每期开设一个专用账户,最多不超过2个。同一房地产开发企业有多个商品房预售项目的,应当分别设立专用账户。
项目预售过程中,专用账户不得变更、注销。
第八条 房地产开发企业预售商品房时,应当将监管银行以及专用账户的名称、账号、对应的POS机工号证明等信息在售楼部《房屋销售信息公示栏》公示。
第九条 商品房预售资金应当全部存入专用账户,在项目竣工之前,只能用于购买该项目建设必需的建筑材料、设备和支付项目建设的施工进度款及法定税费,不得挪作他用。
第十条 房地产开发企业应当根据项目建设方案及施工进度向监管部门申报后续工程量及所需的资金、用款计划,以及所需的税款。
后续工程量及所需的资金包括该项目预售时现状至各项工程竣工验收,需要完成的工程量(包含土建工程、配电、给排水、通风设备管道、电梯及安装、道路、管网、照明、绿化、监控、通讯、网络等),以及所需购买的材料、设备的资金。
用款计划由房地产开发企业根据工程的具体实际确定。
所需的税款以房屋预售价格核算项目总销售额,按国家规定的税率计算。
第十一条 房地产开发企业申报后续工程量及所需的资金、用款计划,应当向监管部门提交下列材料:
(一)未完成的工程量、未支付工程款清单及相关的合同复印件(验原件)；
(二)未支付的材料、设备款清单及相关的购销合同复印件(验原件)；
(三)施工许可证及扣税协议复印件(验原件)；
(四)监管部门根据申报的实际情况要求提供的其他相关资料。
后续工程量及所需的资金、用款计划由施工许可证上确定的施工单位、监理单位盖章确认。
后续工程量及所需的资金发生变化的,房地产开发企业应及时补充申报。
第十二条 商品房预售资金进入专用账户后,房地产开发企业按规定比例留存后,超出部分可以向监管部门申请使用。
项目预售后,专用账户内的资金按预售合同总金额的10%计算留存；
项目取得建设工程规划验收合格证后,专用账户内的资金按预售合同总金额的5%计算留存；
专用账户对应监管的楼栋全部取得《竣工验收备案表》后,房地产开发企业可以申请解除专用账户的监管。
第十三条 房地产开发企业申请使用专用账户内资金的,应当向监管部门提交下列材料:
(一)提交《商品房预售资金专用账户资金拨付申请表》。房地产开发企业、施工许可证上确定的施工单位及监理单位应按要求在表格对应栏目填写用款意见、施工进度并加盖单位公章；
(二)用于支付工程款的,提供施工单位的用款申请,并且确认用款金额及划款账户；用于支付购买项目建设必需的建筑材料、设备款项的,提供供货商的用款意见,并且确认用款金额及划款账户；用于支付法定税款的,提供缴纳税款申报表或税务部门开具的发票等缴税凭证,并且由房地产开发企业确认缴税金额和划款专户；
(三)专用账户的银行对账单；
(四)首次用款后,每次申请用款时还应当提交上一次申请用款的划款凭证；
(五)监管部门根据申请使用的实际情况要求提供的其他相关资料。
第十四条 房地产开发企业申请使用专用账户内资金用于退购房款的,应当向监管部门提交下列材料:
(一)撤销认购书或终止商品房买卖合同等证明材料；
(二)购房款进入专用账户的凭证；
(三)购房人银行账号；
(四)专用账户的银行对账单；
(五)监管部门根据申请使用的实际情况要求提供的其他相关资料。
第十五条 受理房地产开发企业用款申请后,监管部门应在5个工作日内进行审核,并作出答复。同意使用商品房预售资金的,出具《拨付预售资金通知书》；不同意的,以书面形式说明理由。《拨付预售资金通知书》设定有效期。监管银行凭有效的拨付通知书,按批准的用款单位、用款金额等办理专用账户资金划款手续。
第十六条 专用账户监管的解除:
(一)房地产开发企业向监管部门提交《解除商品房预售资金专用账户监管呈批表》、专用账户对应监管楼栋的《竣工验收备案表》；
(二)经审核,符合条件的,监管部门应在5个工作日内出具解除监管的证明文件；
(三)房地产开发企业持解除监管的证明文件,到监管银行办理专用账户解除监管手续；
(四)监管银行应在3个工作日内办结专用账户监管的解除。
监管的楼栋办理房屋初始登记后,预售房自动转为现房销售。
第三章 监督管理
第十七条 商品房预售时,房地产开发企业必须与购房人签订《商品房买卖合同》,在合同中注明购房款的付款方式、期限,存入的监管银行、专用账号以及监管部门。
(一)购房人应当根据购房合同约定的付款方式及期限,将商品房预售房款直接存入专用账户。房地产开发企业不得另设账户收存商品房预售资金。
对于已收取的购房定金,房地产开发企业应当按照合同约定,将其转为商品房价款存入专用账户。
(二)购房人以银行按揭方式购房的,按揭银行为监管银行的,按揭银行应当在贷款合同或抵押合同中约定按揭款将发放到本房屋对应的专用账户。
按揭银行为非监管银行,且按揭银行在贷款合同或抵押合同中约定按揭款将发放到非本房屋对应的专用账户的,按揭银行应当在贷款合同或抵押合同中与购房人再订立条款,约定按揭银行发放按揭款后,由按揭银行监督房地产开发企业在15个工作日内将按揭款划转入按揭房屋对应的专用账户,限制按揭款被划转到其它账户。
第十八条 凡预售阶段网签商品房买卖合同的商品房,房地产开发企业均应在合同签订后30日内向监管部门申请商品房预售资金查验,确认资金已进入专用账户。首次查验后,有分期付款的或增加首期款的,需再次申请查验。
监管部门及监管银行应当积极应用网络信息技术,实现商品房预售资金的实时监控。
第十九条 房地产开发企业应当于每月5日前,将专用账户对应楼栋的上月房屋预售、按揭款发放等数据报送监管银行。
第二十条 监管银行应按监管部门的格式要求建立专用账户收存、支出台账,于每月10日前将上月数据报送监管部门。每日定时向预售资金监管系统推送专用账户的数据信息。
发现商品房按揭款未进入专用账户的,监管银行应协助监管部门进行追缴。发生专用账户被查封、被冻结、被强制扣款等异常情况,监管银行应当在2个工作日内将相关函件复印件送达监管部门。
第二十一条 按揭银行是非监管银行的,应无条件配合房地产开发企业办理按揭款的划转手续,并在资金划转后按预售资金监管系统数据交换的规定向系统推送放款信息。
第二十二条 建设行政主管部门应加强对商品房建设项目的监管,发现工程进度及工程款支付不正常的,应当责令改正并向监管部门通报。
第二十三条 房地产开发企业有下列情形之一的,查处期间,监管部门暂停审批专用账户内的商品房预售资金的使用申请。
(一)未按规定收存商品房预售资金的；
(二)未按规定使用商品房预售资金的；
(三)在商品房预售资金收存、使用过程中提供虚假资料的；
(四)未按规定申请预售资金查验的；
(五)应进入专用账户的商品房预售资金与实际进账存在较大差异的；
(六)监管部门认定应当暂停审批的其他情形。
第四章 罚 则
第二十四条 房地产开发企业有本办法第二十三条第一项、第二项、第三项、第四项规定情形之一的,由监管部门责令限期改正,暂停该预售项目在预售系统上网签买卖合同业务,将其违法违规行为予以公示,记入企业信用信息系统；有本办法第二十三条第一项、第二项规定情形之一的,依据《广东省商品房预售管理条例》第四十一条的规定,可以处以违法使用款项百分之十以上百分之二十以下的罚款。
整改完成后,恢复该项目商品房网签买卖合同业务。
第二十五条 施工单位、监理单位提供虚假证明或采取其他方式协助房地产开发企业违规使用商品房预售资金的,由建设行政主管部门将其违规行为记入企业信用信息系统,并会同有关部门依法对相关责任单位和责任人予以查处。
其他单位违反上述规定的,由监管部门移交相关管理部门予以查处。
第二十六条 监管银行有下列行为之一的,监管部门有权责令其限期整改,并视情形移交有关行政管理部门按职责进行监督管理。逾期不整改的,监管部门可以取消其监管新预售项目资格。
(一)未经监管部门同意,擅自拨付商品房预售资金的；
(二)未按规定办理预售资金划款手续的；
(三)不遵守预售资金专用账户监管协议的；
(四)不按规定向预售资金监管系统推送专用账户数据信息的；
(五)不按时报送专用账户台账的；
(六)不执行本办法相关规定的。
第二十七条 按揭银行未按规定发放按揭款的,或者未按规定向预售资金监管系统推送按揭款发放数据信息的,由有关行政管理部门按职能依法进行监控和限制。
第二十八条 监管部门、其他有关行政管理部门及监管银行工作人员在商品房预售资金监管工作中玩忽职守、滥用职权、徇私舞弊的,依法追究责任；涉嫌犯罪的,移交司法机关处理。
第五章 附 则
第二十九条 惠阳区、惠东县、博罗县、龙门县及大亚湾开发区可参照本办法执行。
第三十条 本办法自印发之日起施行,有效期5年",惠州市 重点 监管 额度 公式 预售证 面积 系数 预售证 装修 面积 余下 监管 额度 重点 监管 额度 已解 工程款 监管 余额 可用 土地 前期 工程款 发票 解冻 多出 金额 竣备 确权 解除 监管 目前 留存 比例 按照 市局 红头文件 执行 工程款 解冻 提供 发票 完税 证明 营销 解冻 提供 发票 完税 证明 税款 解冻 提供 税局 申报表 开发 利息 解冻 提供 银行 催缴 通知书 余下 监管 额度 监管 余额 可用 土地 前期 工程款 发票 解冻 多出 金额 第十条 商品房 预售 资金 进入 监管 账户 房地产 开发 企业 以下 规定 比例 留存 其余部分 可以 根据 办法 第九条 第十二条 第十三条 第十四条 规定 监管部门 申请 使用 监管 项目 预售 规划 验收 监管 账户 资金 项目 销售 总金额 计算 留存 监管 项目 规划 验收 竣工 验收 备案 监管 账户 资金 项目 销售 总金额 计算 留存 监管 项目 竣工 验收 备案 不动产 首次 登记 监管 账户 资金 项目 销售 总金额 计算 留存 监管 账户 对应 所有 监管 项目 办理 不动产 首次 登记 房地产 开发 企业 可以 申请 解除 账户 监管 房地产 开发 项目 相关 法定 税费 完成 清缴 不得 完全 解除 监管 监管 项目 竣工 验收 备案 不动产 首次 登记 监管 账户 留存 预售 资金 超过 办法 规定 留存 额度 超出 部分 房地产 开发 企业 申请 支付 预售 支付 工程建设 费用 法定 税费 监管 项目 占地 范围 分摊 土地 购置 费用 以及 营销 费用 其中 营销 费用 不得 超过 项目 销售 总金额 监管 项目 未售 房屋 办理 在建 工程 抵押 抵押 贷款 存入 监管 账户 抵押 贷款额 抵扣 监管部门 同意 使用 预售 资金 相关 单位 根据 住房 城乡 建设部 人民银行 保监会 有关 文件精神 我省 转发 意见 促进 房地产业 良性循环 健康 发展 经市 人民政府 同意 商品房 预售 资金 监管 额度 有关 事项 通知 如下 预售 资金 监管 额度 监管 额度 监管 账户 确保 项目 竣工 交付 资金 额度 核定 标准 监管 额度 项目 建筑面积 地下室 同步 交付 工程 建筑面积 精装修 商品房 项目 增加 监管 额度 项目 预售 面积 监管 账户 资金 按照 惠州市 商品房 预售 资金 监督管理 办法 惠府 以下 简称 办法 第十条 规定 比例 留存 监管 额度 超出 留存 比例 资金 按照 办法 第九条 规定 事项 申请 拨付 监管 额度 拨付 金额 核减 项目 完成 外立面 施工 脚手架 拆除 监管 账户 资金 超出 后续 工程 监管 额度 比例 申请 拨付 项目 预售 房地产 开发 企业 支付 支付 工程建设 费用 法定 税费 项目 完成 房屋 所有权 首次 登记 房地产 开发 企业 申请 解除 商品房 预售 资金 监管 监管部门 结合 企业 纳税 信用等级 情况 核实 同意 解除 预售 资金 监管 项目 建造 成本 监管 额度 不足以 保障 项目 完工 监管部门 根据 工程 实际 造价 上调 监管 额度 监管 额度 资金 使用 监管 账户 累计 进账 资金 达到 监管 额度 房地产 开发 企业 可以 申请 超出 监管 额度 资金 用于 以下 特定 用途 项目 预售 支付 工程建设 费用 项目 占地 范围 分摊 土地 购置 费用 项目 预售 支付 税费 行政 事业性 收费 开发 企业 代缴 住宅 专项 维修 资金 用于 项目 开发 建设 开发 贷款 本息 项目 营销 费用 房地产 开发 企业 申请 资金 用于 上述 用途 按照 办法 规定 监管部门 申请 使用 监管部门 审核 支付 上述 用途 费用 房地产 开发 企业 提交 资金 优先 用于 同一 施工 许可证 对应 其他 预售 楼栋 建设 用款 计划 使用 银行 保函 替换 预售 资金 监管 额度 资金 按照 通知 第二条 规定 申请 使用 结余 房地产 开发 企业 商业银行 出具 无条件 见索 即付 现金 保函 等额 替换 达到 保函 约定 注销 条款 不可 撤销 建立 信息 共享 机制 监管部门 相关 金融部门 进行 信息 对接 共享 开发 贷款 放款 信息 预售 资金 拨付 信息 避免 同一 事项 重复使用 开发 贷款 预售 资金 通知 日起 施行 有效期 惠州市 住房 城乡 建设局 各县 人民政府 市政府 工作部门 惠州市 商品房 预售 资金 监督管理 办法 业经 十二届 市政府 常务会议 通过 印发 你们 遵照执行 执行 过程 遇到 问题 径向 住房 城乡 建设局 反映 惠州市 人民政府 办公室 惠州市 商品房 预售 资金 监督管理 办法 第一条 为了 促进 房地产 市场 平稳 健康 发展 加强 商品房 预售 资金 监督管理 保证 商品房 预售 资金 专款专用 根据 中华人民共和国 城市 房地产 管理法 广东省 商品房 预售 管理条例 有关 规定 结合 我市 实际 制定 办法 第二条 本市 行政区域 取得 预售 许可 商品房 项目 以下 简称 监管 项目 预售 资金 收存 支取 使用 监督管理 适用 办法 第三条 商品房 预售 资金 监督管理 遵循 政府 监管 银行 配合 多方 监督 专款专用 原则 第四条 住房 城乡建设 主管部门 或县 政府 确定 房地产 行政 主管部门 以下 简称 监管部门 负责 商品房 预售 资金 监督管理 工作 签订 商品房 预售 资金 专用 账户 监管 协议 银行 以下 简称 监管 银行 应当 按照 有关 法律 法规 规章 办法 规定 监管 协议 约定 协同 做好 商品房 预售 资金 监管 工作 第五条 办法 商品房 预售 资金 房地产 开发 企业 开发 建设 商品房 预售 购房人 购房人 依照 合同 约定 支付 首付款 一次性 付款 分期付款 按揭 以及 其他 形式 全部 购房 资金 第六条 商品房 预售 资金 专用 账户 以下 简称 监管 账户 应当 商品房 预售 项目 相对 项目 规模 较大 分期 开发 每期 分别 设立 专用 账户 原则上 一个 项目 每期 开设 一个 专用 账户 最多 超过 两个 同一 房地产 开发 企业 多个 商品房 预售 项目 应当 分别 设立 监管 账户 项目 预售 过程 转让 预售 商品房 项目 广东省 商品房 预售 管理条例 规定 变更 商品房 预售 许可证 信息 情形 监管 账户 不得 变更 注销 第七条 房地产 开发 企业 预售 商品房 应当 监管 账户 名称 账号 对应 销售点 终端机 商户 编号 信息 销售 场所 房屋 销售 信息 公示栏 公示 第八条 购房人 应当 按照 房地产 开发 企业 签订 商品房 买卖合同 约定 付款 方式 期限 商品房 售房款 直接 存入 监管 账户 房地产 开发 企业 不得 另设 账户 收存 商品房 预售 资金 对于 收取 购房 意向 定金 款项 应当 按照 办法 规定 转为 商品房 价款 存入 监管 账户 第九条 监管 账户 款项 项目 竣工 之前 只能 用于 下列 事项 不得 挪作他用 监管 项目 建设 必需 建筑材料 设备 施工进度 款及 法定 税费 监理 设计 检测 工程建设 费用 第十条 商品房 预售 资金 进入 监管 账户 房地产 开发 企业 以下 规定 比例 留存 其余部分 可以 根据 办法 第九条 第十二条 第十三条 第十四条 规定 监管部门 申请 使用 监管 项目 预售 规划 验收 监管 账户 资金 项目 销售 总金额 计算 留存 监管 项目 规划 验收 竣工 验收 备案 监管 账户 资金 项目 销售 总金额 计算 留存 监管 项目 竣工 验收 备案 不动产 首次 登记 监管 账户 资金 项目 销售 总金额 计算 留存 监管 账户 对应 所有 监管 项目 办理 不动产 首次 登记 房地产 开发 企业 可以 申请 解除 账户 监管 房地产 开发 项目 相关 法定 税费 完成 清缴 不得 完全 解除 监管 监管 项目 竣工 验收 备案 不动产 首次 登记 监管 账户 留存 预售 资金 超过 办法 规定 留存 额度 超出 部分 房地产 开发 企业 申请 支付 预售 支付 工程建设 费用 法定 税费 监管 项目 占地 范围 分摊 土地 购置 费用 以及 营销 费用 其中 营销 费用 不得 超过 项目 销售 总金额 监管 项目 未售 房屋 办理 在建 工程 抵押 抵押 贷款 存入 监管 账户 抵押 贷款额 抵扣 监管部门 同意 使用 预售 资金 第十一条 建立 房地产 开发 企业 违法 违规行为 部门 通报制度 监管部门 如实 记录 房地产 开发 企业 行为 情况 违法 违规 记录 群众 投诉 集中 存在 历史 欠税 以及 取得 销售 预售 许可证 完成 土地 增值税 清算 企业 监管部门 应当 加强 开发 企业 及其 关联 项目 预售 资金 收存 使用 监管 落实 税费 清缴 责任 房地产 开发 企业 可以 书面 申请 查询 企业 行为 记录 情况 第十二条 房地产 开发 企业 应当 根据 预售 项目 建设 方案 施工进度 监管部门 申报 后续 工程量 资金 用款 计划 以及 税费 后续 工程量 资金 包括 项目 预售 现状 各项 工程 竣工 验收 需要 完成 工程量 包含 土建工程 配电 消防 给排水 通风设备 管道 电梯 安装 道路 管网 照明 绿化 监控 通讯 网络 购买 材料 设备 款项 以及 因本 项目 产生 其他 工程建设 费用 用款 计划 按照 预售 首次 申请 用款 主体 结构 封顶 安装 工程 完成 规划 验收 竣工 验收 竣工 验收 备案 六个 节点 确定 监管 项目 用款 额度 税费 房屋 备案 价格 核算 项目 销售额 国家 规定 税率 计算 第十三条 房地产 开发 企业 申报 后续 工程量 资金 用款 计划 应当 监管部门 提交 下列 材料 施工 合同 监理 合同 设备 材料 买卖合同 合同 施工 合同 已经 网签 提供 施工 合同 网签 编号 工程造价 预算书 房地产 开发 企业 施工 许可证 载明 施工单位 监理 单位 三方 确认 施工进度 计划 支付 工程款 设备 材料 清单 及其 用款 计划 施工 许可证 扣税 协议 复印件 原件 监管部门 要求 提供 其他 资料 后续 工程量 资金 用款 计划 施工 许可证 载明 施工单位 监理 单位 盖章 确认 后续 工程量 资金 发生变化 房地产 开发 企业 及时 补充 申报 第十四条 房地产 开发 企业 申请 使用 监管 账户 资金 应当 项目 监管部门 提交 下列 材料 首次 申请 使用 监管 账户 资金 提交 施工单位 供货商 出具 房地产 开发 企业 预售 支付 工程款 设备 材料 税务 发票 复印件 原件 提交 商品房 预售 资金 监管 账户 资金 拨付 申请表 房地产 开发 企业 施工 许可证 载明 施工单位 监理 单位 要求 表格 对应 栏目 填写 用款 意见 施工进度 加盖 单位 公章 用于 支付 工程款 提供 施工单位 用款 申请 并且 确认 用款 金额 施工单位 账户 用于 支付 购买 项目 建设 必需 建筑材料 设备 款项 提供 供货商 用款 意见 并且 确认 用款 金额 供货商 账户 用于 支付 监管 项目 法定 税费 提供 纳税 申报表 税务 部门 开具 税票 缴税 凭证 提供 纳税 申报表 应由 税务 部门 确认 缴税 金额 账户 监管 账户 银行 账单 首次 用款 每次 申请 用款 应当 提交 一次 申请 用款 划款 凭证 监管部门 要求 提供 其他 资料 第十五条 监管部门 收到 房地产 开发 企业 用款 申请 工作日内 完成 审核 必要 进行 现场 查看 同意 使用 商品房 预售 资金 出具 拨付 预售 资金 通知书 设定 有效期 同意 书面形式 说明 理由 第十六条 房地产 开发 企业 购房人 解除 商品房 买卖 协议 申请 使用 监管 账户 资金 用于 购房款 应当 监管部门 提交 下列 材料 商品房 买卖双方 共同 签署 退房 退款 申请书 撤销 认购书 解除 商品房 买卖 协议 材料 购房款 进入 监管 账户 凭证 购房人 银行账号 监管 账户 银行 账单 监管部门 要求 提供 其他 资料 监管部门 收到 申请 工作日内 进行 核实 核实 情况 属实 参照 第十五条 规定 程序 退回 部分 房款 第十七条 符合 第十条 第一款 第四项 监管部门 应当 下列 程序 解除 监管 账户 监管 房地产 开发 企业 监管部门 提交 解除 商品房 预售 资金 监管 账户 监管 批表 监管 账户 对应 所有 监管 项目 竣工 验收 备案 不动产 首次 登记 文件 审核 符合条件 监管部门 工作日内 出具 解除 商品房 预售 专用 账户 监管 函件 房地产 开发 企业 解除 商品房 预售 专用 账户 监管 函件 监管 银行 办理 监管 账户 解除 监管 手续 第十八条 房地产 开发 企业 申请 商品房 预售 许可证 应当 项目 所在地 商业银行 设立 监管 账户 监管部门 监管 银行 三方 签订 商品房 预售 资金 专用 账户 监管 协议 监管 银行 开发 企业 出具 商品房 预售 资金 监管 账户 信息 第十九条 监管部门 构建 全市 统一 商品房 预售 资金 监管 系统 逐步 推行 监管 银行 按照 监管 账户 预售 项目 记账 账户 预售 单元 记账 账户 建立 三级 预售 监管 资金 核算 账户 第二十条 按揭 贷款 方式 购房 按揭 银行 应当 根据 广东省 商品房 预售 管理条例 有关 资金 收存 规定 贷款 合同 抵押 合同 约定 按揭 发放 房屋 对应 监管 账户 按揭 发放 通知 购房人 房地产 开发 企业 监管 银行 按揭 发放 商品房 预售 资金 专用 账户 监管 协议 约定 系统 推送 放款 信息 发现 商品房 按揭 进入 监管 账户 监管 银行 协助 监管部门 进行 追缴 第二十一条 预售 阶段 网签 商品房 买卖合同 商品房 房地产 开发 企业 合同 签订 内向 监管部门 申请 商品房 预售 资金 查验 确认 资金 进入 监管 账户 首次 查验 分期付款 增加 首期款 后续 进账 日内 再次 申请 查验 监管部门 监管 银行 应当 充分运用 商品房 预售 资金 监管 系统 实现 商品房 预售 资金 实时 监管 第二十二条 监管 银行 监管 协议 约定 建立 监管 账户 收存 支出 台账 每日 定时 预售 资金 监管 系统 推送 监管 账户 数据 信息 发生 监管 账户 查封 冻结 强制 扣款 情况 监管 银行 应当 审查 理由 依法 提出 意见 协议 约定 时间 方式 相关 函件 复印件 送达 监管部门 第二十三条 监管 银行 必须 严格 按照 监管部门 核准 内容 数额 期限 拨付 监管 账户 资金 不得 支付现金 监管 银行 未经 监管部门 核准 不得 擅自 划扣 监管 账户 资金 第二十四条 预售 项目 施工 许可证 载明 监理 单位 施工单位 配合 房地产 开发 企业 申报 后续 工程量 资金 用款 计划 根据 工作 职责 审核 申报材料 真实性 审核 意见 负责 第二十五条 监管部门 加强 监管 项目 预售 资金 使用 管理 充分利用 商品房 预售 资金 监管 系统对 资金 实施 实时 监管 发现 预售 资金 使用 异常 应当 立即 责令 改正 第二十六条 房地产 开发 企业 违反 办法 第八条 第九条 下列 情形 之一 监管部门 依据 广东省 商品房 预售 管理条例 责令 限期 改正 责令 限期 改正 期间 暂停 办理 监管 账户 商品房 预售 资金 使用 申请 降低 或者 注销 房地产 开发 资质 记录 企业 行为 信息 按规定 收存 使用 商品房 预售 资金 商品房 预售 资金 收存 使用 过程 提供 虚假 资料 进入 监管 账户 商品房 预售 资金 实际 进账 存在 较大 差异 监管部门 认定 应当 暂停 办理 其他 情形 前款 第一项 情形 可以 依据 广东省 商品房 预售 管理条例 处以 违法 使用 款项 百分之十 以上 百分之二十 以下 罚款 第二十七条 施工单位 监理 单位 提供 虚假 证明 采取 其他 方式 协助 房地产 开发 企业 违规 使用 商品房 预售 资金 建设 行政 主管部门 违规行为 记入 企业 行为 记录 依法 相关 责任 单位 责任人 予以 查处 其他 单位 违反 上述 规定 监管部门 移交 相关 主管部门 依法 予以 查处 第二十八条 监管 银行 下列 行为 监管部门 按照 监管 协议 要求 监管 银行 改正 并视 情形 广东省 商品房 预售 管理条例 第四十一条 规定 移交 惠州 银保监 分局 处理 逾期 整改 监管部门 可以 根据 商品房 预售 资金 专用 账户 监管 协议 约定 解除合同 未经 监管部门 同意 擅自 拨付 商品房 预售 资金 按规定 时间 办理 预售 资金 划款 累计 三次 遵守 商品房 预售 资金 专用 账户 监管 协议 执行 办法 其他 规定 第二十九条 按揭 银行 违反 广东省 商品房 预售 管理条例 预售 性质 按揭 收存 监管部门 移交 惠州 银保监 分局 处理 第三十条 监管部门 监管 银行 工作人员 商品房 预售 资金 监管 工作 玩忽职守 滥用职权 徇私舞弊 依法追究 责任 涉嫌犯罪 移交 司法机关 处理 第三十一条 办法 印发 之日起 施行 有效期 各县 人民政府 市政府 部门 直属机构 惠州市 中心区 商品房 预售 资金 监督管理 办法 业经 十一届 市政府 常务会议 讨论 通过 印发 你们 遵照执行 执行 过程 遇到 问题 径向 房管局 反映 惠州市 人民政府 办公室 惠州市 中心区 商品房 预售 资金 监督管理 办法 第一章 第一条 加强 市区 中心区 商品房 预售 资金 监督管理 保证 商品房 预售 资金 专款专用 防范 信贷风险 根据 中华人民共和国 城市 房地产 管理法 广东省 商品房 预售 管理条例 城市 商品房 预售 管理 办法 建设部 住房 城乡 建设部 关于 进一步 加强 房地产 市场监管 完善 商品 住房 预售 制度 有关 问题 通知 建房 有关 法律 法规 规章 政策 规定 结合 市区 中心区 实际 制定 办法 第二条 惠州市 中心区 惠城区 仲恺 高新区 以下 简称 市区 取得 预售 许可 商品房 项目 以下 简称 项目 预售 资金 收存 支取 使用 监督管理 适用 办法 第三条 市区 商品房 预售 资金 监督管理 遵循 政府 监管 银行 配合 多方 监督 专款专用 原则 第四条 房地产 行政 主管部门 以下 简称 监管部门 负责 市区 商品房 预售 资金 监督管理 工作 中国人民银行 惠州市 中心 支行 负责 监督 指导 商业银行 开设 商品房 预售 资金 专用 账户 以下 简称 专用 账户 银行业 有关 行政 监管部门 各自 职责 本市 市区 签订 商品房 预售 资金 专用 账户 监管 协议 银行 以下 简称 监管 银行 预售 资金 监管 行为 进行 监督 检查 监管 银行 应当 按照 有关 法律 法规 规章 办法 规定 监管 协议 约定 协同 做好 商品房 预售 资金 监管 工作 房地产 开发 企业 应当 严格遵守 有关 法律 法规 规章 办法 规定 监管 协议 约定 诚信 守法 自觉 接受 监管 购房人 应当 按照 有关 法律 法规 规章 办法 规定 以及 商品房 买卖合同 约定 维护 自身 合法权益 减少 交易 风险 第二章 一般 规定 第五条 办法 商品房 预售 资金 房地产 开发 企业 开发 建设 商品房 竣工 验收 备案 预售 购房人 购房人 依照 合同 约定 支付 首付款 一次性 付款 分期付款 按揭 以及 其他 形式 全部 购房 资金 第六条 专用 账户 设立 房地产 开发 企业 当地 房地产 行政 主管部门 商品房 预售 系统 查询 入网 银行 信息 房地产 开发 企业 项目 所在地 入网 银行 开设 专用 账户 房地产 开发 企业 监管部门 银行 三方 共同 签订 商品房 预售 资金 专用 账户 监管 协议书 监管 银行 出具 商品房 预售 资金 专用 账户 证明 商品房 预售 资金 监管 协议书 专用 账户 证明 格式 文本 监管部门 制定 第七条 专用 账户 应当 商品房 预售 项目 相对 项目 规模 较大 分期 开发 每期 分别 设立 专用 账户 原则上 一个 项目 每期 开设 一个 专用 账户 最多 超过 同一 房地产 开发 企业 多个 商品房 预售 项目 应当 分别 设立 专用 账户 项目 预售 过程 专用 账户 不得 变更 注销 第八条 房地产 开发 企业 预售 商品房 应当 监管 银行 以及 专用 账户 名称 账号 对应 机工 证明 信息 售楼部 房屋 销售 信息 公示栏 公示 第九条 商品房 预售 资金 应当 全部 存入 专用 账户 项目 竣工 之前 只能 用于 购买 项目 建设 必需 建筑材料 设备 支付 项目 建设 施工进度 款及 法定 税费 不得 挪作他用 第十条 房地产 开发 企业 应当 根据 项目 建设 方案 施工进度 监管部门 申报 后续 工程量 资金 用款 计划 以及 税款 后续 工程量 资金 包括 项目 预售 现状 各项 工程 竣工 验收 需要 完成 工程量 包含 土建工程 配电 给排水 通风设备 管道 电梯 安装 道路 管网 照明 绿化 监控 通讯 网络 以及 购买 材料 设备 资金 用款 计划 房地产 开发 企业 根据 工程 具体 实际 确定 税款 房屋 预售 价格 核算 项目 销售额 国家 规定 税率 计算 第十一条 房地产 开发 企业 申报 后续 工程量 资金 用款 计划 应当 监管部门 提交 下列 材料 完成 工程量 支付 工程款 清单 相关 合同 复印件 原件 支付 材料 设备 清单 相关 购销 合同 复印件 原件 施工 许可证 扣税 协议 复印件 原件 监管部门 根据 申报 实际 情况 要求 提供 其他 相关 资料 后续 工程量 资金 用款 计划 施工 许可证 确定 施工单位 监理 单位 盖章 确认 后续 工程量 资金 发生变化 房地产 开发 企业 及时 补充 申报 第十二条 商品房 预售 资金 进入 专用 账户 房地产 开发 企业 按规定 比例 留存 超出 部分 可以 监管部门 申请 使用 项目 预售 专用 账户 资金 预售 合同 总金额 计算 留存 项目 取得 建设工程 规划 验收 合格证 专用 账户 资金 预售 合同 总金额 计算 留存 专用 账户 对应 监管 楼栋 全部 取得 竣工 验收 备案 房地产 开发 企业 可以 申请 解除 专用 账户 监管 第十三条 房地产 开发 企业 申请 使用 专用 账户 资金 应当 监管部门 提交 下列 材料 提交 商品房 预售 资金 专用 账户 资金 拨付 申请表 房地产 开发 企业 施工 许可证 确定 施工单位 监理 单位 要求 表格 对应 栏目 填写 用款 意见 施工进度 加盖 单位 公章 用于 支付 工程款 提供 施工单位 用款 申请 并且 确认 用款 金额 划款 账户 用于 支付 购买 项目 建设 必需 建筑材料 设备 款项 提供 供货商 用款 意见 并且 确认 用款 金额 划款 账户 用于 支付 法定 税款 提供 缴纳 税款 申报表 税务 部门 开具 发票 缴税 凭证 并且 房地产 开发 企业 确认 缴税 金额 划款 专户 专用 账户 银行 账单 首次 用款 每次 申请 用款 应当 提交 一次 申请 用款 划款 凭证 监管部门 根据 申请 使用 实际 情况 要求 提供 其他 相关 资料 第十四条 房地产 开发 企业 申请 使用 专用 账户 资金 用于 购房款 应当 监管部门 提交 下列 材料 撤销 认购书 终止 商品房 买卖合同 证明 材料 购房款 进入 专用 账户 凭证 购房人 银行账号 专用 账户 银行 账单 监管部门 根据 申请 使用 实际 情况 要求 提供 其他 相关 资料 第十五条 受理 房地产 开发 企业 用款 申请 监管部门 工作日内 进行 审核 作出 答复 同意 使用 商品房 预售 资金 出具 拨付 预售 资金 通知书 同意 书面形式 说明 理由 拨付 预售 资金 通知书 设定 有效期 监管 银行 有效 拨付 通知书 批准 用款 单位 用款 金额 办理 专用 账户 资金 划款 手续 第十六条 专用 账户 监管 解除 房地产 开发 企业 监管部门 提交 解除 商品房 预售 资金 专用 账户 监管 批表 专用 账户 对应 监管 楼栋 竣工 验收 备案 审核 符合条件 监管部门 工作日内 出具 解除 监管 证明文件 房地产 开发 企业 解除 监管 证明文件 监管 银行 办理 专用 账户 解除 监管 手续 监管 银行 工作日内 办结 专用 账户 监管 解除 监管 楼栋 办理 房屋 初始 登记 预售 自动 转为 现房 销售 第三章 监督管理 第十七条 商品房 预售 房地产 开发 企业 必须 购房人 签订 商品房 买卖合同 合同 注明 购房款 付款 方式 期限 存入 监管 银行 专用 账号 以及 监管部门 购房人 应当 根据 购房 合同 约定 付款 方式 期限 商品房 售房款 直接 存入 专用 账户 房地产 开发 企业 不得 另设 账户 收存 商品房 预售 资金 对于 收取 购房 定金 房地产 开发 企业 应当 按照 合同 约定 转为 商品房 价款 存入 专用 账户 购房人 银行 按揭 方式 购房 按揭 银行 监管 银行 按揭 银行 应当 贷款 合同 抵押 合同 约定 按揭 发放 房屋 对应 专用 账户 按揭 银行 监管 银行 按揭 银行 贷款 合同 抵押 合同 约定 按揭 发放 非本 房屋 对应 专用 账户 按揭 银行 应当 贷款 合同 抵押 合同 购房人 订立 条款 约定 按揭 银行 发放 按揭 款后 按揭 银行 监督 房地产 开发 企业 工作日内 按揭 款划 转入 按揭 房屋 对应 专用 账户 限制 按揭 划转 其它 账户 第十八条 预售 阶段 网签 商品房 买卖合同 商品房 房地产 开发 企业 合同 签订 内向 监管部门 申请 商品房 预售 资金 查验 确认 资金 进入 专用 账户 首次 查验 分期付款 增加 首期款 再次 申请 查验 监管部门 监管 银行 应当 积极 应用 网络 信息技术 实现 商品房 预售 资金 实时 监控 第十九条 房地产 开发 企业 应当 每月 日前 专用 账户 对应 楼栋 房屋 预售 按揭 发放 数据 报送 监管 银行 第二十条 监管 银行 监管部门 格式 要求 建立 专用 账户 收存 支出 台账 每月 日前 数据 报送 监管部门 每日 定时 预售 资金 监管 系统 推送 专用 账户 数据 信息 发现 商品房 按揭 进入 专用 账户 监管 银行 协助 监管部门 进行 追缴 发生 专用 账户 查封 冻结 强制 扣款 异常情况 监管 银行 应当 工作日内 相关 函件 复印件 送达 监管部门 第二十一条 按揭 银行 是非 监管 银行 无条件 配合 房地产 开发 企业 办理 按揭 划转 手续 资金 划转 预售 资金 监管 系统 数据交换 规定 系统 推送 放款 信息 第二十二条 建设 行政 主管部门 加强 商品房 建设项目 监管 发现 工程进度 工程款 支付 正常 应当 责令 改正 监管部门 通报 第二十三条 房地产 开发 企业 下列 情形 之一 查处 期间 监管部门 暂停 审批 专用 账户 商品房 预售 资金 使用 申请 按规定 收存 商品房 预售 资金 按规定 使用 商品房 预售 资金 商品房 预售 资金 收存 使用 过程 提供 虚假 资料 按规定 申请 预售 资金 查验 进入 专用 账户 商品房 预售 资金 实际 进账 存在 较大 差异 监管部门 认定 应当 暂停 审批 其他 情形 第四章 第二十四条 房地产 开发 企业 有本 办法 第二十三条 第一项 第二项 第三项 第四项 规定 情形 之一 监管部门 责令 限期 改正 暂停 预售 项目 预售 系统 上网 买卖合同 业务 违法 违规行为 予以 公示 记入 企业信用 信息系统 有本 办法 第二十三条 第一项 第二项 规定 情形 之一 依据 广东省 商品房 预售 管理条例 第四十一条 规定 可以 处以 违法 使用 款项 百分之十 以上 百分之二十 以下 罚款 整改 完成 恢复 项目 商品房 网签 买卖合同 业务 第二十五条 施工单位 监理 单位 提供 虚假 证明 采取 其他 方式 协助 房地产 开发 企业 违规 使用 商品房 预售 资金 建设 行政 主管部门 违规行为 记入 企业信用 信息系统 会同 有关 部门 依法 相关 责任 单位 责任人 予以 查处 其他 单位 违反 上述 规定 监管部门 移交 相关 管理 部门 予以 查处 第二十六条 监管 银行 下列 行为 之一 监管部门 有权 责令 限期 整改 并视 情形 移交 有关 行政 管理 部门 职责 进行 监督管理 逾期 整改 监管部门 可以 取消 监管 预售 项目 资格 未经 监管部门 同意 擅自 拨付 商品房 预售 资金 按规定 办理 预售 资金 划款 手续 遵守 预售 资金 专用 账户 监管 协议 按规定 预售 资金 监管 系统 推送 专用 账户 数据 信息 按时 报送 专用 账户 台账 执行 办法 相关 规定 第二十七条 按揭 银行 按规定 发放 按揭 或者 按规定 预售 资金 监管 系统 推送 按揭 发放 数据 信息 有关 行政 管理 部门 职能 依法 进行 监控 限制 第二十八条 监管部门 其他 有关 行政 管理 部门 监管 银行 工作人员 商品房 预售 资金 监管 工作 玩忽职守 滥用职权 徇私舞弊 依法追究 责任 涉嫌犯罪 移交 司法机关 处理 第五章 第二十九条 惠阳区 惠东县 博罗县 龙门县 大亚湾 开发区 参照 办法 执行 第三十条 办法 印发 之日起 施行 有效期,5.26824991794741,5.946432585843382,3.816666666666667,5.816666666666667,12824,25.1,27.14166666666667,4281.478884462152,253.6378448863636,307.4962733067729,3657.362121212121,28.23217329545455,5,3,0.008625,1.0,阶段1,16.0,22.0,237.1502556818182,9.0,0.0,阶段2,,,0.0,,0.1,竣备,23.0,27.0,5.646434659090911,3.0,0.08000000000000002,阶段4,28.0,38.0,10.84115454545455,4.5,0.0,阶段5,,,0.0,,2,4,307.4962733067729
文昌,文昌,Wenchang-3,approved construction cost,with multiplier or floor,unspecified construction progress,找不到/未明确,specified but count unavailable,other / unclear,False,False,,,,not explicitly countable from retained excerpt,not explicitly parseable from retained excerpt,not explicitly parseable from retained excerpt,监管额度 | 监管账户内的资金达到监管额度后超出部分可由开发企业自行提取使用 | 完成，最后拨付节点为项目完成房屋所有权首次登记,True,policy_identification_filled.xlsx,City_audit,4stage_Ncost,4,4,stage_1|stage_2|stage_3|stage_4,主体|装修|竣备|确权,主体|装修|竣备|确权,complete_named_milestones,stage_1,stage_4,4,0.3,0.1,cumulative_same_denominator_stage_shares,terminal_stage_share:monthly_revenue_stage_ratio,expert_calibrated_operational_proxy_pending_source_mapping,monthly-revenue stage ratio or within-cohort amount share; not automatically a policy percentage,external/Modelling Dep/41_Cities_Dep/city_catalog.json,data/pmc_data.xlsx,dep-operational-h1-v1,Wenchang-3,2023,三线,文昌,Hainan,"文昌市
根据商品房项目建设工程造价、施工合同金额以及项目交付使用条件等因素合理确定监管额度。
1、监管账户监管额度内的资金只能用于购买该项目建设必需的建筑材料、设备和支付施工进度款等相关支出。
2、监管额度内的资金应按照工程进度予以拨付，首次拨付节点不得早于地下结构完成，最后拨付节点为项目完成房屋所有权首次登记。
3、可根据主体分部验收、装修分部验收、竣工验收、联合验收、房屋所有权首次登记等环节具体确定资金拨付节点以及相应的资金余额要求。
4、以上，具体细则未出。
经房管股及住建分管领导审批后，提交银行审批可付款
1、监管账户内的资金达到监管额度后超出部分可由开发企业自行提取使用。监管额度内的资金在解除预售资金监管前，监管银行不得擅自划扣。
2、具体细则未出。
根据《住房和城乡建设部 人民银行 银保监会关于规范商品房预售资金监管的意见》及《海南省住房和城乡建设厅 中国人民银行海口中心支行 中国银行保险监督管理委员会海南监管局关于转发《住房和城乡建设部人民银行 银保监会关于规范商品房预售资金监管的意见》的通知》的规定

《关于提取住房公积金支付购买新建商品住房和保障性住房首付款的通知》
（以下简称《通知》）
政策解读  2023-8-4

一、出台《关于提取住房公积金支付购买新建商品住房和保障性住房首付款的通知》的目的是什么？


为全面贯彻落实“租购并举”住房政策，践行以人民为中心的发展思想，发挥住房公积金支持住房保障作用，切实减轻购买住房家庭支付购房首付款压力，出台本《通知》。


二、哪种情形下，职工可以使用住房公积金支付购房首付款？


家庭无未结清住房公积金贷款的本省缴存职工，购买本省新建商品住房或保障性住房的，可以使用住房公积金支付购房首付款。该政策不支持职工使用住房公积金支付购买二手自住住房、拆迁安置房、自建房、外省自住住房的购房首付款。


三、如何使用住房公积金支付购房首付款？


缴存职工购买新建商品住房或保障性住房时，与开发企业在房屋买卖合同中约定使用住房公积金和自筹资金支付购房首付款的金额，并足额支付自筹资金部分购房首付款后，与开发企业签订房屋买卖合同，开发企业配合提交办理合同备案。


在房屋买卖合同备案后，职工及其配偶向住房公积金管理机构申请提取住房公积金用于支付约定的购房首付款，符合提取规定条件的，由住房公积金管理机构将约定的首付款直接支付给开发企业。


四、如何确定个人提取金额？


职工申请住房公积金支付购房首付款时，应确保职工及其配偶住房公积金个人账户余额之和大于等于合同约定使用住房公积金支付部分的首付款金额。


职工住房公积金个人账户余额大于等于合同约定使用住房公积金支付部分首付款金额的，提取金额为合同约定使用住房公积金支付部分的首付款金额；职工住房公积金个人账户余额小于合同约定使用住房公积金支付部分首付款金额的，提取金额为本人住房公积金个人账户余额（提取至元位），差额部分由其配偶申请提取转至开发企业账户。


职工及其配偶的合计提取金额等于合同约定使用住房公积金支付的首付款金额。


五、合同备案前已自筹支付的首付款，在使用住房公积金支付首付款后，能否正常申请提取？


在使用住房公积金足额支付首付款后，职工住房公积金个人账户仍有余额的，职工仍可按原规定申请提取自筹资金部分首付款转至职工本人银行卡账户。未按合同约定使用住房公积金足额支付首付款的，不予办理自筹资金部分首付款的提取业务。


六、办理渠道及办理材料是什么？


答：职工可提供个人身份材料、备案的购房合同通过“海易办”APP或各市县政务服务中心的住房公积金窗口申请办理。


七、“海易办”办理有哪些步骤要点？


职工登录“海易办”APP，进入“公积金”模块，选择“购买新建商品住房提取住房公积金”（购买保障性住房的按对应业务选择），录入备案合同号，选择提取资金转“开发商”，录入“个人已付首付款”“开发商待收首付款”及其他相关信息，并上传业务材料后提交即可。提交时，应再次核对收款账户是否与合同的一致，确定后再提交。


责任编辑： 林安娜
海南省住房和城乡建设厅
中国人民银行海口中心支行
中国银行保险监督管理委员会海南监管局
关于印发《海南省商品房预售资金监管办法》的通知 
各市、县、自治县人民政府，省直各有关部门，各有关单位：
经省政府同意，现将《海南省商品房预售资金监管办法》印发给你们，请认真贯彻执行。
附件：海南省商品房预售资金三方监管协议参考文本
海南省住房和城乡建设厅  中国人民银行海口中心支行 
中国银行保险监督管理委员会海南监管局
2022年9月26日
（此件主动公开）
海南省商品房预售资金监管办法
第一章 总 则
第一条 为规范我省商品房预售资金(以下简称预售资金)的监督管理，保障房地产项目竣工交付，维护购房人合法权益，促进房地产市场平稳健康发展，根据《中华人民共和国城市房地产管理法》、《城市商品房预售管理办法》、《住房和城乡建设部 人民银行 银保监会关于规范商品房预售资金监管的意见》等有关规定，结合我省实际，制定本办法。
第二条 凡在我省行政区域内申请商品房预售许可的项目，其预售资金的收存、使用及监督管理，适用本办法。
第三条 我省预售资金的监督管理遵循专户存储、专款专用、全程监管、节点控制、多方监督的原则。
第四条 本办法所称预售资金，是指预售商品房的房地产开发企业(以下简称开发企业)依法将其开发的商品房出售，由购房人缴交的定金、首付款、住房公积金贷款、商业银行发放的按揭贷款和其他形式的购房款等各种款项。
第五条 预售资金监管期限自项目核发《商品房预售许可证》开始，至项目完成房屋所有权首次登记后终止。
第六条 省住房和城乡建设厅负责指导全省预售资金的收存、使用工作。人民银行分支机构指导商业银行做好监管账户管理工作。银保监部门负责对商业银行预售资金监管的操作风险和合规性进行监督检查。商业银行按照监管协议做好监管账户监控和拨付工作，并定期与市、县、自治县住房和城乡建设部门（以下称市县住建部门）对账，对发现的违法违规行为及时向市县住建部门反馈。
市县住建部门履行辖区内预售资金监管职责。具体为：
（一）会同本辖区内的人民银行分支机构、银保监部门通过公开招标方式，确定能够承接商品房预售资金监管业务的商业银行。
（二）制定本市县监管实施细则和三方监管协议文本。
（三）合理确定监管额度和拨付节点。
（四）与开发企业、商业银行共同签订预售资金三方监管协议（以下称监管协议），受理开发企业使用预售资金申请，出具审核意见。
（五）定期巡查预售项目，对开发企业管理使用预售资金的行为进行监督检查。
（六）受理预售资金收存、使用中违法违规行为的投诉，对预售资金监管相关矛盾纠纷进行调处化解。
（七）本办法规定的其他有关工作。
第二章 一般规定
第七条 市县住建部门会同属地人民银行分支机构、银保监部门通过公开招标方式，综合商业银行资信状况、监管能力、服务水平等因素，确定能够承接商品房预售资金监管业务的商业银行，并通过市县住建部门门户网站予以公示，开发企业应从公示的名单中选择商业银行作为监管银行。
第八条 开发企业在申请办理《商品房预售许可证》前，按一次预售许可开设一个监管账户的原则，与市县住建部门和监管银行签订监管协议，明确预售资金收存和使用方式、监管额度、违约责任等，监管协议主要内容要在预售方案中予以明确，并通过附件方式在《商品房买卖合同》中予以体现。
监管账户应当在《商品房预售许可证》《商品房买卖合同》上载明，并在商品房销售现场显著位置，以及所在市县住建部门的门户网站进行公示。
监管账户一经设立，原则上不得随意变更；确需变更的，应由市县住建部门、开发企业、监管银行三方协商同意后解除原监管协议，重新签订新的监管协议，并在5个工作日内将原监管账户中的预售资金全部转入变更后的监管账户。账户变更期间，原监管账户范围内的商品房暂停销售。
第九条 商品房预售资金应全部直接存入监管账户进行监管，开发企业不得直接收取或另设账户收存购房人的购房款。省住房和城乡建设厅建立健全房产管理信息系统，市县住建部门在办理房屋交易合同网签备案时，需确认商品房预售资金已按要求同步存入监管账户。
第十条 商品房预售资金实行全程监管，确保专款专用，对用于支付工程建设等费用的预售资金要实施重点监管，市县住建部门要根据商品房项目建设工程造价、施工合同金额以及项目交付使用条件等因素合理确定监管额度，并在监管协议中予以明确。
监管账户监管额度内的资金只能用于购买该项目建设必需的建筑材料、设备和支付施工进度款等相关支出。监管额度内的资金应按照工程进度予以拨付，首次拨付节点不得早于地下结构完成，最后拨付节点为项目完成房屋所有权首次登记。各市县住建部门可根据主体分部验收、装修分部验收、竣工验收、联合验收、房屋所有权首次登记等环节具体确定资金拨付节点以及相应的资金余额要求。
开发企业申请支取监管额度内的预售资金，须经所在市县住建部门核实同意。监管账户内的资金达到监管额度后，超出部分可由开发企业自行提取使用。监管额度内的资金，在解除预售资金监管前，监管银行不得擅自划扣。商品房预售资金监管账户不得开通网上银行功能和自动扣款等转账业务。设立子公司的房地产开发企业，集团公司不得抽调。
第十一条 各市县住建部门应建立商品房预售资金分类监管机制。对合法依规经营，一定年限内未受到房地产市场监管部门行政处罚,且未发生监管账户被采取冻结、划拨、税收保全措施或强制执行措施、拖欠工程款和拖欠农民工工资等情况的开发企业,可申请以提交符合要求的银行保函等方式替代一定额度的预售资金监管。各市县住建部门可根据全省住房和城乡建设领域信用体系建设情况，强化信用评价结果共享应用，根据开发企业信用等级和保函情况，适当降低或上浮预售资金的监管额度。
第三章 预售资金收存和使用管理
第十二条 由购房人缴交的定金、首付款、住房公积金贷款、商业银行发放的按揭贷款和其他形式的购房款存入相应的监管账户后，开发企业凭相应的监管账户缴款回单，为购房人开具售房发票。购房人按揭贷款购买商品房的，其按揭贷款由贷款银行按开发企业提供的监管账户直接划入。
开发企业不得向购房人以集资、借款、会员费、工程抵押等形式变相预售商品房，逃避资金监管。
第十三条 开发企业应按照监管协议所确定的资金使用节点向市县住建部门提出使用预售资金申请，并提交相应材料：
（一）商品房预售资金使用申请书。
（二）用于支付工程款的，提供工程建设合同及工程监理机构出具的施工进度资料及影像资料。
（三）用于支付工程建设所需的建筑材料、设备款项的，提供与供应商签订的购销合同。
（四）用于支付工程监理或其他行政事业性收费的，提供合同或缴费通知。
（五）其他应当提供的材料。
首次拨付款后，每次申请拨款时还应当提交上一次申请用款事项的转款回单。如支付工程款的，则需提交监理单位对相应款项使用情况的证明材料。
第十四条 在销售中若发生退款的，开发企业可以向市县住建部门申请解除退款部分的监管，市县住建部门应在3个工作日内核实，书面通知监管银行。
第十五条 市县住建部门受理开发企业使用商品房预售资金的申请后，应严格依据本办法相关规定进行审核，需要确认开发项目建设进度的，应结合工程进度资料现场核查或通过信息系统比对，审核工作不得超过3个工作日。
第十六条 监管银行收到市县住建部门同意拨付意见后，应在2个工作日内将资金拨付给与开发企业签订合同的相关当事人或单位。商业银行违反监管协议，未经所在市县住建部门核实同意，擅自拨付监管额度内资金的，应当负责追回资金，无法追回的依法承担相应赔偿责任。
第十七条 开发企业办理完成项目房屋所有权首次登记后，可以凭相关证明文件向市县住建部门申请解除预售资金监管。市县住建部门应在5个工作日内核实，出具解除预售资金监管证明，并书面通知开发企业和监管银行。开发企业和监管银行接到通知后，按规定办理解除预售资金监管手续。
第十八条 有下列情形之一的，市县住建部门可书面通知监管银行暂停拨付监管账户内的预售资金，并启动应急措施，协调相关部门监督监管账户内资金的使用：
（一）开发企业存在违法违规行为导致工程停工的。
（二）预售项目发生质量事故或存在严重质量问题的。
（三）预售项目未按期交付使用或存在不能按时交付风险的。
（四）项目存在违法违规建设和销售的。
（五）项目存在严重债务和劳务纠纷的。
（六）市县住建部门认定应当暂停拨付的其他情形。
开发企业侵害购房人权益，依法应给予赔偿的，应优先用超出项目监管额度以外的预售资金支付。
第十九条 市县住建部门要会同金融监管部门推动房屋网签备案系统和商业银行业务管理系统对接，加强数据共享，推进资金申请、审核、拨付“全程网办”，提高资金拨付效率。
第四章 监督管理
第二十条 监管银行应按月将预售资金收支等情况报送市县住建部门。市县住建部门应主动在部门门户系统公示监管协议、工程形象进度和预售资金收支情况等相关信息，方便购房人查询。
第二十一条 省住房和城乡建设厅和人行海口中心支行、海南银保监局根据各自的监管职责做好日常指导和监督检查工作。市县住建部门要定期巡查预售项目，发现项目收支存在异常情况的，责令开发企业限期改正。人行海口中心支行及属地市县支行、海南银保监局及其派出机构发现监管银行违规的，应当依法严肃处理。监管银行发现房地产开发企业存在违规挪用监管额度内资金问题的，应当停止拨付，并立即告知市县住建部门，市县住建部门要及时作出处理。
第二十二条 涉及人民法院保全、执行商品房预售资金的，按照《最高人民法院 住房和城乡建设部 中国人民银行关于规范人民法院保全执行措施确保商品房预售资金用于项目建设的通知》（法〔2022〕12号）有关要求执行。
第二十三条 开发企业有下列行为之一的，由市县住建部门责令其限期改正，整改期间开发企业不得申请拨付预售资金：
（一）未按本办法规定收存、使用预售资金的。
（二）提供虚假证明材料申请使用预售资金的。
（三）以收取其他款项为名变相逃避监管的。
（四）其他违反预售资金监管规定的。
情节严重或拒不改正的,按照国家及我省诚信管理有关规定处理。违反相关法律、法规、规章规定的，依照有关规定处罚。
第二十四条 施工单位、监理单位提供虚假证明或采取其他方式协助开发企业违规支取预售资金的，由市县住建部门依法对相关责任单位和责任人予以处理。违反相关法律、法规、规章规定的，依照有关规定处罚。
第二十五条 监管银行违反规定或未按照商品房预售资金监管协议约定，擅自收存、管理以开发企业名义转入的资金，未按规定监控、反馈购房贷款入账情况，擅自拨付资金，或存在其他违规行为的，依法承担相应法律责任。
第二十六条 违反本办法规定，相关部门及其工作人员在预售资金监管工作中玩忽职守、滥用职权、徇私舞弊的，依法追究责任。
第五章 附则
第二十七条 各市县可结合本办法制定具体操作细则。
第二十八条 本办法的具体应用由省住房和城乡建设厅会同人行海口中心支行、海南银保监局负责解释。
第二十九条 本办法自2022年10月1日起施行。2013年11月15日海南省住房和建设厅 中国人民银行海口中心支行 中国银行业监督管理委员会海南监管局印发的《海南省商品房预售资金监管暂行办法》（琼建房〔2013〕237号）同时废止。
附件",文昌市 根据 商品房 项目 建设 工程造价 施工 合同 金额 以及 项目 交付使用 条件 因素 合理 确定 监管 额度 监管 账户 监管 额度 资金 只能 用于 购买 项目 建设 必需 建筑材料 设备 支付 施工进度 相关 支出 监管 额度 资金 按照 工程进度 予以 拨付 首次 拨付 节点 不得 地下 结构 完成 最后 拨付 节点 项目 完成 房屋 所有权 首次 登记 根据 主体 分部 验收 装修 分部 验收 竣工 验收 联合 验收 房屋 所有权 首次 登记 环节 具体 确定 资金 拨付 节点 以及 相应 资金 余额 要求 以上 具体 细则 房管 股及 分管领导 审批 提交 银行 审批 付款 监管 账户 资金 达到 监管 额度 超出 部分 开发 企业 自行 提取 使用 监管 额度 资金 解除 预售 资金 监管 监管 银行 不得 擅自 划扣 具体 细则 根据 住房 城乡 建设部 人民银行 保监会 关于 规范 商品房 预售 资金 监管 意见 海南省 住房 城乡 建设厅 中国人民银行 海口 中心 支行 中国银行 保险 监督管理 委员会 海南 监管局 关于 转发 住房 城乡 建设部 人民银行 保监会 关于 规范 商品房 预售 资金 监管 意见 通知 规定 关于 提取 住房 公积金 支付 购买 新建 商品 住房 保障性 住房 首付款 通知 以下 简称 通知 政策 解读 出台 关于 提取 住房 公积金 支付 购买 新建 商品 住房 保障性 住房 首付款 通知 目的 什么 全面 贯彻落实 购并 住房 政策 践行 人民 中心 发展 思想 发挥 住房 公积金 支持 住房 保障 作用 切实 减轻 购买 住房 家庭 支付 购房 首付款 压力 出台 通知 情形 职工 可以 使用 住房 公积金 支付 购房 首付款 家庭 无未 结清 住房 公积金 贷款 本省 缴存 职工 购买 本省 新建 商品 住房 保障性 住房 可以 使用 住房 公积金 支付 购房 首付款 政策 支持 职工 使用 住房 公积金 支付 购买 二手 住房 拆迁 安置 自建房 外省 住房 购房 首付款 如何 使用 住房 公积金 支付 购房 首付款 缴存 职工 购买 新建 商品 住房 保障性 住房 开发 企业 房屋买卖 合同 约定 使用 住房 公积金 自筹资金 支付 购房 首付款 金额 足额 支付 自筹资金 部分 购房 首付款 开发 企业 签订 房屋买卖 合同 开发 企业 配合 提交 办理 合同 备案 房屋买卖 合同 备案 职工 及其 配偶 住房 公积金 管理机构 申请 提取 住房 公积金 用于 支付 约定 购房 首付款 符合 提取 规定 条件 住房 公积金 管理机构 约定 首付款 直接 支付 开发 企业 如何 确定 个人 提取 金额 职工 申请 住房 公积金 支付 购房 首付款 确保 职工 及其 配偶 住房 公积金 个人账户 余额 大于 等于 合同 约定 使用 住房 公积金 支付 部分 首付款 金额 职工 住房 公积金 个人账户 余额 大于 等于 合同 约定 使用 住房 公积金 支付 部分 首付款 金额 提取 金额 合同 约定 使用 住房 公积金 支付 部分 首付款 金额 职工 住房 公积金 个人账户 余额 小于 合同 约定 使用 住房 公积金 支付 部分 首付款 金额 提取 金额 本人 住房 公积金 个人账户 余额 提取 至元位 差额 部分 配偶 申请 提取 开发 企业 账户 职工 及其 配偶 合计 提取 金额 等于 合同 约定 使用 住房 公积金 支付 首付款 金额 合同 备案 自筹 支付 首付款 使用 住房 公积金 支付 首付款 能否 正常 申请 提取 使用 住房 公积金 足额 支付 首付款 职工 住房 公积金 个人账户 余额 职工 按原 规定 申请 提取 自筹资金 部分 首付款 职工 本人 银行卡 账户 合同 约定 使用 住房 公积金 足额 支付 首付款 不予 办理 自筹资金 部分 首付款 提取 业务 办理 渠道 办理 材料 什么 职工 提供 个人身份 材料 备案 购房 合同 通过 海易办 各市县 政务 服务中心 住房 公积金 窗口 申请 办理 海易办 办理 哪些 步骤 要点 职工 登录 海易办 进入 公积金 模块 选择 购买 新建 商品 住房 提取 住房 公积金 购买 保障性 住房 对应 业务 选择 录入 备案 合同 选择 提取 资金 开发商 录入 个人 已付 首付款 开发商 待收 首付款 及其 相关 信息 上传 业务 材料 提交 即可 提交 再次 核对 收款 账户 是否 合同 一致 确定 提交 责任编辑 安娜 海南省 住房 城乡 建设厅 中国人民银行 海口 中心 支行 中国银行 保险 监督管理 委员会 海南 监管局 关于 印发 海南省 商品房 预售 资金 监管 办法 通知 各市 自治县 人民政府 省直 有关 部门 有关 单位 省政府 同意 现将 海南省 商品房 预售 资金 监管 办法 印发 你们 认真贯彻 执行 附件 海南省 商品房 预售 资金 三方 监管 协议 参考 文本 海南省 住房 城乡 建设厅 中国人民银行 海口 中心 支行 中国银行 保险 监督管理 委员会 海南 监管局 此件 主动 公开 海南省 商品房 预售 资金 监管 办法 第一章 第一条 规范 我省 商品房 预售 资金 以下 简称 预售 资金 监督管理 保障 房地产 项目 竣工 交付 维护 购房人 合法权益 促进 房地产 市场 平稳 健康 发展 根据 中华人民共和国 城市 房地产 管理法 城市 商品房 预售 管理 办法 住房 城乡 建设部 人民银行 保监会 关于 规范 商品房 预售 资金 监管 意见 有关 规定 结合 我省 实际 制定 办法 第二条 我省 行政区域 申请 商品房 预售 许可 项目 预售 资金 收存 使用 监督管理 适用 办法 第三条 我省 预售 资金 监督管理 遵循 专户 存储 专款专用 全程 监管 节点 控制 多方 监督 原则 第四条 办法 预售 资金 预售 商品房 房地产 开发 企业 以下 简称 开发 企业 依法 开发 商品房 出售 购房人 缴交 定金 首付款 住房 公积金 贷款 商业银行 发放 按揭 贷款 其他 形式 购房款 各种 款项 第五条 预售 资金 监管 期限 项目 核发 商品房 预售 许可证 开始 项目 完成 房屋 所有权 首次 登记 终止 第六条 住房 城乡 建设厅 负责 指导 全省 预售 资金 收存 使用 工作 人民银行 分支机构 指导 商业银行 做好 监管 账户 管理工作 银保监 部门 负责 商业银行 预售 资金 监管 操作 风险 合规性 进行 监督 检查 商业银行 按照 监管 协议 做好 监管 账户 监控 拨付 工作 定期 自治县 住房 城乡建设 部门 以下 市县 住建 部门 对账 发现 违法 违规行为 及时 市县 住建 部门 反馈 市县 住建 部门 履行 辖区 预售 资金 监管 职责 具体 会同 辖区 人民银行 分支机构 银保监 部门 通过 公开招标 方式 确定 能够 承接 商品房 预售 资金 监管 业务 商业银行 制定 本市 监管 实施细则 三方 监管 协议 文本 合理 确定 监管 额度 拨付 节点 开发 企业 商业银行 共同 签订 预售 资金 三方 监管 协议 以下 监管 协议 受理 开发 企业 使用 预售 资金 申请 出具 审核 意见 定期 巡查 预售 项目 开发 企业 管理 使用 预售 资金 行为 进行 监督 检查 受理 预售 资金 收存 使用 违法 违规行为 投诉 预售 资金 监管 相关 矛盾 纠纷 进行 调处 化解 办法 规定 其他 有关 工作 第二章 一般 规定 第七条 市县 住建 部门 会同 属地 人民银行 分支机构 银保监 部门 通过 公开招标 方式 综合 商业银行 资信 状况 监管 能力 服务水平 因素 确定 能够 承接 商品房 预售 资金 监管 业务 商业银行 通过 市县 住建 部门 门户网站 予以 公示 开发 企业 应从 公示 名单 选择 商业银行 作为 监管 银行 第八条 开发 企业 申请 办理 商品房 预售 许可证 一次 预售 许可 开设 一个 监管 账户 原则 市县 住建 部门 监管 银行 签订 监管 协议 明确 预售 资金 收存 使用 方式 监管 额度 违约责任 监管 协议 主要 内容 预售 方案 予以 明确 通过 附件 方式 商品房 买卖合同 予以 体现 监管 账户 应当 商品房 预售 许可证 商品房 买卖合同 载明 商品房 销售 现场 显著 位置 以及 所在 市县 住建 部门 门户网站 进行 公示 监管 账户 一经 设立 原则上 不得 随意 变更 确需 变更 应由 市县 住建 部门 开发 企业 监管 银行 三方 协商 同意 解除 监管 协议 重新 签订 监管 协议 工作日内 监管 账户 预售 资金 全部 转入 变更 监管 账户 账户 变更 期间 监管 账户 范围 商品房 暂停 销售 第九条 商品房 预售 资金 全部 直接 存入 监管 账户 进行 监管 开发 企业 不得 直接 收取 另设 账户 收存 购房人 购房款 住房 城乡 建设厅 建立健全 房产 管理信息系统 市县 住建 部门 办理 房屋交易 合同 网签 备案 确认 商品房 预售 资金 要求 同步 存入 监管 账户 第十条 商品房 预售 资金 实行 全程 监管 确保 专款专用 用于 支付 工程建设 费用 预售 资金 实施 重点 监管 市县 住建 部门 根据 商品房 项目 建设 工程造价 施工 合同 金额 以及 项目 交付使用 条件 因素 合理 确定 监管 额度 监管 协议 予以 明确 监管 账户 监管 额度 资金 只能 用于 购买 项目 建设 必需 建筑材料 设备 支付 施工进度 相关 支出 监管 额度 资金 按照 工程进度 予以 拨付 首次 拨付 节点 不得 地下 结构 完成 最后 拨付 节点 项目 完成 房屋 所有权 首次 登记 各市县 住建 部门 根据 主体 分部 验收 装修 分部 验收 竣工 验收 联合 验收 房屋 所有权 首次 登记 环节 具体 确定 资金 拨付 节点 以及 相应 资金 余额 要求 开发 企业 申请 支取 监管 额度 预售 资金 所在 市县 住建 部门 核实 同意 监管 账户 资金 达到 监管 额度 超出 部分 开发 企业 自行 提取 使用 监管 额度 资金 解除 预售 资金 监管 监管 银行 不得 擅自 划扣 商品房 预售 资金 监管 账户 不得 开通 网上银行 功能 自动 扣款 转账 业务 设立 子公司 房地产 开发 企业 集团公司 不得 抽调 第十一条 各市县 住建 部门 建立 商品房 预售 资金 分类 监管 机制 合法 依规 经营 一定 年限 内未 受到 房地产 市场 监管部门 行政处罚 发生 监管 账户 采取 冻结 划拨 税收 保全 措施 强制执行 措施 拖欠 工程款 拖欠 农民工 工资 情况 开发 企业 申请 提交 符合要求 银行 保函 方式 替代 一定 额度 预售 资金 监管 各市县 住建 部门 根据 全省 住房 城乡建设 领域 信用 体系 建设 情况 强化 信用 评价 结果 共享 应用 根据 开发 企业 信用等级 保函 情况 适当 降低 上浮 预售 资金 监管 额度 第三章 预售 资金 收存 使用 管理 第十二条 购房人 缴交 定金 首付款 住房 公积金 贷款 商业银行 发放 按揭 贷款 其他 形式 购房款 存入 相应 监管 账户 开发 企业 相应 监管 账户 缴款 回单 购房人 开具 售房 发票 购房人 按揭 贷款 购买 商品房 按揭 贷款 贷款 银行 开发 企业 提供 监管 账户 直接 划入 开发 企业 不得 购房人 集资 借款 会员费 工程 抵押 形式 变相 预售 商品房 逃避 资金 监管 第十三条 开发 企业 按照 监管 协议 确定 资金 使用 节点 市县 住建 部门 提出 使用 预售 资金 申请 提交 相应 材料 商品房 预售 资金 使用 申请书 用于 支付 工程款 提供 工程建设 合同 工程 监理 机构 出具 施工进度 资料 影像 资料 用于 支付 工程建设 建筑材料 设备 款项 提供 供应商 签订 购销 合同 用于 支付 工程 监理 其他 行政 事业性 收费 提供 合同 缴费通知 其他 应当 提供 材料 首次 付款 每次 申请 拨款 应当 提交 一次 申请 用款 事项 转款 回单 支付 工程款 需提交 监理 单位 相应 款项 使用 情况 证明 材料 第十四条 销售 中若 发生 退款 开发 企业 可以 市县 住建 部门 申请 解除 退款 部分 监管 市县 住建 部门 工作日内 核实 书面通知 监管 银行 第十五条 市县 住建 部门 受理 开发 企业 使用 商品房 预售 资金 申请 严格 依据 办法 相关 规定 进行 审核 需要 确认 开发 项目 建设 进度 结合 工程进度 资料 现场 核查 通过 信息系统 审核 工作 不得 超过 工作日 第十六条 监管 银行 收到 市县 住建 部门 同意 拨付 意见 工作日内 资金 拨付 给与 开发 企业 签订合同 相关 当事人 单位 商业银行 违反 监管 协议 未经 所在 市县 住建 部门 核实 同意 擅自 拨付 监管 额度 资金 应当 负责 追回 资金 无法 追回 依法 承担 相应 赔偿 责任 第十七条 开发 企业 办理 完成 项目 房屋 所有权 首次 登记 可以 相关 证明文件 市县 住建 部门 申请 解除 预售 资金 监管 市县 住建 部门 工作日内 核实 出具 解除 预售 资金 监管 证明 书面通知 开发 企业 监管 银行 开发 企业 监管 银行 接到 通知 按规定 办理 解除 预售 资金 监管 手续 第十八条 下列 情形 之一 市县 住建 部门 书面通知 监管 银行 暂停 拨付 监管 账户 预售 资金 启动 应急 措施 协调 相关 部门 监督 监管 账户 资金 使用 开发 企业 存在 违法 违规行为 导致 工程 停工 预售 项目 发生 质量事故 存在 严重 质量 问题 预售 项目 按期 交付使用 存在 不能 按时 交付 风险 项目 存在 违法 违规 建设 销售 项目 存在 严重 债务 劳务 纠纷 市县 住建 部门 认定 应当 暂停 拨付 其他 情形 开发 企业 侵害 购房人 权益 依法 给予 赔偿 优先 超出 项目 监管 额度 以外 预售 资金 支付 第十九条 市县 住建 部门 会同 金融 监管部门 推动 房屋 网签 备案 系统 商业银行 业务 管理系统 对接 加强 数据共享 推进 资金 申请 审核 拨付 全程 网办 提高 资金 拨付 效率 第四章 监督管理 第二十条 监管 银行 预售 资金 收支 情况 报送 市县 住建 部门 市县 住建 部门 主动 部门 门户 系统 公示 监管 协议 工程 形象 进度 预售 资金 收支 情况 相关 信息 方便 购房人 查询 第二十一条 住房 城乡 建设厅 人行 海口 中心 支行 海南 保监局 根据 各自 监管 职责 做好 日常 指导 监督 检查 工作 市县 住建 部门 定期 巡查 预售 项目 发现 项目 收支 存在 异常情况 责令 开发 企业 限期 改正 人行 海口 中心 支行 属地 市县 支行 海南 保监局 及其 派出机构 发现 监管 银行 违规 应当 依法 严肃处理 监管 银行 发现 房地产 开发 企业 存在 违规 挪用 监管 额度 资金 问题 应当 停止 拨付 立即 告知 市县 住建 部门 市县 住建 部门 及时 作出 处理 第二十二条 涉及 人民法院 保全 执行 商品房 预售 资金 按照 最高人民法院 住房 城乡 建设部 中国人民银行 关于 规范 人民法院 保全 执行 措施 确保 商品房 预售 资金 用于 项目 建设 通知 有关 要求 执行 第二十三条 开发 企业 下列 行为 之一 市县 住建 部门 责令 限期 改正 整改 期间 开发 企业 不得 申请 拨付 预售 资金 按本 办法 规定 收存 使用 预售 资金 提供 虚假 证明 材料 申请 使用 预售 资金 收取 其他 款项 为名 变相 逃避 监管 其他 违反 预售 资金 监管 规定 情节严重 改正 按照 国家 我省 诚信 管理 有关 规定 处理 违反 相关 法律 法规 规章 规定 依照 有关 规定 处罚 第二十四条 施工单位 监理 单位 提供 虚假 证明 采取 其他 方式 协助 开发 企业 违规 支取 预售 资金 市县 住建 部门 依法 相关 责任 单位 责任人 予以 处理 违反 相关 法律 法规 规章 规定 依照 有关 规定 处罚 第二十五条 监管 银行 违反规定 按照 商品房 预售 资金 监管 协议 约定 擅自 收存 管理 开发 企业 名义 转入 资金 按规定 监控 反馈 购房 贷款 入账 情况 擅自 拨付 资金 存在 其他 违规行为 依法 承担 相应 法律责任 第二十六条 违反 办法 规定 相关 部门 及其 工作人员 预售 资金 监管 工作 玩忽职守 滥用职权 徇私舞弊 依法追究 责任 第五章 附则 第二十七条 各市县 结合 办法 制定 具体操作 细则 第二十八条 办法 具体 应用 由省 住房 城乡 建设厅 会同 人行 海口 中心 支行 海南 保监局 负责 解释 第二十九条 办法 日起 施行 海南省 住房 建设厅 中国人民银行 海口 中心 支行 中国 银行业 监督管理 委员会 海南 监管局 印发 海南省 商品房 预售 资金 监管 暂行办法 建房 同时 废止 附件,2.367693200014442,4.380770071455101,4.116666666666667,4.783333333333333,12355,111.2,27.14166666666667,755.5215827338128,273.4003661931818,38.8107548336331,2967.787878787879,21.08002272727274,4,3,0.008625,0.3,主体,19.0,19.0,6.465167684659091,4.737987012987015,0.3,装修,19.0,25.0,68.97119936079547,5.088636363636366,0.3,竣备,19.0,26.0,83.34137556818183,5.19253246753247,0.1,确权,19.0,38.0,114.6226235795455,7.452272727272729,,,,,,,3,5,38.8107548336331
昌江,昌江,Changjiang-3,approved construction cost,with multiplier or floor,unspecified construction progress,找不到/未明确,specified but count unavailable,other / unclear,False,False,,,,not explicitly countable from retained excerpt,not explicitly parseable from retained excerpt,not explicitly parseable from retained excerpt,监管额度 | 监管账户内的资金达到监管额度后超出部分可由开发企业自行提取使用 | 完成，最后拨付节点为项目完成房屋所有权首次登记,True,policy_identification_filled.xlsx,City_audit,4stage_Ncost,4,4,stage_1|stage_2|stage_3|stage_4,主体|装修|竣备|确权,主体|装修|竣备|确权,complete_named_milestones,stage_1,stage_4,4,0.3,0.1,cumulative_same_denominator_stage_shares,terminal_stage_share:monthly_revenue_stage_ratio,expert_calibrated_operational_proxy_pending_source_mapping,monthly-revenue stage ratio or within-cohort amount share; not automatically a policy percentage,external/Modelling Dep/41_Cities_Dep/city_catalog.json,data/pmc_data.xlsx,dep-operational-h1-v1,Changjiang-3,2022,三线,昌江,Hainan,"文昌市
根据商品房项目建设工程造价、施工合同金额以及项目交付使用条件等因素合理确定监管额度。
1、监管账户监管额度内的资金只能用于购买该项目建设必需的建筑材料、设备和支付施工进度款等相关支出。
2、监管额度内的资金应按照工程进度予以拨付，首次拨付节点不得早于地下结构完成，最后拨付节点为项目完成房屋所有权首次登记。
3、可根据主体分部验收、装修分部验收、竣工验收、联合验收、房屋所有权首次登记等环节具体确定资金拨付节点以及相应的资金余额要求。
4、以上，具体细则未出。
经房管股及住建分管领导审批后，提交银行审批可付款
1、监管账户内的资金达到监管额度后超出部分可由开发企业自行提取使用。监管额度内的资金在解除预售资金监管前，监管银行不得擅自划扣。
2、具体细则未出。
根据《住房和城乡建设部 人民银行 银保监会关于规范商品房预售资金监管的意见》及《海南省住房和城乡建设厅 中国人民银行海口中心支行 中国银行保险监督管理委员会海南监管局关于转发《住房和城乡建设部人民银行 银保监会关于规范商品房预售资金监管的意见》的通知》的规定

《关于提取住房公积金支付购买新建商品住房和保障性住房首付款的通知》
（以下简称《通知》）
政策解读  2023-8-4

一、出台《关于提取住房公积金支付购买新建商品住房和保障性住房首付款的通知》的目的是什么？


为全面贯彻落实“租购并举”住房政策，践行以人民为中心的发展思想，发挥住房公积金支持住房保障作用，切实减轻购买住房家庭支付购房首付款压力，出台本《通知》。


二、哪种情形下，职工可以使用住房公积金支付购房首付款？


家庭无未结清住房公积金贷款的本省缴存职工，购买本省新建商品住房或保障性住房的，可以使用住房公积金支付购房首付款。该政策不支持职工使用住房公积金支付购买二手自住住房、拆迁安置房、自建房、外省自住住房的购房首付款。


三、如何使用住房公积金支付购房首付款？


缴存职工购买新建商品住房或保障性住房时，与开发企业在房屋买卖合同中约定使用住房公积金和自筹资金支付购房首付款的金额，并足额支付自筹资金部分购房首付款后，与开发企业签订房屋买卖合同，开发企业配合提交办理合同备案。


在房屋买卖合同备案后，职工及其配偶向住房公积金管理机构申请提取住房公积金用于支付约定的购房首付款，符合提取规定条件的，由住房公积金管理机构将约定的首付款直接支付给开发企业。


四、如何确定个人提取金额？


职工申请住房公积金支付购房首付款时，应确保职工及其配偶住房公积金个人账户余额之和大于等于合同约定使用住房公积金支付部分的首付款金额。


职工住房公积金个人账户余额大于等于合同约定使用住房公积金支付部分首付款金额的，提取金额为合同约定使用住房公积金支付部分的首付款金额；职工住房公积金个人账户余额小于合同约定使用住房公积金支付部分首付款金额的，提取金额为本人住房公积金个人账户余额（提取至元位），差额部分由其配偶申请提取转至开发企业账户。


职工及其配偶的合计提取金额等于合同约定使用住房公积金支付的首付款金额。


五、合同备案前已自筹支付的首付款，在使用住房公积金支付首付款后，能否正常申请提取？


在使用住房公积金足额支付首付款后，职工住房公积金个人账户仍有余额的，职工仍可按原规定申请提取自筹资金部分首付款转至职工本人银行卡账户。未按合同约定使用住房公积金足额支付首付款的，不予办理自筹资金部分首付款的提取业务。


六、办理渠道及办理材料是什么？


答：职工可提供个人身份材料、备案的购房合同通过“海易办”APP或各市县政务服务中心的住房公积金窗口申请办理。


七、“海易办”办理有哪些步骤要点？


职工登录“海易办”APP，进入“公积金”模块，选择“购买新建商品住房提取住房公积金”（购买保障性住房的按对应业务选择），录入备案合同号，选择提取资金转“开发商”，录入“个人已付首付款”“开发商待收首付款”及其他相关信息，并上传业务材料后提交即可。提交时，应再次核对收款账户是否与合同的一致，确定后再提交。


责任编辑： 林安娜
海南省住房和城乡建设厅
中国人民银行海口中心支行
中国银行保险监督管理委员会海南监管局
关于印发《海南省商品房预售资金监管办法》的通知 
各市、县、自治县人民政府，省直各有关部门，各有关单位：
经省政府同意，现将《海南省商品房预售资金监管办法》印发给你们，请认真贯彻执行。
附件：海南省商品房预售资金三方监管协议参考文本
海南省住房和城乡建设厅  中国人民银行海口中心支行 
中国银行保险监督管理委员会海南监管局
2022年9月26日
（此件主动公开）
海南省商品房预售资金监管办法
第一章 总 则
第一条 为规范我省商品房预售资金(以下简称预售资金)的监督管理，保障房地产项目竣工交付，维护购房人合法权益，促进房地产市场平稳健康发展，根据《中华人民共和国城市房地产管理法》、《城市商品房预售管理办法》、《住房和城乡建设部 人民银行 银保监会关于规范商品房预售资金监管的意见》等有关规定，结合我省实际，制定本办法。
第二条 凡在我省行政区域内申请商品房预售许可的项目，其预售资金的收存、使用及监督管理，适用本办法。
第三条 我省预售资金的监督管理遵循专户存储、专款专用、全程监管、节点控制、多方监督的原则。
第四条 本办法所称预售资金，是指预售商品房的房地产开发企业(以下简称开发企业)依法将其开发的商品房出售，由购房人缴交的定金、首付款、住房公积金贷款、商业银行发放的按揭贷款和其他形式的购房款等各种款项。
第五条 预售资金监管期限自项目核发《商品房预售许可证》开始，至项目完成房屋所有权首次登记后终止。
第六条 省住房和城乡建设厅负责指导全省预售资金的收存、使用工作。人民银行分支机构指导商业银行做好监管账户管理工作。银保监部门负责对商业银行预售资金监管的操作风险和合规性进行监督检查。商业银行按照监管协议做好监管账户监控和拨付工作，并定期与市、县、自治县住房和城乡建设部门（以下称市县住建部门）对账，对发现的违法违规行为及时向市县住建部门反馈。
市县住建部门履行辖区内预售资金监管职责。具体为：
（一）会同本辖区内的人民银行分支机构、银保监部门通过公开招标方式，确定能够承接商品房预售资金监管业务的商业银行。
（二）制定本市县监管实施细则和三方监管协议文本。
（三）合理确定监管额度和拨付节点。
（四）与开发企业、商业银行共同签订预售资金三方监管协议（以下称监管协议），受理开发企业使用预售资金申请，出具审核意见。
（五）定期巡查预售项目，对开发企业管理使用预售资金的行为进行监督检查。
（六）受理预售资金收存、使用中违法违规行为的投诉，对预售资金监管相关矛盾纠纷进行调处化解。
（七）本办法规定的其他有关工作。
第二章 一般规定
第七条 市县住建部门会同属地人民银行分支机构、银保监部门通过公开招标方式，综合商业银行资信状况、监管能力、服务水平等因素，确定能够承接商品房预售资金监管业务的商业银行，并通过市县住建部门门户网站予以公示，开发企业应从公示的名单中选择商业银行作为监管银行。
第八条 开发企业在申请办理《商品房预售许可证》前，按一次预售许可开设一个监管账户的原则，与市县住建部门和监管银行签订监管协议，明确预售资金收存和使用方式、监管额度、违约责任等，监管协议主要内容要在预售方案中予以明确，并通过附件方式在《商品房买卖合同》中予以体现。
监管账户应当在《商品房预售许可证》《商品房买卖合同》上载明，并在商品房销售现场显著位置，以及所在市县住建部门的门户网站进行公示。
监管账户一经设立，原则上不得随意变更；确需变更的，应由市县住建部门、开发企业、监管银行三方协商同意后解除原监管协议，重新签订新的监管协议，并在5个工作日内将原监管账户中的预售资金全部转入变更后的监管账户。账户变更期间，原监管账户范围内的商品房暂停销售。
第九条 商品房预售资金应全部直接存入监管账户进行监管，开发企业不得直接收取或另设账户收存购房人的购房款。省住房和城乡建设厅建立健全房产管理信息系统，市县住建部门在办理房屋交易合同网签备案时，需确认商品房预售资金已按要求同步存入监管账户。
第十条 商品房预售资金实行全程监管，确保专款专用，对用于支付工程建设等费用的预售资金要实施重点监管，市县住建部门要根据商品房项目建设工程造价、施工合同金额以及项目交付使用条件等因素合理确定监管额度，并在监管协议中予以明确。
监管账户监管额度内的资金只能用于购买该项目建设必需的建筑材料、设备和支付施工进度款等相关支出。监管额度内的资金应按照工程进度予以拨付，首次拨付节点不得早于地下结构完成，最后拨付节点为项目完成房屋所有权首次登记。各市县住建部门可根据主体分部验收、装修分部验收、竣工验收、联合验收、房屋所有权首次登记等环节具体确定资金拨付节点以及相应的资金余额要求。
开发企业申请支取监管额度内的预售资金，须经所在市县住建部门核实同意。监管账户内的资金达到监管额度后，超出部分可由开发企业自行提取使用。监管额度内的资金，在解除预售资金监管前，监管银行不得擅自划扣。商品房预售资金监管账户不得开通网上银行功能和自动扣款等转账业务。设立子公司的房地产开发企业，集团公司不得抽调。
第十一条 各市县住建部门应建立商品房预售资金分类监管机制。对合法依规经营，一定年限内未受到房地产市场监管部门行政处罚,且未发生监管账户被采取冻结、划拨、税收保全措施或强制执行措施、拖欠工程款和拖欠农民工工资等情况的开发企业,可申请以提交符合要求的银行保函等方式替代一定额度的预售资金监管。各市县住建部门可根据全省住房和城乡建设领域信用体系建设情况，强化信用评价结果共享应用，根据开发企业信用等级和保函情况，适当降低或上浮预售资金的监管额度。
第三章 预售资金收存和使用管理
第十二条 由购房人缴交的定金、首付款、住房公积金贷款、商业银行发放的按揭贷款和其他形式的购房款存入相应的监管账户后，开发企业凭相应的监管账户缴款回单，为购房人开具售房发票。购房人按揭贷款购买商品房的，其按揭贷款由贷款银行按开发企业提供的监管账户直接划入。
开发企业不得向购房人以集资、借款、会员费、工程抵押等形式变相预售商品房，逃避资金监管。
第十三条 开发企业应按照监管协议所确定的资金使用节点向市县住建部门提出使用预售资金申请，并提交相应材料：
（一）商品房预售资金使用申请书。
（二）用于支付工程款的，提供工程建设合同及工程监理机构出具的施工进度资料及影像资料。
（三）用于支付工程建设所需的建筑材料、设备款项的，提供与供应商签订的购销合同。
（四）用于支付工程监理或其他行政事业性收费的，提供合同或缴费通知。
（五）其他应当提供的材料。
首次拨付款后，每次申请拨款时还应当提交上一次申请用款事项的转款回单。如支付工程款的，则需提交监理单位对相应款项使用情况的证明材料。
第十四条 在销售中若发生退款的，开发企业可以向市县住建部门申请解除退款部分的监管，市县住建部门应在3个工作日内核实，书面通知监管银行。
第十五条 市县住建部门受理开发企业使用商品房预售资金的申请后，应严格依据本办法相关规定进行审核，需要确认开发项目建设进度的，应结合工程进度资料现场核查或通过信息系统比对，审核工作不得超过3个工作日。
第十六条 监管银行收到市县住建部门同意拨付意见后，应在2个工作日内将资金拨付给与开发企业签订合同的相关当事人或单位。商业银行违反监管协议，未经所在市县住建部门核实同意，擅自拨付监管额度内资金的，应当负责追回资金，无法追回的依法承担相应赔偿责任。
第十七条 开发企业办理完成项目房屋所有权首次登记后，可以凭相关证明文件向市县住建部门申请解除预售资金监管。市县住建部门应在5个工作日内核实，出具解除预售资金监管证明，并书面通知开发企业和监管银行。开发企业和监管银行接到通知后，按规定办理解除预售资金监管手续。
第十八条 有下列情形之一的，市县住建部门可书面通知监管银行暂停拨付监管账户内的预售资金，并启动应急措施，协调相关部门监督监管账户内资金的使用：
（一）开发企业存在违法违规行为导致工程停工的。
（二）预售项目发生质量事故或存在严重质量问题的。
（三）预售项目未按期交付使用或存在不能按时交付风险的。
（四）项目存在违法违规建设和销售的。
（五）项目存在严重债务和劳务纠纷的。
（六）市县住建部门认定应当暂停拨付的其他情形。
开发企业侵害购房人权益，依法应给予赔偿的，应优先用超出项目监管额度以外的预售资金支付。
第十九条 市县住建部门要会同金融监管部门推动房屋网签备案系统和商业银行业务管理系统对接，加强数据共享，推进资金申请、审核、拨付“全程网办”，提高资金拨付效率。
第四章 监督管理
第二十条 监管银行应按月将预售资金收支等情况报送市县住建部门。市县住建部门应主动在部门门户系统公示监管协议、工程形象进度和预售资金收支情况等相关信息，方便购房人查询。
第二十一条 省住房和城乡建设厅和人行海口中心支行、海南银保监局根据各自的监管职责做好日常指导和监督检查工作。市县住建部门要定期巡查预售项目，发现项目收支存在异常情况的，责令开发企业限期改正。人行海口中心支行及属地市县支行、海南银保监局及其派出机构发现监管银行违规的，应当依法严肃处理。监管银行发现房地产开发企业存在违规挪用监管额度内资金问题的，应当停止拨付，并立即告知市县住建部门，市县住建部门要及时作出处理。
第二十二条 涉及人民法院保全、执行商品房预售资金的，按照《最高人民法院 住房和城乡建设部 中国人民银行关于规范人民法院保全执行措施确保商品房预售资金用于项目建设的通知》（法〔2022〕12号）有关要求执行。
第二十三条 开发企业有下列行为之一的，由市县住建部门责令其限期改正，整改期间开发企业不得申请拨付预售资金：
（一）未按本办法规定收存、使用预售资金的。
（二）提供虚假证明材料申请使用预售资金的。
（三）以收取其他款项为名变相逃避监管的。
（四）其他违反预售资金监管规定的。
情节严重或拒不改正的,按照国家及我省诚信管理有关规定处理。违反相关法律、法规、规章规定的，依照有关规定处罚。
第二十四条 施工单位、监理单位提供虚假证明或采取其他方式协助开发企业违规支取预售资金的，由市县住建部门依法对相关责任单位和责任人予以处理。违反相关法律、法规、规章规定的，依照有关规定处罚。
第二十五条 监管银行违反规定或未按照商品房预售资金监管协议约定，擅自收存、管理以开发企业名义转入的资金，未按规定监控、反馈购房贷款入账情况，擅自拨付资金，或存在其他违规行为的，依法承担相应法律责任。
第二十六条 违反本办法规定，相关部门及其工作人员在预售资金监管工作中玩忽职守、滥用职权、徇私舞弊的，依法追究责任。
第五章 附则
第二十七条 各市县可结合本办法制定具体操作细则。
第二十八条 本办法的具体应用由省住房和城乡建设厅会同人行海口中心支行、海南银保监局负责解释。
第二十九条 本办法自2022年10月1日起施行。2013年11月15日海南省住房和建设厅 中国人民银行海口中心支行 中国银行业监督管理委员会海南监管局印发的《海南省商品房预售资金监管暂行办法》（琼建房〔2013〕237号）同时废止。
附件",文昌市 根据 商品房 项目 建设 工程造价 施工 合同 金额 以及 项目 交付使用 条件 因素 合理 确定 监管 额度 监管 账户 监管 额度 资金 只能 用于 购买 项目 建设 必需 建筑材料 设备 支付 施工进度 相关 支出 监管 额度 资金 按照 工程进度 予以 拨付 首次 拨付 节点 不得 地下 结构 完成 最后 拨付 节点 项目 完成 房屋 所有权 首次 登记 根据 主体 分部 验收 装修 分部 验收 竣工 验收 联合 验收 房屋 所有权 首次 登记 环节 具体 确定 资金 拨付 节点 以及 相应 资金 余额 要求 以上 具体 细则 房管 股及 分管领导 审批 提交 银行 审批 付款 监管 账户 资金 达到 监管 额度 超出 部分 开发 企业 自行 提取 使用 监管 额度 资金 解除 预售 资金 监管 监管 银行 不得 擅自 划扣 具体 细则 根据 住房 城乡 建设部 人民银行 保监会 关于 规范 商品房 预售 资金 监管 意见 海南省 住房 城乡 建设厅 中国人民银行 海口 中心 支行 中国银行 保险 监督管理 委员会 海南 监管局 关于 转发 住房 城乡 建设部 人民银行 保监会 关于 规范 商品房 预售 资金 监管 意见 通知 规定 关于 提取 住房 公积金 支付 购买 新建 商品 住房 保障性 住房 首付款 通知 以下 简称 通知 政策 解读 出台 关于 提取 住房 公积金 支付 购买 新建 商品 住房 保障性 住房 首付款 通知 目的 什么 全面 贯彻落实 购并 住房 政策 践行 人民 中心 发展 思想 发挥 住房 公积金 支持 住房 保障 作用 切实 减轻 购买 住房 家庭 支付 购房 首付款 压力 出台 通知 情形 职工 可以 使用 住房 公积金 支付 购房 首付款 家庭 无未 结清 住房 公积金 贷款 本省 缴存 职工 购买 本省 新建 商品 住房 保障性 住房 可以 使用 住房 公积金 支付 购房 首付款 政策 支持 职工 使用 住房 公积金 支付 购买 二手 住房 拆迁 安置 自建房 外省 住房 购房 首付款 如何 使用 住房 公积金 支付 购房 首付款 缴存 职工 购买 新建 商品 住房 保障性 住房 开发 企业 房屋买卖 合同 约定 使用 住房 公积金 自筹资金 支付 购房 首付款 金额 足额 支付 自筹资金 部分 购房 首付款 开发 企业 签订 房屋买卖 合同 开发 企业 配合 提交 办理 合同 备案 房屋买卖 合同 备案 职工 及其 配偶 住房 公积金 管理机构 申请 提取 住房 公积金 用于 支付 约定 购房 首付款 符合 提取 规定 条件 住房 公积金 管理机构 约定 首付款 直接 支付 开发 企业 如何 确定 个人 提取 金额 职工 申请 住房 公积金 支付 购房 首付款 确保 职工 及其 配偶 住房 公积金 个人账户 余额 大于 等于 合同 约定 使用 住房 公积金 支付 部分 首付款 金额 职工 住房 公积金 个人账户 余额 大于 等于 合同 约定 使用 住房 公积金 支付 部分 首付款 金额 提取 金额 合同 约定 使用 住房 公积金 支付 部分 首付款 金额 职工 住房 公积金 个人账户 余额 小于 合同 约定 使用 住房 公积金 支付 部分 首付款 金额 提取 金额 本人 住房 公积金 个人账户 余额 提取 至元位 差额 部分 配偶 申请 提取 开发 企业 账户 职工 及其 配偶 合计 提取 金额 等于 合同 约定 使用 住房 公积金 支付 首付款 金额 合同 备案 自筹 支付 首付款 使用 住房 公积金 支付 首付款 能否 正常 申请 提取 使用 住房 公积金 足额 支付 首付款 职工 住房 公积金 个人账户 余额 职工 按原 规定 申请 提取 自筹资金 部分 首付款 职工 本人 银行卡 账户 合同 约定 使用 住房 公积金 足额 支付 首付款 不予 办理 自筹资金 部分 首付款 提取 业务 办理 渠道 办理 材料 什么 职工 提供 个人身份 材料 备案 购房 合同 通过 海易办 各市县 政务 服务中心 住房 公积金 窗口 申请 办理 海易办 办理 哪些 步骤 要点 职工 登录 海易办 进入 公积金 模块 选择 购买 新建 商品 住房 提取 住房 公积金 购买 保障性 住房 对应 业务 选择 录入 备案 合同 选择 提取 资金 开发商 录入 个人 已付 首付款 开发商 待收 首付款 及其 相关 信息 上传 业务 材料 提交 即可 提交 再次 核对 收款 账户 是否 合同 一致 确定 提交 责任编辑 安娜 海南省 住房 城乡 建设厅 中国人民银行 海口 中心 支行 中国银行 保险 监督管理 委员会 海南 监管局 关于 印发 海南省 商品房 预售 资金 监管 办法 通知 各市 自治县 人民政府 省直 有关 部门 有关 单位 省政府 同意 现将 海南省 商品房 预售 资金 监管 办法 印发 你们 认真贯彻 执行 附件 海南省 商品房 预售 资金 三方 监管 协议 参考 文本 海南省 住房 城乡 建设厅 中国人民银行 海口 中心 支行 中国银行 保险 监督管理 委员会 海南 监管局 此件 主动 公开 海南省 商品房 预售 资金 监管 办法 第一章 第一条 规范 我省 商品房 预售 资金 以下 简称 预售 资金 监督管理 保障 房地产 项目 竣工 交付 维护 购房人 合法权益 促进 房地产 市场 平稳 健康 发展 根据 中华人民共和国 城市 房地产 管理法 城市 商品房 预售 管理 办法 住房 城乡 建设部 人民银行 保监会 关于 规范 商品房 预售 资金 监管 意见 有关 规定 结合 我省 实际 制定 办法 第二条 我省 行政区域 申请 商品房 预售 许可 项目 预售 资金 收存 使用 监督管理 适用 办法 第三条 我省 预售 资金 监督管理 遵循 专户 存储 专款专用 全程 监管 节点 控制 多方 监督 原则 第四条 办法 预售 资金 预售 商品房 房地产 开发 企业 以下 简称 开发 企业 依法 开发 商品房 出售 购房人 缴交 定金 首付款 住房 公积金 贷款 商业银行 发放 按揭 贷款 其他 形式 购房款 各种 款项 第五条 预售 资金 监管 期限 项目 核发 商品房 预售 许可证 开始 项目 完成 房屋 所有权 首次 登记 终止 第六条 住房 城乡 建设厅 负责 指导 全省 预售 资金 收存 使用 工作 人民银行 分支机构 指导 商业银行 做好 监管 账户 管理工作 银保监 部门 负责 商业银行 预售 资金 监管 操作 风险 合规性 进行 监督 检查 商业银行 按照 监管 协议 做好 监管 账户 监控 拨付 工作 定期 自治县 住房 城乡建设 部门 以下 市县 住建 部门 对账 发现 违法 违规行为 及时 市县 住建 部门 反馈 市县 住建 部门 履行 辖区 预售 资金 监管 职责 具体 会同 辖区 人民银行 分支机构 银保监 部门 通过 公开招标 方式 确定 能够 承接 商品房 预售 资金 监管 业务 商业银行 制定 本市 监管 实施细则 三方 监管 协议 文本 合理 确定 监管 额度 拨付 节点 开发 企业 商业银行 共同 签订 预售 资金 三方 监管 协议 以下 监管 协议 受理 开发 企业 使用 预售 资金 申请 出具 审核 意见 定期 巡查 预售 项目 开发 企业 管理 使用 预售 资金 行为 进行 监督 检查 受理 预售 资金 收存 使用 违法 违规行为 投诉 预售 资金 监管 相关 矛盾 纠纷 进行 调处 化解 办法 规定 其他 有关 工作 第二章 一般 规定 第七条 市县 住建 部门 会同 属地 人民银行 分支机构 银保监 部门 通过 公开招标 方式 综合 商业银行 资信 状况 监管 能力 服务水平 因素 确定 能够 承接 商品房 预售 资金 监管 业务 商业银行 通过 市县 住建 部门 门户网站 予以 公示 开发 企业 应从 公示 名单 选择 商业银行 作为 监管 银行 第八条 开发 企业 申请 办理 商品房 预售 许可证 一次 预售 许可 开设 一个 监管 账户 原则 市县 住建 部门 监管 银行 签订 监管 协议 明确 预售 资金 收存 使用 方式 监管 额度 违约责任 监管 协议 主要 内容 预售 方案 予以 明确 通过 附件 方式 商品房 买卖合同 予以 体现 监管 账户 应当 商品房 预售 许可证 商品房 买卖合同 载明 商品房 销售 现场 显著 位置 以及 所在 市县 住建 部门 门户网站 进行 公示 监管 账户 一经 设立 原则上 不得 随意 变更 确需 变更 应由 市县 住建 部门 开发 企业 监管 银行 三方 协商 同意 解除 监管 协议 重新 签订 监管 协议 工作日内 监管 账户 预售 资金 全部 转入 变更 监管 账户 账户 变更 期间 监管 账户 范围 商品房 暂停 销售 第九条 商品房 预售 资金 全部 直接 存入 监管 账户 进行 监管 开发 企业 不得 直接 收取 另设 账户 收存 购房人 购房款 住房 城乡 建设厅 建立健全 房产 管理信息系统 市县 住建 部门 办理 房屋交易 合同 网签 备案 确认 商品房 预售 资金 要求 同步 存入 监管 账户 第十条 商品房 预售 资金 实行 全程 监管 确保 专款专用 用于 支付 工程建设 费用 预售 资金 实施 重点 监管 市县 住建 部门 根据 商品房 项目 建设 工程造价 施工 合同 金额 以及 项目 交付使用 条件 因素 合理 确定 监管 额度 监管 协议 予以 明确 监管 账户 监管 额度 资金 只能 用于 购买 项目 建设 必需 建筑材料 设备 支付 施工进度 相关 支出 监管 额度 资金 按照 工程进度 予以 拨付 首次 拨付 节点 不得 地下 结构 完成 最后 拨付 节点 项目 完成 房屋 所有权 首次 登记 各市县 住建 部门 根据 主体 分部 验收 装修 分部 验收 竣工 验收 联合 验收 房屋 所有权 首次 登记 环节 具体 确定 资金 拨付 节点 以及 相应 资金 余额 要求 开发 企业 申请 支取 监管 额度 预售 资金 所在 市县 住建 部门 核实 同意 监管 账户 资金 达到 监管 额度 超出 部分 开发 企业 自行 提取 使用 监管 额度 资金 解除 预售 资金 监管 监管 银行 不得 擅自 划扣 商品房 预售 资金 监管 账户 不得 开通 网上银行 功能 自动 扣款 转账 业务 设立 子公司 房地产 开发 企业 集团公司 不得 抽调 第十一条 各市县 住建 部门 建立 商品房 预售 资金 分类 监管 机制 合法 依规 经营 一定 年限 内未 受到 房地产 市场 监管部门 行政处罚 发生 监管 账户 采取 冻结 划拨 税收 保全 措施 强制执行 措施 拖欠 工程款 拖欠 农民工 工资 情况 开发 企业 申请 提交 符合要求 银行 保函 方式 替代 一定 额度 预售 资金 监管 各市县 住建 部门 根据 全省 住房 城乡建设 领域 信用 体系 建设 情况 强化 信用 评价 结果 共享 应用 根据 开发 企业 信用等级 保函 情况 适当 降低 上浮 预售 资金 监管 额度 第三章 预售 资金 收存 使用 管理 第十二条 购房人 缴交 定金 首付款 住房 公积金 贷款 商业银行 发放 按揭 贷款 其他 形式 购房款 存入 相应 监管 账户 开发 企业 相应 监管 账户 缴款 回单 购房人 开具 售房 发票 购房人 按揭 贷款 购买 商品房 按揭 贷款 贷款 银行 开发 企业 提供 监管 账户 直接 划入 开发 企业 不得 购房人 集资 借款 会员费 工程 抵押 形式 变相 预售 商品房 逃避 资金 监管 第十三条 开发 企业 按照 监管 协议 确定 资金 使用 节点 市县 住建 部门 提出 使用 预售 资金 申请 提交 相应 材料 商品房 预售 资金 使用 申请书 用于 支付 工程款 提供 工程建设 合同 工程 监理 机构 出具 施工进度 资料 影像 资料 用于 支付 工程建设 建筑材料 设备 款项 提供 供应商 签订 购销 合同 用于 支付 工程 监理 其他 行政 事业性 收费 提供 合同 缴费通知 其他 应当 提供 材料 首次 付款 每次 申请 拨款 应当 提交 一次 申请 用款 事项 转款 回单 支付 工程款 需提交 监理 单位 相应 款项 使用 情况 证明 材料 第十四条 销售 中若 发生 退款 开发 企业 可以 市县 住建 部门 申请 解除 退款 部分 监管 市县 住建 部门 工作日内 核实 书面通知 监管 银行 第十五条 市县 住建 部门 受理 开发 企业 使用 商品房 预售 资金 申请 严格 依据 办法 相关 规定 进行 审核 需要 确认 开发 项目 建设 进度 结合 工程进度 资料 现场 核查 通过 信息系统 审核 工作 不得 超过 工作日 第十六条 监管 银行 收到 市县 住建 部门 同意 拨付 意见 工作日内 资金 拨付 给与 开发 企业 签订合同 相关 当事人 单位 商业银行 违反 监管 协议 未经 所在 市县 住建 部门 核实 同意 擅自 拨付 监管 额度 资金 应当 负责 追回 资金 无法 追回 依法 承担 相应 赔偿 责任 第十七条 开发 企业 办理 完成 项目 房屋 所有权 首次 登记 可以 相关 证明文件 市县 住建 部门 申请 解除 预售 资金 监管 市县 住建 部门 工作日内 核实 出具 解除 预售 资金 监管 证明 书面通知 开发 企业 监管 银行 开发 企业 监管 银行 接到 通知 按规定 办理 解除 预售 资金 监管 手续 第十八条 下列 情形 之一 市县 住建 部门 书面通知 监管 银行 暂停 拨付 监管 账户 预售 资金 启动 应急 措施 协调 相关 部门 监督 监管 账户 资金 使用 开发 企业 存在 违法 违规行为 导致 工程 停工 预售 项目 发生 质量事故 存在 严重 质量 问题 预售 项目 按期 交付使用 存在 不能 按时 交付 风险 项目 存在 违法 违规 建设 销售 项目 存在 严重 债务 劳务 纠纷 市县 住建 部门 认定 应当 暂停 拨付 其他 情形 开发 企业 侵害 购房人 权益 依法 给予 赔偿 优先 超出 项目 监管 额度 以外 预售 资金 支付 第十九条 市县 住建 部门 会同 金融 监管部门 推动 房屋 网签 备案 系统 商业银行 业务 管理系统 对接 加强 数据共享 推进 资金 申请 审核 拨付 全程 网办 提高 资金 拨付 效率 第四章 监督管理 第二十条 监管 银行 预售 资金 收支 情况 报送 市县 住建 部门 市县 住建 部门 主动 部门 门户 系统 公示 监管 协议 工程 形象 进度 预售 资金 收支 情况 相关 信息 方便 购房人 查询 第二十一条 住房 城乡 建设厅 人行 海口 中心 支行 海南 保监局 根据 各自 监管 职责 做好 日常 指导 监督 检查 工作 市县 住建 部门 定期 巡查 预售 项目 发现 项目 收支 存在 异常情况 责令 开发 企业 限期 改正 人行 海口 中心 支行 属地 市县 支行 海南 保监局 及其 派出机构 发现 监管 银行 违规 应当 依法 严肃处理 监管 银行 发现 房地产 开发 企业 存在 违规 挪用 监管 额度 资金 问题 应当 停止 拨付 立即 告知 市县 住建 部门 市县 住建 部门 及时 作出 处理 第二十二条 涉及 人民法院 保全 执行 商品房 预售 资金 按照 最高人民法院 住房 城乡 建设部 中国人民银行 关于 规范 人民法院 保全 执行 措施 确保 商品房 预售 资金 用于 项目 建设 通知 有关 要求 执行 第二十三条 开发 企业 下列 行为 之一 市县 住建 部门 责令 限期 改正 整改 期间 开发 企业 不得 申请 拨付 预售 资金 按本 办法 规定 收存 使用 预售 资金 提供 虚假 证明 材料 申请 使用 预售 资金 收取 其他 款项 为名 变相 逃避 监管 其他 违反 预售 资金 监管 规定 情节严重 改正 按照 国家 我省 诚信 管理 有关 规定 处理 违反 相关 法律 法规 规章 规定 依照 有关 规定 处罚 第二十四条 施工单位 监理 单位 提供 虚假 证明 采取 其他 方式 协助 开发 企业 违规 支取 预售 资金 市县 住建 部门 依法 相关 责任 单位 责任人 予以 处理 违反 相关 法律 法规 规章 规定 依照 有关 规定 处罚 第二十五条 监管 银行 违反规定 按照 商品房 预售 资金 监管 协议 约定 擅自 收存 管理 开发 企业 名义 转入 资金 按规定 监控 反馈 购房 贷款 入账 情况 擅自 拨付 资金 存在 其他 违规行为 依法 承担 相应 法律责任 第二十六条 违反 办法 规定 相关 部门 及其 工作人员 预售 资金 监管 工作 玩忽职守 滥用职权 徇私舞弊 依法追究 责任 第五章 附则 第二十七条 各市县 结合 办法 制定 具体操作 细则 第二十八条 办法 具体 应用 由省 住房 城乡 建设厅 会同 人行 海口 中心 支行 海南 保监局 负责 解释 第二十九条 办法 日起 施行 海南省 住房 建设厅 中国人民银行 海口 中心 支行 中国 银行业 监督管理 委员会 海南 监管局 印发 海南省 商品房 预售 资金 监管 暂行办法 建房 同时 废止 附件,2.367693200014442,4.380770071455101,3.783333333333333,4.45,6880,18.1,27.14166666666667,2508.729281767955,268.7138254261364,131.7938121546962,2880.5,21.08002272727274,4,3,0.008625,0.3,主体,19.0,19.0,6.465167684659091,4.737987012987015,0.3,装修,19.0,25.0,68.97119936079547,5.088636363636366,0.3,竣备,19.0,26.0,83.34137556818183,5.19253246753247,0.1,确权,19.0,38.0,109.9360828125,7.452272727272729,,,,,,,3,4,131.7938121546962
汕头,汕头,Shantou-2,approved construction cost,,unspecified construction progress,retained balance,specified but count unavailable,other / unclear,False,False,,0.85,0.85,not explicitly countable from retained excerpt,explicit percentage near 封顶; midpoint used for a stated range,explicit terminal retention percentage in source text,监管额度 | 完成房屋所有权首次登记时，监管账户同步撤管,True,policy_identification_filled.xlsx,City_audit,5stage_Pcost,5,4,stage_1|stage_2|stage_3|stage_4|stage_5,阶段1|阶段2|竣备|阶段4|阶段5,阶段1|阶段2|竣备|阶段4,partial_named_milestones,,,4,,,not_estimable:topout_stage_name_unmapped,not_estimable:registration_stage_name_unmapped,expert_calibrated_operational_proxy_pending_source_mapping,monthly-revenue stage ratio or within-cohort amount share; not automatically a policy percentage,external/Modelling Dep/41_Cities_Dep/city_catalog.json,data/pmc_data.xlsx,dep-operational-h1-v1,Shantou-2,2024,二线,汕头,Guangdong,"关于印发《汕头市住房和城乡建设局商品房预售款监督管理暂行办法》的通知
2024-02-18 10:50
来源： 汕头市人民政府办公室
发布机构：汕头市住房和城乡建设局
【字体： 大  中  小】
汕住建通〔2024〕2号
各相关单位，各房地产开发企业、金融机构：
为贯彻落实《汕头经济特区商品房销售条例》等政策法规，进一步完善我市商品房预售款的监督管理，保证商品房预售款专款专用，促进房地产市场健康发展，我局对《汕头市住房和城乡建设局商品房预售款监督管理暂行办法》进行了修订，现印发给你们，请遵照执行。
 
汕头市住房和城乡建设局 
2024年2月6日 
 
汕头市住房和城乡建设局商品房预售款监督管理暂行办法
 
目  录
第一章  总则
第二章  一般规定
第三章  预售款的归集、使用
第四章  房地产开发贷款与预售款的联动管理
第五章  监督管理
第六章  附则
 
第一章  总则
 
第一条 【目的依据】为进一步加强我市商品房预售款的监督管理，保证商品房预售款专款专用，维护商品房购销双方的合法权益，促进房地产市场健康发展，根据《中华人民共和国城市房地产管理法》《城市商品房预售管理办法》《广东省商品房预售管理条例》《汕头经济特区商品房销售条例》和《关于进一步加强房地产市场监管完善商品住房预售制度有关问题的通知》（建房〔2010〕53号）、《关于规范人民法院保全执行措施确保商品房预售资金用于项目建设的通知》（法〔2022〕12号）等法律、法规和文件的规定，结合我市房地产市场实际情况，制定本办法。
第二条 【适用范围】凡在本市行政区域内经批准预售的商品房项目，其预售款的归集、使用和监督管理工作，适用本办法。
第三条 【预售款定义】本办法所称商品房预售款，是指预售人将其开发的商品房在转为现房销售前依法进行出售，由购房人按合同约定支付的定金、预付款、房价款（包括预售商品房按揭贷款）等各种收入。
第四条 【监管部门】汕头市住房和城乡建设局负责监督指导全市商品房预售款监管工作，并直接负责金平区、龙湖区行政区域内的商品房预售款监管工作。其他区（县）住房和城乡建设局负责组织实施本行政区域内商品房预售款监管工作。商品房预售款监管部门（下称监管部门）可以委托下属机构开展本区域商品房预售款监管具体工作。
 
第二章  一般规定
 
第五条 【签订监管协议】房地产开发企业（下称开发企业）申请商品房预售许可前，应当按照下列规定与监管部门、监管部门确定的监管资金开户银行（以下简称监管银行）三方签订《汕头市商品房预售款专用账户监管协议书》（以下简称监管协议）：
（一）开发企业向监管部门提出签约申请，在粤安居系统上传提交以下资料：
1. 企业营业执照；
2. 开发企业资质证书；
3. 法定代表人身份证明、被委托人身份证明，法定代表人签名的授权委托书；
4. 土地使用权证明文件；
5. 建设工程规划许可证、建筑工程施工许可证；
6. 开户申请报告、监管账户开户证明；
7. 标准地名、门牌批准文件。
预售款监管和预售证核发是同一部门的，原则上监管协议签订和预售证核发申请应一次性收件，合并办理。
（二）监管部门审查同意后，与监管银行、开发企业签订监管协议。
第六条 【开设监管账户】开发企业进行商品房预售前，应当在监管银行开设商品房预售款监管账户（下称监管账户），一次预售许可申请对应一个监管账户，且一个监管账户只能用于一个商品房项目。商品房项目规划批准分期建设的，应按分期建设范围分别开设监管账户。监管账户名称应为“项目（或公司）名称+预售款监管专用账户”。
房地产开发企业和施工企业不得对监管账户和用于支付工程款、材料款账户的款项设定担保责任，也不得在其他协议、合同、合约中以任何形式对监管账户的资金使用进行约束。
监管银行不得对监管账户捆绑设定任何自动划账功能；不得在与监管部门参与签订的监管协议以外的任何协议、合同中对监管账户及资金进行任何形式的监管、约束。
能够承接商品房预售款监管业务的商业银行由住房和城乡建设主管部门会同有关部门通过公开招标方式确定。
第七条  【变更监管账户】变更监管账户包括对原监管账户监管范围、账号等信息进行变更，或注销原监管账户后开设新的监管账户等。变更监管账户按下列程序办理：
（一）开发企业向监管部门提交申请报告、新增监管账户开户证明。注销原监管账户的，同时提交解除监管账户协议书。
（二）监管部门审查同意后，与监管银行、开发企业签订新（或补充）的监管协议。
（三）商品房预售许可部门变更《商品房预售许可证》的有关内容。
（四）开发企业凭监管部门同意划转结余资金的文件，将原监管账户结余资金转入新监管账户。
（五）监管部门收取变更后的《商品房预售许可证》（复印件）存档。
第八条 【建立监管档案】商品房项目取得《商品房预售许可证》后，监管部门收取下列资料建立预售款监管档案：
（一）《商品房预售许可证》《建筑工程施工许可证》《商品房预售款监管协议》《建设工程规划许可证》（复印件）；
（二）建设工程承包合同及项目施工计划（复印件，经监理单位加具审查意见）；
（三）建设工程预算书（原件）结论及分幢造价表（经监理单位加具审查意见）；
（四）项目监理合同及监理负责人资料（复印件）、建设监理工作月报表（原件）；
（五）监管账户银行开户资料、项目农民工工资专用账户开户资料（复印件）。
第九条 【核实工程总造价】监管部门按照《汕头经济特区商品房销售条例》第四十八条规定，根据造价咨询机构正式出具的核算结果（即工程造价预算书，下同），结合监管部门组织制定的最低造价标准、建设工程承包合同核定工程总造价，并以总造价款为基数，核定预售资金的重点监管额度。工程总造价为该项目施工至竣备全过程全部建设费用，包含项目建筑施工、设备安装、材料购置、配套建设等相关建设各项费用。
项目建设过程因不可预见的原因需要变更工程总造价的，必须提供变更工程造价预算书，并由建设单位、施工单位、监理单位出具意见，报监管部门核实后调整变更。
第十条 【解除预售款监管】商品房项目现售备案后，监管账户留足监管备用金的，销售款可不进入监管账户。商品房项目完成房屋所有权首次登记时，监管账户同步撤管。
监管银行凭监管部门的审核意见办理监管账户撤管手续。
 
第三章  预售款的归集、使用
 
第十一条 【预售款归集】商品房项目取得《商品房预售许可证》前，开发企业不得收取预售款；商品房项目取得《商品房预售许可证》后，才能将监管账户用于收取预售款。
第十二条 【预售款缴存】预售款应当由购房人按照商品房买卖合同或认购书的约定直接存入监管账户，购房人凭银行出具的存款凭证，向开发企业换领交款收据。
开发企业不得代收代缴预售款。监管银行不得配合相关违规行为，并应确保购房款由购房人直接缴入监管账户。
因特殊情况需由他人代交的，应当提供书面委托证明，并由银行在交款凭证中注记。
第十三条  【监管银行确认】监管银行应实时通过粤安居系统上传存款凭证；未按规定上传凭证的，不能办理合同备案。以商业贷款或住房公积金贷款方式购房的，按揭款进入监管账户后监管银行应及时通过粤安居系统录入缴款信息。
第十四条 【按揭合同注记】以商业贷款或住房公积金贷款方式购房的，开发企业应在商品房买卖合同注记有“贷款金额直接划入本项目预售款监管账户”的相应内容。
第十五条 【预售款归集率】预售款归集率=已到账预售款/应到账预售款×100%。
开发企业没有正当理由，预售款归集率不足85%时，监管部门可停止受理该项目的预售款使用申请。开发企业以购房人未能及时交付购房款，或贷款银行未能及时释放按揭款等原因要求暂时核减应归集的预售款总额的，应提供证明上述情况的材料报监管部门审核。
对工业厂房项目，可根据项目实际情况对归集率适当调整。
第十六条 【用款总控制】监管部门按工程总造价对工程款用款进行总控制。
（一）主要材料须由开发企业直接采购、供应的（即甲供材料），开发企业必须在建设工程承包合同中明确甲供材料的名称及数量，并将甲供材料所需价款在合同中予以扣除。
（二）工程款的支付原则上按建设工程承包合同约定的内容划入承包单位账户。属于材料款的，可以直接划入材料供应商账户。
（三）具体施工节点、施工进度（经监理单位证实）和材料款、工程款的支付须由项目发包、承包单位共同确认。需现场勘查的，监管单位要进行现场勘查。
（四）每笔提取的工程款中，必须有不低于提取额15%的比例直接划入本项目农民工工资专用账户，确保用于支付农民工工资，已按要求支付农民工工资的除外。
第十七条 【用款申请】开发企业按《汕头经济特区商品房销售条例》第四十五条规定和资料向监管部门提出用款申请。用于支付本项目所涉及的法定税款的，根据缴纳税费通知予以核准用款。
第十八条 【核准使用】监管部门按《汕头经济特区商品房销售条例》第四十六条规定程序审查并在五日内作出答复。
同意使用预售款的，监管部门出具核准意见。不同意使用预售款的，监管部门应当以书面说明理由。
第十九条 【支付税费】用于支付法定税费的，根据银行出具的已归集预售资金总额的证明材料，原则上在累计已归集资金总额的10%内核准用款；工程建设进展顺利、工程进度已封顶、监管账户资金充裕的项目，用于支付税费的用款额度可以在15%以内控制。
企业提取非重点监管额度资金时，应剔除已在重点监管额度资金内提取的税费数额。
第二十条 【综合支付额度】用于支付工程款的，综合项目建设进度核定支付额度，按工程实际进度提取工程款，支付额度累计不得超过综合支付额度且需留存足额监管备用金。
（一）综合支付额度
1. 项目预售批准后至完成三分之二结构工程时的楼栋，最高提取额度为：楼栋总造价×50%；
2. 完成三分之二结构工程后至封顶的楼栋，最高提取额度为：楼栋总造价×65%；
3. 封顶后至完成外墙工程的楼栋，最高提取额度为：楼栋总造价×85%；
4. 外墙工程完成后至竣工备案，最高提取额度为：楼栋总造价×95%。
（二）在项目竣工备案前，应确保监管账户留存已提取额的1%作为监管备用金。项目竣工备案后至完成房屋所有权首次登记前，监管账户留存总造价的1%作为监管备用金。
第二十一条 【重点监管额度】重点监管额度=工程总造价+风险金。
项目累计归集预售款总额超过重点监管额度的部分，企业可以提取使用。
第二十二条 【解约退款】开发企业与购房人解除商品房买卖合同、认购书的，共同签署载明购房人收款账户的退款申请书，向监管部门申请。监管部门受理后应在2个工作日内核实，须由监管资金支付且账户内资金充足的，通知监管银行将购房款拨回购房人收款账户。
第二十三条 【银行拨款】开发企业持经核准的申请表等材料到监管银行办理监管账户拨款手续。监管银行必须在2个工作日内完成拨款，且同步将拨款信息录入粤安居系统，并上传拨款凭证。
第二十四条 【公示】监管部门作出核准预售款使用决定后，应及时将核准情况（核准时间、申请用途、用款额度等）在门户网站公示。建设进度未按施工计划实施超过3个月的项目，监管部门应在作出核准预售款使用决定前将申请情况（申请时间、申请用途、用款额度、收款单位等）在门户网站和项目售房处公示3个工作日以上。
第二十五条 【不予核准用款情形】有下列情况之一的，监管部门可不予核准用款申请：
（一）超出用款额度的；
（二）收款单位或申请用途不符合规定的；
（三）前一笔用款使用不符合规定的；
（四）开发企业违规收存、使用预售款，未整改的；
（五）不在工程承包施工合同内的工程款范围用款；
（六）不符合商品房预售款监管的法律法规和本办法等规定的。
第二十六条 【差异化管理】为提高预售款监管资金使用效率，促进开发企业遵守和执行商品房预售款监管制度，监管部门可会同相关行业主管部门或委托房地产行业社会组织实行基于开发企业信用、业绩、规模等的企业信用分级制度，对商品房预售款使用、留存比例等实行差异化管理，采取相关扶优惩劣措施。
开发企业信用评价办法及奖惩措施由行业主管部门另行制定发布。
第二十七条 【现金保函】符合下列条件并经监管部门同意，开发企业可凭具有一定规模、资信良好的商业银行合规出具的见索即付现金保函，直接置换同等额度的商品房预售款监管资金。
（一）主体结构封顶，经工程施工、监理单位书面同意并确认前期工程款已经支付完毕。
（二）出具保函的商业银行承诺在保函期限内收到保函受益人加盖公章的《保函索赔通知书》后10个工作日内，无条件地、不可撤销地向保函受益人支付担保款项到保函受益人指定的账户，且无须保函受益人出具任何其他证明。
（三）开具保函的商业银行原则上应为特区范围内的商业银行，若特殊情况下由外地银行开具的，应当约定争议管辖地应为项目所在地。
 
第四章  房地产开发贷款与预售款的联动管理
 
第二十八条 【联动管理内容】房地产开发贷款资金（下称贷款资金）实际用于建设的工程款、材料款等列入总造价管理的支出部分纳入与预售资金的联动管理。
房地产开发企业及放贷人应按《汕头经济特区商品房销售条例》及相关文件规定，及时向监管部门报送贷款申请、发放等情况。
开发企业将预售项目向银行以外的单位、个人以抵押等方式进行融资获取的资金，参照本办法规定管理。
第二十九条 【贷款资金使用】贷款资金必须按规定专项用于对应的项目工程建设，放贷人应加强贷款资金监管，严格按照工程建设进度逐批发放贷款，防止被挪作他用。
监管部门发现放贷人存在违规发放贷款行为的，可及时通报金融监管部门，该部分贷款资金不与预售款关联管理。监管部门发现贷款资金未专项用于工程建设的，可以采取暂停核发预售许可、暂停批准预售款使用等措施，并通报放贷人要求企业整改。
第三十条 【联动管理方式】项目取得预售许可后，放贷人应加强与监管部门信息共享互通，根据预售资金归集情况发放后续贷款，若预售资金满足工程建设需求，则停止发放贷款。
准许发放贷款的，监管部门根据放贷人核实的贷款使用情况，将已使用的资金与建设进度关联，企业不得重复在预售资金中提取相应的工程款、材料款。
已发放至施工单位或开发企业但未使用的贷款资金，在后续工程进度中专款用于支付工程款，支付完毕前，不能申请使用预售资金。
第三十一条 【取得贷款预售项目的资金监管】贷款项目的预售款监管按下列规定执行：
（一）取得贷款的预售项目（下称贷款项目）的综合支付额度
贷款项目的综合支付额度按本办法第二十条规定，根据建设进度核定。但在预售款中支取的最高提取额度应核减已发放贷款的数额。
（二）贷款项目重点监管额度内资金的使用
重点监管资金只能用于项目建设及缴纳法定税费，不得用于偿还贷款。
（三）贷款项目的非重点监管额度内资金的使用
发放的贷款资金已实际投入应用于项目建设，与预售资金合计超出重点监管额度后，超出部分经放贷人同意，企业可以提取使用。开发贷未结清的，非重点监管资金可优先用于偿还开发贷款。
（四）贷款项目经放贷人证实贷款已结清的，转为正常项目管理。
第三十二条 【贷款项目的监管备用金】使用发放的贷款资金进行建设的预售项目，参照本办法第二十条第（二）项规定，根据已发放贷款额及工程进度情况在监管账户后续归集资金中预留相应额度的监管备用金。
 
第五章 监督管理
 
第三十三条 【监管机构管理】监管部门应当对监管账户情况进行监督，组织对工程进度情况和销售情况进行现场巡检。
第三十四条 【监管银行管理】监管银行应严格按监管协议约定和本办法规定及时拨付预售款，并派专人负责商品房预售款监管工作及预售资金监管系统管理，严格按照预售资金监管系统数据接口规范，向预售资金监管系统准确、实时上传数据。并按监管部门要求实时报送监管账户出入账情况。如发生监管资金被查封、冻结或其他被限制的情形，监管银行应及时向监管部门及开发企业书面通报具体情况。
第三十五条 【暂停核准用款情形】房地产开发企业有下列情形之一的，查处期间，监管部门应暂停核准该房地产开发企业的商品房预售款使用申请。已核准尚未拨付的，应书面通知监管银行暂停监管账户的资金拨付。
（一）存在违法违规行为导致项目停工的；
（二）预售项目工程建设存在严重质量问题的；
（三）未将预售款全部转入监管账户的；
（四）提供虚假材料或不符合审核标准材料的；
（五）监管部门认定应当暂停拨付的其他情形。
上述有关行为消除后，监管部门应书面通知监管银行恢复监管账户资金的正常拨付。
 
第六章  附则
 
第三十六条 【法律责任】房地产开发企业、监管银行、施工企业、监理企业等在商品房预售款收存、使用过程中违反相关法律法规的，将依法进行处罚，涉嫌犯罪的，移送司法机关依法处理。
第三十七条  本办法为贯彻《汕头经济特区商品房销售条例》的具体办事程序和操作规范，全市的商品房预售款监管应按照本办法执行。
第三十八条  工程进度异常、延期交房问题楼盘项目的预售款监管，按“一案一策”方式，实行专门管理。
第三十九条  本办法由汕头市住房和城乡建设局负责解释。
第四十条  本办法自2024年2月6日起施行，有效期至2027年2月5日止。有效期届满，需要继续施行的，根据评估情况重新修订。2022年7月15日施行的《汕头市住房和城乡建设局商品房预售款监督管理暂行办法》（汕住建通〔2022〕35号）同时废止。

================

《汕头市住房和城乡建设局商品房预售款监督管理暂行办法》解读
2024-02-18 10:53
来源： 汕头市人民政府办公室
发布机构：汕头市住房和城乡建设局
【字体： 大  中  小】
一、修订的必要性
为进一步加强我市商品房预售款的监督管理，维护商品房购销双方的合法权益，根据《广东省商品房预售管理条例》《汕头经济特区商品房销售条例》等有关法律法规的规定，结合我市房地产市场实际情况，于2022年7月13日制定了《汕头市住房和城乡建设局商品房预售款监督管理暂行办法》（汕住建规2022004，下称《暂行办法》），《暂行办法》共5章35条，对监管资金的归集、支取和监督管理相关概念、操作流程、操作办法、管理责任作出了较为详细的规定，在本市行政区域内统一实施。
《暂行办法》实施后，监管部门积极完善体制机制，制定相关配套政策，确保各项管理举措、扶持政策、保障措施落实到位，通过招投标选择监管银行、开展现金保函业务，在资金监管制度标准化、制度化方面，我市走在全省前列。
由于我市《汕头经济特区商品房销售条例》（下称《条例》）进行了修正，增加了商品房项目预售款与开发抵押贷款监管的相关规定，《暂行办法》有必要及时修订完善，增加相关管理内容，明确相关执行措施，填补政策缺失，提供操作依据，为全市执行《条例》统一标准。同时，就《暂行办法》实施过程的部分需要调整的内容本次一并进行修订。
二、主要内容解读
（一）根据《条例》“市住房和城乡建设主管部门应当根据本条例规定制定商品房项目预售款与开发抵押贷款监管的具体实施办法”的规定，增加一章“开发抵押贷款与预售款的联动管理”内容，作为第四章。
（二）将第二十条 “【综合支付额度】......（二）在项目竣工备案前，应确保监管账户留存已提取额的5%作为监管备用金。项目竣工备案后至完成房屋所有权首次登记前，监管账户留存总造价的5%作为监管备用金。”修改为：【综合支付额度】......（二）在项目竣工备案前，应确保监管账户留存已提取额的1%作为监管备用金。项目竣工备案后至完成房屋所有权首次登记前，监管账户留存总造价的1%作为监管备用金。”
（三）将第十二条“【预售款缴存】预售款应当由购房人按照商品房买卖合同的约定直接存入监管账户......。” 修改为：“【预售款缴存】预售款应当由购房人按照商品房买卖合同或认购书的约定直接存入监管账户......。”。
（四）将第四条“汕头市住房和城乡建设局（以下简称市住建局）负责监督指导全市商品房预售款监管工作，并直接负责金平区、龙湖区（含高新区、华侨试验区）商品房预售款监管工作”，修改为“......并直接负责金平区、龙湖区.行政区域内的商品房预售款监管工作。”避免管理范围歧义。
（五）对部分表述作规范调整。",关于 印发 汕头市 住房 城乡 建设局 商品房 预售 监督管理 暂行办法 通知 来源 汕头市 人民政府 办公室 发布 机构 汕头市 住房 城乡 建设局 字体 汕住 建通 相关 单位 房地产 开发 企业 金融机构 贯彻落实 汕头经济特区 商品房 销售 条例 政策法规 进一步 完善 我市 商品房 预售 监督管理 保证 商品房 预售 专款专用 促进 房地产 市场 健康 发展 我局 汕头市 住房 城乡 建设局 商品房 预售 监督管理 暂行办法 进行 修订 印发 你们 遵照执行 汕头市 住房 城乡 建设局 汕头市 住房 城乡 建设局 商品房 预售 监督管理 暂行办法 第一章 总则 第二章 一般 规定 第三章 预售 归集 使用 第四章 房地产 开发 贷款 预售 联动 管理 第五章 监督管理 第六章 附则 第一章 总则 第一条 目的 依据 进一步 加强 我市 商品房 预售 监督管理 保证 商品房 预售 专款专用 维护 商品房 购销 双方 合法权益 促进 房地产 市场 健康 发展 根据 中华人民共和国 城市 房地产 管理法 城市 商品房 预售 管理 办法 广东省 商品房 预售 管理条例 汕头经济特区 商品房 销售 条例 关于 进一步 加强 房地产 市场监管 完善 商品 住房 预售 制度 有关 问题 通知 建房 关于 规范 人民法院 保全 执行 措施 确保 商品房 预售 资金 用于 项目 建设 通知 法律 法规 文件 规定 结合 我市 房地产 市场 实际 情况 制定 办法 第二条 适用范围 本市 行政区域 内经 批准 预售 商品房 项目 预售 归集 使用 监督管理 工作 适用 办法 第三条 预售 定义 办法 商品房 预售 预售 开发 商品房 转为 现房 销售 依法 进行 出售 购房人 合同 约定 支付 定金 预付款 房价 包括 预售 商品房 按揭 贷款 各种 收入 第四条 监管部门 汕头市 住房 城乡 建设局 负责 监督 指导 全市 商品房 预售 监管 工作 直接 负责 金平区 龙湖区 行政区域 商品房 预售 监管 工作 其他 住房 城乡 建设局 负责 组织 实施 本行政区域 商品房 预售 监管 工作 商品房 预售 监管部门 下称 监管部门 可以 委托 下属 机构 开展 区域 商品房 预售 监管 具体 工作 第二章 一般 规定 第五条 签订 监管 协议 房地产 开发 企业 下称 开发 企业 申请 商品房 预售 许可 应当 按照 下列 规定 监管部门 监管部门 确定 监管 资金 开户银行 以下 简称 监管 银行 三方 签订 汕头市 商品房 预售 专用 账户 监管 协议书 以下 简称 监管 协议 开发 企业 监管部门 提出 签约 申请 安居 系统 上传 提交 以下 资料 企业 营业执照 开发 企业 资质证书 法定代表 身份证明 委托人 身份证明 法定代表 签名 授权 委托书 土地 使用权 证明文件 建设工程 规划 许可证 建筑 工程施工 许可证 开户 申请报告 监管 账户 开户 证明 标准 地名 门牌 批准 文件 预售 监管 预售证 核发 同一 部门 原则上 监管 协议 签订 预售证 核发 申请 一次性 收件 合并 办理 监管部门 审查 同意 监管 银行 开发 企业 签订 监管 协议 第六条 开设 监管 账户 开发 企业 进行 商品房 预售 应当 监管 银行 开设 商品房 预售 监管 账户 下称 监管 账户 一次 预售 许可 申请 对应 一个 监管 账户 一个 监管 账户 只能 用于 一个 商品房 项目 商品房 项目 规划 批准 分期 建设 分期 建设 范围 分别 开设 监管 账户 监管 账户 名称 应为 项目 公司 名称 预售 监管 专用 账户 房地产 开发 企业 施工 企业 不得 监管 账户 用于 支付 工程款 材料 账户 款项 设定 担保责任 不得 其他 协议 合同 合约 中以 任何 形式 监管 账户 资金 使用 进行 约束 监管 银行 不得 监管 账户 捆绑 设定 任何 自动 划账 功能 不得 监管部门 参与 签订 监管 协议 以外 任何 协议 合同 监管 账户 资金 进行 任何 形式 监管 约束 能够 承接 商品房 预售 监管 业务 商业银行 住房 城乡建设 主管部门 会同 有关 部门 通过 公开招标 方式 确定 第七条 变更 监管 账户 变更 监管 账户 包括 对原 监管 账户 监管 范围 账号 信息 进行 变更 注销 监管 账户 开设 监管 账户 变更 监管 账户 下列 程序 办理 开发 企业 监管部门 提交 申请报告 新增 监管 账户 开户 证明 注销 监管 账户 同时 提交 解除 监管 账户 协议书 监管部门 审查 同意 监管 银行 开发 企业 签订 补充 监管 协议 商品房 预售 许可 部门 变更 商品房 预售 许可证 有关 内容 开发 企业 监管部门 同意 划转 结余 资金 文件 监管 账户 结余 资金 转入 监管 账户 监管部门 收取 变更 商品房 预售 许可证 复印件 存档 第八条 建立 监管 档案 商品房 项目 取得 商品房 预售 许可证 监管部门 收取 下列 资料 建立 预售 监管 档案 商品房 预售 许可证 建筑 工程施工 许可证 商品房 预售 监管 协议 建设工程 规划 许可证 复印件 建设工程 承包合同 项目 施工 计划 复印件 监理 单位 加具 审查 意见 建设工程 预算书 原件 结论 及分 造价 监理 单位 加具 审查 意见 项目 监理 合同 监理 负责人 资料 复印件 建设 监理 工作 报表 原件 监管 账户 银行 开户 资料 项目 农民工 工资 专用 账户 开户 资料 复印件 第九条 核实 工程 造价 监管部门 按照 汕头经济特区 商品房 销售 条例 四十八条 规定 根据 造价 咨询机构 正式 出具 核算 结果 工程造价 预算书 下同 结合 监管部门 组织 制定 最低 造价 标准 建设工程 承包合同 核定 工程 造价 造价 款为 基数 核定 预售 资金 重点 监管 额度 工程 造价 项目 施工 竣备 全过程 全部 建设 费用 包含 项目 建筑施工 设备 安装 材料 购置 配套 建设 相关 建设 各项 费用 项目 建设 过程 不可 预见 原因 需要 变更 工程 造价 必须 提供 变更 工程造价 预算书 建设 单位 施工单位 监理 单位 出具 意见 监管部门 核实 调整 变更 第十条 解除 预售 监管 商品房 项目 现售 备案 监管 账户 留足 监管 备用金 销售款 可不 进入 监管 账户 商品房 项目 完成 房屋 所有权 首次 登记 监管 账户 同步 撤管 监管 银行 监管部门 审核 意见 办理 监管 账户 撤管 手续 第三章 预售 归集 使用 第十一条 预售 归集 商品房 项目 取得 商品房 预售 许可证 开发 企业 不得 收取 预售 商品房 项目 取得 商品房 预售 许可证 才能 监管 账户 用于 收取 预售 第十二条 预售 缴存 预售 应当 购房人 按照 商品房 买卖合同 认购书 约定 直接 存入 监管 账户 购房人 银行 出具 存款 凭证 开发 企业 换领 交款 收据 开发 企业 不得 代收 代缴 预售 监管 银行 不得 配合 相关 违规行为 确保 购房款 购房人 直接 缴入 监管 账户 特殊 情况 需由 他人 代交 应当 提供 书面 委托 证明 银行 交款 凭证 注记 第十三条 监管 银行 确认 监管 银行 实时 通过 安居 系统 上传 存款 凭证 按规定 上传 凭证 不能 办理 合同 备案 商业贷款 住房 公积金 贷款 方式 购房 按揭 进入 监管 账户 监管 银行 及时 通过 安居 系统 录入 缴款 信息 第十四条 按揭 合同 注记 商业贷款 住房 公积金 贷款 方式 购房 开发 企业 商品房 买卖合同 注记 贷款 金额 直接 划入 项目 预售 监管 账户 相应 内容 第十五条 预售 归集率 预售 归集率 已到 预售 应到 预售 开发 企业 没有 正当理由 预售 归集率 不足 监管部门 停止 受理 该项 目的 预售 使用 申请 开发 企业 购房人 未能 及时 交付 购房款 贷款 银行 未能 及时 释放 按揭 原因 要求 暂时 核减 归集 预售 总额 提供 证明 上述情况 材料 监管部门 审核 工业 厂房 项目 根据 项目 实际 情况 归集率 适当 调整 第十六条 用款 控制 监管部门 工程 造价 工程款 用款 进行 控制 主要 材料 开发 企业 直接 采购 供应 即甲供 材料 开发 企业 必须 建设工程 承包合同 明确 甲供 材料 名称 数量 甲供 材料 价款 合同 予以 扣除 工程款 支付 原则上 建设工程 承包合同 约定 内容 划入 承包单位 账户 属于 材料 可以 直接 划入 材料 供应商 账户 具体 施工 节点 施工进度 监理 单位 证实 材料 工程款 支付 项目 发包 承包单位 共同 确认 现场 勘查 监管 单位 进行 现场 勘查 每笔 提取 工程款 必须 低于 提取 比例 直接 划入 项目 农民工 工资 专用 账户 确保 用于 支付 农民工 工资 要求 支付 农民工 工资 除外 第十七条 用款 申请 开发 企业 汕头经济特区 商品房 销售 条例 第四十五 规定 资料 监管部门 提出 用款 申请 用于 支付 项目 涉及 法定 税款 根据 缴纳 税费 通知 予以 核准 用款 第十八条 核准 使用 监管部门 汕头经济特区 商品房 销售 条例 第四十六 规定 程序 审查 五日 作出 答复 同意 使用 预售 监管部门 出具 核准 意见 同意 使用 预售 监管部门 应当 书面 说明 理由 第十九条 支付 税费 用于 支付 法定 税费 根据 银行 出具 归集 预售 资金 总额 证明 材料 原则上 累计 归集 资金 总额 核准 用款 工程建设 进展 顺利 工程进度 封顶 监管 账户 资金 充裕 项目 用于 支付 税费 用款 额度 可以 以内 控制 企业 提取 重点 监管 额度 资金 剔除 重点 监管 额度 资金 提取 税费 数额 第二十条 综合 支付 额度 用于 支付 工程款 综合 项目 建设 进度 核定 支付 额度 工程 实际 进度 提取 工程款 支付 额度 累计 不得 超过 综合 支付 额度 留存 足额 监管 备用金 综合 支付 额度 项目 预售 批准 完成 三分之二 结构 工程 楼栋 最高 提取 额度 楼栋 造价 完成 三分之二 结构 工程 封顶 楼栋 最高 提取 额度 楼栋 造价 封顶 完成 外墙 工程 楼栋 最高 提取 额度 楼栋 造价 外墙 工程 完成 竣工 备案 最高 提取 额度 楼栋 造价 项目 竣工 备案 确保 监管 账户 留存 提取 作为 监管 备用金 项目 竣工 备案 完成 房屋 所有权 首次 登记 监管 账户 留存 造价 作为 监管 备用金 第二十一条 重点 监管 额度 重点 监管 额度 工程 造价 风险金 项目 累计 归集 预售 总额 超过 重点 监管 额度 部分 企业 可以 提取 使用 第二十二条 解约 退款 开发 企业 购房人 解除 商品房 买卖合同 认购书 共同 签署 载明 购房人 收款 账户 退款 申请书 监管部门 申请 监管部门 受理 后应 工作日内 核实 监管 资金 支付 账户 资金 充足 通知 监管 银行 购房款 拨回 购房人 收款 账户 第二十三条 银行 拨款 开发 企业 持经 核准 申请表 材料 监管 银行 办理 监管 账户 拨款 手续 监管 银行 必须 工作日内 完成 拨款 同步 拨款 信息 录入 安居 系统 上传 拨款 凭证 第二十四条 公示 监管部门 作出 核准 预售 使用 决定 及时 核准 情况 核准 时间 申请 用途 用款 额度 门户网站 公示 建设 进度 施工 计划 实施 超过 项目 监管部门 作出 核准 预售 使用 决定 申请 情况 申请 时间 申请 用途 用款 额度 收款 单位 门户网站 项目 售房 公示 工作日 以上 第二十五条 不予 核准 用款 情形 下列 情况 之一 监管部门 不予 核准 用款 申请 超出 用款 额度 收款 单位 申请 用途 符合规定 一笔 用款 使用 符合规定 开发 企业 违规 收存 使用 预售 整改 工程 承包 施工 合同 工程款 范围 用款 符合 商品房 预售 监管 法律法规 办法 规定 第二十六条 差异化 管理 提高 预售 监管 资金 使用 效率 促进 开发 企业 遵守 执行 商品房 预售 监管 制度 监管部门 会同 相关 行业 主管部门 委托 房地产 行业 社会 组织 实行 基于 开发 企业信用 业绩 规模 企业信用 分级制度 商品房 预售 使用 留存 比例 实行 差异化 管理 采取 相关 扶优 惩劣 措施 开发 企业信用 评价 办法 奖惩 措施 行业 主管部门 另行 制定 发布 第二十七条 现金 保函 符合 下列 条件 监管部门 同意 开发 企业 具有 一定 规模 资信 良好 商业银行 合规 出具 见索 付现金 保函 直接 置换 同等 额度 商品房 预售 监管 资金 主体 结构 封顶 工程施工 监理 单位 书面 同意 确认 前期 工程款 已经 支付 完毕 出具 保函 商业银行 承诺 保函 期限内 收到 保函 受益人 加盖 公章 保函 索赔 通知书 工作日内 无条件 不可 撤销 地向 保函 受益人 支付 担保 款项 保函 受益人 指定 账户 无须 保函 受益人 出具 任何 其他 证明 开具 保函 商业银行 原则上 应为 特区 范围 商业银行 特殊 情况 外地 银行 开具 应当 约定 争议 管辖 应为 项目 所在地 第四章 房地产 开发 贷款 预售 联动 管理 第二十八条 联动 管理 内容 房地产 开发 贷款 资金 下称 贷款 资金 实际 用于 建设 工程款 材料 列入 造价 管理 支出 部分 纳入 预售 资金 联动 管理 房地产 开发 企业 放贷人 汕头经济特区 商品房 销售 条例 相关 文件 规定 及时 监管部门 报送 贷款 申请 发放 情况 开发 企业 预售 项目 银行 以外 单位 个人 抵押 方式 进行 融资 获取 资金 参照 办法 规定 管理 第二十九条 贷款 资金 使用 贷款 资金 必须 按规定 专项 用于 对应 项目 工程建设 放贷人 加强 贷款 资金 监管 严格 按照 工程建设 进度 逐批 发放贷款 防止 挪作他用 监管部门 发现 放贷人 存在 违规 发放贷款 行为 及时 通报 金融 监管部门 部分 贷款 资金 预售 关联 管理 监管部门 发现 贷款 资金 专项 用于 工程建设 可以 采取 暂停 核发 预售 许可 暂停 批准 预售 使用 措施 通报 放贷人 要求 企业 整改 第三十条 联动 管理 方式 项目 取得 预售 许可 放贷人 加强 监管部门 信息 共享 互通 根据 预售 资金 归集 情况 发放 后续 贷款 预售 资金 满足 工程建设 需求 停止 发放贷款 准许 发放贷款 监管部门 根据 放贷人 核实 贷款 使用 情况 使用 资金 建设 进度 关联 企业 不得 重复 预售 资金 提取 相应 工程款 材料 发放 施工单位 开发 企业 使用 贷款 资金 后续 工程进度 专款 用于 支付 工程款 支付 完毕 不能 申请 使用 预售 资金 第三十一条 取得 贷款 预售 项目 资金 监管 贷款 项目 预售 监管 下列 规定 执行 取得 贷款 预售 项目 下称 贷款 项目 综合 支付 额度 贷款 项目 综合 支付 额度 按本 办法 第二十条 规定 根据 建设 进度 核定 预售 款中 支取 最高 提取 额度 核减 发放贷款 数额 贷款 项目 重点 监管 额度 资金 使用 重点 监管 资金 只能 用于 项目 建设 缴纳 法定 税费 不得 用于 偿还 贷款 贷款 项目 重点 监管 额度 资金 使用 发放 贷款 资金 实际 投入 应用 项目 建设 预售 资金 合计 超出 重点 监管 额度 超出 部分 放贷人 同意 企业 可以 提取 使用 开发 贷未 结清 重点 监管 资金 优先 用于 偿还 开发 贷款 贷款 项目 放贷人 证实 贷款 结清 转为 正常 项目管理 第三十二条 贷款 项目 监管 备用金 使用 发放 贷款 资金 进行 建设 预售 项目 参照 办法 第二十条 规定 根据 发放 贷款额 工程进度 情况 监管 账户 后续 归集 资金 预留 相应 额度 监管 备用金 第五章 监督管理 第三十三条 监管 机构 管理 监管部门 应当 监管 账户 情况 进行 监督 组织 工程进度 情况 销售 情况 进行 现场 巡检 第三十四条 监管 银行 管理 监管 银行 严格 监管 协议 约定 办法 规定 及时 拨付 预售 专人 负责 商品房 预售 监管 工作 预售 资金 监管 系统管理 严格 按照 预售 资金 监管 系统 数据 接口 规范 预售 资金 监管 系统 准确 实时 上传 数据 监管部门 要求 实时 报送 监管 账户 入账 情况 发生 监管 资金 查封 冻结 其他 限制 情形 监管 银行 及时 监管部门 开发 企业 书面 通报 具体情况 第三十五条 暂停 核准 用款 情形 房地产 开发 企业 下列 情形 之一 查处 期间 监管部门 暂停 核准 房地产 开发 企业 商品房 预售 使用 申请 核准 尚未 拨付 书面通知 监管 银行 暂停 监管 账户 资金 拨付 存在 违法 违规行为 导致 项目 停工 预售 项目 工程建设 存在 严重 质量 问题 预售 全部 转入 监管 账户 提供 虚假 材料 符合 审核 标准 材料 监管部门 认定 应当 暂停 拨付 其他 情形 上述 有关 行为 消除 监管部门 书面通知 监管 银行 恢复 监管 账户 资金 正常 拨付 第六章 附则 第三十六条 法律责任 房地产 开发 企业 监管 银行 施工 企业 监理 企业 商品房 预售 收存 使用 过程 违反 相关 法律法规 依法 进行 处罚 涉嫌犯罪 移送 司法机关 依法处理 第三十七条 办法 贯彻 汕头经济特区 商品房 销售 条例 具体 办事 程序 操作 规范 全市 商品房 预售 监管 按照 办法 执行 第三十八条 工程进度 异常 延期 交房 问题 楼盘 项目 预售 监管 一案 一策 方式 实行 专门 管理 第三十九条 办法 汕头市 住房 城乡 建设局 负责 解释 第四十条 办法 日起 施行 有效期 日止 有效期 届满 需要 继续 施行 根据 评估 情况 重新 修订 施行 汕头市 住房 城乡 建设局 商品房 预售 监督管理 暂行办法 汕住 建通 同时 废止 汕头市 住房 城乡 建设局 商品房 预售 监督管理 暂行办法 解读 来源 汕头市 人民政府 办公室 发布 机构 汕头市 住房 城乡 建设局 字体 修订 必要性 进一步 加强 我市 商品房 预售 监督管理 维护 商品房 购销 双方 合法权益 根据 广东省 商品房 预售 管理条例 汕头经济特区 商品房 销售 条例 有关 法律法规 规定 结合 我市 房地产 市场 实际 情况 制定 汕头市 住房 城乡 建设局 商品房 预售 监督管理 暂行办法 汕住 建规 下称 暂行办法 暂行办法 监管 资金 归集 支取 监督管理 相关 概念 操作 流程 操作 办法 管理 责任 作出 较为 详细 规定 本市 行政区域 统一 实施 暂行办法 实施 监管部门 积极 完善 体制 机制 制定 相关 配套 政策 确保 各项 管理 举措 扶持 政策 保障 措施 落实 到位 通过 招投标 选择 监管 银行 开展 现金 保函 业务 资金 监管 制度 标准化 制度化 方面 我市 全省 前列 由于 我市 汕头经济特区 商品房 销售 条例 下称 条例 进行 修正 增加 商品房 项目 预售 开发 抵押 贷款 监管 相关 规定 暂行办法 必要 及时 修订 完善 增加 相关 管理 内容 明确 相关 执行 措施 填补 政策 缺失 提供 操作 依据 全市 执行 条例 统一标准 同时 暂行办法 实施 过程 部分 需要 调整 内容 本次 一并 进行 修订 主要 内容 解读 根据 条例 住房 城乡建设 主管部门 应当 根据 条例 规定 制定 商品房 项目 预售 开发 抵押 贷款 监管 具体实施 办法 规定 增加 一章 开发 抵押 贷款 预售 联动 管理 内容 作为 第四章 第二十条 综合 支付 额度 项目 竣工 备案 确保 监管 账户 留存 提取 作为 监管 备用金 项目 竣工 备案 完成 房屋 所有权 首次 登记 监管 账户 留存 造价 作为 监管 备用金 修改 综合 支付 额度 项目 竣工 备案 确保 监管 账户 留存 提取 作为 监管 备用金 项目 竣工 备案 完成 房屋 所有权 首次 登记 监管 账户 留存 造价 作为 监管 备用金 第十二条 预售 缴存 预售 应当 购房人 按照 商品房 买卖合同 约定 直接 存入 监管 账户 修改 预售 缴存 预售 应当 购房人 按照 商品房 买卖合同 认购书 约定 直接 存入 监管 账户 第四条 汕头市 住房 城乡 建设局 以下 简称 市住 建局 负责 监督 指导 全市 商品房 预售 监管 工作 直接 负责 金平区 龙湖区 高新区 华侨 试验区 商品房 预售 监管 工作 修改 直接 负责 金平区 龙湖区 行政区域 商品房 预售 监管 工作 避免 管理 范围 歧义 部分 表述 规范 调整,2.676565388670956,8.125225180633157,3.85,5.25,10573,34.1,27.14166666666667,3485.58651026393,516.6316193181818,380.9482917888564,4749.393939393939,37.64289772727273,5,3,0.008625,1.0,阶段1,10.0,14.0,301.1431818181818,16.0,1.0,阶段2,15.0,15.0,48.93576704545455,13.0,1.0,竣备,16.0,19.0,158.1001704545455,10.5,1.0,阶段4,29.0,39.0,8.452500000000002,4.0,0.0,阶段5,,,0.0,,2,6,380.9482917888564
海口,海口,Haikou-2,approved construction cost,with multiplier or floor,successive inspection stages,drawdown ceiling,specified,5% retained,True,False,6.0,0.45,0.05,numbered clauses in evidence excerpt,explicit percentage near 封顶; midpoint used for a stated range,manual 5% retained flag,监管额度内建设费用的30% | 完成房屋所有权首次登记期间，确保预售资金全部进入监管账户，预售资金的申请、审核、拨付等流程全过程监管,True,policy_identification_filled.xlsx,City_audit,4stage_Ncost,4,4,stage_1|stage_2|stage_3|stage_4,主体|装修|竣备|确权,主体|装修|竣备|确权,complete_named_milestones,stage_1,stage_4,4,0.7,0.1,cumulative_same_denominator_stage_shares,terminal_stage_share:monthly_revenue_stage_ratio,expert_calibrated_operational_proxy_pending_source_mapping,monthly-revenue stage ratio or within-cohort amount share; not automatically a policy percentage,external/Modelling Dep/41_Cities_Dep/city_catalog.json,data/pmc_data.xlsx,dep-operational-h1-v1,Haikou-2,2023,二线,海口,Hainan,"海口
①对应项目的建设工程施工合同金额
②其他费用（未包含在施工合同中的设备、材料费）
③不可预见费（按建安费用和项目配套费用之和的5%计）
④对应项目装修施工合同金额
监管资金金额=①+②+③+④
住宅项目：
（1）形象进度楼层达三分之二，拨付资金不高于监管额度内建设费用的30%；
（2）项目结构封顶，拨付资金不高于监管额度内建设费用的45%；
（3）项目完成外立面装饰、内部批档、门窗框架，拨付资金不高于监管额度内建设费用的55%；
（4）项目整体完工并经参建单位完成验收，拨付资金不高于监管额度内建设费用的85%；
（5）项目取得竣工备案表，拨付资金不高于监管额度内建设费用的95%；
非住宅项目：
（1）总投资额达到25%（即达到预售条件），拨付资金不高于监管额度内建设费用的25%；
（2）项目施工至总楼层50%，拨付资金不高于监管额度内建设费用的40%；
（3）项目结构封顶，拨付资金不高于监管额度内建设费用的50%；
（4）项目完成外立面装饰，拨付资金不高于监管额度内建设费用的60%；
（5）项目整体竣工并经参建单位完成验收，拨付资金不高于监管额度内建设费用的90%；
（6）项目取得竣工备案表，拨付资金不高于监管额度内建设费用的93%。
需住建及交易中心及银行审批（个别地块中行存在过度监管，因为存在开发贷）
监管资金必须用于购置本项目建设必需的建筑材料、设备和支付该项目建设的施工进度款、工程建设法定税费、以及归还项目开发贷款等其他相关费用
根据《住房和城乡建设部 人民银行 银保监会关于规范商品房预售资金监管的意见》及《海南省住房和城乡建设厅 中国人民银行海口中心支行 中国银行保险监督管理委员会海南监管局关于转发《住房和城乡建设部人民银行 银保监会关于规范商品房预售资金监管的意见》的通知》的规定

各房地产企业、各商业银行：
根据《住房城乡建设部等三部委关于规范商品房预售资金监管的意见》（建房〔2022〕16号）、《海南省商品房预售资金监管办法》（琼建房〔2022〕373号）等文件精神，为强化预售资金全过程信息化监管、实现业务全程网办，决定在全市范围启用预售资金监管电子化系统。现将有关事项通知如下：
一、自本通知印发之日起，已实现系统对接的商业银行全面使用线上监管系统；尚未实现系统对接的商业银行仍暂时使用线下监管模式，并请加快推动对接工作，于2024年1月31日前完成系统对接。
二、2024年2月1日起，新办理预售许可的项目使用线上监管系统办理预售资金监管业务。
三、请各房地产企业、各商业银行务必高度重视商品房预售资金监管工作，严格落实建房〔2022〕16号、琼建房〔2022〕373号等文件关于预售资金监管的相关要求，商品房项目取得预售许可证起至完成房屋所有权首次登记期间，确保预售资金全部进入监管账户，预售资金的申请、审核、拨付等流程全过程监管。
四、市房屋交易与产权管理中心做好预售资金监管系统上线培训工作，实施过程中遇到的问题，请各房企向市房屋交易与产权管理中心反映和咨询（咨询电话：0898-66277350）。


海口市住房和城乡建设局
2023年11月30日
=================

又一座城市宣布加强预售资金监管，这一次是海南海口。
2022年2月23日，海口市住建局发布《关于进一步加强商品房预售资金监管工作的通知》（下称“《通知》”），明确规定房地产开发企业、销售代理单位收取的所有售房款（含定金、订金、认购款、各分期房款、按揭贷款等）应当直接存入监管账户。
海口出台这一《通知》的目的是，进一步加强预售资金的监管，规范开发企业、监管银行的行为，保障购房者的合法权益，防范房地产市场风险，保持海口房地产市场长期健康稳定发展。
根据《通知》，监管银行将作为监管实施主体并细化监管协议内容，并由监管银行按照相关规定及协议约定实行全过程监管。而对于开发企业，则规定开发企业及销售代理企业应当公示所销售项目的资金监管账户，并告知购房人将所有购房款存入本项目监管账户。
在流程细则上，《通知》要求，开发企业在商品房预售前，应与监管银行签订商品房预售资金监管协议。开发企业应当如实申报重点监管资金，不得少报。监管银行在签订监管协议前，应按照项目取得不动产首次登记为目标，对开发企业申报重点监管资金的分项构成、各分项金额进行核查，并按照相关规定及协议约定实行全过程监管。
此外，对于重点监管资金的拨付，则要求应严格按照建设进度、竣工验收、竣工验收备案、完成不动产首次登记等各节点把控。
为了保障这一规定的实施，《通知》还指出，如果开发企业违反《海南省商品房预售资金监管暂行办法》及上述通知要求，未按规定收存及使用预售资金、提供虚假证明材料申请使用预售资金、以收取其他款项为名变相逃避监管，或存在其他违反预售资金监管规定的，海口市住建局责令其限期改正，整改期间开发企业不得申请拨付预售资金。
如果情节严重或拒不改正的，则暂停开发企业在海口市所有开发项目的商品房预售，记入企业不良行为向社会公示及纳入企业征信系统。此外，如果监管银行有违规行为的，海口市住建局报送海南银保监局依法依规处理，并限制其三年内不得监管新的预售项目。
广东省住房政策研究中心首席研究员李宇嘉对21世纪经济报道记者分析称，过去存在开发企业绕开预售资金监管账户的情况，挪用和套取预售资金具有一定普遍性，海口过去曾经出现烂尾楼遍地的情况，为了防范风险，加强预售资金监管也符合保民生、保交楼、保稳定的新主题。
李宇嘉续称，加强预售资金监管并不意味开发企业无法提取预售资金，而是根据工程所需额度和销售进度等来进行监管，该留存的留存，该提取的提取，因此这也是一种正本清源。
随着市场环境的变化，去年以来全国多座城市优化了对预售资金的监管。
例如，2021年11月4日，北京市住建委发布《北京市商品房预售资金监督管理办法（2021年修订版 公开征求意见稿）》（下称“意见稿”）就指出，“去年以来，部分开发企业在京项目相继出现资金链紧张、停工以及预售资金挪用情况，反映出部分项目存在违规使用预售资金问题。为切实维护商品房交易双方合法权益，我委在总结梳理近年来预售资金监管实践经验的基础上，会同北京银保监局、人行营管部对现行政策进行了修订，形成了意见稿。”
《意见稿》中指出，预售资金重点监管额度可由各区根据企业信用水平、经营状况、交付条件等因素综合确定，每平方米不低于5000元，较此前大幅提高了43%。此外，当预售项目存在重大风险隐患时，区住房城乡建设部门应全面接管预售资金监管账户或建立政府监管账户，实施封闭管理保障资金安全，优先用于工程建设。
在全国层面，2022年2月22日，据新华社报道，商品房预售资金监管新规于日前出台，其中有“五大亮点”值得关注：招标确定监管银行、合理确定监管额度、明确各方监管责任、建立信息共享机制、确定首末拨付节点。
一位华南开发企业的人士告诉21世纪经济报道记者，在预售资金监管新规出台后，目前在预售资金提取上有边际放松，表现在监管额度更加优化，合理提取的部分也能得到回应。
中国房地产业协会会长冯俊在接受新华社采访时表示，商品房预售资金监管新规首次从全国层面作出统一安排、确定监管机制，能够维护购房人合法权益，规范开发商行为，促进房地产市场平稳健康发展，为房地产市场探索新的发展模式创造条件
==========================

海口进一步加强商品房预售资金监管
所有售房款直接存入监管账户
海南日报海口2月23日讯(记者 刘梦晓 通讯员 吴河)为贯彻落实国家部委以及海南省、海口市关于加强房地产市场调控的工作部署，保持海口房地产市场长期健康稳定发展，防范房地产市场风险。2月23日，海口市住房和城乡建设局向各房地产开发企业、各有关商业银行、各房地产中介机构发出关于进一步加强商品房预售资金监管工作的通知，通知自发布之日起施行，有效期3年。
通知明确了资金监管主体职责及监管内容，明确监管银行为预售资金监管的实施主体。开发企业在商品房预售前，应与监管银行签订《商品房预售资金监管协议》，协议条款应当明确预售商品房概况、监管账户的户名及账号、预售资金的收存管理、重点监管资金的构成(含具体金额)和管理、双方权利义务等内容。开发企业应当如实申报重点监管资金，不得少报;监管银行在签订监管协议前，应按照项目取得不动产首次登记为目标，对开发企业申报重点监管资金的分项构成、各分项金额进行核查，并按照相关规定及协议约定实行全过程监管。
房地产开发企业应当在销售现场醒目位置公示监管银行名称及监管账户，并告知购房人将所有购房款存入本项目的商品房预售资金监管账户。房地产中介机构代理预售商品房的，应当在销售场所醒目位置公示监管银行名称及监管账户，并在签订中介代理合同时告知购房人将所有购房款存入本项目监管账户。
通知还明确了开发企业、销售代理单位收取的所有售房款应当直接存入监管账户，且开发企业在办理商品房买卖合同备案时，应当提交购房人已支付的所有购房款(含定金、订金、认购款、足额首期款等)存入监管账户的清单及凭证;海口市住房和城乡建设局在办理合同备案时，对首期购房款存入监管账户情况及购房人缴款情况进行核查。
在对账户收支管理方面，监管银行应当按照《海南省商品房预售资金监管暂行办法》的规定及《商品房预售资金监管协议》对监管资金的收支进行监管，要重点监管资金的拨付，严格按照建设进度、竣工验收、竣工验收备案、完成不动产首次登记等各节点把控。海口市住建局将不定期对监管账户的收支情况进行抽查，并将相关核查情况报送海南银监局。
同时，海口市住建局将重点监管资金的动态管理，逐步推行线上监管方式，并对违规进行处理。海口市住建局相关负责人解释，该通知的发布，是为了进一步加强预售资金的监管，规范开发企业、监管银行的行为，保障购房者的合法权益，防范房地产市场风险，保持海口房地产市场长期健康稳定发展。",海口 对应 项目 建设 工程施工 合同 金额 其他费用 包含 施工 合同 设备 材料费 不可 预见 建安 费用 项目 配套 费用 对应 项目 装修 施工 合同 金额 监管 资金 金额 住宅 项目 形象 进度 楼层 三分之二 拨付 资金 高于 监管 额度 建设 费用 项目 结构 封顶 拨付 资金 高于 监管 额度 建设 费用 项目 完成 外立面 装饰 内部 批档 门窗 框架 拨付 资金 高于 监管 额度 建设 费用 项目 整体 完工 参建 单位 完成 验收 拨付 资金 高于 监管 额度 建设 费用 项目 取得 竣工 备案 拨付 资金 高于 监管 额度 建设 费用 非住宅 项目 总投资额 达到 达到 预售 条件 拨付 资金 高于 监管 额度 建设 费用 项目 施工 楼层 拨付 资金 高于 监管 额度 建设 费用 项目 结构 封顶 拨付 资金 高于 监管 额度 建设 费用 项目 完成 外立面 装饰 拨付 资金 高于 监管 额度 建设 费用 项目 整体 竣工 参建 单位 完成 验收 拨付 资金 高于 监管 额度 建设 费用 项目 取得 竣工 备案 拨付 资金 高于 监管 额度 建设 费用 需住 建及 交易中心 银行 审批 个别 地块 中行 存在 过度 监管 因为 存在 开发 监管 资金 必须 用于 购置 项目 建设 必需 建筑材料 设备 支付 项目 建设 施工进度 工程建设 法定 税费 以及 归还 项目 开发 贷款 其他 相关 费用 根据 住房 城乡 建设部 人民银行 保监会 关于 规范 商品房 预售 资金 监管 意见 海南省 住房 城乡 建设厅 中国人民银行 海口 中心 支行 中国银行 保险 监督管理 委员会 海南 监管局 关于 转发 住房 城乡 建设部 人民银行 保监会 关于 规范 商品房 预售 资金 监管 意见 通知 规定 房地产 企业 商业银行 根据 住房 城乡 建设部 部委 关于 规范 商品房 预售 资金 监管 意见 建房 海南省 商品房 预售 资金 监管 办法 建房 文件精神 强化 预售 资金 全过程 信息化 监管 实现 业务 全程 网办 决定 全市 范围 启用 预售 资金 监管 电子化 系统 现将 有关 事项 通知 如下 自本 通知 印发 之日起 实现 系统 对接 商业银行 全面 使用 线上 监管 系统 尚未 实现 系统 对接 商业银行 暂时 使用 线下 监管 模式 加快 推动 对接 工作 日前 完成 系统 对接 日起 办理 预售 许可 项目 使用 线上 监管 系统 办理 预售 资金 监管 业务 房地产 企业 商业银行 务必 高度重视 商品房 预售 资金 监管 工作 严格 落实 建房 建房 文件 关于 预售 资金 监管 相关 要求 商品房 项目 取得 预售 许可证 完成 房屋 所有权 首次 登记 期间 确保 预售 资金 全部 进入 监管 账户 预售 资金 申请 审核 拨付 流程 全过程 监管 房屋交易 产权 管理中心 做好 预售 资金 监管 系统 上线 培训 工作 实施 过程 遇到 问题 各房 企向市 房屋交易 产权 管理中心 反映 咨询 咨询电话 海口市 住房 城乡 建设局 一座 城市 宣布 加强 预售 资金 监管 一次 海南 海口 海口市 建局 发布 关于 进一步 加强 商品房 预售 资金 监管 工作 通知 下称 通知 明确规定 房地产 开发 企业 销售 代理 单位 收取 所有 售房款 定金 订金 认购 分期 房款 按揭 贷款 应当 直接 存入 监管 账户 海口 出台 这一 通知 目的 进一步 加强 预售 资金 监管 规范 开发 企业 监管 银行 行为 保障 购房者 合法权益 防范 房地产 市场 风险 保持 海口 房地产 市场 长期 健康 稳定 发展 根据 通知 监管 银行 作为 监管 实施 主体 细化 监管 协议 内容 监管 银行 按照 相关 规定 协议 约定 实行 全过程 监管 对于 开发 企业 规定 开发 企业 销售 代理 企业 应当 公示 销售 项目 资金 监管 账户 告知 购房人 所有 购房款 存入 项目 监管 账户 流程 细则 通知 要求 开发 企业 商品房 预售 监管 银行 签订 商品房 预售 资金 监管 协议 开发 企业 应当 如实 申报 重点 监管 资金 不得 监管 银行 签订 监管 协议 按照 项目 取得 不动产 首次 登记 目标 开发 企业 申报 重点 监管 资金 分项 构成 分项 金额 进行 核查 按照 相关 规定 协议 约定 实行 全过程 监管 此外 对于 重点 监管 资金 拨付 要求 严格 按照 建设 进度 竣工 验收 竣工 验收 备案 完成 不动产 首次 登记 节点 为了 保障 这一 规定 实施 通知 指出 如果 开发 企业 违反 海南省 商品房 预售 资金 监管 暂行办法 上述 通知 要求 按规定 收存 使用 预售 资金 提供 虚假 证明 材料 申请 使用 预售 资金 收取 其他 款项 为名 变相 逃避 监管 存在 其他 违反 预售 资金 监管 规定 海口市 建局 责令 限期 改正 整改 期间 开发 企业 不得 申请 拨付 预售 资金 如果 情节严重 改正 暂停 开发 企业 海口市 所有 开发 项目 商品房 预售 记入 企业 不良行为 社会 公示 纳入 企业 征信 系统 此外 如果 监管 银行 违规行为 海口市 建局 报送 海南 保监局 依法 依规 处理 限制 三年 不得 监管 预售 项目 广东省 住房 政策 研究 中心 首席 研究员 李宇 世纪 经济 报道 记者 分析 过去 存在 开发 企业 绕开 预售 资金 监管 账户 情况 挪用 套取 预售 资金 具有 一定 普遍性 海口 过去 曾经 出现 烂尾楼 遍地 情况 为了 防范 风险 加强 预售 资金 监管 符合 民生 保交楼 稳定 主题 李宇嘉续 加强 预售 资金 监管 意味 开发 企业 无法 提取 预售 资金 而是 根据 工程 额度 销售 进度 进行 监管 留存 留存 提取 提取 因此 一种 正本清源 随着 市场 环境 变化 去年 以来 全国 多座 城市 优化 预售 资金 监管 例如 北京市 建委 发布 北京市 商品房 预售 资金 监督管理 办法 修订版 公开 征求意见 下称 意见 指出 去年 以来 部分 开发 企业 项目 相继 出现 资金 紧张 停工 以及 预售 资金 挪用 情况 反映 部分 项目 存在 违规 使用 预售 资金 问题 切实 维护 商品房 交易 双方 合法权益 我委在 总结 梳理 近年来 预售 资金 监管 实践经验 基础 会同 北京 保监局 行营 管部 现行政策 进行 修订 形成 意见 意见 指出 预售 资金 重点 监管 额度 各区 根据 企业信用 水平 经营 状况 交付 条件 因素 综合 确定 每平方米 低于 此前 大幅提高 此外 预售 项目 存在 重大 风险 隐患 住房 城乡建设 部门 全面 接管 预售 资金 监管 账户 建立 政府 监管 账户 实施 封闭 管理 保障 资金 安全 优先 用于 工程建设 全国 层面 新华社 报道 商品房 预售 资金 监管 新规于 日前 出台 其中 五大 亮点 值得 关注 招标 确定 监管 银行 合理 确定 监管 额度 明确 各方 监管 责任 建立 信息 共享 机制 确定 首末 拨付 节点 一位 华南 开发 企业 人士 告诉 世纪 经济 报道 记者 预售 资金 监管 新规 出台 目前 预售 资金 提取 边际 放松 表现 监管 额度 更加 优化 合理 提取 部分 得到 回应 中国 房地产业 协会会长 冯俊 接受 新华社 采访 表示 商品房 预售 资金 监管 新规 首次 全国 层面 作出 统一安排 确定 监管 机制 能够 维护 购房人 合法权益 规范 开发商 行为 促进 房地产 市场 平稳 健康 发展 房地产 市场 探索 发展 模式 创造条件 海口 进一步 加强 商品房 预售 资金 监管 所有 售房款 直接 存入 监管 账户 海南日报 海口 日讯 记者 刘梦晓 通讯员 吴河 贯彻落实 国家 部委 以及 海南省 海口市 关于 加强 房地产 市场 调控 工作 部署 保持 海口 房地产 市场 长期 健康 稳定 发展 防范 房地产 市场 风险 海口市 住房 城乡 建设局 房地产 开发 企业 有关 商业银行 房地产 中介机构 发出 关于 进一步 加强 商品房 预售 资金 监管 工作 通知 通知 发布 之日起 施行 有效期 通知 明确 资金 监管 主体 职责 监管 内容 明确 监管 银行 预售 资金 监管 实施 主体 开发 企业 商品房 预售 监管 银行 签订 商品房 预售 资金 监管 协议 协议 条款 应当 明确 预售 商品房 概况 监管 账户 户名 账号 预售 资金 收存 管理 重点 监管 资金 构成 具体 金额 管理 双方 权利义务 内容 开发 企业 应当 如实 申报 重点 监管 资金 不得 监管 银行 签订 监管 协议 按照 项目 取得 不动产 首次 登记 目标 开发 企业 申报 重点 监管 资金 分项 构成 分项 金额 进行 核查 按照 相关 规定 协议 约定 实行 全过程 监管 房地产 开发 企业 应当 销售 现场 醒目 位置 公示 监管 银行 名称 监管 账户 告知 购房人 所有 购房款 存入 项目 商品房 预售 资金 监管 账户 房地产 中介机构 代理 预售 商品房 应当 销售 场所 醒目 位置 公示 监管 银行 名称 监管 账户 签订 中介代理 合同 告知 购房人 所有 购房款 存入 项目 监管 账户 通知 明确 开发 企业 销售 代理 单位 收取 所有 售房款 应当 直接 存入 监管 账户 开发 企业 办理 商品房 买卖合同 备案 应当 提交 购房人 支付 所有 购房款 定金 订金 认购 足额 首期款 存入 监管 账户 清单 凭证 海口市 住房 城乡 建设局 办理 合同 备案 首期 购房款 存入 监管 账户 情况 购房人 缴款 情况 进行 核查 账户 收支 管理 方面 监管 银行 应当 按照 海南省 商品房 预售 资金 监管 暂行办法 规定 商品房 预售 资金 监管 协议 监管 资金 收支 进行 监管 重点 监管 资金 拨付 严格 按照 建设 进度 竣工 验收 竣工 验收 备案 完成 不动产 首次 登记 节点 海口市 建局 不定期 监管 账户 收支 情况 进行 抽查 相关 核查 情况 报送 海南 银监局 同时 海口市 建局 重点 监管 资金 动态 管理 逐步 推行 线上 监管 方式 违规 进行 处理 海口市 建局 相关 负责人 解释 通知 发布 为了 进一步 加强 预售 资金 监管 规范 开发 企业 监管 银行 行为 保障 购房者 合法权益 防范 房地产 市场 风险 保持 海口 房地产 市场 长期 健康 稳定 发展,1.336909975919951,5.993016778547015,2.4,2.733333333333333,18307,19.4,27.14166666666667,6412.716494845362,339.134276349432,427.8990541237114,3186.007575757576,24.46788352272728,4,3,0.008625,0.7,主体,19.0,21.0,92.68622492897728,4.997727272727275,0.3,装修,19.0,21.0,36.33480703125001,4.958766233766235,0.3,竣备,19.0,26.0,83.34137556818183,5.19253246753247,0.1,确权,19.0,37.0,126.7718688210228,7.932792207792208,,,,,,,2,5,427.8990541237114
深圳,深圳,Shenzhen-1,,,no intermediate steps,找不到/未明确,none specified,other / unclear,False,False,0.0,0.1,,explicit no-intermediate-steps label,explicit percentage near 封顶; midpoint used for a stated range,not explicitly parseable from retained excerpt,深圳市第七届人民代表大会常务委员会公告（第七十四号） 信息来源：深圳市人民代表大会常务委员会 信息提供日期：2023-02-20 【字体：大中小 】 索 引 号： 分 类：法规规章 发布机构：深圳市人民代表大会常务委员会 发布日期：2023-02-20 09:56 名 称：深圳市第七届人民代表大会常务委员会公告（第七十四号）深圳市人民代表大会常务委员会关于暂时停止适用《深圳经济特区房地产转让条例》有关规定的决定 文 号：（第七十四号） 《深圳市人民代表大会常务委员会关于暂时停止适用〈深圳经济特区房地产转让条例〉有关规定的决定》经深圳市第七届人民代表大会常务委员会第十四次会议于2022年12月29日通过，现予公布。 深圳市人民代表大会常务委员会 2022年12月29日 深圳市人民代表大会常务委员会关于暂时停止适用《深圳经济特区房地产转让条例》有关规定的决定 深圳市第七届人民代表大会常务委员会第十四次会议对《深圳经济特区房地产转让条例》有关规定作如下决定： 暂时停止适用《深圳经济特区房地产转让条例》第三十四条第一款第四项、第三十六条、第三十七条的规定。 暂时停止适用上述有关规定的期限为三年。暂时停止适用期间，商品房预售资金监管按照市人民政府有关规定执行。实践证明可行的，应当修改完善法规有关规定；实践证明不宜停止的，恢复施行法规有关规定。 本决定自公布之日起施行。 附件：暂时停止适用《深圳经济特区房地产转让条例》的相关规定 附件 暂时停止适用《深圳经济特区房地产转让条例》的相关规定 第三十四条第一款第四项 房地产开发商预售房地产应当符合下列条件：……（四）房地产开发商和金融机构已签订,True,policy_identification_filled.xlsx,City_audit,5stage_Pcost,5,3,stage_1|stage_2|stage_3|stage_4|stage_5,阶段1|阶段2|竣备|阶段4|阶段5,阶段1|阶段2|阶段4,partial_named_milestones,,,3,,,not_estimable:topout_stage_name_unmapped,not_estimable:registration_stage_name_unmapped,expert_calibrated_operational_proxy_pending_source_mapping,monthly-revenue stage ratio or within-cohort amount share; not automatically a policy percentage,external/Modelling Dep/41_Cities_Dep/city_catalog.json,data/pmc_data.xlsx,dep-operational-h1-v1,Shenzhen-1,2023,一线,深圳,Guangdong,"深圳市第七届人民代表大会常务委员会公告（第七十四号）
信息来源：深圳市人民代表大会常务委员会 信息提供日期：2023-02-20 【字体：大中小 】
索 引 号：
分 类：法规规章
发布机构：深圳市人民代表大会常务委员会
发布日期：2023-02-20 09:56
名 称：深圳市第七届人民代表大会常务委员会公告（第七十四号）深圳市人民代表大会常务委员会关于暂时停止适用《深圳经济特区房地产转让条例》有关规定的决定
文 号：（第七十四号）
《深圳市人民代表大会常务委员会关于暂时停止适用〈深圳经济特区房地产转让条例〉有关规定的决定》经深圳市第七届人民代表大会常务委员会第十四次会议于2022年12月29日通过，现予公布。
深圳市人民代表大会常务委员会
2022年12月29日
深圳市人民代表大会常务委员会关于暂时停止适用《深圳经济特区房地产转让条例》有关规定的决定
深圳市第七届人民代表大会常务委员会第十四次会议对《深圳经济特区房地产转让条例》有关规定作如下决定：
暂时停止适用《深圳经济特区房地产转让条例》第三十四条第一款第四项、第三十六条、第三十七条的规定。
暂时停止适用上述有关规定的期限为三年。暂时停止适用期间，商品房预售资金监管按照市人民政府有关规定执行。实践证明可行的，应当修改完善法规有关规定；实践证明不宜停止的，恢复施行法规有关规定。
本决定自公布之日起施行。
附件：暂时停止适用《深圳经济特区房地产转让条例》的相关规定
附件
暂时停止适用《深圳经济特区房地产转让条例》的相关规定
第三十四条第一款第四项  房地产开发商预售房地产应当符合下列条件：……（四）房地产开发商和金融机构已签订预售款监管协议；……
第三十六条  预售款应当由房地产开发商委托金融机构代收。
代收预售款的金融机构应当为预售款的监管机构。
第三十七条  预售款应当专款专用，由工程监理机构根据建筑工程承包合同规定的进度计划和工程实际进度，书面通知预售款监管机构向转让人划款。非经工程监理机构书面通知，预售款监管机构不得直接向转让人划款。
工程监理机构和预售款监管机构监管不当，造成受让人损失的，应当与房地产开发商承担连带赔偿责任。


======================
深圳经济特区房地产转让条例
信息来源：深圳市人民代表大会常务委员会 信息提供日期：2020-08-13 【字体：大中小 】
（1993年7月24日深圳市第一届人民代表大会常务委员会第十七次会议通过  根据1999年6月30日深圳市第二届人民代表大会常务委员会第三十三次会议《关于修改〈深圳经济特区房地产转让条例〉的决定》第一次修正  根据2019年10月31日深圳市第六届人民代表大会常务委员会第三十六次会议《关于修改〈深圳经济特区人体器官捐献移植条例〉等四十五项法规的决定》第二次修正）
目    录
第一章  总则
第二章  房地产买卖
   第一节  房地产买卖合同
    第二节  房地产现售
    第三节  房地产预售
第三章  房地产交换与赠与
第四章  房地产转让的代理与经纪
第五章  房地产转让的税、费
第六章  罚则
第七章  附则
第一章  总    则
第一条  为了规范房地产转让行为，保障房地产转让当事人的合法权益，维护深圳经济特区（以下简称特区）房地产市场秩序，制定本条例。
第二条  本条例适用于特区内房地产的转让。
第三条  本条例所称房地产，是指土地及土地上的建筑物、附着物。
本条例所称房地产转让，是指合法拥有土地使用权及土地上建筑物、附着物所有权的自然人、法人和其他组织，通过买卖、交换、赠与将房地产转移给他人的法律行为。
第四条  房地产转让应当遵循合法、公平、自愿和诚实信用的原则。
第五条  房地产转让时，建筑物、附着物的所有权应当与该建筑物、附着物所占用的土地的使用权同时转让，不得分割。
第六条  市住房建设部门是特区房地产市场的主管部门（以下简称主管部门），依法对房地产转让进行管理。
第七条  下列房地产，应当经主管部门批准，并补足地价款后，方可转让：
（一）通过行政划拨取得土地使用权的；
（二）取得土地使用权时减免地价款的；
（三）法律、法规规定的其他情形。
第八条  下列房地产，不得转让：
（一）根据城市规划，市人民政府决定收回土地使用权的；
（二）司法机关、行政机关依法裁定、决定查封或者以其他形式限制房地产权利的；
（三）共有房地产，未经其他共有人书面同意的；
（四）设定抵押权的房地产，未经抵押权人同意的；
（五）权属有争议的；
（六）法律、法规或者市人民政府规定禁止转让的其他情形。
第九条  房地产预售应当经主管部门批准。
预购的房地产在办理不动产转移登记并领取《不动产权属证书》前再转让的，按照市人民政府的有关规定办理。
第十条  下列行为视同房地产转让：
（一）以房地产作为出资与他人成立法人企业的；
（二）一方提供土地使用权，另一方或者多方提供资金合作开发房地产，并以产权分成的；
（三）收购或者合并企业时，房地产转移为新的权利人所有的；
（四）以房地产抵债的；
（五）国有企业之间或者其他组织之间的房地产调拨。
第十一条  下列行为不属于房地产转让：
（一）共有人之间对共有房地产的分割；
（二）国家机关、由财政拨款的事业单位与其下属的机构之间的房地产行政调拨。
第十二条  房地产转让时，土地使用权出让合同规定的权利和义务同时转移；转让人应当将土地使用权出让合同书或者其复印件提供给受让人。
第十三条  房地产转让时，转让人对同宗土地上的道路、绿地、休憩地、空余地、电梯、楼梯、连廊、走廊、天台或者其他公用设施所拥有的权益同时转移。
房地产首次转让合同对停车场、广告权益没有特别约定的，停车场、广告权益随房地产同时转移；有特别约定的，经不动产登记机构首次登记，由登记的权利人拥有。
第十四条  房地产转让当事人应当按照《深圳经济特区房地产登记条例》的规定办理产权转移登记。
第十五条  不动产登记机构核准转移登记的日期，为房地产产权转移的日期。
第十六条  房地产的风险责任，产权转移前由转让人承担，产权转移后由受让人承担。
第十七条  房地产转让当事人一方或双方为境外组织或者个人的，转让合同应当经深圳市公证机关公证。
第二章  房地产买卖
第一节  房地产买卖合同
第十八条  房地产买卖的当事人应当依法订立房地产买卖合同。
第十九条  房地产买卖合同应当采用主管部门统一制作的示范文本。
房地产买卖合同应当具备以下条款：
（一）当事人的姓名或者名称、地址；
（二）《不动产权属证书》编号；
（三）房地产座落的位置、面积、四至界线；
（四）土地宗地号、土地使用权的性质和年期；
（五）房地产的用途；
（六）买卖价款及支付方式和日期；
（七）房地产交付使用的日期；
（八）公用部分的权益分享及共有人的权利义务；
（九）违约责任；
（十）合同纠纷的解决办法；
（十一）合同生效的条件及时间；
（十二）双方认为必要的其他事项。
第二十条  预售房地产的，当事人约定交付房地产的时间应当在竣工验收合格之后。
第二十一条  房地产开发商应当在房地产交付使用时，向受让人提供住宅质量保证书和住宅使用说明书。
住宅质量保证书应当列明工程质量监督单位核验的质量等级、保修范围、保修期和保修单位等内容。房地产开发商应当按照住宅质量保证书的约定，承担房地产保修责任，保修期不得少于一年。
保修期内，因房地产开发商对房地产进行维修，致使房屋使用功能受到影响，给受让人造成损失的，应当依法承担赔偿责任。
第二十二条  违反法律、行政法规的强制性规定的房地产买卖合同无效。
无效的房地产买卖合同，从订立时起就不具有法律约束力。
第二十三条  房地产买卖合同被确认为无效后，当事人一方有过错的，应当赔偿对方因此遭受的损失。当事人双方均有过错的，应当各自承担相应的责任。
第二十四条  发生下列情形之一的，可以变更或者解除房地产买卖合同：
（一）经当事人双方协商一致，并且不因此损害国家利益和他人合法权益的；
（二）因不可抗力致使房地产买卖合同无法履行或者不能全部履行的；
（三）因一方违约，使房地产买卖合同履行成为不必要的；
（四）出现房地产买卖合同约定的变更或者解除合同条件的。
双方协商变更或者解除合同的，应当订立书面协议。
一方当事人根据本条第一款第二项、第三项、第四项的规定要求变更或者解除合同的，应当及时通知对方。
第二十五条  因变更或者解除房地产买卖合同致使一方当事人遭受损失的，有过错的一方当事人应当负赔偿责任。
第二十六条  因转让人的过错，不能按照约定的时间交付房地产的，转让人应当支付违约金。违约金数额房地产买卖合同中有约定的，从合同约定；未约定的，为延期交付房地产期间的指导租金。造成受让人损失的，转让人除支付违约金外，还应当负赔偿责任。
转让人超过房地产买卖合同约定时间九十日仍不交付房地产的，受让人有权解除合同，但是转让人与受让人另有约定的除外。
第二十七条  现售房地产的受让人不按照约定期限给付价款的，受让人应当支付违约金；因受让人过错造成转让人损失的，受让人除支付违约金外，还应当负赔偿责任。
受让人超过房地产买卖合同约定时间九十日仍不给付价款的，转让人有权解除合同，但是受让人与转让人另有约定的除外。
第二十八条  预售房地产的受让人不按期给付价款的，按照下列规定承担违约责任：
（一）受让人给付的金额达到应付价款百分之五十以上的，受让人应当按照中国人民银行有关延期付款的规定向转让人支付延期付款违约金；
（二）受让人给付的金额不足应付价款百分之五十的，转让人可以要求受让人支付违约金。受让人超过合同约定时间九十日仍不给付应付价款的，转让人有权解除房地产买卖合同。
第二十九条  产权转移登记后，房地产买卖合同内容未履行完毕的，当事人应当继续履行。
第二节  房地产现售
第三十条  现售房地产的，转让人的土地使用权和建筑物、附着物的所有权应当已依法登记，并取得《不动产权属证书》。
第三十一条  以买卖方式转让房地产时，在同等条件下，下列当事人享有优先购买权：
（一）房地产共有人；
（二）房地产承租人。
一项房地产买卖同时具有上列当事人时，按照上述顺序依次享有优先购买权。
第三十二条  受让人有权对房地产的状况，包括权属、结构、装修、抵押关系、租赁关系、相邻关系、土地出让合同等情况进行了解，转让人有提供有关情况的义务。转让人故意隐瞒真实情况而造成房地产买卖合同无效的，应当对受让人因此遭受的损失负赔偿责任。
第三十三条  房地产在买卖前已出租的，受让人应当继续履行原房屋租赁合同。
第三节  房地产预售
第三十四条  房地产开发商预售房地产应当符合下列条件：
（一）土地使用权已经依法登记，取得《不动产权属证书》；
（二）取得《建筑许可证》和《开工许可证》；
（三）除付清地价款外，投入开发建设的资金已达工程预算投资总额的百分之二十五，并经注册会计师验资；
（四）房地产开发商和金融机构已签订预售款监管协议；
（五）土地使用权未抵押或者已解除抵押关系。
符合上列条件的，经主管部门核准后，发给《房地产预售许可证》。
第三十五条  房地产开发商应当对预售房地产的说明书、设计图纸、销售广告等公开展示文件的真实性负责。
第三十六条  预售款应当由房地产开发商委托金融机构代收。
代收预售款的金融机构应当为预售款的监管机构。
第三十七条  预售款应当专款专用，由工程监理机构根据建筑工程承包合同规定的进度计划和工程实际进度，书面通知预售款监管机构向转让人划款。非经工程监理机构书面通知，预售款监管机构不得直接向转让人划款。
工程监理机构和预售款监管机构监管不当，造成受让人损失的，应当与房地产开发商承担连带赔偿责任。
第三十八条  房地产开发商应当依照《中华人民共和国城市房地产管理法》的规定将预售房地产的买卖合同向主管部门备案。
第三十九条  已预售的房地产在建筑工程施工过程中，对公共设施部分不得变更设计。如确需变更设计的，应当征得全体受让人五分之四以上的同意。
第四十条  房地产开发商不得抵押已预售的房地产。
第三章  房地产交换与赠与
第四十一条  房地产交换是指当事人将各自拥有的房地产互相转移给对方的法律行为。
第四十二条  交换房地产，当事人应当依法订立房地产交换合同。
房地产交换合同的订立、履行、变更和解除，参照房地产买卖合同的有关规定执行。
第四十三条  房地产赠与是指当事人一方将自己拥有的房地产无偿地转移给他方的法律行为。
第四十四条  自然人作为房地产赠与人的，应当具有完全民事行为能力。
第四十五条  除法律、法规另有规定外，房地产受赠人可以为国家、自然人、法人或者其他组织。
第四十六条  赠与房地产，赠与人与受赠人应当订立书面房地产赠与合同。
第四十七条  房地产赠与合同的生效时间为产权转移登记时间。
第四十八条  附条件的赠与，受赠人不按照约定条件履行的，赠与人可以要求受赠人履行所附条件中规定的义务，或者撤销已经登记的赠与。所附条件不能履行或者不需要履行的，赠与人不能撤销已生效的赠与。
第四章  房地产转让的代理与经纪
第四十九条  当事人可以委托代理人转让房地产。委托代理人转让房地产应当办理委托手续。
第五十条  从事房地产转让经纪业务的自然人、法人和其他组织，应当取得相应资格。取得资格的条件和程序按照市人民政府规定办理。
第五十一条  代理人和经纪人应当按照委托人委托的价格买卖房地产。
第五十二条  代理人代理房地产转让的佣金标准，由委托人与代理人双方约定。
经纪人的佣金标准按市政府的规定执行。
第五十三条  经纪人代理房地产转让，应当对转让当事人的资格、不动产产权的合法性进行查验。
经纪人应当在房地产转让合同中签名盖章。
第五十四条  由于经纪人的过错，经纪人代销的房地产不能登记或者不能在规定的时间内获准登记，造成受让人损失的，经纪人应当负赔偿责任。
第五章  房地产转让的税、费
第五十五条  房地产转让，当事人应当依法纳税。
第五十六条  房地产转让时土地有增值的，转让人应当交纳土地增值费。土地增值费的收取办法，由市人民政府另行规定。
第五十七条  房地产交换有差价的，应当就差价部分按照有关规定交纳税、费。
第六章  罚    则
第五十八条  违反本条例第七条规定转让房地产的，转让行为无效，由主管部门对转让人处房地产转让价款百分之十罚款。
第五十九条  违反本条例第八条第一项、第二项、第六项、第九条第一款和第三十条规定转让房地产的，转让行为无效；转让人有非法所得的，由主管部门没收非法所得，并处转让价款百分之十罚款；转让人持有房地产开发资质证的，可以视情节轻重作出不予资质年审或者吊销房地产开发资质证的处罚。
第六十条  房地产开发商违反本条例第二十条的规定，在房地产竣工验收合格之前交付房地产的，交付行为无效，受让人有权拒绝接受交付；主管部门可以对房地产开发商给予警告或者处转让价款百分之十罚款；情节严重的，给予不予资质年审或者吊销房地产开发资质证的处罚。
第六十一条  房地产开发商预售房地产，未按照规定将房地产买卖合同报主管部门备案而预售房地产的，由主管部门对转让人处转让价款百分之五以下罚款；转让人持有房地产开发资质证的，可以视情节轻重作出警告、不予资质年审或者吊销房地产开发资质证的处罚。
第六十二条  违反本条例第五十条规定从事房地产经纪活动的，由主管部门没收非法所得，并处非法所得一倍以上二倍以下罚款。
第六十三条  当事人隐瞒房地产转让的真实情况，不按照规定交纳有关费用的，由主管部门责令其补交，并处应交费用二倍以上五倍以下罚款。
第七章  附    则
第六十四条  微利商品住宅、福利住宅转让的条件、范围和程序，依照市人民政府的有关规定执行。
第六十五条  市人民政府可以根据本条例制定实施细则。
第六十六条  本条例自1993年10月1日起施行。
过去在特区内实施的有关规定与本条例相抵触的，以本条例为准
=======================

深圳市房地产市场监管办法
（2010年7月9日深圳市人民政府令第221号发布 2017年2月8日深圳市人民政府令第293号修正）


第一章 总  则


第一条 为加强深圳市（以下简称本市）房地产市场管理，规范房地产开发经营、经纪和估价行为，维护房地产市场秩序，保障房地产活动当事人的合法权益，根据有关法律、法规和规章，结合本市实际，制定本办法。
第二条 本办法适用于本市行政区域内房地产开发经营、经纪和估价活动及相应房地产市场管理行为。
第三条 房地产开发经营、经纪和估价，应当遵循合法、平等、公平、自愿、诚实信用的原则。
房地产开发企业、经纪和估价机构及其从业人员的合法权益受法律保护，任何单位和个人不得非法干预其业务活动和结果。
房地产开发企业、经纪和估价机构及其从业人员应当妥善保管在业务活动中获悉的交易当事人的资料，保守当事人的个人隐私和商业秘密，不得违法利用其所获取的信息。 
第四条 市政 府房地产主管部门（以下简称主管部门）依法对房地产市场进行指导、检查、监 督和管理。
发展改革、工商、价格、建设、税务、劳动、国有资产管理、银行监管等部门依据各自职责对房 地产市场行为进行监管。
第五条 主管部门应当根据房地产市场监管的要求，建立房地产信息系统，作为房地产交易、管理的操作平台和有关房地产交易、管理信息的发布平台，实现对房地产市场的动态监控。
除依法公开的信息外，使用房地产信息系统应当进行数字认证，以获取相应的操作权限。
信息系统的管理和使用办法由主管部门另行制定。
第六条 鼓励和引导房地产开发企业、经纪和估价机构成立和完善相关房地产行业组织。房地产行业组织在主管部门的指导下，依照法律、法规、规章和行业组织章程，实行房地产行业自律管理。
房地产行业组织应当积极组织房地产开发企业、经纪和估价机构及其从业人员的业务培训和继续教育。
房地产开发企业、经纪和估价机构及其从业人员应当按时参加业务培训和继续教育，不断提高业务素质和从业水平。


第二章 房地产开发经营


第七条 从事房地产开发经营活动的企业应当依法取得房地产开发资质证书。
禁止未取得房地产开发资质证书的任何单位和个人从事房地产开发，禁止任何单位和个人违反国家土地管理法律法规擅自在未依法取得建设用地使用权的土地上进行房地产开发。
禁止销售前款规定的违法开发建设的建筑物，禁止任何单位和个人为其销售行为提供法律见证、经纪、公证、贷款等服务和便利。
第八条 房地产开发项目应当在申报立项时，按照国家有关规定建立项目资本金，在商业银行设立专户存储，专项用于项目建设。商业银行办理项目资本金存储手续后，应当向房地产开发企业出具项目资本金存储证明。
房地产开发项目建设资金包括项目资本金，项目资本金不符合国家有关规定的，发展改革部门不予核准立项，建设部门不予颁发施工许可证。
第九条 房地产开发项目申请预售前，项目资本金账户余额应当不低于项目资本金10%，并在项目取得规划验收合格凭证后，方可提取使用。
在符合提取使用条件前，房地产开发企业不得以任何方式将前款规定的项目资本金挪作他用，商业银行不得拨付。
商业银行出具不实资本金存储证明或者不按本条规定拨付资金的，银行监管部门应当依法处理并在征信记录中作不良行为记录。
第十条 房地产开发企业应当在签订建设用地使用权出让合同后10日内，建立房地产开发项目手册。房地产开发项目建设和经营过程中的主要事项，应当在房地产开发项目手册中予以记载并及时更新。
第十一条 房地产开发企业销售商品房之前，应当合理确定销售价格，并报价格监督执法部门备案。
房地产开发企业应当按照经备案的销售价格，明码标价销售商品房。确需调整销售价格且调整幅度超出备案价格15%的，应当在调整价格前办理备案变更。
价格综合管理部门应当会同相关部门制定并公布房地产开发价格行为规则，引导、规范房地产开发企业依法自主定价。
第十二条 商品房预售应当符合下列条件：
（一）已付清地价款，并取得房地产权利证书；
（二）取得建设工程规划许可证、建设工程施工许可证；
（三）七层以下（含本数）的商品房项目已封顶；七层以上的商品房项目已完成地面以上三分之二层数；
（四）确定施工进度和竣工交付日期；
（五）预售商品房项目及其土地使用权未设定他项权利且未被司法机关或者行政机关查封、扣押；
（六）项目资本金账户余额不低于项目资本金10%；
（七）法律、法规规定的其他条件。
房地产开发企业在依法取得商品房预售许可证前，不得直接出售或者以内部认购、内部认筹等方式变相出售商品房。
第十三条 取得预售许可证后，房地产开发企业应当在10日内通过房地产信息系统一次公示全部预售商品房、预售时间、预售地点、预售方式及预售价格，不得以内部认购、内部认筹等方式进行非公开预售。
第十四条 房地产开发企业销售商品房，应当将下列材料在营业场所公示：
（一）购房指引；
（二）营业执照和资质证书；
（三）建设用地规划许可证、建设工程规划许可证和建设工程施工许可证；
（四）采取预售的，应当公示商品房预售许可证；
（五）建设用地使用权出让合同书；
（六）商品房买卖合同示范文本及附件；
（七）商品房项目总平面图和测绘报告；
（八）商品房能源消耗指标、节能措施和保护要求、保温工程保修期；
（九）商品房销售控制表；
（十）业主临时管理规约；
（十一）前期物业服务企业名称、收费标准和物业服务合同；
（十二）法律、法规、规章和主管部门要求公示的其他材料。
第十五条 房地产开发企业应当为购房人查询与所购商品房有关城市规划、公共配套设施、开发进度等信息提供便利。
第十六条 房地产开发企业应当通过房地产信息系统使用主管部门提供的商品房认购书和商品房买卖合同示范文本。
房地产开发企业和购房人经协商一致，可以依法对示范文本的条款进行变更或者增减条款，但不得违反法律、法规强制性规定以及建设用地使用权出让合同的约定。
房地产开发企业预售商品房，应当在商品房买卖合同签订之日起10日内，将签订的合同通过房地产信息系统报主管部门备案。
第十七条 房地产开发企业的销售广告、售楼书、样板房等就商品房及相关设施的说明和允诺具体确定，并对商品房买卖合同的订立和价格的确定有重大影响的，应当视为商品房买卖合同的内容。
房地产开发企业应当对样板房的装修装饰材料及其价格、规格等信息以书面形式详细说明，并逐项列明是否与销售商品房一致，置于样板房入口等显要位置。
房地产开发企业未提供样板房说明，样板房即为具体确定的商品房及相关设施的说明和允诺；样板房说明未予说明、明确的项目，该样板房项目即为具体确定的商品房及相关设施的说明和允诺。
第十八条 在商品房预售项目竣工前，商品房预售款必须专项用于购买该预售项目建设必需的建筑材料、设备和支付项目建设的施工进度款（含工资及社会保险）及法定税费、行政罚款，不得挪作他用。
第十九条 房地产开发企业使用预售款缴纳法定税费、行政罚款的，应当凭法定税费计税依据、凭证或者行政处罚决定书向商业银行申请提取使用；使用预售款支付工程进度款（含工资及社会保险）或者建设材料、设备款项的，应当凭经监理企业和施工企业共同确认的施工计划、施工进度说明、施工企业或者材料设备供应企业收款账号向商业银行申请提取使用，款项直接支付至施工企业或者材料设备供应企业。
商业银行收到预售款拨付请求后，可以就工程进度进行现场查验。经查验认为申请使用款项与进度明显不符的，商业银行应当拒绝拨付。
商业银行不按本办法第十八条、第十九条规定拨付预售款的，银行监管部门应当依法处理并在征信记录中作不良行为记录。
第二十条 房地产开发企业应当将预售款申请使用和拨付情况如实即时载入项目手册。
房地产开发企业应当按照有关规定，在房地产开发项目竣工验收后及时办理工程结算手续，向施工企业支付工程结算款。房地产开发企业应当在工程款（含质量保修金）全部依约支付完毕后方可在开户商业银行办理预售款专用账户注销手续。
第二十一条 房地产开发企业委托房地产经纪机构代理销售商品房，应当在其发布的商品房销售广告中同时载明受托房地产经纪机构的名称和备案编号。
第二十二条 房地产开发企业怠于开发建设造成土地闲置的，主管部门应当依法进行处置，并纳入诚信档案。
房地产开发企业按闲置土地处置方案要求将相关处置责任履行完毕前，主管部门应当在土地使用权招标、拍卖、挂牌等公开出让条件中禁止该房地产开发企业及其控股股东参与竞买。
第二十三条 房地产开发企业在房地产销售活动中，不得有下列损害购房人权益的行为：
（一）在未解除商品房买卖合同前，将作为合同标的物的商品房再行销售给他人；
（二）订立虚假合同；
（三）违反价格备案制度出售商品房；
（四）在取得商品房预售许可证前，与购房人签订商品房认购书，或者以意向金、诚意金及其他形式收取购房人的押金、定金或者购房款；
（五）违背购房人的意愿，搭售其他商品、强制或者变相强制服务并收取费用，或者附加购房人提供资金证明等其他不合理的条件；
（六）法律、法规、规章禁止的其他行为。
第二十四条 房地产开发企业在房地产开发经营活动中，不得有下列价格违法行为：
（一）以协议、决定或者其他协同行为相互串通，统一确定、维持、变更价格；
（二）通过囤积截留房源、捂盘惜售等方式限制销售数量，操纵价格；
（三）捏造、散布涨价或者房源断缺等信息，哄抬价格，引发市场恐慌，推动商品房价格过高上涨；
（四）在提供相同等级、相同质量的商品房时，无正当理由，对不同的交易相对人实行不同的销售价格；
（五）法律、法规、规章禁止的其他价格违法行为。
第二十五条 房地产开发企业在房地产开发经营活动中，不得有下列不正当竞争行为：
（一）擅自使用他人的企业或者项目名称以及代表其名称的标志、图形、代号，使人误认为是他人的商品房或者经营活动；
（二）伪造或者冒用认证标志、名优标志等质量标志，对商品房质量作引人误解的虚假表示；
（三）以销售商品房为目的，利用财物或者其他手段对项目建设、通讯、质检、供水、供电等企业、事业单位以及房地产经纪、估价等中介机构进行贿赂；
（四）以不正当手段获取他人的商业秘密或者披露、使用、允许他人使用以不当手段获取的商业秘密；
（五）捏造、散布虚假事实，损害竞争对手的商业信誉、商品声誉；
（六）从事法律明文禁止的有奖销售行为；
（七）利用广告或者其他方法，对商品作引人误解的虚假宣传；
（八）法律、法规、规章禁止的其他不正当竞争行为。
第二十六条 房地产经纪机构、估价机构及其从业人员不得为房地产开发企业实施本办法第二十三条至第二十五条规定的行为提供服务或者便利。


第三章 房地产经纪


第二十七条 本办法所称房地产经纪人员包括房地产经纪人及辅助人员。
本办法所称房地产经纪人，是指依照国家规定考取房地产经纪人执业资格证书并经注册的人员。
房地产经纪机构设立的分支机构应当以所属房地产经纪机构的名义对外开展业务。
第二十八条 房地产经纪机构（包括依法设立的分支机构，下同）在本市开展房地产经纪业务的，应当在取得营业执照后30日内或者本办法施行后30日内持以下材料到主管部门办理备案：
（一）营业执照；
（二）法定代表人或者负责人的身份证明；
（三）房地产经纪人员的劳动合同和社会保险缴纳证明；
（四）主管部门公布的办理备案的其他材料。
主管部门应当在收到前款规定的备案材料后5个工作日内，为其办理备案手续。
工商、劳动等部门应当为主管部门核查房地产经纪机构备案材料提供便利。
第二十九条 房地产经纪人员执业的，应当加入房地产经纪机构。
房地产经纪辅助人员应当熟悉房地产相关的法律、法规及有关行业管理的规定，具有一定的房地产专业知识，掌握房地产交易程序和实务操作技术及技能，辅助房地产经纪人开展业务。
房地产经纪人应当对辅助人员的业务行为进行指导，对其辅助的执业行为承担责任。
第三十条 主管部门应当将在本市开展房地产经纪业务的房地产经纪机构备案信息通过房地产信息系统向社会公示。
房地产经纪机构备案信息发生变更的，应当自变更之日起30日内到主管部门办理变更手续。
第三十一条 房地产经纪机构应当在其经营场所公示下列信息：
（一）营业执照和备案证书；
（二）房地产经纪人员姓名；
（三）主管部门发布的房地产经纪服务合同示范文本；
（四）行业组织制定的交易指引；
（五）服务项目、内容、标准和流程；
（六）收费项目、计费依据和标准；
（七）信用档案查询方式；
（八）投诉方式和途径；
（九）主管部门要求公示的其他事项。
第三十二条 房地产经纪机构接受委托开展业务，应当通过房地产信息系统使用主管部门发布的房地产经纪服务合同示范文本与委托人签订房地产经纪服务合同。
房地产经纪服务合同应当由执行该经纪业务的房地产经纪人签字，并附有参与该经纪业务的房地产经纪人员姓名。
第三十三条 房地产经纪机构在签订房地产经纪服务合同前，应当告知委托人下列事项：
（一）执行该业务的房地产经纪人员姓名；
（二）应当由委托人协助的工作、提供的必要材料和文件；
（三）房地产交易的一般程序；
（四）交易过程中涉及的税费；
（五）法律、法规、规章规定的其他事项。
房地产经纪机构及其从业人员在经纪活动中，应当如实告知委托人服务进度情况以及与交易有关的事项。
第三十四条 委托人应当向房地产经纪机构提供房地产经纪业务所必需的材料，并对所提供材料的真实性和合法性负责。
第三十五条 房地产经纪机构接受委托代理或者提供居间服务的，应当对房地产权利的真实性、委托人的财产处分权限进行查验。
第三十六条 房地产经纪机构对外发布的房源信息应当真实有效，并附有相应的信息编码。
房地产经纪机构应当通过房地产信息系统与当事人签订书面经纪服务合同，取得系统自动生成的房源信息编码。
任何单位和个人可以凭房地产经纪机构发布的房源信息编码，通过房地产信息系统对相应的房源信息进行查验。
第三十七条 房地产经纪机构或者从业人员通过本经纪机构购买、出售、承租、出租房地产的，应当在签订房地产转让、租赁合同前书面告知交易当事人并取得交易当事人书面同意。
第三十八条 未经交易各方当事人书面同意，房地产经纪机构不得代收或者监管交易当事人支付的交易款项。
经交易各方当事人书面同意，房地产经纪机构可以代收或者监管不超过交易价款总额5%的交易款项。
第三十九条 房地产经纪机构发布广告，应当载明其机构名称和备案编号。
房地产经纪机构不得进行虚假广告宣传。
第四十条 房地产经纪机构不得有下列行为：
（一）以其他企业名义或者允许其他企业以本企业名义开展业务；
（二）对交易当事人隐瞒真实的房地产交易价格等信息，赚取交易差价；
（三）为法律、法规、规章禁止交易的房地产提供代理、居间等经纪服务；
（四）虚构事实或者隐瞒真相，对委托人或者其他相关当事人进行误导、欺诈；
（五）强制或者变相强制服务并收取费用等不正当竞争行为；
（六）为交易当事人规避房地产交易税费或者其他非法目的，就同一房地产签订不同交易价款的不同合同提供便利；
（七）法律、法规、规章禁止的其他行为。
第四十一条 房地产经纪人员不得有下列行为：
（一）同时在两个或者两个以上房地产经纪机构中执业；
（二）以个人名义承揽房地产经纪业务或者收取服务报酬；
（三）以他人名义或者允许他人以自己名义从事房地产经纪业务；
（四）索取、收受经纪合同约定以外的报酬或者其他财物，或者利用工作之便，牟取其他不正当利益；
（五）法律、法规、规章禁止的其他行为。


第四章 房地产（土地）估价


第四十二条 本办法所称房地产（土地）估价人员包括房地产估价师、土地估价师及辅助人员。
本办法所称房地产估价师和土地估价师，是指依照国家规定取得房地产估价师执业资格证书或者土地估价师资格证书并经注册的人员。
符合国家规定的资质等级要求的房地产（土地）估价机构可以设立分支机构，分支机构以所属房地产（土地）估价机构的名义对外开展业务。
第四十三条 房地产（土地）估价机构在本市开展房地产（土地）估价业务的，应当在取得资质证书或者开展估价业务之日起30日内持以下材料到主管部门备案：
（一）营业执照；
（二）资质证书；
（三）房地产（土地）估价人员的资格证书、注册证书、劳动合同和社会保险缴纳证明；
（四）主管部门公布的办理备案的其他材料。
主管部门应当在收到前款规定的备案材料后5个工作日内，为其办理备案手续。
第四十四条 房地产（土地）估价机构的分支机构在本市开展业务的，应当在开展估价业务之日起30日内持下列材料到主管部门备案：
（一）分支机构营业执照；
（二）所属房地产（土地）估价机构的资质证书；
（三）分支机构房地产（土地）估价人员的资格证书、注册证书、劳动合同和社会保险缴纳证明；
（四）主管部门公布的办理备案的其他材料。
主管部门应当在收到前款规定的备案材料后5个工作日内，为其办理分支机构备案手续。
第四十五条 房地产（土地）估价人员执业的，应当加入房地产（土地）估价机构（包括依法设立的分支机构，下同），并按规定在房地产（土地）估价行业组织办理备案（以下称执业登记）。
房地产（土地）估价辅助人员应当具有一定的理论知识和实务操作技能。
房地产（土地）估价师应当对辅助人员的业务行为进行指导，对其辅助的执业行为承担责任。
第四十六条 主管部门应当将房地产（土地）估价机构备案信息通过房地产信息系统向社会公示。房地产（土地）估价人员的执业登记信息由房地产（土地）估价行业组织通过房地产信息系统向社会公示。
房地产（土地）估价机构备案信息发生变更的，应当自变更之日起30日内到主管部门办理变更手续。房地产（土地）估价人员的执业登记信息发生变更的，应当自变更之日起30日内，到房地产（土地）估价行业组织办理变更手续。
第四十七条 房地产（土地）估价机构应当在其经营场所公示下列信息：
（一）营业执照；
（二）资质证书；
（三）房地产（土地）估价人员姓名及其执业登记信息；
（四）主管部门发布的房地产（土地）估价委托合同的示范文本；
（五）服务项目、内容、标准和流程；
（六）收费项目、计费依据和标准；
（七）信用档案查询方式；
（八）投诉方式和途径；
（九）主管部门要求公示的其他事项。
房地产（土地）估价机构发布广告，应当载明其机构名称和备案编号。  
第四十八条 房地产（土地）估价机构接受委托开展房地产（土地）估价业务，应当通过房地产信息系统使用主管部门发布的房地产（土地）估价委托合同的示范文本与委托人签订书面委托合同。
第四十九条 房地产（土地）估价机构及执行房地产（土地）估价业务的估价人员与委托人或者估价业务相对人有利害关系的，应当回避。
第五十条 房地产（土地）估价机构接受委托开展估价业务的，应当指派两名以上执业房地产估价师或者土地估价师。
估价师应当对估价对象进行实地查看，做好实地查看记录，委托人及相关当事人应当协助。
第五十一条 房地产（土地）估价机构应当通过房地产信息系统出具估价结果报告。
估价报告应当由执行该项估价业务的估价师签字，并加盖其所在房地产（土地）估价机构印章。
在估价报告上签字的估价师应当对估价报告的真实性和合法性负责。
第五十二条 房地产（土地）估价机构应当建立估价报告内部审核、复核制度。
委托人及其他利害关系人对估价报告有异议的，可以在收到估价报告后5日内，向出具估价报告的估价机构要求复核，估价机构应当在收到复核要求后5日内作出答复。估价结果改变的，应当重新出具估价报告；估价结果没有改变的，应当作出书面通知并说明理由。
第五十三条 委托人及其他利害关系人对复核结果仍有异议的，可以向房地产（土地）估价行业组织申请组织专家技术鉴定。
行业组织应当组织专家进行鉴定，鉴定结论认为估价报告不存在技术问题的，应当维持估价报告；鉴定结论认为估价报告存在技术问题的，估价机构应当改正错误并重新出具估价报告。
第五十四条 房地产（土地）估价机构不得有下列行为：
（一）聘用或者指派未经执业登记的人员以房地产（土地）估价人员的名义或者其他方式从事房地产（土地）估价业务；
（二）以其他企业名义或者允许其他企业以本企业名义开展估价业务；
（三）违反房地产（土地）估价规范和标准进行估价；
（四）出具虚假或者不实的估价报告；
（五）进行不正当竞争；
（六）虚构事实或者隐瞒真相，对委托人或者其他相关当事人进行误导、欺诈；
（七）法律、法规、规章禁止的其他行为。
第五十五条 房地产（土地）估价人员不得有下列行为：
（一）同时在两个或者两个以上房地产（土地）估价机构中执业；
（二）以个人名义承揽房地产（土地）估价业务或者收取服务报酬；
（三）以他人名义或者允许他人以自己名义从事房地产（土地）估价业务；
（四）违反房地产（土地）估价规范和标准进行估价；
（五）签署虚假或者不实的估价报告；
（六）索取、收受委托合同以外的报酬或者其他财物，或者利用工作之便，牟取其他不正当利益；
（七）虚构事实或者隐瞒真相，对委托人或者其他相关当事人进行误导、欺诈；
（八）法律、法规、规章禁止的其他行为。


第五章 房地产行业组织


第五十六条 房地产行业组织是依法成立的房地产行业的自律性社会团体，其组织管理制度及会员的权利义务由章程规定。
房地产行业组织包括房地产开发、经纪、估价协会。
主管部门依法对房地产行业组织进行业务指导。
第五十七条 房地产开发企业和房地产经纪、估价机构加入相应的房地产行业组织，成为团体会员。
房地产经纪人员、房地产（土地）估价人员加入相应的房地产行业组织，成为个人会员。
第五十八条 房地产行业组织行使下列职能：
（一）制定并组织实施本行业的行规行约，建立行业自律机制和会员信用记录；
（二）对违反行业组织章程或者行规行约、损害行业整体利益的会员，采取相应的行业自律措施；
（三）开展行业培训、交流、咨询、展览等活动，推广应用新材料、新技术、新工艺，提升行业素质以及产品和服务质量；
（四）发布市场和行业信息，推荐行业产品或者服务，提供技术咨询；
（五）宣传房地产法律法规及相关政策；
（六）规范行业行为，客观公正地协调会员之间、会员与非会员之间、会员与政府之间，会员与消费者之间的矛盾纠纷，发挥其维护社会公共利益的作用；
（七）协助政府部门开展行业调查、决策咨询及产业政策制订等活动，向政府有关部门反映涉及行业利益的事项，提出意见和建议，维护本行业的利益及会员的合法权益；
（八）承担主管部门委托的行业管理工作，对行业行为进行检查和评价；
（九）法律、法规、规章授权或者政府部门委托以及行业组织章程规定的其他职能。
第五十九条 房地产行业组织不得有下列行为：
（一）通过制定行业规则或者其他方式垄断市场，妨碍公平竞争，损害消费者、非会员单位的合法权益或者社会公共利益；
（二）从事营利性经营活动；
（三）限制会员开展正当的经营活动或者参与其他社会活动；
（四）限制、禁止会员依章程行使权利，要求会员履行章程规定外的义务，侵害会员在本行业组织内的合法权益；
（五）法律、法规、规章禁止的其他行为。


第六章 监督检查


第六十条 主管部门建立房地产市场监管和年报公示制度。
主管部门在履行监管和检查职责时，有权采取下列措施：
（一）进入被检查企业，查阅、摘抄、复制与业务相关的材料；
（二）要求被检查企业和人员提供资质证书、资格证书、项目手册以及其他业务相关材料；
（三）纠正企业和人员的违法违规行为；
（四）法律、法规规定的其他措施。
第六十一条 主管部门在监督检查过程中发现房地产开发企业、经纪和估价机构及其从业人员有违反法律、法规及本办法规定行为的，按照以下方式进行处理：
（一）约谈行为人，促其规范并自行改正；
（二）责令停止违法行为并限期改正；
（三）暂停信息系统使用；
（四）依法进行行政处罚或者移送有关部门依法处理；
（五）提请省以上建设管理部门依法降低、暂扣、吊销行为人资质、资格，或者提请工商部门依法吊销营业执照。
第六十二条 主管部门建立完善房地产市场信息网上发布平台，定期发布新建商品房供应和成交信息，存量商品房供应和成交信息，从业主体信息，项目管理信息，房地产监测报告等房地产市场信息，加强行业管理。
第六十三条 价格综合管理部门应当建立房地产价格监测制度，对商品房市场价格的变动进行监测。
房地产市场价格总水平出现剧烈波动等异常状态的，价格综合管理部门可以会同有关部门对相关房地产开发企业，采取公告、会议、书面通知、约谈等方式给予提醒告诫，对经提醒告诫仍未规范价格行为，违反价格法律法规的，由价格监督执法部门依法进行处罚。
第六十四条 价格监督执法部门、工商部门应当加强对房地产开发企业、经纪和估价机构的不正当竞争、价格违法行为的监管，并依法予以查处。
价格监督执法部门、工商等部门发现房地产开发企业、经纪和估价机构的行为涉及价格垄断的，应当移交反垄断执法机构依法进行查处。
第六十五条 劳动部门应当加强对房地产开发企业、估价和经纪机构劳动合同管理、员工社会保险缴纳等执行劳动法律、法规、规章的监管，依法查处房地产开发企业、估价和经纪机构劳动违法行为。
第六十六条 主管部门应当对在本市开展业务的房地产开发企业、经纪和估价机构及其从业人员，根据其经营业绩、信用记录等建立房地产行业诚信档案，向社会公示。
房地产开发企业、经纪和估价机构及其从业人员违反行业自律规范的行为、违法违规行为、经查证属实的被投诉举报记录、行政处罚及刑事处罚等情况，应当作为不良信用记录记入其诚信档案。
主管部门应当根据本办法制定房地产行业诚信档案的具体管理办法。主管部门可以委托相关房地产行业组织承担房地产诚信档案管理的具体事宜。
主管部门可以根据房地产开发企业、经纪和估价机构及其从业人员的不良信用记录，制定依法限制其从事房地产开发、经纪和估价活动的具体条件和程序。
第六十七条 任何单位或者个人不得强制或者变相强制房地产开发企业、经纪和估价机构参加评比、达标、赞助和展销等活动。
房地产开发企业、经纪和估价机构不得擅自组织或者参加未经依法批准的各类评比、排序。
第六十八条 媒体刊载、报道、传播虚假、失实的房地产市场信息的，应当通过本媒体进行公开更正，消除影响。媒体未进行公开更正的，相关部门或者有关当事人可以提请新闻出版主管部门依法查处。


第七章 法律责任


第六十九条 主管部门和其他相关部门及其工作人员在房地产行业管理工作中玩忽职守、徇私舞弊、滥用职权或者有其他违法违纪行为的，依法追究行政责任；涉嫌犯罪的，移送司法机关依法处理。
第七十条 房地产行业组织违反本办法，有第五十九条规定行为之一的，由主管部门责令改正，拒不改正或者情节严重的，由主管部门移送民政部门依法处理。
房地产行业组织受委托从事公务时有违反本办法或者法律、法规、其他规章规定行为的，主管部门应当责令停止或者改正违法行为，情节严重的，主管部门应当中止委托，责令房地产行业组织进行整改，整改合格后方可恢复委托，其具体承办公务的工作人员不得再次从事房地产行业组织受托的公务。
房地产行业组织及其工作人员违法行为涉嫌犯罪的，移送司法机关依法处理。
第七十一条 房地产开发企业违反本办法的，按照以下规定处理：
（一）违反本办法，房地产开发项目申请预售前项目资本金账户余额低于项目资本金10%，或者在项目取得规划验收合格凭证前擅自提取使用的，由主管部门责令限期改正，处10万元罚款，不予颁发《商品房预售许可证》，已经颁发的责令暂停预售；
（二）违反本办法，未建立项目手册，或者未按规定填写项目手册的，由主管部门责令限期改正，处2万元罚款；
（三）违反本办法，商品房销售价格未申报备案，或者调整销售价格未按规定办理备案变更，由价格监督执法部门责令改正，处10万元罚款；
（四）违反本办法，未取得预售许可证而销售或者以内部认购、内部认筹等方式变相销售商品房的，由主管部门责令停止违法销售行为，并按实际销售的商品房数量每套处10万元罚款；
（五）违反本办法，未在营业场所公示有关材料的，由主管部门责令限期改正，按未公示材料每项处1万元罚款；
（六）违反本办法，未通过预售款专用存款账户收取商品房预售款的，由主管部门责令限期改正，按未通过预售款专用账户收取预售款的商品房数量每套处5万元罚款；
（七）违反本办法，有第二十三条第（一）（二）（五）项规定行为之一的，由主管部门责令限期改正，暂停销售，按违法行为涉及商品房数量每套处10万元罚款；
（八）违反本办法，有第二十四条、第二十五条规定行为之一的，由主管部门责令限期改正；对实施价格违法行为和不正当竞争的房地产开发企业，由价格监督执法部门、工商部门依照有关规定处理。
对因违法行为被依法吊销营业执照或者房地产开发资质证书的房地产开发企业，自营业执照或者房地产开发资质证书被吊销之日起3年内，相关主管部门应当依法禁止其股东、董事、监事、高级管理人员在本市从事房地产开发经营或者取得新出让的土地使用权。
房地产开发项目影响城市规划尚可采取改正措施的，在依法处罚、补办手续前，主管部门可以暂停该项目涉及违法建设的部分或者全部商品房的销售。
第七十二条 房地产经纪、估价机构及其工作人员在明知或者应当知道的情况下，为房地产开发企业实施价格违法或者不正当竞争行为提供服务或者便利的，由工商、价格监督执法部门责令停止违法行为，对房地产经纪、估价机构处5万元罚款。
建设工程监理单位、施工单位及商业银行，违反本办法规定，有出具虚假证明文件、怠于履行监管职责等行为，导致房地产开发企业抽逃预售款的，由建设部门或者银行监管部门责令停止违法行为，处10万元罚款。
第七十三条 房地产经纪机构违反本办法的，按照以下规定处理：
（一）违反本办法，超过规定限额代收或者监管当事人交易款项的，由主管部门责令限期退还超出部分的款项，按超过限额代收或者监管交易款项行为每次处5万元罚款；
（二）违反本办法，未发布或者未按规定发布房源信息编码的，由主管部门责令限期改正，按未发布或者未按规定发布的房源信息编码每条处1万元罚款；
（三）违反本办法，有第四十条第（一）项至第（七）项规定行为之一的，由主管部门责令限期改正，处5万元罚款。
房地产经纪人员违反本办法的，按照以下规定处理：
（一）违反本办法，有第四十一条规定行为之一的，由主管部门责令限期改正，处2万元罚款；
（二）违反本办法，房地产经纪人执行业务时未按规定签字的，由主管部门责令限期改正，对房地产经纪人按未签字执行业务数量每宗处5000元罚款，对所属房地产经纪机构按未签字执行业务数量每宗处1万元罚款。
第七十四条 房地产（土地）估价机构违反本办法，有第五十四条第（二）项至第（七）项规定行为之一的，由主管部门责令限期改正，处5万元罚款。
房地产（土地）估价人员违反本办法，有第五十五条规定行为之一的，由主管部门责令限期改正，处2万元罚款。
第七十五条 房地产经纪、估价机构违反本办法，未经备案而在本市开展业务的，由主管部门责令限期改正，处5万元罚款。
房地产估价人员违反本办法，未经执业登记而在本市从事业务的，由主管部门责令限期改正，对房地产估价人员处1万元罚款，对实际聘用机构处3万元罚款。
房地产经纪、估价机构及其分支机构违反本办法，机构备案信息或者估价人员执业登记信息发生变更未在规定时限内办理变更备案手续的，由主管部门对房地产经纪、估价机构处1万元罚款。
第七十六条房地产经纪、估价机构违反本办法，未在营业场所公示有关材料的，由主管部门责令限期改正，按未公示材料每项处以1万元罚款。
第七十七条 房地产开发企业、经纪和估价机构违反本办法，在发布广告时未载明房地产经纪、估价机构的名称和备案编号的，由主管部门责令限期改正，对违反本办法发布房地产广告的广告主、广告经营者和广告发布者，由工商部门分别处5万元罚款；有其他广告违法行为的，依照相关法律法规依法处理。
第七十八条 依法设立的房地产经纪、估价机构分支机构有本办法规定应予处罚行为的，其所属房地产经纪、估价机构在本市登记注册的，主管部门应当直接对其所属房地产经纪、估价机构作出处罚；其所属房地产经纪、估价机构不在本市登记注册的，主管部门对该分支机构作出处罚后，可以建议房地产经纪、估价机构登记注册地相关主管部门依法进行处理。
第七十九条 未取得房地产开发资质的单位或者个人擅自进行房地产开发，或者违反国家土地管理法律法规擅自在未依法取得建设用地使用权的土地上建设的，依法予以拆除。对质量安全且不严重影响城市规划可以加以利用的，依法没收或者征收后用于保障性住房。
对违反本办法第七条第二款规定，销售违法开发建设的违法建筑的，由主管部门依法没收违法所得，违法所得无法计算的，按照所实际销售的违法建筑经评估的工程造价额计算违法所得；涉嫌非法经营犯罪的，移送司法机关依法处理。
对承建本办法第七条第二款规定违法建筑的施工企业，由建设部门依法予以处理；对违反本办法第七条第三款规定，为违法开发建设的违法建筑销售提供服务或者便利的法律服务机构、公证机构、商业银行等，由司法行政部门、银行监管机构依照各自职责依法进行处理。

",深圳市 第七届 人民代表大会常务委员会 公告 第七十四 信息 来源 深圳市 人民代表大会常务委员会 信息 提供 日期 字体 大中小 法规 规章 发布 机构 深圳市 人民代表大会常务委员会 发布 日期 深圳市 第七届 人民代表大会常务委员会 公告 第七十四 深圳市 人民代表大会常务委员会 关于 暂时 停止 适用 深圳经济特区 房地产 转让 条例 有关 规定 决定 第七十四 深圳市 人民代表大会常务委员会 关于 暂时 停止 适用 深圳经济特区 房地产 转让 条例 有关 规定 决定 深圳市 第七届 人民代表大会常务委员会 第十四次 会议 通过 现予 公布 深圳市 人民代表大会常务委员会 深圳市 人民代表大会常务委员会 关于 暂时 停止 适用 深圳经济特区 房地产 转让 条例 有关 规定 决定 深圳市 第七届 人民代表大会常务委员会 第十四次 会议 深圳经济特区 房地产 转让 条例 有关 规定 如下 决定 暂时 停止 适用 深圳经济特区 房地产 转让 条例 第三十四条 第一款 第四项 第三十六条 第三十七条 规定 暂时 停止 适用 上述 有关 规定 期限 三年 暂时 停止 适用 期间 商品房 预售 资金 监管 按照 人民政府 有关 规定 执行 实践证明 可行 应当 修改 完善 法规 有关 规定 实践证明 不宜 停止 恢复 施行 法规 有关 规定 决定 公布 之日起 施行 附件 暂时 停止 适用 深圳经济特区 房地产 转让 条例 相关 规定 附件 暂时 停止 适用 深圳经济特区 房地产 转让 条例 相关 规定 第三十四条 第一款 第四项 房地产 开发商 预售 房地产 应当 符合 下列 条件 房地产 开发商 金融机构 签订 预售 监管 协议 第三十六条 预售 应当 房地产 开发商 委托 金融机构 代收 代收 预售 金融机构 应当 预售 监管 机构 第三十七条 预售 应当 专款专用 工程 监理 机构 根据 建筑工程 承包合同 规定 进度 计划 工程 实际 进度 书面通知 预售 监管 机构 转让 划款 工程 监理 机构 书面通知 预售 监管 机构 不得 直接 转让 划款 工程 监理 机构 预售 监管 机构 监管 不当 造成 受让人 损失 应当 房地产 开发商 承担 连带 赔偿 责任 深圳经济特区 房地产 转让 条例 信息 来源 深圳市 人民代表大会常务委员会 信息 提供 日期 字体 大中小 深圳市 第一届 人民代表大会常务委员会 第十七次 会议 通过 根据 深圳市 第二届 人民代表大会常务委员会 第三十三 会议 关于 修改 深圳经济特区 房地产 转让 条例 决定 第一次 修正 根据 深圳市 第六届 人民代表大会常务委员会 第三十六 会议 关于 修改 深圳经济特区 人体器官 捐献 移植 条例 四十五项 法规 决定 第二次 修正 第一章 总则 第二章 房地产 买卖 第一节 房地产 买卖合同 第二节 房地产 现售 第三节 房地产 预售 第三章 房地产 交换 赠与 第四章 房地产 转让 代理 经纪 第五章 房地产 转让 第六章 罚则 第七章 附则 第一章 第一条 为了 规范 房地产 转让 行为 保障 房地产 转让 当事人 合法权益 维护 深圳经济特区 以下 简称 特区 房地产 市场秩序 制定 条例 第二条 条例 适用 特区 房地产 转让 第三条 条例 房地产 土地 土地 建筑物 附着物 条例 房地产 转让 合法 拥有 土地 使用权 土地 建筑物 附着物 所有权 自然人 法人 其他 组织 通过 买卖 交换 赠与 房地产 转移 他人 法律 行为 第四条 房地产 转让 应当 遵循 合法 公平 自愿 诚实信用 原则 第五条 房地产 转让 建筑物 附着物 所有权 应当 建筑物 附着物 占用 土地 使用权 同时 转让 不得 分割 第六条 住房 建设 部门 特区 房地产 市场 主管部门 以下 简称 主管部门 依法 房地产 转让 进行 管理 第七条 下列 房地产 应当 主管部门 批准 补足 地价款 方可 转让 通过 行政 划拨 取得 土地 使用权 取得 土地 使用权 减免 地价款 法律 法规 规定 其他 情形 第八条 下列 房地产 不得 转让 根据 城市规划 人民政府 决定 收回 土地 使用权 司法机关 行政 机关 依法 裁定 决定 查封 或者 其他 形式 限制 房地产 权利 共有 房地产 未经 其他 有人 书面 同意 设定 抵押权 房地产 未经 抵押权人 同意 权属 争议 法律 法规 或者 人民政府 规定 禁止 转让 其他 情形 第九条 房地产 预售 应当 主管部门 批准 预购 房地产 办理 不动产 转移 登记 领取 不动产 权属 证书 转让 按照 人民政府 有关 规定 办理 第十条 下列 行为 视同 房地产 转让 房地产 作为 出资 他人 成立 法人 企业 一方 提供 土地 使用权 另一方 或者 多方 提供 资金 合作开发 房地产 产权 分成 收购 或者 合并 企业 房地产 转移 权利 所有 房地产 抵债 国有企业 之间 或者 其他 组织 之间 房地产 调拨 第十一条 下列 行为 属于 房地产 转让 有人 之间 共有 房地产 分割 国家机关 财政拨款 事业单位 与其 下属 机构 之间 房地产 行政 调拨 第十二条 房地产 转让 土地 使用权 出让 合同规定 权利 义务 同时 转移 转让 应当 土地 使用权 出让 合同书 或者 复印件 提供 受让人 第十三条 房地产 转让 转让 同宗 土地 道路 绿地 休憩 空余 电梯 楼梯 连廊 走廊 天台 或者 其他 公用设施 拥有 权益 同时 转移 房地产 首次 转让 合同 停车场 广告 权益 没有 特别 约定 停车场 广告 权益 房地产 同时 转移 特别 约定 不动产 登记 机构 首次 登记 登记 权利 拥有 第十四条 房地产 转让 当事人 应当 按照 深圳经济特区 房地产 登记 条例 规定 办理 产权 转移 登记 第十五条 不动产 登记 机构 核准 转移 登记 日期 房地产 产权 转移 日期 第十六条 房地产 风险 责任 产权 转移 转让 承担 产权 转移 受让人 承担 第十七条 房地产 转让 当事人 一方 双方 境外 组织 或者 个人 转让 合同 应当 深圳市 公证机关 公证 第二章 房地产 买卖 第一节 房地产 买卖合同 第十八条 房地产 买卖 当事人 应当 依法 订立 房地产 买卖合同 第十九条 房地产 买卖合同 应当 采用 主管部门 统一 制作 示范 文本 房地产 买卖合同 应当 具备 以下 条款 当事人 姓名 或者 名称 地址 不动产 权属 证书 编号 房地产 座落 位置 面积 四至 界线 土地 宗地 土地 使用权 性质 年期 房地产 用途 买卖 价款 支付 方式 日期 房地产 交付使用 日期 公用 部分 权益 分享 有人 权利义务 违约责任 合同纠纷 解决办法 十一 合同 生效 条件 时间 十二 双方 认为 必要 其他 事项 第二十条 预售 房地产 当事人 约定 交付 房地产 时间 应当 竣工 验收 合格 之后 第二十一条 房地产 开发商 应当 房地产 交付使用 受让人 提供 住宅 质量 保证书 住宅 使用 说明书 住宅 质量 保证书 应当 列明 工程质量 监督 单位 核验 质量 等级 保修 范围 保修期 保修 单位 内容 房地产 开发商 应当 按照 住宅 质量 保证书 约定 承担 房地产 保修 责任 保修期 不得 少于 一年 保修期 房地产 开发商 房地产 进行 维修 致使 房屋 使用 功能 受到 影响 受让人 造成 损失 应当 依法 承担 赔偿 责任 第二十二条 违反 法律 行政 法规 强制性 规定 房地产 买卖合同 无效 无效 房地产 买卖合同 订立 时起 具有 法律 约束力 第二十三条 房地产 买卖合同 确认 无效 当事人 一方 过错 应当 赔偿 对方 因此 遭受 损失 当事人 双方 过错 应当 各自 承担 相应 责任 第二十四条 发生 下列 情形 之一 可以 变更 或者 解除 房地产 买卖合同 当事人 双方 协商一致 并且 因此 损害 国家 利益 他人 合法权益 不可抗力 致使 房地产 买卖合同 无法 履行 或者 不能 全部 履行 一方 违约 房地产 买卖合同 履行 成为 不必要 出现 房地产 买卖合同 约定 变更 或者 解除合同 条件 双方 协商 变更 或者 解除合同 应当 订立 书面 协议 一方 当事人 根据 本条 第一款 第二项 第三项 第四项 规定 要求 变更 或者 解除合同 应当 及时 通知 对方 第二十五条 变更 或者 解除 房地产 买卖合同 致使 一方 当事人 遭受 损失 过错 一方 当事人 应当 赔偿 责任 第二十六条 转让 过错 不能 按照 约定 时间 交付 房地产 转让 应当 支付 违约金 违约金 数额 房地产 买卖合同 中有 约定 合同 约定 约定 延期 交付 房地产 期间 指导 租金 造成 受让人 损失 转让 人除 支付 违约金 应当 赔偿 责任 转让 超过 房地产 买卖合同 约定 时间 九十日 交付 房地产 受让人 有权 解除合同 但是 转让 受让人 另有 约定 除外 第二十七条 现售 房地产 受让人 按照 约定 期限 给付 价款 受让人 应当 支付 违约金 受让人 过错 造成 转让 损失 受让人 支付 违约金 应当 赔偿 责任 受让人 超过 房地产 买卖合同 约定 时间 九十日 给付 价款 转让 有权 解除合同 但是 受让人 转让 约定 除外 第二十八条 预售 房地产 受让人 按期 给付 价款 按照 下列 规定 承担 违约责任 受让人 给付 金额 达到 应付 价款 百分之五十 以上 受让人 应当 按照 中国人民银行 有关 延期付款 规定 转让 支付 延期付款 违约金 受让人 给付 金额 不足 应付 价款 百分之五十 转让 可以 要求 受让人 支付 违约金 受让人 超过 合同 约定 时间 九十日 给付 应付 价款 转让 有权 解除 房地产 买卖合同 第二十九条 产权 转移 登记 房地产 买卖合同 内容 履行 完毕 当事人 应当 继续 履行 第二节 房地产 现售 第三十条 现售 房地产 转让 土地 使用权 建筑物 附着物 所有权 应当 依法 登记 取得 不动产 权属 证书 第三十一条 买卖 方式 转让 房地产 同等条件 下列 当事人 享有 优先购买 房地产 有人 房地产 承租人 一项 房地产 买卖 同时 具有 当事人 按照 上述 顺序 依次 享有 优先购买 第三十二条 受让人 有权 房地产 状况 包括 权属 结构 装修 抵押 关系 租赁 关系 相邻 关系 土地出让 合同 情况 进行 了解 转让 人有 提供 有关 情况 义务 转让 故意 隐瞒 真实情况 造成 房地产 买卖合同 无效 应当 受让人 因此 遭受 损失 赔偿 责任 第三十三条 房地产 买卖 出租 受让人 应当 继续 履行 房屋 租赁 合同 第三节 房地产 预售 第三十四条 房地产 开发商 预售 房地产 应当 符合 下列 条件 土地 使用权 已经 依法 登记 取得 不动产 权属 证书 取得 建筑 许可证 开工 许可证 付清 地价款 投入 开发 建设 资金 已达 工程预算 投资总额 百分之二十五 注册 会计师 验资 房地产 开发商 金融机构 签订 预售 监管 协议 土地 使用权 抵押 或者 解除 抵押 关系 符合 条件 主管部门 核准 发给 房地产 预售 许可证 第三十五条 房地产 开发商 应当 预售 房地产 说明书 设计 图纸 销售 广告 公开 展示 文件 真实性 负责 第三十六条 预售 应当 房地产 开发商 委托 金融机构 代收 代收 预售 金融机构 应当 预售 监管 机构 第三十七条 预售 应当 专款专用 工程 监理 机构 根据 建筑工程 承包合同 规定 进度 计划 工程 实际 进度 书面通知 预售 监管 机构 转让 划款 工程 监理 机构 书面通知 预售 监管 机构 不得 直接 转让 划款 工程 监理 机构 预售 监管 机构 监管 不当 造成 受让人 损失 应当 房地产 开发商 承担 连带 赔偿 责任 第三十八条 房地产 开发商 应当 依照 中华人民共和国 城市 房地产 管理法 规定 预售 房地产 买卖合同 主管部门 备案 第三十九条 预售 房地产 建筑 工程施工 过程 公共设施 部分 不得 变更 设计 确需 变更 设计 应当 征得 全体 受让人 五分 之四 以上 同意 第四十条 房地产 开发商 不得 抵押 预售 房地产 第三章 房地产 交换 赠与 第四十一条 房地产 交换 当事人 各自 拥有 房地产 互相 转移 对方 法律 行为 第四十二条 交换 房地产 当事人 应当 依法 订立 房地产 交换 合同 房地产 交换 合同 订立 履行 变更 解除 参照 房地产 买卖合同 有关 规定 执行 第四十三条 房地产 赠与 当事人 一方 自己 拥有 房地产 无偿 转移 他方 法律 行为 第四十四条 自然人 作为 房地产 赠与 应当 具有 完全 民事行为 能力 第四十五 法律 法规 另有 规定 房地产 受赠人 可以 国家 自然人 法人 或者 其他 组织 第四十六 赠与 房地产 赠与 受赠人 应当 订立 书面 房地产 赠与 合同 第四十七条 房地产 赠与 合同 生效 时间 产权 转移 登记 时间 四十八条 条件 赠与 受赠人 按照 约定 条件 履行 赠与 可以 要求 受赠人 履行 条件 规定 义务 或者 撤销 已经 登记 赠与 条件 不能 履行 或者 需要 履行 赠与 不能 撤销 生效 赠与 第四章 房地产 转让 代理 经纪 第四十九条 当事人 可以 委托 代理人 转让 房地产 委托 代理人 转让 房地产 应当 办理 委托 手续 第五十 从事 房地产 转让 经纪 业务 自然人 法人 其他 组织 应当 取得 相应 资格 取得 资格 条件 程序 按照 人民政府 规定 办理 第五十一条 代理人 经纪人 应当 按照 委托人 委托 价格 买卖 房地产 第五十二 代理人 代理 房地产 转让 佣金 标准 委托人 代理人 双方 约定 经纪人 佣金 标准 市政府 规定 执行 第五十三条 经纪人 代理 房地产 转让 应当 转让 当事人 资格 不动产 产权 合法性 进行 查验 经纪人 应当 房地产 转让 合同 签名 盖章 第五十四条 由于 经纪人 过错 经纪人 代销 房地产 不能 登记 或者 不能 规定 时间 获准 登记 造成 受让人 损失 经纪人 应当 赔偿 责任 第五章 房地产 转让 第五十五 房地产 转让 当事人 应当 依法 纳税 第五十六条 房地产 转让 土地 增值 转让 应当 交纳 土地增值 土地增值 收取 办法 由市 人民政府 另行规定 第五十七条 房地产 交换 差价 应当 差价 部分 按照 有关 规定 纳税 第六章 第五十八 违反 条例 第七条 规定 转让 房地产 转让 行为 无效 主管部门 转让 人处 房地产 转让 价款 百分之十 罚款 第五十九 违反 条例 第八条 第一项 第二项 第六项 第九条 第一款 第三十条 规定 转让 房地产 转让 行为 无效 转让 人有 非法所得 主管部门 没收 非法所得 并处 转让 价款 百分之十 罚款 转让 持有 房地产 开发 资质 可以 情节 轻重 作出 不予 资质 或者 吊销 房地产 开发 资质 处罚 第六十条 房地产 开发商 违反 条例 第二十条 规定 房地产 竣工 验收 合格 之前 交付 房地产 交付 行为 无效 受让人 有权 拒绝接受 交付 主管部门 可以 房地产 开发商 给予 警告 或者 转让 价款 百分之十 罚款 情节严重 给予 不予 资质 或者 吊销 房地产 开发 资质 处罚 第六十一条 房地产 开发商 预售 房地产 按照 规定 房地产 买卖合同 主管部门 备案 预售 房地产 主管部门 转让 人处 转让 价款 百分之五 以下 罚款 转让 持有 房地产 开发 资质 可以 情节 轻重 作出 警告 不予 资质 或者 吊销 房地产 开发 资质 处罚 第六十二 违反 条例 第五十 规定 从事 房地产 经纪 活动 主管部门 没收 非法所得 并处 非法所得 一倍 以上 二倍 以下 罚款 第六十三条 当事人 隐瞒 房地产 转让 真实情况 按照 规定 交纳 有关 费用 主管部门 责令 补交 并处 应交 费用 二倍 以上 五倍 以下 罚款 第七章 第六十四 微利 商品住宅 福利 住宅 转让 条件 范围 程序 依照 人民政府 有关 规定 执行 第六十五条 人民政府 可以 根据 条例 制定 实施细则 第六十六 条例 日起 施行 过去 特区 实施 有关 规定 条例 抵触 以本 条例 为准 深圳市 房地产 市场监管 办法 深圳市人民政府 发布 深圳市人民政府 修正 第一章 第一条 加强 深圳市 以下 简称 本市 房地产 市场 管理 规范 房地产 开发 经营 经纪 估价 行为 维护 房地产 市场秩序 保障 房地产 活动 当事人 合法权益 根据 有关 法律 法规 规章 结合 本市 实际 制定 办法 第二条 办法 适用 本市 行政区域 房地产 开发 经营 经纪 估价 活动 相应 房地产 市场 管理 行为 第三条 房地产 开发 经营 经纪 估价 应当 遵循 合法 平等 公平 自愿 诚实信用 原则 房地产 开发 企业 经纪 估价 机构 及其 从业人员 合法权益 法律 保护 任何 单位 个人 不得 非法 干预 业务 活动 结果 房地产 开发 企业 经纪 估价 机构 及其 从业人员 应当 妥善 保管 业务 活动 获悉 交易 当事人 资料 保守 当事人 个人隐私 商业秘密 不得 违法 利用 其所 获取 信息 第四条 市政 房地产 主管部门 以下 简称 主管部门 依法 房地产 市场 进行 指导 检查 管理 发展 改革 工商 价格 建设 税务 劳动 国有资产 管理 银行 监管 部门 依据 各自 职责 对房 地产 市场 行为 进行 监管 第五条 主管部门 应当 根据 房地产 市场监管 要求 建立 房地产 信息系统 作为 房地产 交易 管理 操作 平台 有关 房地产 交易 管理 信息 发布 平台 实现 房地产 市场 动态 监控 依法 公开 信息 使用 房地产 信息系统 应当 进行 数字 认证 获取 相应 操作 权限 信息系统 管理 使用 办法 主管部门 另行 制定 第六条 鼓励 引导 房地产 开发 企业 经纪 估价 机构 成立 完善 相关 房地产 行业 组织 房地产 行业 组织 主管部门 指导 依照 法律 法规 规章 行业 组织 章程 实行 房地产 行业 自律 管理 房地产 行业 组织 应当 积极 组织 房地产 开发 企业 经纪 估价 机构 及其 从业人员 业务培训 继续 教育 房地产 开发 企业 经纪 估价 机构 及其 从业人员 应当 按时 参加 业务培训 继续 教育 不断 提高 业务素质 从业 水平 第二章 房地产 开发 经营 第七条 从事 房地产 开发 经营 活动 企业 应当 依法 取得 房地产 开发 资质证书 禁止 取得 房地产 开发 资质证书 任何 单位 个人 从事 房地产 开发 禁止 任何 单位 个人 违反 国家 土地 管理 法律法规 擅自 依法 取得 建设 用地 使用权 土地 进行 房地产 开发 禁止 销售 前款 规定 违法 开发 建设 建筑物 禁止 任何 单位 个人 销售 行为 提供 法律 见证 经纪 公证 贷款 服务 便利 第八条 房地产 开发 项目 应当 申报 立项 按照 国家有关 规定 建立 项目 资本金 商业银行 设立 专户 存储 专项 用于 项目 建设 商业银行 办理 项目 资本金 存储 手续 应当 房地产 开发 企业 出具 项目 资本金 存储 证明 房地产 开发 项目 建设 资金 包括 项目 资本金 项目 资本金 符合 国家有关 规定 发展 改革 部门 不予 核准 立项 建设 部门 不予 颁发 施工 许可证 第九条 房地产 开发 项目 申请 预售 项目 资本金 账户 余额 应当 低于 项目 资本金 项目 取得 规划 验收 合格 凭证 方可 提取 使用 符合 提取 使用 条件 房地产 开发 企业 不得 任何 方式 前款 规定 项目 资本金 挪作他用 商业银行 不得 拨付 商业银行 出具 资本金 存储 证明 或者 本条 规定 拨付 资金 银行 监管部门 应当 依法处理 征信 记录 中作 不良行为 记录 第十条 房地产 开发 企业 应当 签订 建设 用地 使用权 出让 合同 日内 建立 房地产 开发 项目 手册 房地产 开发 项目 建设 经营 过程 主要 事项 应当 房地产 开发 项目 手册 予以 记载 及时 更新 第十一条 房地产 开发 企业 销售 商品房 之前 应当 合理 确定 销售价格 并报 价格 监督 执法 部门 备案 房地产 开发 企业 应当 按照 备案 销售价格 明码标价 销售 商品房 确需 调整 销售价格 调整 幅度 超出 备案 价格 应当 调整 价格 办理 备案 变更 价格 综合 管理 部门 应当 会同 相关 部门 制定 公布 房地产 开发 价格 行为 规则 引导 规范 房地产 开发 企业 依法 自主 定价 第十二条 商品房 预售 应当 符合 下列 条件 付清 地价款 取得 房地产 权利 证书 取得 建设工程 规划 许可证 建设 工程施工 许可证 七层 以下 含本数 商品房 项目 封顶 七层 以上 商品房 项目 完成 地面 以上 三分之二 层数 确定 施工进度 竣工 交付 日期 预售 商品房 项目 及其 土地 使用权 设定 他项 权利 司法机关 或者 行政 机关 查封 扣押 项目 资本金 账户 余额 低于 项目 资本金 法律 法规 规定 其他 条件 房地产 开发 企业 依法 取得 商品房 预售 许可证 不得 直接 出售 或者 内部 认购 内部 认筹 方式 变相 出售 商品房 第十三条 取得 预售 许可证 房地产 开发 企业 应当 日内 通过 房地产 信息系统 一次 公示 全部 预售 商品房 预售 时间 预售 地点 预售 方式 预售 价格 不得 内部 认购 内部 认筹 方式 进行 公开 预售 第十四条 房地产 开发 企业 销售 商品房 应当 下列 材料 营业 场所 公示 购房 指引 营业执照 资质证书 建设 用地 规划 许可证 建设工程 规划 许可证 建设 工程施工 许可证 采取 预售 应当 公示 商品房 预售 许可证 建设 用地 使用权 出让 合同书 商品房 买卖合同 示范 文本 附件 商品房 项目 平面图 测绘 报告 商品房 能源消耗 指标 节能 措施 保护 要求 保温 工程 保修期 商品房 销售 控制 业主 临时 管理 规约 十一 前期 物业 服务 企业 名称 收费 标准 物业 服务 合同 十二 法律 法规 规章 主管部门 要求 公示 其他 材料 第十五条 房地产 开发 企业 应当 购房人 查询 所购 商品房 有关 城市规划 公共 配套 设施 开发进度 信息 提供 便利 第十六条 房地产 开发 企业 应当 通过 房地产 信息系统 使用 主管部门 提供 商品房 认购书 商品房 买卖合同 示范 文本 房地产 开发 企业 购房人 协商一致 可以 依法 示范 文本 条款 进行 变更 或者 增减 条款 不得 违反 法律 法规 强制性 规定 以及 建设 用地 使用权 出让 合同 约定 房地产 开发 企业 预售 商品房 应当 商品房 买卖合同 签订 之日起 日内 签订 合同 通过 房地产 信息系统 主管部门 备案 第十七条 房地产 开发 企业 销售 广告 售楼 样板房 商品房 相关 设施 说明 允诺 具体 确定 商品房 买卖合同 订立 价格 确定 重大 影响 应当 视为 商品房 买卖合同 内容 房地产 开发 企业 应当 样板房 装修 装饰 材料 及其 价格 规格 信息 书面形式 详细 说明 逐项 列明 是否 销售 商品房 一致 置于 样板房 入口 显要位置 房地产 开发 企业 提供 样板房 说明 样板房 具体 确定 商品房 相关 设施 说明 允诺 样板房 说明 未予 说明 明确 项目 样板房 项目 具体 确定 商品房 相关 设施 说明 允诺 第十八条 商品房 预售 项目 竣工 商品房 预售 必须 专项 用于 购买 预售 项目 建设 必需 建筑材料 设备 支付 项目 建设 施工进度 工资 社会保险 法定 税费 行政 罚款 不得 挪作他用 第十九条 房地产 开发 企业 使用 预售 缴纳 法定 税费 行政 罚款 应当 法定 税费 计税 依据 凭证 或者 行政处罚 决定书 商业银行 申请 提取 使用 使用 预售 支付 工程进度 工资 社会保险 或者 建设 材料 设备 款项 应当 凭经 监理 企业 施工 企业 共同 确认 施工 计划 施工进度 说明 施工 企业 或者 材料 设备 供应 企业 收款 账号 商业银行 申请 提取 使用 款项 直接 支付 施工 企业 或者 材料 设备 供应 企业 商业银行 收到 预售 拨付 请求 可以 工程进度 进行 现场 查验 查验 认为 申请 使用 款项 进度 明显 不符 商业银行 应当 拒绝 拨付 商业银行 按本 办法 第十八条 第十九条 规定 拨付 预售 银行 监管部门 应当 依法处理 征信 记录 中作 不良行为 记录 第二十条 房地产 开发 企业 应当 预售 申请 使用 拨付 情况 如实 即时 载入 项目 手册 房地产 开发 企业 应当 按照 有关 规定 房地产 开发 项目 竣工 验收 及时 办理 工程 结算 手续 施工 企业 支付 工程 结算 房地产 开发 企业 应当 工程款 质量 保修 全部 依约 支付 完毕 后方 开户 商业银行 办理 预售 专用 账户 注销 手续 第二十一条 房地产 开发 企业 委托 房地产 经纪 机构 代理 销售 商品房 应当 发布 商品房 销售 广告 同时 载明 受托 房地产 经纪 机构 名称 备案 编号 第二十二条 房地产 开发 企业 怠于 开发 建设 造成 土地 闲置 主管部门 应当 依法 进行 处置 纳入 诚信 档案 房地产 开发 企业 闲置 土地 处置 方案 要求 相关 处置 责任 履行 完毕 主管部门 应当 土地 使用权 招标 拍卖 挂牌 公开 出让 条件 禁止 房地产 开发 企业 及其 控股 股东 参与 竞买 第二十三条 房地产 开发 企业 房地产 销售 活动 不得 下列 损害 购房人 权益 行为 解除 商品房 买卖合同 作为 合同 标的物 商品房 再行 销售 他人 订立 虚假 合同 违反 价格 备案 制度 出售 商品房 取得 商品房 预售 许可证 购房人 签订 商品房 认购书 或者 意向 诚意金 及其 形式 收取 购房人 押金 定金 或者 购房款 违背 购房人 意愿 搭售 其他 商品 强制 或者 变相 强制 服务 收取 费用 或者 附加 购房人 提供 资金 证明 其他 不合理 条件 法律 法规 规章 禁止 其他 行为 第二十四条 房地产 开发 企业 房地产 开发 经营 活动 不得 下列 价格 违法行为 协议 决定 或者 其他 协同 行为 相互 串通 统一 确定 维持 变更 价格 通过 囤积 截留 房源 捂盘 惜售 方式 限制 销售 数量 操纵 价格 捏造 散布 涨价 或者 房源 断缺 信息 哄抬 价格 引发 市场 恐慌 推动 商品房 价格 过高 上涨 提供 相同 等级 相同 质量 商品房 正当理由 不同 交易 相对 实行 不同 销售价格 法律 法规 规章 禁止 其他 价格 违法行为 第二十五条 房地产 开发 企业 房地产 开发 经营 活动 不得 下列 正当竞争 行为 擅自 使用 他人 企业 或者 项目名称 以及 代表 名称 标志 图形 代号 使人 误认为 他人 商品房 或者 经营 活动 伪造 或者 冒用 认证标志 名优 标志 质量 标志 商品房 质量 作引人 误解 虚假 表示 销售 商品房 目的 利用 财物 或者 其他 手段 项目 建设 通讯 质检 供水 供电 企业 事业单位 以及 房地产 经纪 估价 中介机构 进行 贿赂 正当 手段 获取 他人 商业秘密 或者 披露 使用 允许 他人 使用 不当 手段 获取 商业秘密 捏造 散布 虚假 事实 损害 竞争对手 商业 信誉 商品 声誉 从事 法律 明文禁止 有奖销售 行为 利用 广告 或者 其他 方法 商品 作引人 误解 虚假 宣传 法律 法规 规章 禁止 其他 正当竞争 行为 第二十六条 房地产 经纪 机构 估价 机构 及其 从业人员 不得 房地产 开发 企业 实施 办法 第二十三条 第二十五条 规定 行为 提供 服务 或者 便利 第三章 房地产 经纪 第二十七条 办法 房地产 经纪 人员 包括 房地产 经纪人 辅助 人员 办法 房地产 经纪人 依照 国家 规定 考取 房地产 经纪人 执业资格 证书 注册 人员 房地产 经纪 机构 设立 分支机构 应当 所属 房地产 经纪 机构 名义 对外 开展业务 第二十八条 房地产 经纪 机构 包括 依法 设立 分支机构 下同 本市 开展 房地产 经纪 业务 应当 取得 营业执照 日内 或者 办法 施行 日内持 以下 材料 主管部门 办理 备案 营业执照 法定代表 或者 负责人 身份证明 房地产 经纪 人员 劳动合同 社会保险 缴纳 证明 主管部门 公布 办理 备案 其他 材料 主管部门 应当 收到 前款 规定 备案 材料 工作日内 办理 备案 手续 工商 劳动 部门 应当 主管部门 核查 房地产 经纪 机构 备案 材料 提供 便利 第二十九条 房地产 经纪 人员 执业 应当 加入 房地产 经纪 机构 房地产 经纪 辅助 人员 应当 熟悉 房地产 相关 法律 法规 有关 行业 管理 规定 具有 一定 房地产 专业知识 掌握 房地产 交易 程序 实务 操作 技术 技能 辅助 房地产 经纪人 开展业务 房地产 经纪人 应当 辅助 人员 业务 行为 进行 指导 辅助 执业 行为 承担责任 第三十条 主管部门 应当 本市 开展 房地产 经纪 业务 房地产 经纪 机构 备案 信息 通过 房地产 信息系统 社会 公示 房地产 经纪 机构 备案 信息 发生 变更 应当 变更 之日起 日内 主管部门 办理 变更 手续 第三十一条 房地产 经纪 机构 应当 经营场所 公示 下列 信息 营业执照 备案 证书 房地产 经纪 人员 姓名 主管部门 发布 房地产 经纪 服务 合同 示范 文本 行业 组织 制定 交易 指引 服务项目 内容 标准 流程 收费 项目 计费 依据 标准 信用 档案 查询 方式 投诉 方式 途径 主管部门 要求 公示 其他 事项 第三十二条 房地产 经纪 机构 接受 委托 开展业务 应当 通过 房地产 信息系统 使用 主管部门 发布 房地产 经纪 服务 合同 示范 文本 委托人 签订 房地产 经纪 服务 合同 房地产 经纪 服务 合同 应当 执行 经纪 业务 房地产 经纪人 签字 附有 参与 经纪 业务 房地产 经纪 人员 姓名 第三十三条 房地产 经纪 机构 签订 房地产 经纪 服务 合同 应当 告知 委托人 下列 事项 执行 业务 房地产 经纪 人员 姓名 应当 委托人 协助 工作 提供 必要 材料 文件 房地产 交易 一般 程序 交易过程 涉及 税费 法律 法规 规章 规定 其他 事项 房地产 经纪 机构 及其 从业人员 经纪 活动 应当 如实 告知 委托人 服务 进度 情况 以及 交易 有关 事项 第三十四条 委托人 应当 房地产 经纪 机构 提供 房地产 经纪 业务 必需 材料 提供 材料 真实性 合法性 负责 第三十五条 房地产 经纪 机构 接受 委托 代理 或者 提供 居间 服务 应当 房地产 权利 真实性 委托人 财产 处分 权限 进行 查验 第三十六条 房地产 经纪 机构 对外 发布 房源 信息 应当 真实有效 附有 相应 信息 编码 房地产 经纪 机构 应当 通过 房地产 信息系统 当事人 签订 书面 经纪 服务 合同 取得 系统 自动 生成 房源 信息 编码 任何 单位 个人 可以 房地产 经纪 机构 发布 房源 信息 编码 通过 房地产 信息系统 相应 房源 信息 进行 查验 第三十七条 房地产 经纪 机构 或者 从业人员 通过 经纪 机构 购买 出售 承租 出租 房地产 应当 签订 房地产 转让 租赁 合同 书面 告知 交易 当事人 取得 交易 当事人 书面 同意 第三十八条 未经 交易 各方 当事人 书面 同意 房地产 经纪 机构 不得 代收 或者 监管 交易 当事人 支付 交易 款项 交易 各方 当事人 书面 同意 房地产 经纪 机构 可以 代收 或者 监管 超过 交易 价款 总额 交易 款项 第三十九条 房地产 经纪 机构 发布 广告 应当 载明 机构名称 备案 编号 房地产 经纪 机构 不得 进行 虚假 广告宣传 第四十条 房地产 经纪 机构 不得 下列 行为 其他 企业 名义 或者 允许 其他 企业 以本 企业 名义 开展业务 交易 当事人 隐瞒 真实 房地产 交易价格 信息 赚取 交易 差价 法律 法规 规章 禁止 交易 房地产 提供 代理 居间 经纪 服务 虚构 事实 或者 隐瞒 真相 委托人 或者 其他 相关 当事人 进行 误导 欺诈 强制 或者 变相 强制 服务 收取 费用 正当竞争 行为 交易 当事人 规避 房地产 交易 税费 或者 其他 非法 目的 同一 房地产 签订 不同 交易 价款 不同 合同 提供 便利 法律 法规 规章 禁止 其他 行为 第四十一条 房地产 经纪 人员 不得 下列 行为 同时 两个 或者 两个 以上 房地产 经纪 机构 执业 个人 名义 承揽 房地产 经纪 业务 或者 收取 服务 报酬 他人 名义 或者 允许 他人 自己 名义 从事 房地产 经纪 业务 索取 收受 经纪 合同 约定 以外 报酬 或者 其他 财物 或者 利用 工作 牟取 其他 正当 利益 法律 法规 规章 禁止 其他 行为 第四章 房地产 土地 估价 第四十二条 办法 房地产 土地 估价 人员 包括 房地产 估价师 土地 估价师 辅助 人员 办法 房地产 估价师 土地 估价师 依照 国家 规定 取得 房地产 估价师 执业资格 证书 或者 土地 估价师 资格证书 注册 人员 符合国家 规定 资质等级 要求 房地产 土地 估价 机构 可以 设立 分支机构 分支机构 所属 房地产 土地 估价 机构 名义 对外 开展业务 第四十三条 房地产 土地 估价 机构 本市 开展 房地产 土地 估价 业务 应当 取得 资质证书 或者 开展 估价 业务 之日起 日内持 以下 材料 主管部门 备案 营业执照 资质证书 房地产 土地 估价 人员 资格证书 注册 证书 劳动合同 社会保险 缴纳 证明 主管部门 公布 办理 备案 其他 材料 主管部门 应当 收到 前款 规定 备案 材料 工作日内 办理 备案 手续 第四十四条 房地产 土地 估价 机构 分支机构 本市 开展业务 应当 开展 估价 业务 之日起 日内持 下列 材料 主管部门 备案 分支机构 营业执照 所属 房地产 土地 估价 机构 资质证书 分支机构 房地产 土地 估价 人员 资格证书 注册 证书 劳动合同 社会保险 缴纳 证明 主管部门 公布 办理 备案 其他 材料 主管部门 应当 收到 前款 规定 备案 材料 工作日内 办理 分支机构 备案 手续 第四十五 房地产 土地 估价 人员 执业 应当 加入 房地产 土地 估价 机构 包括 依法 设立 分支机构 下同 按规定 房地产 土地 估价 行业 组织 办理 备案 以下 执业 登记 房地产 土地 估价 辅助 人员 应当 具有 一定 理论知识 实务 操作技能 房地产 土地 估价师 应当 辅助 人员 业务 行为 进行 指导 辅助 执业 行为 承担责任 第四十六 主管部门 应当 房地产 土地 估价 机构 备案 信息 通过 房地产 信息系统 社会 公示 房地产 土地 估价 人员 执业 登记 信息 房地产 土地 估价 行业 组织 通过 房地产 信息系统 社会 公示 房地产 土地 估价 机构 备案 信息 发生 变更 应当 变更 之日起 日内 主管部门 办理 变更 手续 房地产 土地 估价 人员 执业 登记 信息 发生 变更 应当 变更 之日起 日内 房地产 土地 估价 行业 组织 办理 变更 手续 第四十七条 房地产 土地 估价 机构 应当 经营场所 公示 下列 信息 营业执照 资质证书 房地产 土地 估价 人员 姓名 及其 执业 登记 信息 主管部门 发布 房地产 土地 估价 委托合同 示范 文本 服务项目 内容 标准 流程 收费 项目 计费 依据 标准 信用 档案 查询 方式 投诉 方式 途径 主管部门 要求 公示 其他 事项 房地产 土地 估价 机构 发布 广告 应当 载明 机构名称 备案 编号 四十八条 房地产 土地 估价 机构 接受 委托 开展 房地产 土地 估价 业务 应当 通过 房地产 信息系统 使用 主管部门 发布 房地产 土地 估价 委托合同 示范 文本 委托人 签订 书面 委托合同 第四十九条 房地产 土地 估价 机构 执行 房地产 土地 估价 业务 估价 人员 委托人 或者 估价 业务 相对 人有 利害关系 应当 回避 第五十 房地产 土地 估价 机构 接受 委托 开展 估价 业务 应当 指派 两名 以上 执业 房地产 估价师 或者 土地 估价师 估价师 应当 估价 对象 进行 实地 查看 做好 实地 查看 记录 委托人 相关 当事人 应当 协助 第五十一条 房地产 土地 估价 机构 应当 通过 房地产 信息系统 出具 估价 结果 报告 估价 报告 应当 执行 该项 估价 业务 估价师 签字 加盖 所在 房地产 土地 估价 机构 印章 估价 报告 签字 估价师 应当 估价 报告 真实性 合法性 负责 第五十二 房地产 土地 估价 机构 应当 建立 估价 报告 内部 审核 复核 制度 委托人 及其 利害 关系人 估价 报告 异议 可以 收到 估价 报告 日内 出具 估价 报告 估价 机构 要求 复核 估价 机构 应当 收到 复核 要求 日内 作出 答复 估价 结果 改变 应当 重新 出具 估价 报告 估价 结果 没有 改变 应当 作出 书面通知 说明 理由 第五十三条 委托人 及其 利害 关系人 复核 结果 异议 可以 房地产 土地 估价 行业 组织 申请 组织 专家 技术鉴定 行业 组织 应当 组织 专家 进行 鉴定 鉴定结论 认为 估价 报告 存在 技术 问题 应当 维持 估价 报告 鉴定结论 认为 估价 报告 存在 技术 问题 估价 机构 应当 改正错误 重新 出具 估价 报告 第五十四条 房地产 土地 估价 机构 不得 下列 行为 聘用 或者 指派 未经 执业 登记 人员 房地产 土地 估价 人员 名义 或者 其他 方式 从事 房地产 土地 估价 业务 其他 企业 名义 或者 允许 其他 企业 以本 企业 名义 开展 估价 业务 违反 房地产 土地 估价 规范 标准 进行 估价 出具 虚假 或者 不实 估价 报告 进行 正当竞争 虚构 事实 或者 隐瞒 真相 委托人 或者 其他 相关 当事人 进行 误导 欺诈 法律 法规 规章 禁止 其他 行为 第五十五 房地产 土地 估价 人员 不得 下列 行为 同时 两个 或者 两个 以上 房地产 土地 估价 机构 执业 个人 名义 承揽 房地产 土地 估价 业务 或者 收取 服务 报酬 他人 名义 或者 允许 他人 自己 名义 从事 房地产 土地 估价 业务 违反 房地产 土地 估价 规范 标准 进行 估价 签署 虚假 或者 不实 估价 报告 索取 收受 委托合同 以外 报酬 或者 其他 财物 或者 利用 工作 牟取 其他 正当 利益 虚构 事实 或者 隐瞒 真相 委托人 或者 其他 相关 当事人 进行 误导 欺诈 法律 法规 规章 禁止 其他 行为 第五章 房地产 行业 组织 第五十六条 房地产 行业 组织 依法 成立 房地产 行业 自律性 社会 团体 组织 管理制度 会员 权利义务 章程 规定 房地产 行业 组织 包括 房地产 开发 经纪 估价 协会 主管部门 依法 房地产 行业 组织 进行 业务 指导 第五十七条 房地产 开发 企业 房地产 经纪 估价 机构 加入 相应 房地产 行业 组织 成为 团体会员 房地产 经纪 人员 房地产 土地 估价 人员 加入 相应 房地产 行业 组织 成为 个人 会员 第五十八 房地产 行业 组织 行使 下列 职能 制定 组织 实施 本行业 行规 建立 行业 自律 机制 会员 信用 记录 违反 行业 组织 章程 或者 行规 损害 行业 整体利益 会员 采取相应 行业 自律 措施 开展 行业 培训 交流 咨询 展览 活动 推广应用 材料 技术 新工艺 提升 行业 素质 以及 产品 服务质量 发布 市场 行业 信息 推荐 行业 产品 或者 服务 提供 技术咨询 宣传 房地产 法律法规 相关 政策 规范 行业 行为 客观 公正 协调 会员 之间 会员 非会员 之间 会员 政府 之间 会员 消费者 之间 矛盾 纠纷 发挥 维护 社会 公共利益 作用 协助 政府部门 开展 行业 调查 决策 咨询 产业政策 制订 活动 政府 有关 部门 反映 涉及 行业 利益 事项 提出 意见 建议 维护 本行业 利益 会员 合法权益 承担 主管部门 委托 行业 管理工作 行业 行为 进行 检查和 评价 法律 法规 规章 授权 或者 政府部门 委托 以及 行业 组织 章程 规定 其他 职能 第五十九 房地产 行业 组织 不得 下列 行为 通过 制定 行业 规则 或者 其他 方式 垄断市场 妨碍 公平竞争 损害 消费者 会员单位 合法权益 或者 社会 公共利益 从事 营利性 经营 活动 限制 会员 开展 正当 经营 活动 或者 参与 其他 社会活动 限制 禁止 会员 章程 行使 权利 要求 会员 履行 章程 规定 义务 侵害 会员 本行业 组织 合法权益 法律 法规 规章 禁止 其他 行为 第六章 监督 检查 第六十条 主管部门 建立 房地产 市场监管 年报 公示 制度 主管部门 履行 监管 检查 职责 有权 采取 下列 措施 进入 检查 企业 查阅 摘抄 复制 业务 相关 材料 要求 检查 企业 人员 提供 资质证书 资格证书 项目 手册 以及 其他 业务 相关 材料 纠正 企业 人员 违法 违规行为 法律 法规 规定 其他 措施 第六十一条 主管部门 监督 检查 过程 发现 房地产 开发 企业 经纪 估价 机构 及其 从业人员 违反 法律 法规 及本 办法 规定 行为 按照 以下 方式 进行 处理 行为人 促其 规范 自行 改正 责令 停止 违法行为 限期 改正 暂停 信息系统 使用 依法 进行 行政处罚 或者 移送 有关 部门 依法处理 提请 以上 建设 管理 部门 依法 降低 暂扣 吊销 行为人 资质 资格 或者 提请 工商部门 依法 吊销 营业执照 第六十二 主管部门 建立 完善 房地产 市场 信息网 发布 平台 定期 发布 新建 商品房 供应 成交 信息 存量 商品房 供应 成交 信息 从业 主体 信息 项目管理 信息 房地产 监测 报告 房地产 市场 信息 加强 行业 管理 第六十三条 价格 综合 管理 部门 应当 建立 房地产 价格 监测 制度 商品房 市场 价格 变动 进行 监测 房地产 市场 价格 水平 出现 剧烈 波动 异常 状态 价格 综合 管理 部门 可以 会同 有关 部门 相关 房地产 开发 企业 采取 公告 会议 书面通知 方式 给予 提醒 告诫 对经 提醒 告诫 规范 价格 行为 违反 价格 法律法规 价格 监督 执法 部门 依法 进行 处罚 第六十四 价格 监督 执法 部门 工商部门 应当 加强 房地产 开发 企业 经纪 估价 机构 正当竞争 价格 违法行为 监管 依法 予以 查处 价格 监督 执法 部门 工商 部门 发现 房地产 开发 企业 经纪 估价 机构 行为 涉及 价格 垄断 应当 移交 反垄断 执法 机构 依法 进行 查处 第六十五条 劳动部门 应当 加强 房地产 开发 企业 估价 经纪 机构 劳动合同 管理 员工 社会保险 缴纳 执行 劳动 法律 法规 规章 监管 依法查处 房地产 开发 企业 估价 经纪 机构 劳动 违法行为 第六十六 主管部门 应当 本市 开展业务 房地产 开发 企业 经纪 估价 机构 及其 从业人员 根据 经营 业绩 信用 记录 建立 房地产 行业 诚信 档案 社会 公示 房地产 开发 企业 经纪 估价 机构 及其 从业人员 违反 行业 自律 规范 行为 违法 违规行为 查证 属实 投诉 举报 记录 行政处罚 刑事 处罚 情况 应当 作为 不良 信用 记录 记入 诚信 档案 主管部门 应当 根据 办法 制定 房地产 行业 诚信 档案 具体 管理 办法 主管部门 可以 委托 相关 房地产 行业 组织 承担 房地产 诚信 档案管理 具体 事宜 主管部门 可以 根据 房地产 开发 企业 经纪 估价 机构 及其 从业人员 不良 信用 记录 制定 依法 限制 从事 房地产 开发 经纪 估价 活动 具体条件 程序 第六十七条 任何 单位 或者 个人 不得 强制 或者 变相 强制 房地产 开发 企业 经纪 估价 机构 参加 评比 达标 赞助 展销 活动 房地产 开发 企业 经纪 估价 机构 不得 擅自 组织 或者 参加 未经 依法 批准 各类 评比 排序 第六十八条 媒体 刊载 报道 传播 虚假 失实 房地产 市场 信息 应当 通过 媒体 进行 公开 更正 消除 影响 媒体 进行 公开 更正 相关 部门 或者 有关 当事人 可以 提请 新闻出版 主管部门 依法查处 第七章 法律责任 第六十九条 主管部门 其他 相关 部门 及其 工作人员 房地产 行业 管理工作 玩忽职守 徇私舞弊 滥用职权 或者 其他 违法违纪 行为 依法追究 行政责任 涉嫌犯罪 移送 司法机关 依法处理 七十条 房地产 行业 组织 违反 办法 第五十九 规定 行为 之一 主管部门 责令 改正 改正 或者 情节严重 主管部门 移送 民政部门 依法处理 房地产 行业 组织 委托 从事 公务 时有 违反 办法 或者 法律 法规 其他 规章 规定 行为 主管部门 应当 责令 停止 或者 改正 违法行为 情节严重 主管部门 应当 中止 委托 责令 房地产 行业 组织 进行 整改 整改 合格 后方 恢复 委托 具体 承办 公务 工作人员 不得 再次 从事 房地产 行业 组织 受托 公务 房地产 行业 组织 及其 工作人员 违法行为 涉嫌犯罪 移送 司法机关 依法处理 第七十 一条 房地产 开发 企业 违反 办法 按照 以下 规定 处理 违反 办法 房地产 开发 项目 申请 预售 项目 资本金 账户 余额 低于 项目 资本金 或者 项目 取得 规划 验收 合格 凭证 擅自 提取 使用 主管部门 责令 限期 改正 万元 罚款 不予 颁发 商品房 预售 许可证 已经 颁发 责令 暂停 预售 违反 办法 建立 项目 手册 或者 按规定 填写 项目 手册 主管部门 责令 限期 改正 万元 罚款 违反 办法 商品房 销售价格 申报 备案 或者 调整 销售价格 按规定 办理 备案 变更 价格 监督 执法 部门 责令 改正 万元 罚款 违反 办法 取得 预售 许可证 销售 或者 内部 认购 内部 认筹 方式 变相 销售 商品房 主管部门 责令 停止 违法 销售 行为 实际 销售 商品房 数量 每套 万元 罚款 违反 办法 营业 场所 公示 有关 材料 主管部门 责令 限期 改正 按未 公示 材料 每项 万元 罚款 违反 办法 通过 预售 专用 存款 账户 收取 商品房 预售 主管部门 责令 限期 改正 按未 通过 预售 专用 账户 收取 预售 商品房 数量 每套 万元 罚款 违反 办法 第二十三条 规定 行为 之一 主管部门 责令 限期 改正 暂停 销售 违法行为 涉及 商品房 数量 每套 万元 罚款 违反 办法 第二十四条 第二十五条 规定 行为 之一 主管部门 责令 限期 改正 实施 价格 违法行为 正当竞争 房地产 开发 企业 价格 监督 执法 部门 工商部门 依照 有关 规定 处理 违法行为 依法 吊销 营业执照 或者 房地产 开发 资质证书 房地产 开发 企业 营业执照 或者 房地产 开发 资质证书 吊销 之日起 年内 相关 主管部门 应当 依法 禁止 股东 董事 监事 高级 管理人员 本市 从事 房地产 开发 经营 或者 取得 出让 土地 使用权 房地产 开发 项目 影响 城市规划 尚可 采取 改正 措施 依法 处罚 补办 手续 主管部门 可以 暂停 项目 涉及 违法 建设 部分 或者 全部 商品房 销售 七十二条 房地产 经纪 估价 机构 及其 工作人员 明知 或者 应当 知道 情况 房地产 开发 企业 实施 价格 违法 或者 正当竞争 行为 提供 服务 或者 便利 工商 价格 监督 执法 部门 责令 停止 违法行为 房地产 经纪 估价 机构 万元 罚款 建设工程 监理 单位 施工单位 商业银行 违反 办法 规定 出具 虚假 证明文件 怠于 履行 监管 职责 行为 导致 房地产 开发 企业 抽逃 预售 建设 部门 或者 银行 监管部门 责令 停止 违法行为 万元 罚款 第七十三 房地产 经纪 机构 违反 办法 按照 以下 规定 处理 违反 办法 超过 规定 限额 代收 或者 监管 当事人 交易 款项 主管部门 责令 限期 退还 超出 部分 款项 超过 限额 代收 或者 监管 交易 款项 行为 每次 万元 罚款 违反 办法 发布 或者 按规定 发布 房源 信息 编码 主管部门 责令 限期 改正 按未 发布 或者 按规定 发布 房源 信息 编码 每条 万元 罚款 违反 办法 第四十条 项至 规定 行为 之一 主管部门 责令 限期 改正 万元 罚款 房地产 经纪 人员 违反 办法 按照 以下 规定 处理 违反 办法 第四十一条 规定 行为 之一 主管部门 责令 限期 改正 万元 罚款 违反 办法 房地产 经纪人 执行 业务 时未 按规定 签字 主管部门 责令 限期 改正 房地产 经纪人 按未 签字 执行 业务 数量 每宗 罚款 所属 房地产 经纪 机构 按未 签字 执行 业务 数量 每宗 万元 罚款 第七十四条 房地产 土地 估价 机构 违反 办法 第五十四条 项至 规定 行为 之一 主管部门 责令 限期 改正 万元 罚款 房地产 土地 估价 人员 违反 办法 第五十五 规定 行为 之一 主管部门 责令 限期 改正 万元 罚款 第七 十五条 房地产 经纪 估价 机构 违反 办法 未经 备案 本市 开展业务 主管部门 责令 限期 改正 万元 罚款 房地产 估价 人员 违反 办法 未经 执业 登记 本市 从事 业务 主管部门 责令 限期 改正 房地产 估价 人员 万元 罚款 实际 聘用 机构 万元 罚款 房地产 经纪 估价 机构 及其 分支机构 违反 办法 机构 备案 信息 或者 估价 人员 执业 登记 信息 发生 变更 规定 时限 办理 变更 备案 手续 主管部门 房地产 经纪 估价 机构 万元 罚款 第七十六条 房地产 经纪 估价 机构 违反 办法 营业 场所 公示 有关 材料 主管部门 责令 限期 改正 按未 公示 材料 处以 万元 罚款 第七十七条 房地产 开发 企业 经纪 估价 机构 违反 办法 发布 广告 时未 载明 房地产 经纪 估价 机构 名称 备案 编号 主管部门 责令 限期 改正 违反 办法 发布 房地产 广告 广告主 广告 经营者 广告 发布者 工商部门 分别 万元 罚款 其他 广告 违法行为 依照 相关 法律法规 依法处理 第七十八条 依法 设立 房地产 经纪 估价 机构 分支机构 有本 办法 规定 应予 处罚 行为 所属 房地产 经纪 估价 机构 本市 登记注册 主管部门 应当 直接 所属 房地产 经纪 估价 机构 作出 处罚 所属 房地产 经纪 估价 机构 本市 登记注册 主管部门 分支机构 作出 处罚 可以 建议 房地产 经纪 估价 机构 登记注册 相关 主管部门 依法 进行 处理 第七十九 取得 房地产 开发 资质 单位 或者 个人 擅自 进行 房地产 开发 或者 违反 国家 土地 管理 法律法规 擅自 依法 取得 建设 用地 使用权 土地 建设 依法 予以 拆除 质量 安全 严重 影响 城市规划 可以 加以 利用 依法 没收 或者 征收 用于 保障性 住房 违反 办法 第七条 第二款 规定 销售 违法 开发 建设 违法 建筑 主管部门 依法 没收 违法 所得 违法 所得 无法 计算 按照 实际 销售 违法 建筑 评估 工程造价 计算 违法 所得 涉嫌 非法经营 犯罪 移送 司法机关 依法处理 承建 办法 第七条 第二款 规定 违法 建筑 施工 企业 建设 部门 依法 予以 处理 违反 办法 第七条 第三款 规定 违法 开发 建设 违法 建筑 销售 提供 服务 或者 便利 法律 服务 机构 公证 机构 商业银行 司法 行政部门 银行 监管 机构 依照 各自 职责 依法 进行 处理,5.501178699134053,7.079110843068801,1.766666666666666,1.766666666666666,63675,23.5,27.14166666666667,8427.978723404256,159.7083409090909,828.7652393617021,2972.454545454546,10.565625,5,3,0.008625,1.0,阶段1,14.0,15.0,101.6358238636364,13.5,0.09999999999999999,阶段2,16.0,19.0,15.81001704545455,10.5,0.0,竣备,,,0.0,,1.0,阶段4,29.0,39.0,42.2625,4.0,0.0,阶段5,,,0.0,,1,5,828.7652393617021
清远,清远,Qingyuan-3,approved construction cost,,unspecified construction progress,retained balance,specified but count unavailable,other / unclear,False,False,,0.6,,not explicitly countable from retained excerpt,explicit percentage near 主体结构封顶; midpoint used for a stated range,not explicitly parseable from retained excerpt,监管额度由住房城乡建设部门根据商品房建设工程单位综合造价乘以监管项目的施工许可面积核定 | 监管账户内的购房款,True,policy_identification_filled.xlsx,City_audit,5stage_Pcost,5,2,stage_1|stage_2|stage_3|stage_4|stage_5,阶段1|阶段2|竣备|阶段4|阶段5,阶段1|阶段4,partial_named_milestones,,,2,,,not_estimable:topout_stage_name_unmapped,not_estimable:registration_stage_name_unmapped,expert_calibrated_operational_proxy_pending_source_mapping,monthly-revenue stage ratio or within-cohort amount share; not automatically a policy percentage,external/Modelling Dep/41_Cities_Dep/city_catalog.json,data/pmc_data.xlsx,dep-operational-h1-v1,Qingyuan-3,2023,三线,清远,Guangdong,"清远市住房和城乡建设局关于进一步加强商品房预售资金监管的通知
本网访问量：499发布时间：2023-07-28 
各县（市、区）住房和城乡建设局、中国人民银行清远市中心支行、国家金融监督管理总局清远监管分局，各房地产开发企业、各商业银行：
为进一步保障房地产项目竣工交付，维护购房人的合法权益，促进房地产市场平稳健康发展，根据《中华人民共和国城市房地产管理法》《城市商品房预售管理办法》 和 《住房和城乡建设部人民银行银保监会关于规范商品房预售资金监管的意见》（建房 〔2022〕16 号） 等有关规定，结合我市实际，现将我市商品房预售资金 （以下简称预售资金） 监管的有关事项通知如下：
一、我市预售资金监管遵循政府主导、银行配合、多方监督、专款专用、保障建设的原则。
二、市住房城乡建设局是清城区商品房预售资金的监管部门，其它各县（市、区）住房城乡建设部门负责本区域的预售资金监督管理工作，对商品房预售款的收存、拨付和使用等应采取有效措施进行监管。
人民银行分支机构按照本办法和相关规定，负责指导监管银行做好商品房预售款监管账户开设、变更和撤销等业务。
银保监部门按照本办法和相关规定，负责对商业银行预售资金监管的操作风险和合规性进行监督检查。
监管银行按照本办法和相关规定，负责开展监管账户监控工作，配合开展预售资金收存、拨付、冻结等预售资金监管工作，配合推动商业银行业务管理系统和粤安居系统对接，加强房屋网签备案、监管账户资金、银行按揭贷款等数据信息共享，负责监督项目在建工程抵押贷款用途为项目工程建设相关。
三、商品房预售款监管期限，自开发项目取得《商品房预售许可证》开始，至项目解除预售监管账号为止。
申请商品房预售许可前，房地产开发企业应在中标商业银行范围内选择专用账户的开户银行，与监管银行签订预售资金监管协议，并按照一个预售许可证对应一个账户的原则在监管银行开立专用账户。
四、购房人应当根据与房地产开发企业签订的商品房买卖合同和认购协议约定的付款方式及期限，凭房地产开发企业出具的缴款通知书，将预售资金直接存入监管账户。房地产开发企业不得另设账户收存商品房预售资金。
预售监管账号没有解除监管前，购房人申请按揭贷款的，按揭贷款银行应当按照贷款合同约定，将发放的按揭贷款直接划入监管账户，并实时通过粤安居系统上传出入账流水信息。
五、对确保项目竣工交付所需的建设工程款、建筑材料款、设备款等与本项目工程建设密切相关的款项，实施重点监管。重点监管额度由住房城乡建设部门根据商品房建设工程单位综合造价乘以监管项目的施工许可面积核定。重点监管额度内的资金，称为重点监管资金。当监管账户入账金额未达到重点监管额度时，重点监管资金最低预留比例为监管账户入账金额的10%。当监管账户入账金额达到重点监管额度时，住房城乡建设部门根据项目工程施工进度控制节点和分部分项工程验收情况逐步核减预留重点监管资金。
六、监管账户入账金额达到重点监管额度的，住房城乡建设部门审核通过后，房地产开发企业可以申请使用重点监管额度以外的剩余资金，优先用于工程建设。
所有预售资金，在预售监管账户没有解除监管前，监管银行不得擅自扣划；按照“留在项目、留在当地”的原则，房地产开发企业不得擅自将资金挪作他用，设立子公司的房地产开发企业，集团公司不得擅自抽调。

七、房地产开发企业、监管银行、
贷款银行、公积金管理中心、各县（市、区）住房城乡建设部门均须与粤安居系统对接，实现相关数据的实时交换。
八、市住房城乡建设局、人民银行清远中心支行、国家金融监督管理总局清远监管分局发现房地产开发企业、监管银行、贷款银行违规行为的，应及时进行查处，监管银行有违反预售资金监管要求的，依约定取消其监管资格。
房地产开发企业违反规定或未按三方协议约定收存、支出和使用预售资金，或提供虚假材料支出预售资金的，监管部门可根据约定对其进行处理，依法依规将其违法违规行为作为不良信息记入到市住房城乡建设局诚信管理系统。
    九、本通知自发文之日起执行，国家、省、市有新规定的，按新规定执行。




清远市住房和城乡建设局
           2023 年7 月28日
===========

各县(市、区）住建局、市有关单位、各房地产开发企业：
《清远市商品房预售款监督管理办法》已按照规范性文件流程制定，并经市法制局审查，从2018年12月1日起正式印发实施。
 特此通知




                      清远市住房和城乡建设管理局
               2018年11月12日


 
 
 清远市商品房预售款监督管理办法
 
第一章  总则
第一条  为加强新建商品房预售款监督管理，保障购房人的合法权益，根据《中华人民共和国城市房地产管理法》、《城市商品房预售管理办法》（建设部令第131号）、《广东省商品房预售管理条例》等有关法律、法规和规章等规定，结合本市实际，制定本办法。
第二条  本市取得预售许可的商品房项目，其预售款的收存、支取、使用和监督管理，适用本办法。
本办法所称的商品房预售款，是指房地产开发企业将其开发的商品房在办理竣工验收备案手续前出售，由购房人按照合同约定支付的定金、首付款、购房贷款以及其他形式的全部购房款项。
第三条  商品房预售款的监督管理，遵循政府监管、银行配合、专款专存、专款专用的原则。
第四条  市住房和城乡建设管理局（房地产管理部门）是清城区商品房预售款的监管部门，其它各县（市、区）房地产管理部门负责本区域的预售款监督管理工作，对商品房预售款的收存和使用等应采取有效措施进行监管。
    第五条  商品房预售款监管期限，自开发项目取得《商品房预售许可证》开始，至项目办理竣工验收备案手续终止。
 
第二章  监管账户的设立
第六条  申请商品房预售许可前，房地产开发企业应在开发项目所在地自行选择商业银行作为商品房预售款存入账户的开户银行（以下简称“监管银行”），开立商品房预售款监管专用账户(以下简称“监管账户”)，与监管银行、房地产管理部门共同签订商品房预售款监管三方协议。
第七条  房地产开发企业应在商品房买卖合同中注明监管银行及商品房预售款监管账户信息，并在售楼场所公示，以便相关部门和购房人查询、使用和监督。
第八条  取得商品房预售许可证的项目，其监管账户按建筑工程施工许可证开立。一个监管账户对应一个施工许可证，一个施工许可证可设立3个（含）以内的监管账户。
 
第三章  预售款的收存
第九条  商品房预售监管款应全部存入与预售许可证对应的监管账户，房地产开发企业不得直接收存应缴入监管账户内的购房款。
购房人申请按揭贷款的，房地产开发企业应协助购房人将首付款存入监管账户，并将监管账户提供给贷款银行，贷款银行应将发放的按揭款直接存入监管账户。
第十条  为保障工程建设，房地产管理部门根据项目工程形象进度情况，预留一定额度的商品房预售款。预留的商品房预售款包括“保证金”和“重点监管资金”两部分。
    第十一条  保证金是商品房取得建设工程竣工验收备案之前，房地产管理部门代表预购人对预售款进行监管的款项。保证金按照监管账户入账总金额的5%留存。当项目办理竣工验收备案手续后，该监管解除。
    第十二条 重点监管资金是指预售项目达到建设工程竣工验收条件所需的工程建设费用资金（包括工程建设的施工进度款、材料款、工人工资及法定税费）。实行商品住宅全装修的，应当将装修费用计算在重点监管资金以内。
    重点监管资金由房地产管理部门依据市建设工程造价管理部门确认的商品房建设工程单位综合造价乘以监管项目的施工许可面积核定。商品房建设工程单位综合造价标准根据房地产市场项目建设成本情况适时调整、公布。
    第十三条  当监管账户入账金额未达到重点监管资金时，重点监管资金最低预留比例为监管账户入账金额的10%。
    第十四条  当监管账户入账金额达到重点监管资金时，重点监管资金按照以下方式预留：
    房地产管理部门根据项目工程施工进度控制节点逐步核减预留重点监管资金。

项目主体结构封顶的，重点监管资金留存比例为40%；
工程项目排栅落地的，重点监管资金留存比例为10%；
质量验收完成、出具竣工验收合格报告的，可提取全部重点监管资金。

对于同一施工许可范围内，形象进度不一致的楼栋，以最低施工进度的楼栋为准。
    第十五条  房地产管理部门可按照房地产开发企业的诚信等级情况调整重点监管资金留存比例。诚信等级为A级的，重点监管资金留存比例降低50%；诚信等级为B级的，重点监管资金留存比例不作调整；诚信等级为C级的，重点监管资金留存比例提高20%；诚信等级为D级的，重点监管资金留存比例提高40%。
    第十六条  诚信良好的房地产开发企业可凭项目所在地的商业银行（或保险公司）出具的见索即付现金保函，抵顶同等额度的预售款。
 
第四章  预售款的支取和使用
第十七条  房地产开发企业申请拨付商品房预售款，应当按照工程建设进度控制节点提出用款申请，明确资金拨付额度及用途，并提交以下材料：
（一）商品房预售款提取申请表；
（二）施工总承包单位出具的工程款支付申请表；
（三）监理单位的工程建设进度证明（需加盖总监注册章）；
（四）其他需要的相关材料。
第十八条  监管账户入账金额达到重点监管资金的，房地产管理部门审核通过后，房地产开发企业可以申请使用重点监管资金以外的剩余资金(除保证金外），用于工程建设。
第十九条  监管账户入账金额未达到重点监管资金的，申请提取商品房预售款，需明确资金拨付额度及用途，并提交以下材料：
（一）商品房预售监管款提取申请表；
（二）施工总承包单位出具的工程款支付申请表；
（三）监理单位的工程建设进度证明（需加盖总监注册章）；
（四）其他需要的相关材料。
第二十条  房地产开发企业支付施工总承包单位工程进度款时，工人工资入账金额依据市建设工程造价管理部门确认的建设项目工人工资总额占工程造价比例核定。
第二十一条  房地产开发企业申请提取商品房预售监管款后，房地产管理部门应当自受理之日起3个工作日内完成审核，必要时，进行现场勘查。
第二十二条  房地产开发企业有下列情形之一的，将记入诚信档案，并暂停拨付监管账户内的全部预售资金：
（一）直接收存应缴入监管账户内商品房预售款的；
（二）存在违法违规行为导致项目停工的；
（三）预售项目存在严重质量问题的；
（四）房地产管理部门认定应当暂停拨付的其他情形。
第二十三条  预售项目办理竣工验收备案手续的，房地产开发企业可申请取消该竣工楼栋的预售款监管，并凭房地产管理部门出具的《商品房预售款专用账户销控审批表》到监管银行办理取消账户监管手续。
第二十四条  有关部门对监管账户资金进行冻结或者划扣的，监管银行有义务告知商品房预售资金及监管账户的性质，并及时书面告知房地产管理部门，将相关冻结或者划扣的情况资料报房地产管理部门备案。
 
第五章  责任追究
 第二十五条 房地产开发企业有下列行为的，房地产管理部门责令其限期整改，记入企业诚信档案，情节严重的可暂停其网签业务，并依法予以行政处罚：
（一）未按规定将商品房预售资金全部存入监管账户的；
（二）变相逃避商品房预售款监管的；
（三）未按规定使用商品房预售资金的；
（四）瞒报及提供虚假材料的；
（五）其它违反本办法或者商品房预售款监管协议的行为。
第二十六条  施工、监理单位提供虚假证明或采取其他方式协助房地产开发企业违规骗取预售监管款的，由房地产管理部门依法追究相关责任。
 第二十七条  监管银行有下列行为的，房地产管理部门按照商品房预售资金监管协议暂停或者终止其监管银行资格，并由其承担相应责任，同时通报银行业监管部门：
（一）未按规定将预售资金存入监管账户的；
（二）未经房地产管理部门同意，擅自支付商品房预售资金的；
（三）擅自截留、挪用或者拖延支付商品房预售资金的；
（四）发现监管账户异常情况而未及时告知房地产管理部门或其他不配合房地产管理部门做好预售款监管工作的；
（五）其他违反本办法或者商品房预售资金监管协议的行为。
第二十八条  房地产管理部门工作人员在预售资金监管工作中玩忽职守、徇私舞弊、滥用职权的，依法给予处分；构成犯罪的，依法追究刑事责任。
 
第六章  附则
第二十九条  本办法自2018年12月1日起施行，有效期五年。",清远市 住房 城乡 建设局 关于 进一步 加强 商品房 预售 资金 监管 通知 本网 访问量 发布 时间 各县 住房 城乡 建设局 中国人民银行 清远市 中心 支行 国家 金融 监督管理 总局 清远 监管 分局 房地产 开发 企业 商业银行 进一步 保障 房地产 项目 竣工 交付 维护 购房人 合法权益 促进 房地产 市场 平稳 健康 发展 根据 中华人民共和国 城市 房地产 管理法 城市 商品房 预售 管理 办法 住房 城乡 建设部 人民银行 保监会 关于 规范 商品房 预售 资金 监管 意见 建房 有关 规定 结合 我市 实际 现将 我市 商品房 预售 资金 以下 简称 预售 资金 监管 有关 事项 通知 如下 我市 预售 资金 监管 遵循 政府 主导 银行 配合 多方 监督 专款专用 保障 建设 原则 住房 城乡 建设局 清城区 商品房 预售 资金 监管部门 其它 各县 住房 城乡建设 部门 负责 区域 预售 资金 监督管理 工作 商品房 预售 收存 拨付 使用 采取有效 措施 进行 监管 人民银行 分支机构 按照 办法 相关 规定 负责 指导 监管 银行 做好 商品房 预售 监管 账户 开设 变更 撤销 业务 银保监 部门 按照 办法 相关 规定 负责 商业银行 预售 资金 监管 操作 风险 合规性 进行 监督 检查 监管 银行 按照 办法 相关 规定 负责 开展 监管 账户 监控 工作 配合 开展 预售 资金 收存 拨付 冻结 预售 资金 监管 工作 配合 推动 商业银行 业务 管理系统 安居 系统 对接 加强 房屋 网签 备案 监管 账户 资金 银行 按揭 贷款 数据 信息 共享 负责 监督 项目 在建 工程 抵押 贷款 用途 项目 工程建设 相关 商品房 预售 监管 期限 开发 项目 取得 商品房 预售 许可证 开始 项目 解除 预售 监管 账号 为止 申请 商品房 预售 许可 房地产 开发 企业 中标 商业银行 范围 选择 专用 账户 开户银行 监管 银行 签订 预售 资金 监管 协议 按照 一个 预售 许可证 对应 一个 账户 原则 监管 银行 开立 专用 账户 购房人 应当 根据 房地产 开发 企业 签订 商品房 买卖合同 认购 协议 约定 付款 方式 期限 房地产 开发 企业 出具 缴款通知 预售 资金 直接 存入 监管 账户 房地产 开发 企业 不得 另设 账户 收存 商品房 预售 资金 预售 监管 账号 没有 解除 监管 购房人 申请 按揭 贷款 按揭 贷款 银行 应当 按照 贷款 合同 约定 发放 按揭 贷款 直接 划入 监管 账户 实时 通过 安居 系统 传出 入账 流水 信息 确保 项目 竣工 交付 建设 工程款 建筑材料 设备 项目 工程建设 密切相关 款项 实施 重点 监管 重点 监管 额度 住房 城乡建设 部门 根据 商品房 建设工程 单位 综合 造价 乘以 监管 项目 施工 许可 面积 核定 重点 监管 额度 资金 称为 重点 监管 资金 监管 账户 入账 金额 达到 重点 监管 额度 重点 监管 资金 最低 预留 比例 监管 账户 入账 金额 监管 账户 入账 金额 达到 重点 监管 额度 住房 城乡建设 部门 根据 项目 工程 施工进度 控制 节点 部分 工程验收 情况 逐步 核减 预留 重点 监管 资金 监管 账户 入账 金额 达到 重点 监管 额度 住房 城乡建设 部门 审核 通过 房地产 开发 企业 可以 申请 使用 重点 监管 额度 以外 剩余 资金 优先 用于 工程建设 所有 预售 资金 预售 监管 账户 没有 解除 监管 监管 银行 不得 擅自 扣划 按照 留在 项目 留在 当地 原则 房地产 开发 企业 不得 擅自 资金 挪作他用 设立 子公司 房地产 开发 企业 集团公司 不得 擅自 抽调 房地产 开发 企业 监管 银行 贷款 银行 公积金 管理中心 各县 住房 城乡建设 部门 安居 系统 对接 实现 相关 数据 实时 交换 住房 城乡 建设局 人民银行 清远 中心 支行 国家 金融 监督管理 总局 清远 监管 分局 发现 房地产 开发 企业 监管 银行 贷款 银行 违规行为 及时 进行 查处 监管 银行 违反 预售 资金 监管 要求 约定 取消 监管 资格 房地产 开发 企业 违反规定 三方 协议 约定 收存 支出 使用 预售 资金 提供 虚假 材料 支出 预售 资金 监管部门 根据 约定 进行 处理 依法 依规 违法 违规行为 作为 不良信息 记入 到市 住房 城乡 建设局 诚信 管理系统 通知 自发 之日起 执行 国家 市有 规定 按新 规定 执行 清远市 住房 城乡 建设局 各县 建局 有关 单位 房地产 开发 企业 清远市 商品房 预售 监督管理 办法 按照 规范性 文件 流程 制定 经市 法制局 审查 日起 正式 印发 实施 特此通知 清远市 住房 城乡建设 管理局 清远市 商品房 预售 监督管理 办法 第一章 总则 第一条 加强 新建 商品房 预售 监督管理 保障 购房人 合法权益 根据 中华人民共和国 城市 房地产 管理法 城市 商品房 预售 管理 办法 建设部 广东省 商品房 预售 管理条例 有关 法律 法规 规章 规定 结合 本市 实际 制定 办法 第二条 本市 取得 预售 许可 商品房 项目 预售 收存 支取 使用 监督管理 适用 办法 办法 所称 商品房 预售 房地产 开发 企业 开发 商品房 办理 竣工 验收 备案 手续 出售 购房人 按照 合同 约定 支付 定金 首付款 购房 贷款 以及 其他 形式 全部 购房 款项 第三条 商品房 预售 监督管理 遵循 政府 监管 银行 配合 专款 专存 专款专用 原则 第四条 住房 城乡建设 管理局 房地产 管理 部门 清城区 商品房 预售 监管部门 其它 各县 房地产 管理 部门 负责 区域 预售 监督管理 工作 商品房 预售 收存 使用 采取有效 措施 进行 监管 第五条 商品房 预售 监管 期限 开发 项目 取得 商品房 预售 许可证 开始 项目 办理 竣工 验收 备案 手续 终止 第二章 监管 账户 设立 第六条 申请 商品房 预售 许可 房地产 开发 企业 开发 项目 所在地 自行 选择 商业银行 作为 商品房 预售 存入 账户 开户银行 以下 简称 监管 银行 开立 商品房 预售 监管 专用 账户 以下 简称 监管 账户 监管 银行 房地产 管理 部门 共同 签订 商品房 预售 监管 三方 协议 第七条 房地产 开发 企业 商品房 买卖合同 注明 监管 银行 商品房 预售 监管 账户 信息 售楼 场所 公示 以便 相关 部门 购房人 查询 使用 监督 第八条 取得 商品房 预售 许可证 项目 监管 账户 建筑 工程施工 许可证 开立 一个 监管 账户 对应 一个 施工 许可证 一个 施工 许可证 设立 以内 监管 账户 第三章 预售 收存 第九条 商品房 预售 监管 款应 全部 存入 预售 许可证 对应 监管 账户 房地产 开发 企业 不得 直接 收存 缴入 监管 账户 购房款 购房人 申请 按揭 贷款 房地产 开发 企业 协助 购房人 首付款 存入 监管 账户 监管 账户 提供 贷款 银行 贷款 银行 发放 按揭 直接 存入 监管 账户 第十条 保障 工程建设 房地产 管理 部门 根据 项目 工程 形象 进度 情况 预留 一定 额度 商品房 预售 预留 商品房 预售 包括 保证金 重点 监管 资金 部分 第十一条 保证金 商品房 取得 建设工程 竣工 验收 备案 之前 房地产 管理 部门 代表 预购 预售 进行 监管 款项 保证金 按照 监管 账户 入账 总金额 留存 项目 办理 竣工 验收 备案 手续 监管 解除 第十二条 重点 监管 资金 预售 项目 达到 建设工程 竣工 验收 条件 工程建设 费用 资金 包括 工程建设 施工进度 材料 工人工资 法定 税费 实行 商品住宅 装修 应当 装修 费用 计算 重点 监管 资金 以内 重点 监管 资金 房地产 管理 部门 依据 建设 工程造价 管理 部门 确认 商品房 建设工程 单位 综合 造价 乘以 监管 项目 施工 许可 面积 核定 商品房 建设工程 单位 综合 造价 标准 根据 房地产 市场 项目 建设 成本 情况 适时 调整 公布 第十三条 监管 账户 入账 金额 达到 重点 监管 资金 重点 监管 资金 最低 预留 比例 监管 账户 入账 金额 第十四条 监管 账户 入账 金额 达到 重点 监管 资金 重点 监管 资金 按照 以下 方式 预留 房地产 管理 部门 根据 项目 工程 施工进度 控制 节点 逐步 核减 预留 重点 监管 资金 项目 主体 结构 封顶 重点 监管 资金 留存 比例 工程项目 排栅 落地 重点 监管 资金 留存 比例 质量 验收 完成 出具 竣工 验收 合格 报告 提取 全部 重点 监管 资金 对于 同一 施工 许可 范围 形象 进度 一致 楼栋 最低 施工进度 楼栋 为准 第十五条 房地产 管理 部门 按照 房地产 开发 企业 诚信 等级 情况 调整 重点 监管 资金 留存 比例 诚信 等级 重点 监管 资金 留存 比例 降低 诚信 等级 重点 监管 资金 留存 比例 调整 诚信 等级 重点 监管 资金 留存 比例 提高 诚信 等级 重点 监管 资金 留存 比例 提高 第十六条 诚信 良好 房地产 开发 企业 项目 所在地 商业银行 保险公司 出具 见索 付现金 保函 抵顶 同等 额度 预售 第四章 预售 支取 使用 第十七条 房地产 开发 企业 申请 拨付 商品房 预售 应当 按照 工程建设 进度 控制 节点 提出 用款 申请 明确 资金 拨付 额度 用途 提交 以下 材料 商品房 预售 提取 申请表 施工 承包单位 出具 工程款 支付 申请表 监理 单位 工程建设 进度 证明 加盖 总监 注册 其他 需要 相关 材料 第十八条 监管 账户 入账 金额 达到 重点 监管 资金 房地产 管理 部门 审核 通过 房地产 开发 企业 可以 申请 使用 重点 监管 资金 以外 剩余 资金 保证金 用于 工程建设 第十九条 监管 账户 入账 金额 达到 重点 监管 资金 申请 提取 商品房 预售 明确 资金 拨付 额度 用途 提交 以下 材料 商品房 预售 监管 提取 申请表 施工 承包单位 出具 工程款 支付 申请表 监理 单位 工程建设 进度 证明 加盖 总监 注册 其他 需要 相关 材料 第二十条 房地产 开发 企业 支付 施工 承包单位 工程进度 款时 工人工资 入账 金额 依据 建设 工程造价 管理 部门 确认 建设项目 工人 工资总额 工程造价 比例 核定 第二十一条 房地产 开发 企业 申请 提取 商品房 预售 监管 款后 房地产 管理 部门 应当 受理 之日起 工作日内 完成 审核 必要 进行 现场 勘查 第二十二条 房地产 开发 企业 下列 情形 之一 记入 诚信 档案 暂停 拨付 监管 账户 全部 预售 资金 直接 收存 缴入 监管 账户 商品房 预售 存在 违法 违规行为 导致 项目 停工 预售 项目 存在 严重 质量 问题 房地产 管理 部门 认定 应当 暂停 拨付 其他 情形 第二十三条 预售 项目 办理 竣工 验收 备案 手续 房地产 开发 企业 申请 取消 竣工 楼栋 预售 监管 房地产 管理 部门 出具 商品房 预售 专用 账户 销控 审批表 监管 银行 办理 取消 账户 监管 手续 第二十四条 有关 部门 监管 账户 资金 进行 冻结 或者 划扣 监管 银行 义务 告知 商品房 预售 资金 监管 账户 性质 及时 书面 告知 房地产 管理 部门 相关 冻结 或者 划扣 情况 资料 房地产 管理 部门 备案 第五章 责任 追究 第二十五条 房地产 开发 企业 下列 行为 房地产 管理 部门 责令 限期 整改 记入 企业 诚信 档案 情节严重 暂停 其网 业务 依法 予以 行政处罚 按规定 商品房 预售 资金 全部 存入 监管 账户 变相 逃避 商品房 预售 监管 按规定 使用 商品房 预售 资金 瞒报 提供 虚假 材料 其它 违反 办法 或者 商品房 预售 监管 协议 行为 第二十六条 施工 监理 单位 提供 虚假 证明 采取 其他 方式 协助 房地产 开发 企业 违规 骗取 预售 监管 房地产 管理 部门 依法追究 相关 责任 第二十七条 监管 银行 下列 行为 房地产 管理 部门 按照 商品房 预售 资金 监管 协议 暂停 或者 终止 监管 银行 资格 承担 相应 责任 同时 通报 银行业 监管部门 按规定 预售 资金 存入 监管 账户 未经 房地产 管理 部门 同意 擅自 支付 商品房 预售 资金 擅自 截留 挪用 或者 拖延 支付 商品房 预售 资金 发现 监管 账户 异常情况 及时 告知 房地产 管理 部门 其他 配合 房地产 管理 部门 做好 预售 监管 工作 其他 违反 办法 或者 商品房 预售 资金 监管 协议 行为 第二十八条 房地产 管理 部门 工作人员 预售 资金 监管 工作 玩忽职守 徇私舞弊 滥用职权 依法 给予 处分 构成犯罪 依法追究 刑事责任 第六章 附则 第二十九条 办法 日起 施行 有效期 五年,2.181213517969367,7.750220695846085,4.716666666666667,6.116666666666667,6925,22.4,27.14166666666667,3391.517857142857,375.720028409091,281.7737444196429,4664.393939393939,37.64289772727273,5,3,0.008625,1.0,阶段1,14.0,23.0,357.6075284090909,9.5,0.0,阶段2,,,0.0,,0.0,竣备,,,0.0,,1.0,阶段4,29.0,36.0,18.1125,4.0,0.0,阶段5,,,0.0,,3,5,281.7737444196429
澄迈,澄迈,Chengmai-3,approved construction cost,with multiplier or floor,successive inspection stages,drawdown ceiling,specified,condition beyond first registration,True,True,13.0,0.45,0.05,numbered clauses in evidence excerpt,explicit percentage near 主体结构封顶; midpoint used for a stated range,manual 5% retained flag,监管额度、违约责任等，监管协议主要内容要在预售方案中予以明确，并通过附件方式在《商品房买卖合同》中予以体现 | 监管账户内累计预售资金超过重点监管额度后，监管银行应通知监管部门和开发企业，开发企业可自行提取重点监管额度以外的资金，优先用于预售项目工程建设和偿还本项目贷款等 | 完成房屋所有权首次登记后终止,True,policy_identification_filled.xlsx,City_audit,4stage_Ncost,4,4,stage_1|stage_2|stage_3|stage_4,主体|装修|竣备|确权,主体|装修|竣备|确权,complete_named_milestones,stage_1,stage_4,4,0.4736842105263157,1.0,cumulative_same_denominator_stage_shares,terminal_stage_share:within_cohort_amount_share,expert_calibrated_operational_proxy_pending_source_mapping,monthly-revenue stage ratio or within-cohort amount share; not automatically a policy percentage,external/Modelling Dep/41_Cities_Dep/city_catalog.json,data/pmc_data.xlsx,dep-operational-h1-v1,Chengmai-3,2023,三线,澄迈,Hainan,"关于进一步加强商品房预售资金监管工作的通知

各预售资金监管商业银行、各房地产开发企业：
根据海南省住房和城乡建设厅、中国人民银行海口中心支行、中国银行保险监督管理委员会、海南监管局《关于印发<海南省商品房预售资金监管办法>的通知》(琼建房[2022]373号)相关规定，推进预售资金申请、审核、拨付“全程网办”，提高资金拨付效率，加强数据共享，我单位委托海口海迈科技有限公司开发了商品房预售资金监管系统，实现网签备案系统和商业银行业务管理系统对接，实现预售资金全面实施三方监管。
为规范我县商品房预售资金的监督管理，保障房地产项目竣工交付，维护购房人合法权益，促进房地产市场平稳健康发展。我县各已取得商品房预售许可证项目，在办理商品房网签备案时，预售资金必须全部归入三方监管账户。请各企业务必高度重视，并及时办理已取得预售许可项目预售资金三方监管手续，避免影响后期商品房网签备案手续正常办理。各预售资金监管商业银行应尽快实现与商品房预售资金监管系统、网签备案系统的对接工作，避免影响后期预售资金业务正常办理。如在商品房预售资金监管系统操作过程中遇到技术性问题或不明之处，可咨询海口海迈科技有限公司（联系人:吴有亮，联系电话:13215856512）。


澄迈县住房保障与房产管理局
2023年11月15日
联系人：吴境积 电话：67628389 

澄迈法院召开贯彻落实最高人民法院“一号司法建议”“二号司法建议”工作座谈会
2023-12-08 18:11
海南
来源：澎湃新闻·澎湃号·
为认真做好最高人民法院“一号司法建议”“二号司法建议”一体落实工作，加强县域商品房预售监督管理、协同推进房地产及建设工程领域矛盾纠纷源头治理，助力完善信用卡监督管理防范金融风险，近日，澄迈法院召开“一号司法建议”“二号司法建议”一体落实工作座谈会。县住房保障与房产管理局、县住房和城乡建设局、县自然资源和规划局、县市场监督管理局以及多家商业银行受邀参加会议。澄迈法院党组书记、院长昌盛主持会议。 
会上，昌盛解读了“一号司法建议”“二号司法建议”的主要内容，并简要通报了近三年来澄迈法院受理的建设工程、信用卡、商品房预售等领域纠纷案件的整体情况。澄迈法院相关业务部门负责人与法官提出审理上述案件时所遇到的问题，与会人员围绕澄迈县当前房地产预售资金监管、不动产信息公示、合同备案及预告登记、建设工程项目监管、信用卡及小额贷款等领域所存在的问题依次发言，并就如何落实好“一号司法建议”“二号司法建议”，将矛盾化解在源头，推动房地产、金融行业平稳健康发展展开研讨交流。 
会议要求，一是凝聚思想共识，高度重视两个司法建议落实工作。司法建议是贯彻落实“抓前端、治未病”的重要抓手，是人民法院能动司法、参与社会治理的重要途径。法院要围绕保障经济社会持续健康发展的目标，依法履行好司法建议职责，相关职能部门及相关行业要完善管理、消除隐患、改进工作、规范行为，不断提高管理水平，从源头上预防矛盾纠纷。二是注重同向发力，细化措施抓深做实。各参会单位应向主要领导汇报本次会议精神和两个司法建议的内容要求，结合工作职能，认真梳理两个司法建议中群众反映强烈的问题，针对性制定切实可行的具体举措，细化责任清单。三是强化协同配合，促进部门行业良性互动。牢固树立双赢多赢共赢理念，落实落细“府院联动”机制，强化与涉及的部门行业协同配合，完善联合督导、定期会商、难题攻关等长效机制，建立房地产、信用卡等领域纠纷多元化解联合机制，探索建立建工领域专业调解组织，协同推进矛盾纠纷源头治理，齐心协力为落实好最高人民法院“一号司法建议”“二号司法建议”画好“同心圆” 
===================

澄迈县住房和城乡建设局
关于《澄迈县商品房预售资金实施细则（征求意见稿）》及《澄迈县商品房预售资金监管协议（征求意见稿）》公开征求意见的公告
为进一步加强商品房预售资金监督管理，规范商品房预售资金的收存使用行为，确保预售商品房购房款项用于项目的开发建设，维护商品房交易双方的合法权益。根据《海南省商品房预售资金监管办法》相关规定，县房管局草拟了《澄迈县商品房预售资金监管实施细则（征求意见稿）》、《澄迈县商品房预售资金监管协议（征求意见稿）》。现将全文向社会公布并广泛征求意见。
有关单位及个人如有意见及建议，请于2023年1月20日前将书面意见发送到以下邮箱。
电子邮箱：cmxzjj@163.com
联系电话：0898-67620307
附件：1.澄迈县商品房预售资金监管实施细则（征求意见稿）
2.澄迈县商品房预售资金监管协议（征求意见稿）
=====================



澄迈县商品房预售资金监管实施细则
（征求意见稿）

第一章 总 则

第一条  为规范我县商品房预售资金的监督管理，保障房地产项目竣工交付，维护购房人合法权益，促进房地产市场平稳健康发展，根据《中华人民共和国城市房地产管理法》、《城市商品房预售管理办法》和《海南省商品房预售资金监管办法》等有关规定，结合本县实际，制定本实施细则（以下简称“本细则”）。
第二条  凡在澄迈县申请商品房预售许可的项目，其预售资金的收存、使用及监督管理，适用本细则。
 本细则所称预售资金，是指预售商品房的房地产开发企业（以下简称开发企业）依法将其开发的商品房出售，由购房人缴交的定金、预付款、房价款（包括首付款、分期付款、一次性付款、银行按揭贷款和住房公积金贷款）、保证金等各种款项。
 澄迈县住房和城乡建设局负责指导和监督本县商品房预售资金监管工作（以下简称主管部门），具体负责制定本县监管实施细则及三方监管协议书文本。澄迈县住房保障与房产管理局负责本县商品房预售资金监管工作（以下简称监管部门），具体负责会同人民银行澄迈支行通过公开招标方式确定能够承接商品房预售资金监管业务的商业银行、与开发企业及商业银行共同签订预售资金三方监管协议、对开发企业管理使用预售资金的行为进行监督检查或委托第三方机构协助对开发企业使用预售资金的行为进行审核检查。人民银行澄迈支行负责指导商业银行做好监管账户管理工作。商业银行按照监管协议做好监管账户监控和拨付工作，并定期与监管部门对账，对发现的违法违规行为及时向监管部门反馈。
第四条  商品房预售资金的监督管理遵循专户存储、专款专用、全程监管、节点控制、多方监督的原则。
第五条  预售资金监管期限自项目核发《商品房预售许可证》开始，至项目完成房屋所有权首次登记后终止。
 
第二章  预售资金监管账户的开设与变更
第六条  监管部门会同人民银行澄迈支行通过公开招标方式，综合商业银行资信状况、监管能力、服务水平等因素，确定本县辖区内能够承接商品房预售资金监管业务的商业银行，并通过澄迈县住建部门门户网站予以公示，开发企业应从公示的名单中选择商业银行作为监管银行。
第七条  开发企业在申请办理《商品房预售许可证》前，按一次商品房预售许可申请对应一个账户的原则开设预售资金监管账户（以下简称监管账户）。
第八条 监管账户一经设立,原则上不得随意变更;确需变更的，应由监管部门、开发企业、监管银行三方协商同意后解除原监管协议，重新签订新的监管协议，并在5个工作日内将原监管账户中的预售资金全部转入变更后的监管账户。账户变更期间，原监管账户范围内的商品房暂停销售。

预售资金监管协议的签订
第九条 开发企业在申请办理《商品房预售许可证》前，须与开设监管账户的监管银行和监管部门签订三方监管协议。监管协议应明确预售资金收存和使用方式、监管额度、违约责任等，监管协议主要内容要在预售方案中予以明确，并通过附件方式在《商品房买卖合同》中予以体现。未签订监管协议的，县行政审批部门不得核发《商品房预售许可证》。
第十条  开发企业在取得《商品房预售许可证》后，应将商品房预售资金监管相关规定告知购房人，将监管银行、监管账户等信息在《商品房预售许可证》、《商品房买卖合同》上载明，并在商品房销售现场显著位置以及县住建部门门户网站进行公示。

第四章 预售资金的收存
第十一条  开发企业预售商品房时，由购房人缴交的定金、首付款等全部购房款直接存入监管账户，开发企业不得直接收取或另设账户收存购房人的购房款。购房人分期或其他付款方式购买商品房的，在签订的《商品房买卖合同》中，必须注明付款次数，每次付款金额和付款时间，并按合同约定由购房人将购房款存入监管账户。
第十二条 购房人按揭贷款购买商品房的，其按揭贷款(含商业贷款和住房公积金贷款）由贷款银行按开发企业提供的监管账户直接划入，并注明用途。
第十三条 开发企业不得向购房人以集资、借款、会员费、工程抵押等形式变相预售商品房，逃避资金监管。
第十四条 监管银行应充分利用自身网络技术条件按幢按套建立购房款明细管理台账并定时传送给监管部门，确保专款专用。购房款明细管理台账包括房号、购房人每次交存购房款时间、金额及累计交存总额等。在监管部门商品房预售资金监管系统建立后，监管银行业务管理系统应与监管部门商品房预售资金监管系统对接联网，实现信息共享。

第五章 预售资金监管的额度
第十五条  商品房预售资金实行全程监管，确保专款专用，对用于支付工程建设等费用的预售资金要实施重点监管。商品房预售资金重点监管额度按照项目建筑、安装、装修和区内配套建设等成本费用（含税）以及5%的不可预见费用确定。商品房预售资金重点监管额度须在商品房预售资金监管协议中载明。
开发企业申请的重点监管资金应用于支付本项目工程建设进度款、建筑材料、配套设施、设备、全装修工程进度款等款项以及法定税费、不高于5%的不可预见费。
    开发企业申请支取监管额度内的资金，须经监管部门核实同意。监管账户内累计预售资金超过重点监管额度后，监管银行应通知监管部门和开发企业，开发企业可自行提取重点监管额度以外的资金，优先用于预售项目工程建设和偿还本项目贷款等。 
 第十六条  开发企业应当根据项目建设方案及施工进度编制预售项目资金使用计划。使用重点监管资金应以项目工程进度和资金使用计划为依据，按照项目建设进度达到主体结构封顶、竣工验收、配套设施建设完成、初始登记、具备办理产权转移登记条件五个环节设置资金使用节点：
1、项目主体结构封顶时，使用资金额度不得超过重点监管资金总额的45%；
2、项目完成竣工验收时，使用资金额度不得超过重点监管资金总额的80%；
3、项目完成配套设施建设时，使用资金额度不得超过重点监管资金总额的90%；
4、项目完成初始登记时，使用资金额度不得超过重点监管资金总额的95%；
5、项目具备办理产权转移登记条件时，预售资金监管终止。
完成初始登记并达到具备办理产权转移登记的条件前，监管账户内的资金不得低于重点监管额度（含税）的5%。
第十七条   开发企业申请使用监管资金前，应当向监管部门申请对项目工程形象部位进行现场查勘。现场查勘后，开发企业按照施工进度向监管部门提交以下材料申请办理拨付手续：
（一）商品房预售资金使用申请表；
（二）授权委托书及受托人身份证复印件；
（三）用于支付工程款的，提供工程建设合同及工程监理机构出具的施工进度资料及影像资料；
（四）用于支付工程建设所需的建筑材料、设备款项的，提供与供应商签订的购销合同；
（五）用于支付工程监理或其他行政事业性收费的，提供合同或缴费通知；
（六）其他应当提交的材料。
首次拨付款后，每次申请拨款时还应当提交上一次申请用款事项的转款回单。如支付工程款的，则需提交监理单位对相应款项使用情况的证明材料。
第十八条  申请材料审核合格后，由监管部门在3个工作日内出具同意拨付证明。监管银行收到监管部门同意拨付意见后，应在2个工作日内将资金拨付给与开发企业签订合同的相关当事人或单位。监管银行违反监管协议，未经主管部门核实同意，擅自拨付监管额度内资金的，应当负责追回资金，无法追回的依法承担相应赔偿责任。
第十九条  有下列情形之一的，监管部门可书面通知监管银行暂停拨付监管账户内的预售资金，并协调相关部门监督监管账户内资金的使用:
(一)开发企业存在违法违规行为导致工程停工的。
(二)预售项目发生质量事故或存在严重质量问题的。
(三)预售项目未按期交付使用或存在不能按时交付风险的。
(四)项目存在违法违规建设和销售的。
(五)项目存在严重债务和劳务纠纷的。
(六)县住建部门认定应当暂停拨付的其他情形。
开发企业侵害购房人权益，依法应给予赔偿的，应优先用超出项目监管额度以外的预售资金支付。
第二十条 在销售中若发生退款的，开发企业可以向监管部门申请解除退款部分的监管申请，监管部门应在3个工作日核实并书面通知监管银行。

第六章 预售资金监管的解除
 第二十一条  开发企业办理完成项目房屋所有权首次登记并达到具备办理产权转移登记的条件后，可以持解除监管申请书、授权委托书及受托人身份证复印件及房屋所有权初始登记等证明文件向监管部门申请解除预售资金监管。监管部门受理申请审核通过后，向开发企业出具《解除预售资金监管通知书》。开发企业持《解除预售资金监管通知书》到监管银行按规定办理解除预售资金监管手续。
第二十二条 解除监管后的账户和剩余资金由开发企业自行处理。  　
 
第六章 监督管理

第二十三条  监管银行应按月将预售资金收支等情况报送监管部门。监管部门应主动在住建等部门门户系统公示监管协议、工程形象进度和预售资金收支情况等相关信息，方便购房人查询。
第二十四条  监管部门要定期巡查预售项目，发现项目收支存在异常情况的，责令开发企业限期改正。人行澄迈县支行发现监管银行违规的，应当依法严肃处理。监管银行发现房地产开发企业存在违规挪用监管额度内资金问题的，应当停止拨付，并立即告知监管部门，监管部门要及时作出处理。
第二十五条  涉及人民法院保全、执行商品房预售资金的，按照《最高人民法院 住房和城乡建设部 中国人民银行关于规范人民法院保全执行措施确保商品房预售资金用于项目建设的通知》（法〔2022〕12号）有关要求执行。
第二十六条  开发企业有下列行为的，由监管部门责令其限期整改，整改期间开发企业不得申请拨付预售资金：
（一）未按规定收存、使用预售资金的;
（二）提供虚假证明材料申请使用预售资金的；
（三）以收取其他款项为名变相逃避预售资金监管的
（四）其他违反预售资金监管规定的。 
情节严重或拒不改正的，按照国家及我省诚信管理有关规定处理，同时关闭该项目网签系统。违反相关法律、法规、规章规定，依照相关规定处罚。
第二十七条  施工单位、监理单位提供虚假资料或采取其他方式协助开发企业违规支取预售资金的，由主管部门依法对相关责任单位和责任人予以处理。违反相关法律、法规、规章规定的，依照有关规定处罚。
 第二十八条  监管银行违反规定或未按照商品房预售资金监管协议约定，擅自收存、管理以开发企业名义转入的资金，未按规定监控、反馈购房贷款入账情况，擅自拨付资金，或存在其他违规行为的，依法承担相应法律责任。

第七章 附 则
第二十九条  本细则的具体应用由澄迈县住房和城乡建设局负责解释。 
第三十条  本细则自2022年    月    日起施行，有效期至    年    月    日。
=================


 预售资金使用拨付控制节点
完成初始登记并达到具备办理产权转移登记的条件前，监管账户内的资金不得低于重点监管额度（含税）的5%。
使用重点监管资金应以项目工程进度和资金使用计划为依据，按照以下五个环节设置资金使用节点：
项目主体结构封顶时，使用资金额度不得超过重点监管资金总额的45%；
项目完成竣工验收时，使用资金额度不得超过重点监管资金总额的80%；
项目完成配套设施建设时，使用资金额度不得超过重点监管资金总额的90%；
项目完成初始登记时，使用资金额度不得超过重点监管资金总额的95%；
项目具备办理产权转移登记条件时，预售资金监管终止。
三方的权利与义务
1.甲方的权利与义务
（1）甲方按《澄迈县商品房预售资金监管实施细则》有关规定，做好商品房预售资金的收存和使用的监管工作。
（2）甲方对本协议监管账户资金的拨付有否决权，即对不符合规定的用款不予批准。
（3）甲方有权要求乙方定期报送预售资金和使用款项数据，及时了解乙方预售资金进账和去向情况。
（4）甲方有权向乙、丙双方查询本协议监管账户资金进账和去向。
（5）甲方在收到乙方的拨付申请后，对符合条件的，应在3个工作日内办结审批手续。
（6）对乙方未按《澄迈县商品房预售资金监管实施细则》规定收存、使用预售资金的，提供虚假证明材料申请使用预售资金的，以收取其他款项为名变相逃避监管的，项目收支存在异常情况且未按期改正，以及其他违反预售资金监管规定的，甲方有权暂停乙方在当地所有开发项目的商品房预售。
2.乙方的权利与义务
    （1）乙方须按本协议第二条约定将预售资金逐笔逐户存入本协议监管账户，不得私自存入其他账户，否则承担相应的责任。
（2）乙方应协助购房人使用同名银行账户通过资金监管专用pos机或银行转账方式将购房款直接存入本协议监管账户，不得另设其他账户收存本项目预售资金，不得以现金的方式直接收存房价款。本协议监管账户不得办理查询以外的网上银行业务，不得私自转款。
（3）买受人以按揭贷款购买商品房的，乙方有义务协助买受人或贷款银行按照与合作按揭贷款业务银行签订的协议将其按揭贷款由贷款银行直接转入本协议资金监管账户，并注明用途，不得另设其他账户收存。
（4）买受人分期或以其它付款方式购买商品房的，在签订《商品房买卖合同》中，乙方必须注明付款次数、每次付款金额和付款时间，并按合同约定有义务协助买受人或贷款银行及时将购房款存入本协议资金监管账户。
（5）乙方须向甲方出具与其预售项目合作按揭贷款业务的银行名单，同时，出具与合作按揭贷款业务银行签订按揭贷款款项直接转入本协议资金监管账户的协议。
（6）乙方向甲方承诺所提供的资金监管和拨付的相关材料真实准确。因乙方提供材料不真实或材料不符合造成拨付资金错误或延误的，乙方自行承担相关法律和经济责任。
（7）在本协议有效期内，由于乙方机构合并、分立等原因导致乙方企业名称变更的，乙方须持相关材料及时向甲方提出变更监管账户名称申请。乙方应提前60天书面通知甲方、丙方，并及时向甲方申请办理变更相关信息。
（8）在本协议有效期内，未经甲方书面同意，乙方不得自行改变监管账户的性质和用途。不得单方面向丙方提出申请挂失、撤销、转托管监管账户以及其他导致账户信息变化的行为。
（9）乙方具备办理产权转移登记条件后，乙方应及时通知甲方并提出解除监管账户申请，持甲方出具的《解除预售资金监管通知书》到丙方办理解除监管账户手续。
（10）自签订本协议之日起，乙方应将本监管协议在商品房销售现场显著位置公示，并在《商品房买卖合同》中载明预售资金监管银行、监管账户和监管账号。
（11）乙方必须积极推进本协议监管项目的各项工作，包括加快施工进度完成项目竣工验收、交付使用、支付本项目各种款项和办理房屋不动产权证等工作。
（12）乙方申请办理预售资金监管账户变更等业务时，需征得原监管银行和监管部门的统一，并将原签订的预售资金监管协议交回甲方归档，并领取新的协议。
（13）乙方在保证整个项目交付使用的资金情况下，可向丙方申请调用超过监管额度部分的资金。乙方须配合丙方做好预售资金监管账户资金收存、账户核对等工作，因乙方不配合丙方，造成的责任由乙方承担。
3.丙方的权利与义务
（1）丙方应严格履行账户管理、资金收存、资金划拨等监管义务，积极配合乙方收取预售房款工作，并向甲、乙双方及购房人提供优质、高效的金融服务。
（2）丙方必须依据甲方出具的预售监管资金同意拨付证明，方可拨付本协议监管额度内预售监管资金相关款项。
（3）丙方不得开通本协议监管账户办理查询以外的网上银行业务。
（4）丙方应积极配合甲方做好商品房预售资金监管账户核对、查询工作，每月底向甲方提供上述预售资金监管账户的对账单。
（5）乙方提出资金使用申请，经甲方或甲方委托的第三方机构核实同意的，丙方应及时拨付。
（6）乙方违反《海南省商品房预售资金监管办法》和《澄迈县商品房预售资金监管实施细则》相关规定的，丙方暂停拨付预售资金。
（7）丙方在配合乙方办理预售资金监管账户变更等业务时，需将原签订的预售资金监管协议交回甲方归档，并领取新的协议。
（8）丙方应依据甲方出具的《解除预售资金监管通知书》办理解除预售资金监管等手续。
（9）丙方与乙方签订的其他协议与本协议条款相冲突时，以本协议条款为准。
第六条  违约责任 
1.乙方未按本协议约定收存、支付预售资金的，一经发现，甲方可责令乙方必须将挪用资金足额存入本协议监管账户，并承担相应的法律和经济责任。
2.乙方若违反本协议相关约定，由此造成损失的，乙方应承担赔偿责任，情节严重的，乙方将被列入不良行为企业并向社会公示。
3.丙方未按照甲方的审核同意的批准性文件办理相关业务，由此造成损失的，丙方必须承担相应的赔偿责任。
4.丙方未按照本协议约定擅自向乙方拨付监管资金的，应当负责追回资金，无法追回的依法承担相应赔偿责任；同时，甲方即可将丙方列入预售资金监管黑名单并对外公布，丙方三年内不能再参与澄迈县新的商品房预售资金监管业务。
5.本协议生效期间，因监管账户的资金被司法机关冻结或划扣，丙方应于两个工作日内通知甲、乙双方，因未及时通知甲方造成损失的，丙方必须承担相应的赔偿责任。
第七条  其他约定
1.本协议在执行过程中，如遇国家相关政策调整，甲、乙、丙三方经协商可采取补充协议的方式加以完善。如发生争议，无争议部分继续履行，争议部分协商解决，不能协商解决的，依法向甲方所在地的人民法院起诉。
2.本协议自三方签字、盖章之日起生效。本协议一式三份，三方各执一份。
3.本协议未尽事宜，经三方协商一致，可签定补充协议。补充协议同本协议具有同等法律效力。",关于 进一步 加强 商品房 预售 资金 监管 工作 通知 预售 资金 监管 商业银行 房地产 开发 企业 根据 海南省 住房 城乡 建设厅 中国人民银行 海口 中心 支行 中国银行 保险 监督管理 委员会 海南 监管局 关于 印发 海南省 商品房 预售 资金 监管 办法 通知 建房 相关 规定 推进 预售 资金 申请 审核 拨付 全程 网办 提高 资金 拨付 效率 加强 数据共享 单位 委托 海口 海迈 科技 有限公司 开发 商品房 预售 资金 监管 系统 实现 网签 备案 系统 商业银行 业务 管理系统 对接 实现 预售 资金 全面实施 三方 监管 规范 我县 商品房 预售 资金 监督管理 保障 房地产 项目 竣工 交付 维护 购房人 合法权益 促进 房地产 市场 平稳 健康 发展 我县 取得 商品房 预售 许可证 项目 办理 商品房 网签 备案 预售 资金 必须 全部 归入 三方 监管 账户 企业 务必 高度重视 及时 办理 取得 预售 许可 项目 预售 资金 三方 监管 手续 避免 影响 后期 商品房 网签 备案 手续 正常 办理 预售 资金 监管 商业银行 尽快 实现 商品房 预售 资金 监管 系统 网签 备案 系统 对接 工作 避免 影响 后期 预售 资金 业务 正常 办理 商品房 预售 资金 监管 系统 操作过程 遇到 技术性 问题 不明 咨询 海口 海迈 科技 有限公司 联系人 吴有亮 联系电话 澄迈县 住房 保障 房产 管理局 联系人 吴境积 电话 澄迈 法院 召开 贯彻落实 最高人民法院 一号 司法 建议 二号 司法 建议 工作 座谈会 海南 来源 澎湃 新闻 澎湃 认真 做好 最高人民法院 一号 司法 建议 二号 司法 建议 一体 落实工作 加强 县域 商品房 预售 监督管理 协同 推进 房地产 建设工程 领域 矛盾 纠纷 源头 治理 助力 完善 信用卡 监督管理 防范 金融风险 近日 澄迈 法院 召开 一号 司法 建议 二号 司法 建议 一体 落实工作 座谈会 住房 保障 房产 管理局 住房 城乡 建设局 自然资源 规划局 市场 监督 管理局 以及 多家 商业银行 受邀 参加 会议 澄迈 法院 党组书记 院长 昌盛 主持会议 会上 昌盛 解读 一号 司法 建议 二号 司法 建议 主要 内容 简要 通报 近三年 澄迈 法院 受理 建设工程 信用卡 商品房 预售 领域 纠纷案件 整体 情况 澄迈 法院 相关 业务部门 负责人 法官 提出 审理 上述 案件 时所 遇到 问题 与会 人员 围绕 澄迈县 当前 房地产 预售 资金 监管 不动产 信息 公示 合同 备案 预告 登记 建设 工程项目 监管 信用卡 小额贷款 领域 存在 问题 依次 发言 如何 落实 一号 司法 建议 二号 司法 建议 矛盾 化解 源头 推动 房地产 金融 行业 平稳 健康 发展 展开 研讨 交流 会议 要求 一是 凝聚 思想 共识 高度重视 两个 司法 建议 落实工作 司法 建议 贯彻落实 前端 治未病 重要 抓手 人民法院 能动 司法 参与 社会 治理 重要途径 法院 围绕 保障 经济社会 持续 健康 发展 目标 依法 履行 司法 建议 职责 相关 职能部门 相关 行业 完善 管理 消除隐患 改进 工作 规范 行为 不断 提高 管理水平 源头 预防 矛盾 纠纷 二是 注重 同向 发力 细化 措施 抓深 做实 参会 单位 主要 领导 汇报 本次 会议 精神 两个 司法 建议 内容 要求 结合 工作 职能 认真 梳理 两个 司法 建议 群众反映 强烈 问题 针对性 制定 切实可行 具体 举措 细化 责任 清单 三是 强化 协同 配合 促进 部门 行业 良性 互动 牢固 树立 双赢 理念 落实 落细 府院 联动 机制 强化 涉及 部门 行业 协同 配合 完善 联合 督导 定期 会商 难题 攻关 长效机制 建立 房地产 信用卡 领域 纠纷 多元化 联合 机制 探索 建立 建工 领域 专业 调解 组织 协同 推进 矛盾 纠纷 源头 治理 齐心协力 落实 最高人民法院 一号 司法 建议 二号 司法 建议 画好 同心圆 澄迈县 住房 城乡 建设局 关于 澄迈县 商品房 预售 资金 实施细则 征求意见 澄迈县 商品房 预售 资金 监管 协议 征求意见 公开 征求意见 公告 进一步 加强 商品房 预售 资金 监督管理 规范 商品房 预售 资金 收存 使用 行为 确保 预售 商品房 购房 款项 用于 项目 开发 建设 维护 商品房 交易 双方 合法权益 根据 海南省 商品房 预售 资金 监管 办法 相关 规定 房管局 草拟 澄迈县 商品房 预售 资金 监管 实施细则 征求意见 澄迈县 商品房 预售 资金 监管 协议 征求意见 现将 全文 社会 公布 广泛 征求意见 有关 单位 个人 意见 建议 日前 书面 意见 发送到 以下 邮箱 电子邮箱 联系电话 附件 澄迈县 商品房 预售 资金 监管 实施细则 征求意见 澄迈县 商品房 预售 资金 监管 协议 征求意见 澄迈县 商品房 预售 资金 监管 实施细则 征求意见 第一章 第一条 规范 我县 商品房 预售 资金 监督管理 保障 房地产 项目 竣工 交付 维护 购房人 合法权益 促进 房地产 市场 平稳 健康 发展 根据 中华人民共和国 城市 房地产 管理法 城市 商品房 预售 管理 办法 海南省 商品房 预售 资金 监管 办法 有关 规定 结合 本县 实际 制定 实施细则 以下 简称 本细则 第二条 澄迈县 申请 商品房 预售 许可 项目 预售 资金 收存 使用 监督管理 适用 本细则 本细则 预售 资金 预售 商品房 房地产 开发 企业 以下 简称 开发 企业 依法 开发 商品房 出售 购房人 缴交 定金 预付款 房价 包括 首付款 分期付款 一次性 付款 银行 按揭 贷款 住房 公积金 贷款 保证金 各种 款项 澄迈县 住房 城乡 建设局 负责 指导 监督 本县 商品房 预售 资金 监管 工作 以下 简称 主管部门 具体 负责 制定 本县 监管 实施细则 三方 监管 协议书 文本 澄迈县 住房 保障 房产 管理局 负责 本县 商品房 预售 资金 监管 工作 以下 简称 监管部门 具体 负责 会同 人民银行 澄迈 支行 通过 公开招标 方式 确定 能够 承接 商品房 预售 资金 监管 业务 商业银行 开发 企业 商业银行 共同 签订 预售 资金 三方 监管 协议 开发 企业 管理 使用 预售 资金 行为 进行 监督 检查 委托 第三方 机构 协助 开发 企业 使用 预售 资金 行为 进行 审核 检查 人民银行 澄迈 支行 负责 指导 商业银行 做好 监管 账户 管理工作 商业银行 按照 监管 协议 做好 监管 账户 监控 拨付 工作 定期 监管部门 对账 发现 违法 违规行为 及时 监管部门 反馈 第四条 商品房 预售 资金 监督管理 遵循 专户 存储 专款专用 全程 监管 节点 控制 多方 监督 原则 第五条 预售 资金 监管 期限 项目 核发 商品房 预售 许可证 开始 项目 完成 房屋 所有权 首次 登记 终止 第二章 预售 资金 监管 账户 开设 变更 第六条 监管部门 会同 人民银行 澄迈 支行 通过 公开招标 方式 综合 商业银行 资信 状况 监管 能力 服务水平 因素 确定 本县 辖区 能够 承接 商品房 预售 资金 监管 业务 商业银行 通过 澄迈县 住建 部门 门户网站 予以 公示 开发 企业 应从 公示 名单 选择 商业银行 作为 监管 银行 第七条 开发 企业 申请 办理 商品房 预售 许可证 一次 商品房 预售 许可 申请 对应 一个 账户 原则 开设 预售 资金 监管 账户 以下 简称 监管 账户 第八条 监管 账户 一经 设立 原则上 不得 随意 变更 确需 变更 应由 监管部门 开发 企业 监管 银行 三方 协商 同意 解除 监管 协议 重新 签订 监管 协议 工作日内 监管 账户 预售 资金 全部 转入 变更 监管 账户 账户 变更 期间 监管 账户 范围 商品房 暂停 销售 预售 资金 监管 协议 签订 第九条 开发 企业 申请 办理 商品房 预售 许可证 开设 监管 账户 监管 银行 监管部门 签订 三方 监管 协议 监管 协议 明确 预售 资金 收存 使用 方式 监管 额度 违约责任 监管 协议 主要 内容 预售 方案 予以 明确 通过 附件 方式 商品房 买卖合同 予以 体现 签订 监管 协议 行政 审批 部门 不得 核发 商品房 预售 许可证 第十条 开发 企业 取得 商品房 预售 许可证 商品房 预售 资金 监管 相关 规定 告知 购房人 监管 银行 监管 账户 信息 商品房 预售 许可证 商品房 买卖合同 载明 商品房 销售 现场 显著 位置 以及 县住 部门 门户网站 进行 公示 第四章 预售 资金 收存 第十一条 开发 企业 预售 商品房 购房人 缴交 定金 首付款 全部 购房款 直接 存入 监管 账户 开发 企业 不得 直接 收取 另设 账户 收存 购房人 购房款 购房人 分期 其他 付款 方式 购买 商品房 签订 商品房 买卖合同 必须 注明 付款 次数 每次 付款 金额 付款 时间 合同 约定 购房人 购房款 存入 监管 账户 第十二条 购房人 按揭 贷款 购买 商品房 按揭 贷款 商业贷款 住房 公积金 贷款 贷款 银行 开发 企业 提供 监管 账户 直接 划入 注明 用途 第十三条 开发 企业 不得 购房人 集资 借款 会员费 工程 抵押 形式 变相 预售 商品房 逃避 资金 监管 第十四条 监管 银行 充分 利用自身 网络 技术 条件 按幢 按套 建立 购房款 明细 管理 台账 定时 传送 监管部门 确保 专款专用 购房款 明细 管理 台账 包括 房号 购房人 每次 交存 购房款 时间 金额 累计 交存 总额 监管部门 商品房 预售 资金 监管 系统 建立 监管 银行业务 管理系统 监管部门 商品房 预售 资金 监管 系统 对接 联网 实现 信息 共享 第五章 预售 资金 监管 额度 第十五条 商品房 预售 资金 实行 全程 监管 确保 专款专用 用于 支付 工程建设 费用 预售 资金 实施 重点 监管 商品房 预售 资金 重点 监管 额度 按照 项目 建筑 安装 装修 区内 配套 建设 成本费用 含税 以及 不可 预见 费用 确定 商品房 预售 资金 重点 监管 额度 商品房 预售 资金 监管 协议 载明 开发 企业 申请 重点 监管 资金 应用 支付 项目 工程建设 进度 建筑材料 配套 设施 设备 装修 工程进度 款项 以及 法定 税费 高于 不可 预见 开发 企业 申请 支取 监管 额度 资金 监管部门 核实 同意 监管 账户 累计 预售 资金 超过 重点 监管 额度 监管 银行 通知 监管部门 开发 企业 开发 企业 自行 提取 重点 监管 额度 以外 资金 优先 用于 预售 项目 工程建设 偿还 项目 贷款 第十六条 开发 企业 应当 根据 项目 建设 方案 施工进度 编制 预售 项目 资金 使用 计划 使用 重点 监管 资金 项目 工程进度 资金 使用 计划 依据 按照 项目 建设 进度 达到 主体 结构 封顶 竣工 验收 配套 设施 建设 完成 初始 登记 具备 办理 产权 转移 登记 条件 五个 环节 设置 资金 使用 节点 项目 主体 结构 封顶 使用 资金 额度 不得 超过 重点 监管 资金 总额 项目 完成 竣工 验收 使用 资金 额度 不得 超过 重点 监管 资金 总额 项目 完成 配套 设施 建设 使用 资金 额度 不得 超过 重点 监管 资金 总额 项目 完成 初始 登记 使用 资金 额度 不得 超过 重点 监管 资金 总额 项目 具备 办理 产权 转移 登记 条件 预售 资金 监管 终止 完成 初始 登记 达到 具备 办理 产权 转移 登记 条件 监管 账户 资金 不得 低于 重点 监管 额度 含税 第十七条 开发 企业 申请 使用 监管 资金 应当 监管部门 申请 项目 工程 形象 部位 进行 现场 查勘 现场 查勘 开发 企业 按照 施工进度 监管部门 提交 以下 材料 申请 办理 拨付 手续 商品房 预售 资金 使用 申请表 授权 委托书 受托人 身份证 复印件 用于 支付 工程款 提供 工程建设 合同 工程 监理 机构 出具 施工进度 资料 影像 资料 用于 支付 工程建设 建筑材料 设备 款项 提供 供应商 签订 购销 合同 用于 支付 工程 监理 其他 行政 事业性 收费 提供 合同 缴费通知 其他 应当 提交 材料 首次 付款 每次 申请 拨款 应当 提交 一次 申请 用款 事项 转款 回单 支付 工程款 需提交 监理 单位 相应 款项 使用 情况 证明 材料 第十八条 申请材料 审核 合格 监管部门 工作日内 出具 同意 拨付 证明 监管 银行 收到 监管部门 同意 拨付 意见 工作日内 资金 拨付 给与 开发 企业 签订合同 相关 当事人 单位 监管 银行 违反 监管 协议 未经 主管部门 核实 同意 擅自 拨付 监管 额度 资金 应当 负责 追回 资金 无法 追回 依法 承担 相应 赔偿 责任 第十九条 下列 情形 之一 监管部门 书面通知 监管 银行 暂停 拨付 监管 账户 预售 资金 协调 相关 部门 监督 监管 账户 资金 使用 开发 企业 存在 违法 违规行为 导致 工程 停工 预售 项目 发生 质量事故 存在 严重 质量 问题 预售 项目 按期 交付使用 存在 不能 按时 交付 风险 项目 存在 违法 违规 建设 销售 项目 存在 严重 债务 劳务 纠纷 县住 部门 认定 应当 暂停 拨付 其他 情形 开发 企业 侵害 购房人 权益 依法 给予 赔偿 优先 超出 项目 监管 额度 以外 预售 资金 支付 第二十条 销售 中若 发生 退款 开发 企业 可以 监管部门 申请 解除 退款 部分 监管 申请 监管部门 工作日 核实 书面通知 监管 银行 第六章 预售 资金 监管 解除 第二十一条 开发 企业 办理 完成 项目 房屋 所有权 首次 登记 达到 具备 办理 产权 转移 登记 条件 可以 解除 监管 申请书 授权 委托书 受托人 身份证 复印件 房屋 所有权 初始 登记 证明文件 监管部门 申请 解除 预售 资金 监管 监管部门 受理 申请 审核 通过 开发 企业 出具 解除 预售 资金 监管 通知书 开发 企业 解除 预售 资金 监管 通知书 监管 银行 按规定 办理 解除 预售 资金 监管 手续 第二十二条 解除 监管 账户 剩余 资金 开发 企业 自行处理 第六章 监督管理 第二十三条 监管 银行 预售 资金 收支 情况 报送 监管部门 监管部门 主动 部门 门户 系统 公示 监管 协议 工程 形象 进度 预售 资金 收支 情况 相关 信息 方便 购房人 查询 第二十四条 监管部门 定期 巡查 预售 项目 发现 项目 收支 存在 异常情况 责令 开发 企业 限期 改正 人行 澄迈县 支行 发现 监管 银行 违规 应当 依法 严肃处理 监管 银行 发现 房地产 开发 企业 存在 违规 挪用 监管 额度 资金 问题 应当 停止 拨付 立即 告知 监管部门 监管部门 及时 作出 处理 第二十五条 涉及 人民法院 保全 执行 商品房 预售 资金 按照 最高人民法院 住房 城乡 建设部 中国人民银行 关于 规范 人民法院 保全 执行 措施 确保 商品房 预售 资金 用于 项目 建设 通知 有关 要求 执行 第二十六条 开发 企业 下列 行为 监管部门 责令 限期 整改 整改 期间 开发 企业 不得 申请 拨付 预售 资金 按规定 收存 使用 预售 资金 提供 虚假 证明 材料 申请 使用 预售 资金 收取 其他 款项 为名 变相 逃避 预售 资金 监管 其他 违反 预售 资金 监管 规定 情节严重 改正 按照 国家 我省 诚信 管理 有关 规定 处理 同时 关闭 项目 网签 系统 违反 相关 法律 法规 规章 规定 依照 相关 规定 处罚 第二十七条 施工单位 监理 单位 提供 虚假 资料 采取 其他 方式 协助 开发 企业 违规 支取 预售 资金 主管部门 依法 相关 责任 单位 责任人 予以 处理 违反 相关 法律 法规 规章 规定 依照 有关 规定 处罚 第二十八条 监管 银行 违反规定 按照 商品房 预售 资金 监管 协议 约定 擅自 收存 管理 开发 企业 名义 转入 资金 按规定 监控 反馈 购房 贷款 入账 情况 擅自 拨付 资金 存在 其他 违规行为 依法 承担 相应 法律责任 第七章 第二十九条 本细则 具体 应用 澄迈县 住房 城乡 建设局 负责 解释 第三十条 本细则 日起 施行 有效期 预售 资金 使用 拨付 控制 节点 完成 初始 登记 达到 具备 办理 产权 转移 登记 条件 监管 账户 资金 不得 低于 重点 监管 额度 含税 使用 重点 监管 资金 项目 工程进度 资金 使用 计划 依据 按照 以下 五个 环节 设置 资金 使用 节点 项目 主体 结构 封顶 使用 资金 额度 不得 超过 重点 监管 资金 总额 项目 完成 竣工 验收 使用 资金 额度 不得 超过 重点 监管 资金 总额 项目 完成 配套 设施 建设 使用 资金 额度 不得 超过 重点 监管 资金 总额 项目 完成 初始 登记 使用 资金 额度 不得 超过 重点 监管 资金 总额 项目 具备 办理 产权 转移 登记 条件 预售 资金 监管 终止 三方 权利 义务 甲方 权利 义务 甲方 澄迈县 商品房 预售 资金 监管 实施细则 有关 规定 做好 商品房 预售 资金 收存 使用 监管 工作 甲方 对本 协议 监管 账户 资金 拨付 否决权 符合规定 用款 不予 批准 甲方 有权 要求 乙方 定期 报送 预售 资金 使用 款项 数据 及时 了解 乙方 预售 资金 进账 去向 情况 甲方 有权 双方 查询 协议 监管 账户 资金 进账 去向 甲方 收到 乙方 拨付 申请 符合条件 工作日内 办结 审批 手续 乙方 澄迈县 商品房 预售 资金 监管 实施细则 规定 收存 使用 预售 资金 提供 虚假 证明 材料 申请 使用 预售 资金 收取 其他 款项 为名 变相 逃避 监管 项目 收支 存在 异常情况 按期 改正 以及 其他 违反 预售 资金 监管 规定 甲方 有权 暂停 乙方 当地 所有 开发 项目 商品房 预售 乙方 权利 义务 乙方 按本 协议 第二条 约定 预售 资金 逐笔 逐户 存入 协议 监管 账户 不得 私自 存入 其他 账户 否则 承担 相应 责任 乙方 协助 购房人 使用 同名 银行 账户 通过 资金 监管 专用 银行 转账 方式 购房款 直接 存入 协议 监管 账户 不得 另设 其他 账户 收存 项目 预售 资金 不得 现金 方式 直接 收存 房价 协议 监管 账户 不得 办理 查询 以外 网上银行 业务 不得 私自 转款 买受人 按揭 贷款 购买 商品房 乙方 义务 协助 买受人 贷款 银行 按照 合作 按揭 贷款 业务 银行 签订 协议 按揭 贷款 贷款 银行 直接 转入 协议 资金 监管 账户 注明 用途 不得 另设 其他 账户 收存 买受人 分期 其它 付款 方式 购买 商品房 签订 商品房 买卖合同 乙方 必须 注明 付款 次数 每次 付款 金额 付款 时间 合同 约定 义务 协助 买受人 贷款 银行 及时 购房款 存入 协议 资金 监管 账户 乙方 甲方 出具 与其 预售 项目 合作 按揭 贷款 业务 银行 名单 同时 出具 合作 按揭 贷款 业务 银行 签订 按揭 贷款 款项 直接 转入 协议 资金 监管 账户 协议 方向 甲方 承诺 提供 资金 监管 拨付 相关 材料 真实 准确 乙方 提供 材料 真实 材料 符合 造成 拨付 资金 错误 延误 乙方 自行 承担 相关 法律 经济 责任 协议 有效期 由于 乙方 机构 合并 分立 原因 导致 乙方 企业 名称 变更 乙方 须持 相关 材料 及时 甲方 提出 变更 监管 账户 名称 申请 乙方 提前 书面通知 甲方 丙方 及时 甲方 申请 办理 变更 相关 信息 协议 有效期 未经 甲方 书面 同意 乙方 不得 自行 改变 监管 账户 性质 用途 不得 单方面 丙方 提出申请 挂失 撤销 转托管 监管 账户 以及 其他 导致 账户 信息 变化 行为 乙方 具备 办理 产权 转移 登记 条件 乙方 及时 通知 甲方 提出 解除 监管 账户 申请 甲方 出具 解除 预售 资金 监管 通知书 丙方 办理 解除 监管 账户 手续 签订 协议 之日起 乙方 监管 协议 商品房 销售 现场 显著 位置 公示 商品房 买卖合同 载明 预售 资金 监管 银行 监管 账户 监管 账号 乙方 必须 积极 推进 协议 监管 项目 各项 工作 包括 加快 施工进度 完成 项目 竣工 验收 交付使用 支付 项目 各种 款项 办理 房屋 不动产 权证 工作 乙方 申请 办理 预售 资金 监管 账户 变更 业务 征得 监管 银行 监管部门 统一 签订 预售 资金 监管 协议 交回 甲方 归档 领取 协议 乙方 保证 整个 项目 交付使用 资金 情况 丙方 申请 调用 超过 监管 额度 部分 资金 乙方 配合 丙方 做好 预售 资金 监管 账户 资金 收存 账户 核对 工作 乙方 配合 丙方 造成 责任 乙方 承担 丙方 权利 义务 丙方 严格 履行 账户 管理 资金 收存 资金 划拨 监管 义务 积极 配合 乙方 收取 售房款 工作 双方 购房人 提供 优质 高效 金融服务 丙方 必须 依据 甲方 出具 预售 监管 资金 同意 拨付 证明 方可 拨付 协议 监管 额度 预售 监管 资金 相关 款项 丙方 不得 开通 协议 监管 账户 办理 查询 以外 网上银行 业务 丙方 积极 配合 甲方 做好 商品房 预售 资金 监管 账户 核对 查询 工作 月底 甲方 提供 上述 预售 资金 监管 账户 账单 乙方 提出 资金 使用 申请 甲方 甲方 委托 第三方 机构 核实 同意 丙方 及时 拨付 乙方 违反 海南省 商品房 预售 资金 监管 办法 澄迈县 商品房 预售 资金 监管 实施细则 相关 规定 丙方 暂停 拨付 预售 资金 丙方 配合 乙方 办理 预售 资金 监管 账户 变更 业务 需将 签订 预售 资金 监管 协议 交回 甲方 归档 领取 协议 丙方 依据 甲方 出具 解除 预售 资金 监管 通知书 办理 解除 预售 资金 监管 手续 丙方 乙方 签订 其他 协议 协议 条款 相冲突 以本 协议 条款 为准 第六条 违约责任 乙方 按本 协议 约定 收存 支付 预售 资金 一经 发现 甲方 责令 乙方 必须 挪用资金 足额 存入 协议 监管 账户 承担 相应 法律 经济 责任 乙方 违反 协议 相关 约定 由此 造成 损失 乙方 承担 赔偿 责任 情节严重 乙方 列入 不良行为 企业 社会 公示 丙方 按照 甲方 审核 同意 批准 文件 办理 相关 业务 由此 造成 损失 丙方 必须 承担 相应 赔偿 责任 丙方 按照 协议 约定 擅自 乙方 拨付 监管 资金 应当 负责 追回 资金 无法 追回 依法 承担 相应 赔偿 责任 同时 甲方 即可 丙方 列入 预售 资金 监管 黑名单 对外 公布 丙方 三年 不能 参与 澄迈县 商品房 预售 资金 监管 业务 协议 生效 期间 监管 账户 资金 司法机关 冻结 或划 丙方 两个 工作日内 通知 双方 因未 及时 通知 甲方 造成 损失 丙方 必须 承担 相应 赔偿 责任 第七条 其他 约定 协议 执行 过程 如遇 国家 相关 政策 调整 三方 协商 采取 补充协议 方式 加以 完善 发生 争议 争议 部分 继续 履行 争议 部分 协商 解决 不能 协商 解决 依法 甲方 所在地 人民法院 起诉 协议 三方 签字 盖章 之日起 生效 协议 三份 三方 各执 一份 协议 未尽事宜 三方 协商一致 签定 补充协议 补充协议 同本 协议 具有 同等 法律效力,2.955799736451313,1.521255955870113,3.816666666666667,4.35,11522,54.5,27.14166666666667,3674.999999999999,647.861484375,498.0937500000001,3674.999999999999,31.696875,4,3,0.008625,1.0,主体,36.0,36.0,308.704921875,4.958766233766235,1.0,装修,36.0,36.0,240.1038281250001,4.958766233766235,1.0,竣备,36.0,36.0,68.60109375,4.958766233766235,1.0,确权,36.0,38.0,30.45164062499996,4.80292207792208,,,,,,,3,5,498.0937500000001
珠海,珠海,Zhuhai-2,approved construction cost,,named administrative certificates,retained balance,specified,other / unclear,False,False,2.0,,,numbered clauses in evidence excerpt,not explicitly parseable from retained excerpt,not explicitly parseable from retained excerpt,监管额度外资金用于偿还本项目开发贷款的，应将开发贷资金账户作为收款账户 | 监管账户内的监管额度外资金用于偿还本项目开发贷款的，应将开发贷资金账户作为收款账户 | 完成《房屋建筑工程和市政基础设施工程竣工验收备案表》手续后，留存竣工备案预留额度（竣工备案预留额度为1000元/每平方米乘以预售面积），其余金额给予解除,True,policy_identification_filled.xlsx,City_audit,5stage_Pcost,5,2,stage_1|stage_2|stage_3|stage_4|stage_5,阶段1|阶段2|竣备|阶段4|阶段5,阶段1|阶段4,partial_named_milestones,,,2,,,not_estimable:topout_stage_name_unmapped,not_estimable:registration_stage_name_unmapped,expert_calibrated_operational_proxy_pending_source_mapping,monthly-revenue stage ratio or within-cohort amount share; not automatically a policy percentage,external/Modelling Dep/41_Cities_Dep/city_catalog.json,data/pmc_data.xlsx,dep-operational-h1-v1,Zhuhai-2,2023,二线,珠海,Guangdong,"珠海市住房和城乡建设局关于进一步规范商品房预售资金监管的通知（珠建规〔2023〕9 号
珠海市住房和城乡建设局     发布日期： 2023-07-20 15:12:59 
各有关单位：
为规范我市房地产开发项目开发经营行为，促进和保障房地产市场平稳健康发展，现将有关事项通知如下：
一、加强商品房预售资金监管
（一）市住房和城乡建设主管部门会同中国人民银行珠海市中心支行、中国银行保险监督管理委员会珠海监管分局通过公开招标方式，综合商业银行监管能力、服务效率、研发水平、经营状况等因素，确定能够承接商品房预售资金监管业务的商业银行（以下简称监管银行），并将中标银行名录在市住房和城乡建设主管部门门户网站予以公示。以三年为周期组织考核评价，将未履行预售资金监管职责或者无法承担预售资金监管工作的银行从中标银行名录中移除。
（二）房地产开发企业申请商品房预售许可前，应当按照“一次预售许可申请对应一个账户”的原则，从中标银行名录中选择监管银行开立商品房预售资金监管专用账户，并在《商品房预售许可证》《购房协议书》《商品房买卖合同》中载明。在确定中标银行名录前已取得的预售许可证对应开立的商品房预售资金监管专用账户可继续使用。
（三）房地产开发企业在开立商品房预售资金监管专用账户时，应向项目所在地住房和城乡建设主管部门提交经监管银行核定确认的相关材料，包括项目建筑工程施工合同、商品房预售方案、项目用款计划、项目工程建设总费用及工程分部费用明细表等。如项目已办理申请开发贷的，一并提供开发贷放款计划。
（四）监管银行应切实履行预售资金监管责任，发现房地产开发企业违反预售资金存入和使用有关规定的，应及时将有关情况书面告知项目所在地住房和城乡建设主管部门。
二、加强房地产项目预售资金与开发贷资金联动监管
（一）房地产开发企业向商业银行等金融机构申请办理了开发贷，包括以商品房预售项目在建工程进行抵押贷款的，开发贷资金必须按规定专项用于对应项目工程建设，贷款人应按规定加强开发贷资金监管，严格按照项目工程建设进度放款并通报住房和城乡建设主管部门，不得超规模超期限放款或者将合同约定的开发贷总额一次性发放，防止贷款资金挪用。贷款人在开发贷放款及贷后管理存在违法违规行为的，由银行业监督管理机构按照有关规定处理。
（二）鼓励开发贷的贷款人在项目取得预售许可后根据需要委托该项目预售资金监管银行作为开发贷资金监管银行。
（三）开展商品房预售项目在建工程抵押的房地产项目，双方签订的抵押合同里应明确项目资金使用用途，在建工程抵押贷款资金应专款专用，用于工程建设。在建工程抵押贷款资金与商品房预售资金实行联动监管，在建工程抵押贷款银行要将资金拨付和使用情况5个工作日内告知项目所在地住房和城乡建设主管部门，项目所在地住房和城乡建设主管部门在拨付预售资金时，在已发放的在建工程抵押贷款额度内，可相应减少拨付预售资金的额度。
（四）房地产开发企业申请拨付预售资金监管账户内的监管额度外资金用于偿还本项目开发贷款的，应将开发贷资金账户作为收款账户。
三、完善工作机制
（一）预售资金监管专用账户内资金未达到剩余工程建设节点用款额度时，房地产开发企业因无法支付工程建设费用，存在社会矛盾风险隐患，确需使用预售资金支付相应费用的，应向区住房和城乡建设主管部门提出书面用款申请，经区住房和城乡建设主管部门审核后，可启动应急用款方式支取资金。区住房和城乡建设主管部门应监督该项目的后续资金使用。
（二）当预售项目存在重大风险隐患时，项目所在地住房和城乡建设主管部门或街镇可根据需要全面接管预售资金监管账户或设立政府监管账户，实施封闭管理保障账户资金安全，优先用于本项目工程建设。
（三）人民法院冻结、扣划监管账户内资金的，按照《最高人民法院住房和城乡建设部中国人民银行关于规范人民法院保全执行措施确保商品房预售资金用于项目建设的通知》（法〔2022〕12号）有关规定执行。
本通知自2023年9月1日起实施，有效期至2026年1月9日。《珠海市商品房预售资金监管办法》（珠建房〔2020〕17号）内容与本通知不一致的，以本通知为准。

====================

《珠海市住房和城乡建设局关于进一步规范商品房预售资金监管的通知》政策解读
源：珠海市住房和城乡建设局     发布日期： 2023-07-20 15:15:46  
一、制定背景
为进一步规范本市商品房预售资金的监督管理，细化商品房预售资金的收取使用行为，保障项目竣工交付，维护预售商品房当事人的合法权益，促进房地产市场平稳健康发展，我局牵头起草了《珠海市住房和城乡建设局关于进一步规范商品房预售资金监管的通知》（以下简称《通知》）。
二、制定依据
《通知》制定的主要依据包括：《中华人民共和国城市房地产管理法》《城市房地产开发经营管理条例》《广东省商品房预售管理条例》《固定资产贷款管理暂行办法》（中国银行业监督管理委员会令2009年第2号）。
三、主要内容
《通知》包括“加强商品房预售资金监管”“加强房地产项目预售资金与开发贷资金联动监管”“完善工作机制”三部分内容。主要内容如下：
（一）关于“加强商品房预售资金监管”
1.《通知》规定了监管银行的选定及考核，明确商品房预售资金监管银行通过公开招标方式选定，并以三年为周期组织考核评价，及时移除不按规定履行监管职责的监管银行，督促监管银行严格按规定履行监管义务，确保预售资金用于预售商品房的建设，保障购房人的合法权益。
2.《通知》对《珠海市商品房预售资金监管办法》中规定的一个预售许可证可开立三个账户修改为一个预售许可证对应一个账户，规定了申请开立预售资金监管账户所需提供的资料。
（二）关于“加强房地产项目预售资金与开发贷资金联动监管”
《通知》明确开发贷应专贷专用，鼓励开发贷的贷款人在项目取得预售许可后根据需要委托该项目预售资金监管银行作为开发贷资金监管银行。对于预售项目办理了在押工程抵押的，在建工程抵押贷款银行要将资金拨付和使用情况在5个工作日内告知项目所在地住房和城乡建设主管部门，项目所在地住房和城乡建设主管部门在拨付预售资金时，在已发放的在建工程抵押贷款额度内，可相应减少拨付预售资金的额度。并规定房地产开发企业申请拨付预售资金监管账户内的监管额度外资金用于偿还本项目开发贷款的，应将开发贷资金账户作为收款账户。进一步加强了预售资金与开发贷资金联动监管，更利于预售项目顺利竣工。
（三）关于“完善工作机制”
《通知》规定了启动应急用款方式支取资金和政府接管监管账户的情形，确保出现社会矛盾风险和重大风险隐患时项目的后续建设不受影响，确保如期交楼，切实维护购房者权益。
========

BGS—2018—28
珠规建房规〔2018〕3号
 
各区建设行政主管部门，各商业银行、各房地产开发企业：
现将《珠海市商品房预售资金监管办法》印发给你们，请认真贯彻实施。实施过程中遇到问题，请径向市住房和城乡规划建设局反映。
 
 
                           珠海市住房和城乡规划建设局
                                2018年6月29日
 
 
 
珠海市商品房预售资金监管办法
 
第一条 为进一步规范本市商品房预售资金的监督管理，规范商品房预售资金的收取使用行为，维护预售商品房当事人的合法权益，根据《中华人民共和国城市房地产管理法》《广东省商品房预售管理条例》等有关规定，结合本市实际情况，制定本办法。
    第二条 本市行政区域内的经批准预售的商品房预售资金收存和使用，适用本办法。
    第三条 本办法所称商品房预售资金，是指房地产开发企业在取得广东省珠海市商品房预售许可证后不动产首次登记前将其开发的商品房出售给购房人，由购房人按预售合同约定支付的预购房款（包括定金、首付款、分期付款、一次性付款和银行按揭贷款、住房公积金贷款等）。
第四条 市、区建设行政主管部门是商品房预售资金的监管部门，负责监督预售人收取和使用商品房预售资金的行为。
第五条 房地产开发企业在申请商品房预售许可证前，应当在商业银行设立商品房屋预售资金专用监管账户，并与建设行政主管部门、监管银行等管理部门签订商品房预售资金监管协议。遵循“一个《商品房预售许可证》对应一套账户”的原则，预售建筑面积25万平方米以下的，可设立不超过3个预售资金专用账户。
 第六条 房地产开发企业取得广东省珠海市商品房预售许可证后，三个工作日内应当提供以下资料到行政主管部门备案：
    （一）商品房预售许可证复印件并加盖公章；
（二）整个项目鸟瞰图；
（三）商品房屋预售款专用帐户监督管理协议原件；
（四）开发公司营业执照复印件并加盖公章；
（五）开发公司提供法定代表人及委托证明书原件，委托人、被委托人身份证复印件；
（六）销售价格表并加盖公章；
（七） 合同目录并加盖公章；
（八）（1）项目合同分栋表（该项目部分办理预售且使用不同套监管帐号的，或与同一施工方签定两本以上合同，填此表）；
（2）各种需拨付款的印有印花税章的合同原件；
（3）合同需提交施工单位营业执照(加盖开发公司公章）；
（4）施工方提供法定代表人及其签名证明书并加盖公章。
（九）项目工程建设总费用及工程分部费用明细表；
（十）项目用款计划（应当按建设工程形象进度完成情况或建设工程施工合同约定的付款节点制定）；
上述资料发生变更的，房地产开发企业应当自变更之日起15个工作日内向监管部门提供变更后的相关资料。
第七条 在商品房预售交易过程中，房地产开发企业不得将商品房预售资金存入非监管账户，而应由预购人按合同约定的付款时间，将商品房预售资金直接存入商品房屋预售资金专用监管账户。
第八条 商品房预售后，各银行发放的按揭贷款必须直接划入该商品房屋预售资金专用监管账户内，不得直接划扣给房地产开发企业或挪作他用。
第九条 各银行必须严格按照建设行政主管部门核准的内容、金额拨付商品房屋预售资金专用监管账户内的资金，不得支付现金。各银行未经建设行政主管部门核准，不得擅自划扣商品房屋预售资金专用监管账户资金。
第十条 监管银行应当按照监管协议约定的时间和方式将监管账户的收支情况等相关信息汇总后，提供给主管部门。
第十一条 预售资金拨付
（一）第一阶段：商品房屋预售资金专用监管账户内累计进账总金额原则上按10%预留，90%拨付。所有拨付款项应根据施工合同（加盖地税局印章）用于支付商品房屋项目工程进度款、购买商品房屋项目建设所需的建筑材料、设施设备及法定税费（除法定税费外同时提供同额度的由税务部门出具的发票），不得挪作他用。监管银行应当依据主管部门的同意拨付证明和传输的电子信息，将资金拨付给与房地产开发企业签约的指定合同当事人或者相关单位。
（二）第二阶段：根据商品房预售许可范围内建设工程进度可实行分步解除监管：（1）完成封顶，留存封顶预留额度（毛坯房的封顶预留额度为2500元/每平方米乘以预售面积，精装房的封顶预留额度为4000元/每平方米乘以预售面积），其余金额给予解除；（2）完成《房屋建筑工程和市政基础设施工程竣工验收备案表》手续后，留存竣工备案预留额度（竣工备案预留额度为1000元/每平方米乘以预售面积），其余金额给予解除；（3）房地产开发企业完成不动产首次登记（办理《商品房地产产权属证明书》手续）后，解除对监管账户的监管。
第十二条 房地产开发企业与购房人因特殊情况解除商品房买卖协议的，房地产开发企业可以向建设行政主管部门提交退房退款申请书并提供相关证明材料，建设行政主管部门在5个工作日内进行核实，经核实情况属实的，书面通知监管银行退回该部分房款。商业银行收到通知后，按程序退回该部分房款。
房地产开发企业申请退房退款应提供以下材料：
（一）商品房买卖合同双方共同签署的退房退款申请书，申请书应载明申请退款购房人的收款帐户；
（二）商品房买卖合同双方的身份证明文件；
（三）有明确的解除商品房买卖合同内容的协议书或人民法院的生效判决或调解书或仲裁机构裁决；
（四）拟申请退还的购房款存入监管帐户的凭证；
（五）建设行政主管部门要求提供的其他资料。
第十三条 房地产开发企业不按规定缴存、使用预售资金的，由建设行政主管部门责令限期改正；情节严重或逾期仍不改正的，建设主管部门除按法律法规进行处罚外，可暂停该房地产开发企业在本市所有开发项目的商品房预售，将其违法违规行为予以公示，并记入企业信用信息系统。
第十四条 房地产开发企业未提供监管银行出具的商品房预售资金全部存入监管账户的凭证，不动产登记部门不予办理网签和预购销合同备案登记手续。
第十五条 监管银行违规支付商品房预售资金的，除承担相应法律责任外，不得再从事商品房预售资金监管事宜，建设行政管理部门将相关情况告知银行业监管部门，由其按照相关监管规定进行处罚，或暂停其预售商品房预售资金的监管业务。
    第十六条 本办法自2018年7月15日起施行，有效期为3年。",珠海市 住房 城乡 建设局 关于 进一步 规范 商品房 预售 资金 监管 通知 珠建规 珠海市 住房 城乡 建设局 发布 日期 有关 单位 规范 我市 房地产 开发 项目 开发 经营 行为 促进 保障 房地产 市场 平稳 健康 发展 现将 有关 事项 通知 如下 加强 商品房 预售 资金 监管 住房 城乡建设 主管部门 会同 中国人民银行 珠海市 中心 支行 中国银行 保险 监督管理 委员会 珠海 监管 分局 通过 公开招标 方式 综合 商业银行 监管 能力 服务 效率 研发 水平 经营 状况 因素 确定 能够 承接 商品房 预售 资金 监管 业务 商业银行 以下 简称 监管 银行 中标 银行 名录 住房 城乡建设 主管部门 门户网站 予以 公示 三年 周期 组织 考核 评价 履行 预售 资金 监管 职责 或者 无法 承担 预售 资金 监管 工作 银行 中标 银行 名录 移除 房地产 开发 企业 申请 商品房 预售 许可 应当 按照 一次 预售 许可 申请 对应 一个 账户 原则 中标 银行 名录 选择 监管 银行 开立 商品房 预售 资金 监管 专用 账户 商品房 预售 许可证 购房 协议书 商品房 买卖合同 载明 确定 中标 银行 名录 取得 预售 许可证 对应 开立 商品房 预售 资金 监管 专用 账户 继续 使用 房地产 开发 企业 开立 商品房 预售 资金 监管 专用 账户 项目 所在地 住房 城乡建设 主管部门 提交 监管 银行 核定 确认 相关 材料 包括 项目 建筑 工程施工 合同 商品房 预售 方案 项目 用款 计划 项目 工程建设 总费用 工程 分部 费用 明细表 项目 办理 申请 开发 一并 提供 开发 放款 计划 监管 银行 切实 履行 预售 资金 监管 责任 发现 房地产 开发 企业 违反 预售 资金 存入 使用 有关 规定 及时 有关 情况 书面 告知 项目 所在地 住房 城乡建设 主管部门 加强 房地产 项目 预售 资金 开发 资金 联动 监管 房地产 开发 企业 商业银行 金融机构 申请 办理 开发 包括 商品房 预售 项目 在建 工程 进行 抵押 贷款 开发 资金 必须 按规定 专项 用于 对应 项目 工程建设 贷款人 按规定 加强 开发 资金 监管 严格 按照 项目 工程建设 进度 放款 通报 住房 城乡建设 主管部门 不得 规模 期限 放款 或者 合同 约定 开发 总额 一次性 发放 防止 贷款 资金 挪用 贷款人 开发 放款 贷后 管理 存在 违法 违规行为 银行业 监督管理 机构 按照 有关 规定 处理 鼓励 开发 贷款人 项目 取得 预售 许可 根据 需要 委托 项目 预售 资金 监管 银行 作为 开发 资金 监管 银行 开展 商品房 预售 项目 在建 工程 抵押 房地产 项目 双方 签订 抵押 合同 明确 项目 资金 使用 用途 在建 工程 抵押 贷款 资金 专款专用 用于 工程建设 在建 工程 抵押 贷款 资金 商品房 预售 资金 实行 联动 监管 在建 工程 抵押 贷款 银行 资金 拨付 使用 情况 工作日内 告知 项目 所在地 住房 城乡建设 主管部门 项目 所在地 住房 城乡建设 主管部门 拨付 预售 资金 发放 在建 工程 抵押 贷款额度 相应 减少 拨付 预售 资金 额度 房地产 开发 企业 申请 拨付 预售 资金 监管 账户 监管 额度 资金 用于 偿还 项目 开发 贷款 开发 资金 账户 作为 收款 账户 完善 工作 机制 预售 资金 监管 专用 账户 资金 达到 剩余 工程建设 节点 用款 额度 房地产 开发 企业 无法 支付 工程建设 费用 存在 社会 矛盾 风险 隐患 确需 使用 预售 资金 支付 相应 费用 应向区 住房 城乡建设 主管部门 提出 书面 用款 申请 经区 住房 城乡建设 主管部门 审核 启动 应急 用款 方式 支取 资金 住房 城乡建设 主管部门 监督 该项 目的 后续 资金 使用 预售 项目 存在 重大 风险 隐患 项目 所在地 住房 城乡建设 主管部门 根据 需要 全面 接管 预售 资金 监管 账户 设立 政府 监管 账户 实施 封闭 管理 保障 账户 资金 安全 优先 用于 项目 工程建设 人民法院 冻结 扣划 监管 账户 资金 按照 最高人民法院 住房 城乡 建设部 中国人民银行 关于 规范 人民法院 保全 执行 措施 确保 商品房 预售 资金 用于 项目 建设 通知 有关 规定 执行 通知 日起 实施 有效期 珠海市 商品房 预售 资金 监管 办法 建房 内容 通知 一致 以本 通知 为准 珠海市 住房 城乡 建设局 关于 进一步 规范 商品房 预售 资金 监管 通知 政策 解读 珠海市 住房 城乡 建设局 发布 日期 制定 背景 进一步 规范 本市 商品房 预售 资金 监督管理 细化 商品房 预售 资金 收取 使用 行为 保障 项目 竣工 交付 维护 预售 商品房 当事人 合法权益 促进 房地产 市场 平稳 健康 发展 我局 牵头 起草 珠海市 住房 城乡 建设局 关于 进一步 规范 商品房 预售 资金 监管 通知 以下 简称 通知 制定 依据 通知 制定 主要 依据 包括 中华人民共和国 城市 房地产 管理法 城市 房地产 开发 经营 管理条例 广东省 商品房 预售 管理条例 固定资产 贷款 管理 暂行办法 中国 银行业 监督管理 委员会 主要 内容 通知 包括 加强 商品房 预售 资金 监管 加强 房地产 项目 预售 资金 开发 资金 联动 监管 完善 工作 机制 部分 内容 主要 内容 如下 关于 加强 商品房 预售 资金 监管 通知 规定 监管 银行 选定 考核 明确 商品房 预售 资金 监管 银行 通过 公开招标 方式 选定 三年 周期 组织 考核 评价 及时 移除 按规定 履行 监管 职责 监管 银行 督促 监管 银行 严格 按规定 履行 监管 义务 确保 预售 资金 用于 预售 商品房 建设 保障 购房人 合法权益 通知 珠海市 商品房 预售 资金 监管 办法 规定 一个 预售 许可证 开立 三个 账户 修改 一个 预售 许可证 对应 一个 账户 规定 申请 开立 预售 资金 监管 账户 提供 资料 关于 加强 房地产 项目 预售 资金 开发 资金 联动 监管 通知 明确 开发 贷应 专贷 专用 鼓励 开发 贷款人 项目 取得 预售 许可 根据 需要 委托 项目 预售 资金 监管 银行 作为 开发 资金 监管 银行 对于 预售 项目 办理 在押 工程 抵押 在建 工程 抵押 贷款 银行 资金 拨付 使用 情况 工作日内 告知 项目 所在地 住房 城乡建设 主管部门 项目 所在地 住房 城乡建设 主管部门 拨付 预售 资金 发放 在建 工程 抵押 贷款额度 相应 减少 拨付 预售 资金 额度 规定 房地产 开发 企业 申请 拨付 预售 资金 监管 账户 监管 额度 资金 用于 偿还 项目 开发 贷款 开发 资金 账户 作为 收款 账户 进一步 加强 预售 资金 开发 资金 联动 监管 利于 预售 项目 顺利 竣工 关于 完善 工作 机制 通知 规定 启动 应急 用款 方式 支取 资金 政府 接管 监管 账户 情形 确保 出现 社会 矛盾 风险 重大 风险 隐患 项目 后续 建设 影响 确保 如期 交楼 切实 维护 购房者 权益 珠规 建房 各区 建设 行政 主管部门 商业银行 房地产 开发 企业 现将 珠海市 商品房 预售 资金 监管 办法 印发 你们 认真贯彻 实施 实施 过程 遇到 问题 径向 住房 城乡规划 建设局 反映 珠海市 住房 城乡规划 建设局 珠海市 商品房 预售 资金 监管 办法 第一条 进一步 规范 本市 商品房 预售 资金 监督管理 规范 商品房 预售 资金 收取 使用 行为 维护 预售 商品房 当事人 合法权益 根据 中华人民共和国 城市 房地产 管理法 广东省 商品房 预售 管理条例 有关 规定 结合 本市 实际 情况 制定 办法 第二条 本市 行政区域 批准 预售 商品房 预售 资金 收存 使用 适用 办法 第三条 办法 商品房 预售 资金 房地产 开发 企业 取得 广东省 珠海市 商品房 预售 许可证 不动产 首次 登记 开发 商品房 出售 购房人 购房人 预售 合同 约定 支付 购房款 包括 定金 首付款 分期付款 一次性 付款 银行 按揭 贷款 住房 公积金 贷款 第四条 建设 行政 主管部门 商品房 预售 资金 监管部门 负责 监督 预售 收取 使用 商品房 预售 资金 行为 第五条 房地产 开发 企业 申请 商品房 预售 许可证 应当 商业银行 设立 商品 房屋 预售 资金 专用 监管 账户 建设 行政 主管部门 监管 银行 管理 部门 签订 商品房 预售 资金 监管 协议 遵循 一个 商品房 预售 许可证 对应 一套 账户 原则 预售 建筑面积 万平方米 以下 设立 超过 预售 资金 专用 账户 第六条 房地产 开发 企业 取得 广东省 珠海市 商品房 预售 许可证 三个 工作日内 应当 提供 以下 资料 行政 主管部门 备案 商品房 预售 许可证 复印件 加盖 公章 整个 项目 鸟瞰图 商品 房屋 预售 专用 帐户 监督管理 协议 原件 开发 公司 营业执照 复印件 加盖 公章 开发 公司 提供 法定代表 人及 委托 证明书 原件 委托人 委托人 身份证 复印件 销售 价格表 加盖 公章 合同 目录 加盖 公章 项目 合同 分栋表 项目 部分 办理 预售 使用 不同 监管 帐号 同一 施工方 签定 两本 以上 合同 填此表 各种 需拨 付款 印有 印花税 合同 原件 合同 需提交 施工单位 营业执照 加盖 开发 公司 公章 施工方 提供 法定代表 及其 签名 证明书 加盖 公章 项目 工程建设 总费用 工程 分部 费用 明细表 项目 用款 计划 应当 建设工程 形象 进度 完成 情况 建设 工程施工 合同 约定 付款 节点 制定 上述 资料 发生 变更 房地产 开发 企业 应当 变更 之日起 工作日内 监管部门 提供 变更 相关 资料 第七条 商品房 预售 交易过程 房地产 开发 企业 不得 商品房 预售 资金 存入 监管 账户 而应 预购 合同 约定 付款 时间 商品房 预售 资金 直接 存入 商品 房屋 预售 资金 专用 监管 账户 第八条 商品房 预售 银行 发放 按揭 贷款 必须 直接 划入 商品 房屋 预售 资金 专用 监管 账户 不得 直接 划扣 房地产 开发 企业 挪作他用 第九条 银行 必须 严格 按照 建设 行政 主管部门 核准 内容 金额 拨付 商品 房屋 预售 资金 专用 监管 账户 资金 不得 支付现金 银行 未经 建设 行政 主管部门 核准 不得 擅自 划扣 商品 房屋 预售 资金 专用 监管 账户 资金 第十条 监管 银行 应当 按照 监管 协议 约定 时间 方式 监管 账户 收支 情况 相关 信息 汇总 提供 主管部门 第十一条 预售 资金 拨付 第一阶段 商品 房屋 预售 资金 专用 监管 账户 累计 进账 总金额 原则上 预留 拨付 所有 拨付 款项 根据 施工 合同 加盖 地税局 印章 用于 支付 商品 房屋 项目 工程进度 购买 商品 房屋 项目 建设 建筑材料 设施 设备 法定 税费 法定 税费 同时 提供 额度 税务 部门 出具 发票 不得 挪作他用 监管 银行 应当 依据 主管部门 同意 拨付 证明 传输 电子信息 资金 拨付 给与 房地产 开发 企业 签约 指定 合同 当事人 或者 相关 单位 第二阶段 根据 商品房 预售 许可 范围 建设 工程进度 实行 分步 解除 监管 完成 封顶 留存 封顶 预留 额度 毛坯房 封顶 预留 额度 每平方米 乘以 预售 面积 精装 封顶 预留 额度 每平方米 乘以 预售 面积 其余 金额 给予 解除 完成 房屋建筑 工程 市政 基础设施 工程 竣工 验收 备案 手续 留存 竣工 备案 预留 额度 竣工 备案 预留 额度 每平方米 乘以 预售 面积 其余 金额 给予 解除 房地产 开发 企业 完成 不动产 首次 登记 办理 商品 房地产 产权 证明书 手续 解除 监管 账户 监管 第十二条 房地产 开发 企业 购房人 特殊 情况 解除 商品房 买卖 协议 房地产 开发 企业 可以 建设 行政 主管部门 提交 退房 退款 申请书 提供 相关 证明 材料 建设 行政 主管部门 工作日内 进行 核实 核实 情况 属实 书面通知 监管 银行 退回 部分 房款 商业银行 收到 通知 按程序 退回 部分 房款 房地产 开发 企业 申请 退房 退款 提供 以下 材料 商品房 买卖合同 双方 共同 签署 退房 退款 申请书 申请书 载明 申请 退款 购房人 收款 帐户 商品房 买卖合同 双方 身份证明 文件 明确 解除 商品房 买卖合同 内容 协议书 人民法院 生效 判决 调解书 仲裁 机构 裁决 申请 退还 购房款 存入 监管 帐户 凭证 建设 行政 主管部门 要求 提供 其他 资料 第十三条 房地产 开发 企业 按规定 缴存 使用 预售 资金 建设 行政 主管部门 责令 限期 改正 情节严重 逾期 改正 建设 主管部门 法律法规 进行 处罚 暂停 房地产 开发 企业 本市 所有 开发 项目 商品房 预售 违法 违规行为 予以 公示 记入 企业信用 信息系统 第十四条 房地产 开发 企业 提供 监管 银行 出具 商品房 预售 资金 全部 存入 监管 账户 凭证 不动产 登记 部门 不予 办理 网签 购销 合同 备案 登记手续 第十五条 监管 银行 违规 支付 商品房 预售 资金 承担 相应 法律责任 不得 从事 商品房 预售 资金 监管 事宜 建设 行政 管理 部门 相关 情况 告知 银行业 监管部门 按照 相关 监管 规定 进行 处罚 暂停 预售 商品房 预售 资金 监管 业务 第十六条 办法 日起 施行 有效期,2.214714232776684,6.658413805613863,3.416666666666667,4.283333333333333,26073,55.7,27.14166666666667,4000.0,1511.786079545455,2174.610255834829,3952.93115501367,138.0,5,3,0.008625,1.0,阶段1,14.0,22.0,338.7860795454546,10.0,0.0,阶段2,,,0.0,,0.0,竣备,,,0.0,,1.0,阶段4,23.0,42.0,1173.0,8.5,0.0,阶段5,,,0.0,,2,5,2174.610255834829
琼中,琼中,Qiongzhong-3,approved construction cost,with multiplier or floor,successive inspection stages,drawdown ceiling,specified,5% retained,True,False,5.0,,0.05,numbered clauses in evidence excerpt,not explicitly parseable from retained excerpt,manual 5% retained flag,监管额度及违约责任等内容 | 监管账户内的资金达到监管额度后，超出部分可由开发企业自行提取使用 | 完成不动产首次登记，监管协议无其他约定的，可以全额拨付剩余监管资金,True,policy_identification_filled.xlsx,City_audit,4stage_Ncost,4,1,stage_1|stage_2|stage_3|stage_4,主体|装修|竣备|确权,确权,partial_named_milestones,,stage_4,1,,1.0,not_estimable:topout_stage_name_unmapped,terminal_stage_share:within_cohort_amount_share,expert_calibrated_operational_proxy_pending_source_mapping,monthly-revenue stage ratio or within-cohort amount share; not automatically a policy percentage,external/Modelling Dep/41_Cities_Dep/city_catalog.json,data/pmc_data.xlsx,dep-operational-h1-v1,Qiongzhong-3,2023,三线,琼中,Hainan,"琼中黎族苗族自治县住房和城乡建设局 
关于印发《琼中黎族苗族自治县商品房预售资金监管实施
细则》的通知
各乡镇人民政府，县政府直属机关、企事业各单位：
《琼中黎族苗族自治县商品房预售资金监管实施细则》已经十六届县人民政府第57次常务会议研究通过，现印发实施。


琼中黎族苗族自治县住房和城乡建设局
2023年8月11日
（此件主动公开） 




琼中黎族苗族自治县
商品房预售资金监管实施细则
第一条 为进一步加强琼中县商品房预售资金的监管工作，有效防范商品房交易风险，保障购房人的合法权益，维护房地产市场交易秩序，依据《中华人民共和国城市房地产管理法》《城市商品房预售管理办法》和《海南省预售资金监管办法》等相关法律法规，结合琼中县实际，制定本细则。
第二条 凡在本县行政区域内批准的商品房预售许可项目，其预售资金的收存、支取、使用及其监督管理适用于本细则。
第三条 本细则所称商品房是指在市场经济条件下，具有经营资格的房地产开发公司通过出让方式取得土地使用权后经营的新建房屋，不含二手房（存量房）。
第四条 本细则所称商品房预售资金，是指预售商品房的房地产开发企业（以下简称开发企业）将其开发建设的商品房在取得预售许可证后和不动产首次登记完成前预售给购房人，由购房人按约定支付的购房款，包括定金、首付款、分期付款、一次性付款和银行按揭贷款、住房公积金贷款、保证金等款项。
第五条 本细则所称购房人，是指购买预售商品房的法人单位、组织和个人。
本细则所称开发企业，是指依法取得《商品房预售许可证》，进行商品房预售的房地产开发经营企业。
本细则所称监管银行（即受托银行）是指与监管部门、开发企业签订商品房预售资金监管协议（以下简称“监管协议”）、设立资金监管账户的银行。
本细则所称放贷银行是指与开发企业签订或达成项目贷款协议，并为购房人提供按揭贷款用于支付购房款的银行。
本细则所称监管账户，是指开发企业在监管银行设立的专门用于收取商品房预售资金的账户。
第六条 住房和城乡建设部门（以下统称“监管部门”）负责指导和监督本县行政区域内商品房预售资金监管工作。人民银行分支机构按照账户管理有关规定，负责指导商业银行做好监管账户管理工作；银保监部门负责对商业银行预售资金监管的操作风险和合规性进行监督检查；行政审批部门负责做好《商品房预售许可证》等审批；综合执法部门负责开发企业不按规定使用商品房预售款项等行政处罚。
第七条 商品房预售资金监管，遵循“专户专存、专款专用、全程监管、节点控制”的原则，确保商品房预售资金用于商品房项目工程建设。
第八条 监管部门作为招标单位，会同属地人民银行分支机构、银保监部门，综合考量商业银行的监管能力、服务效率、经营状况等因素，通过公开招标方式，在辖区商业银行琼中县分行或支行以及琼中县地方法人银行中确定不低于3家能够承接商品房预售资金监管业务的监管银行。
监管部门应当适时对监管银行名录实施动态调整，及时淘汰未履行预售资金监管职责以及无法承担预售资金监管工作的银行。
第九条 开发企业申请商品房预售许可前，应当在项目所在地监管部门确定的监管银行名录中选择商业银行设立商品房预售资金监管专用账户（下称“监管账户”），并在《商品房预售许可证》《商品房买卖合同》中载明。未设立专用账户的监管项目，行政审批部门不予发放《商品房预售许可证》。
第十条 监管部门、监管银行、房地产开发企业三方应当签订监管协议。监管协议应明确各方权利、义务和责任，明确预售资金收存和使用方式、监管额度及违约责任等内容。
第十一条 房地产开发企业申请办理商品房预售许可时，应当在预售方案中明确预售资金监管计划，与监管部门及监管银行签订资金监管协议，协议主要内容在预售方案中予以明确，并通过附件方式在《商品房买卖合同》中予以体现。
预售资金监管计划应包括以下内容：
（一）项目监管额度，包括单体工程监管额度明细；
（二）项目用款计划；
（三）监管银行、账户名称、账号；
（四）其他需要说明的情况。
房地产开发企业取得商品房预售许可后，应将商品房预售资金监管相关规定告知购房人，将监管银行、监管账户等信息在商品房预售合同中予以明确，并在商品房销售场所显著位置进行公示，监管部门应通过地方政府门户网站对相关信息进行公示。
第十二条 监管项目预售过程中，监管账户相关信息原则上不得变更。开发企业因特殊原因需变更监管账户相关信息的，需与原监管银行到监管部门共同申请变更，经监管部门审核通过后，重新签订监管协议，并将原结余资金在5个工作日内全部转入新设立的监管账户。
第十三条 批准预售的商品房建设项目应当全部纳入预售资金监管对象。监管账户应严格按照“一个预售许可证设立一个监管账户”的原则设立，该账户不得开通网上银行功能和自动扣款等转账业务。监管账户中每笔预售资金入账应载明对应房号、买受人，保证每套房预售资金入账可查。一个企业有多个预售项目的，监管账户应分别设立，监管账户中预售资金缴存、支出，应以幢为基本单位分别管理，按楼幢号分别记账。
第十四条 商品房预售资金应当全部直接存入监管账户，不得存入其他账户。
开发企业应指导购房人将全部购房款直接存入监管账户。购房人贷款(包括商业银行按揭贷款和住房公积金贷款)购买商品房的，购房人应将合同约定支付的购房款直接存入监管账户，放贷银行、住房公积金机构发放贷款应将监管账户作为唯一到账账户。开发企业不得以任何方式自行收取任何性质的商品房预售资金，开发企业办理商品房预售合同网签备案时，需提供监管银行出具的购房交款凭证(包括但不限于银行转账回单、发票等相关佐证材料)，对未按规定将预售资金存入监管账户的，不予办理商品房预售合同网签备案，对于拒不整改的企业由监管部门通过海南自贸港信用信息共享平台记入企业信用信息记录。
第十五条 监管部门应当认真履行监管责任，做好日常指导和监督工作，建立预售项目巡查制度。
监管银行应指定专人负责商品房预售资金监管工作，做好监管账户监控，定期与本级监管部门进行对账，并根据楼盘表网签成交信息、合同约定的购房款支付信息，实时掌握该项目房屋已销售房号和应进入监管账户的购房款金额，并按幢、按套建立购房款明细管理台账，做到专款专用。每月底将监管账户数据汇总，包括监管账户进账、支取按楼、幢、户形成详细报表，与监管部门数据信息共享。
监管银行、贷款银行要积极配合相关部门开展预售资金监管执法检查工作，对监管、发放贷款工作中发现房地产开发企业存在违规挪用监管额度内资金等问题，应当立即停止拨付并告知监管部门，监管部门及时作出处理。
第十六条 开发企业与购房人之间解除商品房预售合同的，应共同到监管部门申请撤销商品房预售合同网签备案，监管部门审核准予撤销并完成退款审批手续的，监管银行应在2个工作日内，将监管资金退回购房人指定的交易资金结算个人账户和贷款银行、住房公积金管理部门账户。
第十七条 商品房预售资金实行全过程监管。监管部门根据项目情况综合确定监管资金总额，但不低于工程建设预算总额（含建筑安装及公共配套设施费用）的105％，全装修交付的商品房项目，应将装修成本纳入其中。商品房预售资金监管额度须在监管协议中载明。
监管资金实行专款专用，必须用于购置本项目建设必需的建筑材料、设备和支付该项目建设的施工进度款、工程建设法定税费、归还项目开发贷款以及其他行政事业性收费等其他相关费用。在监管账户存续期间，商业银行不得擅自划扣，设立子公司的房地产开发企业集团公司不得抽调。
开发企业支付上述有关费用，可申请使用监管资金。由监管部门按照三方协议约定进行审核，符合约定条件的，按照本细则规定办理资金使用手续。
监管账户内的资金达到监管额度后，超出部分可由开发企业自行提取使用。但开发企业侵害购房人权益，需依法给予赔偿的，应优先用超出项目监管额度以外的预售资金支付。
第十八条 开发企业使用监管资金应以项目工程进度和资金使用计划为依据。监管资金和拨付监管资金均以每楼幢为基本单位，根据项目工程进度确定监管比例，监管资金使用节点如下：
（1）八层以上房屋施工进度达到地上主体工程三分之二以上主体结构未封顶的，拨付资金不高于监管额度的50％；
（2）施工进度达到地上主体工程封顶的，拨付资金不高于监管额度的75％；
（3）项目基本建成，房地产开发企业组织施工单位和监理单位三方验收，具备验收合格资料的，拨付资金不高于监管额度的85％；
（4）取得项目综合竣工验收备案的，拨付资金不高于监管额度的95％；
（5）完成不动产首次登记，监管协议无其他约定的，可以全额拨付剩余监管资金。
第十九条 开发企业申请使用监管资金，应当按照监管部门确定的拨付节点提出用款申请。申请时需提交以下材料：
（一）商品房预售资金使用申请表；
（二）用于支付工程款的，提供工程建设合同及工程监理机构出具的施工进度资料及影像资料；
（三）开发企业拟向本项目施工单位、材料设备供应单位或者供水、供电、供气等专业经营单位支付建筑材料、设备款项等，提供相关合同；开发企业已提前支付上述单位相关款项的，提供付款证明；
（四）用于归还项目开发贷款、支付工程设计、监理或其他行政事业性收费的，提供合同或缴费通知；
（五）授权委托书及受托人身份证复印件；
（六）应当提供的其他材料。
首次拨付款后，每次申请拨款时还应当提交上一次申请
用款事项的转款回单。
第二十条 监管部门在受理开发企业监管资金使用申请后，应当进行必要的现场勘查，并在3个工作日内完成审核，符合使用条件的，向监管银行出具告知书；不符合使用条件的，驳回申请。
第二十一条 监管银行收到监管部门同意拨付意见后，应在2个工作日内将资金拨付给相关当事人或单位。
第二十二条 当预售项目存在重大风险隐患时，监管部门应报请属地政府同意后全面接管预售监管账户或建立政府监管账户，实施封闭管理，保障账户资金安全，优先用于本项目工程建设，监管银行应当积极予以配合。
第二十三条 对合法依规经营，一定年限内未受到相关业务主管部门行政处罚，且未发生监管账户被采取冻结、划拨、税收保全措施或强制执行措施、拖欠工程款或拖欠农民工工资等情况的开发企业，可申请以提交符合要求的银行保函等方式替代一定额度的预售资金监管。监管部门可根据省住房和城乡建设领域信用体系建设情况，强化信用评价结果共享应用，根据开发企业信用等级和保函情况，适当降低或上浮预售资金的监管额度。
第二十四条 如监管协议无其他约定的，完成不动产首次登记，即可申请解除预售资金监管。房地产开发企业在完成不动产首次登记后申请解除预售资金监管的，监管部门应当自受理之日起5个工作日内完成审核。对于符合解除监管条件的，由监管部门向监管银行出具解除监管通知书，监管银行按规定解除资金监管，解除监管后的账户及剩余资金，由开发企业自行处理。
第二十五条 开发企业有下列情形之一的，监管部门可不予批准开发企业用款申请。
（一）用款申请超出使用节点用款额度的；
（二）收款单位与申请款项用途不符的；
（三）前期存在未按规定存入和使用商品房预售资金拒不整改的；
（四）提供虚假材料申请用款的；
（五）开发企业存在违法违规行为导致工程停工的；
（六）预售项目发生质量事故或存在严重质量问题的；
（七）预售项目未按期交付使用或存在不能按时交付风
险的；
（八）项目存在违法违规建设和销售的；
（九）项目存在严重债务和劳务纠纷的；
(十)监管部门认定其他不应批准用款的事项。
第二十六条 开发企业有下列情形之一的，监管部门责令限期整改，应当暂停拨付监管资金，通过海南自贸港信用信息共享平台将其行为记入企业信用信息记录，逾期未改正的，暂停其商品房预售和合同网签备案，情节严重的，依法追究其法律责任。
（一）未将监管银行、监管账户等信息在商品房销售场所显著位置公示的；
（二）未按规定将商品房预售资金全部存入监管账户或以收取其他款项为名变相逃避监管的；
（三）提供虚假材料骗取预售资金或未按规定将预售资金用于监管项目工程建设的；
（四）开发企业存在严重违法违规行为，预售项目未按期交付或存在不能按期交付风险的；
（五）其他违反预售资金监管规定的行为。
第二十七条 监管银行有下列行为的，监管部门通报其上级主管部门，由上级主管部门依照有关规定予以处理，监管银行未按照要求整改的，三年内不得在本县承担商品房预售资金监管。
（一）与开发企业串通设立虚假资金账户逃避监管的；
（二）未经监管部门同意，擅自支付或超额支付商品房监管资金的；
（三）擅自截留、挪用、拖延支付商品房预售资金的；
（四）擅自将预售资金支付给与本监管项目工程建设无关的单位，造成预售资金被挪用的；
（五）发现开发企业存在违规收存、支取预售资金行为，未及时报送监管部门的；
（六）其他违反预售资金监管规定的行为。
第二十八条 施工单位、监理单位提供虚假证明或采取其他方式协助房地产开发企业违规支取预售资金的，由有关部门依法对相关责任单位和责任人予以处理，并由监管部门按照《海南省建筑市场信用管理办法》计入海南省建筑市场监管公共服务平台企业诚信信息系统，及时向社会公示。
第二十九条 监管部门违反本细则规定，造成监管缺失或违法监管的，按有关规定对有关责任人追究责任。
监管银行未经监管部门核实并同意，擅自拨付监管额度内资金的，应负责追回资金，无法追回的，依法承担相应赔偿责任。
监管部门和监管银行工作人员在预售资金监管工作中玩忽职守、滥用职权、徇私舞弊的，由相关部门依法依纪处理，构成犯罪的，依法追究刑事责任。
第三十条 本细则内容及未尽事宜由县住房和城乡建设局负责解释。
第三十一条 本细则自下发之日起施行，有效期3年。",琼中黎族苗族自治县 住房 城乡 建设局 关于 印发 琼中黎族苗族自治县 商品房 预售 资金 监管 实施 细则 通知 各乡镇 人民政府 县政府 直属机关 企事业 单位 琼中黎族苗族自治县 商品房 预售 资金 监管 实施细则 已经 十六届 人民政府 常务会议 研究 通过 印发 实施 琼中黎族苗族自治县 住房 城乡 建设局 此件 主动 公开 琼中黎族苗族自治县 商品房 预售 资金 监管 实施细则 第一条 进一步 加强 琼中 商品房 预售 资金 监管 工作 有效 防范 商品房 交易 风险 保障 购房人 合法权益 维护 房地产 市场 交易 秩序 依据 中华人民共和国 城市 房地产 管理法 城市 商品房 预售 管理 办法 海南省 预售 资金 监管 办法 相关 法律法规 结合 琼中 实际 制定 本细则 第二条 本县 行政区域 批准 商品房 预售 许可 项目 预售 资金 收存 支取 使用 及其 监督管理 适用 本细则 第三条 本细则 商品房 市场经济 条件 具有 经营 资格 房地产 开发 公司 通过 出让 方式 取得 土地 使用权 经营 新建 房屋 二手房 存量房 第四条 本细则 商品房 预售 资金 预售 商品房 房地产 开发 企业 以下 简称 开发 企业 开发 建设 商品房 取得 预售 许可证 不动产 首次 登记 完成 预售 购房人 购房人 约定 支付 购房款 包括 定金 首付款 分期付款 一次性 付款 银行 按揭 贷款 住房 公积金 贷款 保证金 款项 第五条 本细则 购房人 购买 预售 商品房 法人 单位 组织 个人 本细则 开发 企业 依法 取得 商品房 预售 许可证 进行 商品房 预售 房地产 开发 经营 企业 本细则 监管 银行 受托 银行 监管部门 开发 企业 签订 商品房 预售 资金 监管 协议 以下 简称 监管 协议 设立 资金 监管 账户 银行 本细则 放贷 银行 开发 企业 签订 达成 项目 贷款 协议 购房人 提供 按揭 贷款 用于 支付 购房款 银行 本细则 监管 账户 开发 企业 监管 银行 设立 专门 用于 收取 商品房 预售 资金 账户 第六条 住房 城乡建设 部门 以下 统称 监管部门 负责 指导 监督 本县 行政区域 商品房 预售 资金 监管 工作 人民银行 分支机构 按照 账户 管理 有关 规定 负责 指导 商业银行 做好 监管 账户 管理工作 银保监 部门 负责 商业银行 预售 资金 监管 操作 风险 合规性 进行 监督 检查 行政 审批 部门 负责 做好 商品房 预售 许可证 审批 综合执法 部门 负责 开发 企业 按规定 使用 商品房 预售 款项 行政处罚 第七条 商品房 预售 资金 监管 遵循 专户 专存 专款专用 全程 监管 节点 控制 原则 确保 商品房 预售 资金 用于 商品房 项目 工程建设 第八条 监管部门 作为 招标 单位 会同 属地 人民银行 分支机构 银保监 部门 综合 考量 商业银行 监管 能力 服务 效率 经营 状况 因素 通过 公开招标 方式 辖区 商业银行 琼中 分行 支行 以及 琼中 地方 法人 银行 确定 低于 能够 承接 商品房 预售 资金 监管 业务 监管 银行 监管部门 应当 适时 监管 银行 名录 实施 动态 调整 及时 淘汰 履行 预售 资金 监管 职责 以及 无法 承担 预售 资金 监管 工作 银行 第九条 开发 企业 申请 商品房 预售 许可 应当 项目 所在地 监管部门 确定 监管 银行 名录 选择 商业银行 设立 商品房 预售 资金 监管 专用 账户 下称 监管 账户 商品房 预售 许可证 商品房 买卖合同 载明 设立 专用 账户 监管 项目 行政 审批 部门 不予 发放 商品房 预售 许可证 第十条 监管部门 监管 银行 房地产 开发 企业 三方 应当 签订 监管 协议 监管 协议 明确 各方 权利 义务 责任 明确 预售 资金 收存 使用 方式 监管 额度 违约责任 内容 第十一条 房地产 开发 企业 申请 办理 商品房 预售 许可 应当 预售 方案 明确 预售 资金 监管 计划 监管部门 监管 银行 签订 资金 监管 协议 协议 主要 内容 预售 方案 予以 明确 通过 附件 方式 商品房 买卖合同 予以 体现 预售 资金 监管 计划 包括 以下内容 项目 监管 额度 包括 单体 工程 监管 额度 明细 项目 用款 计划 监管 银行 账户 名称 账号 其他 需要 说明 情况 房地产 开发 企业 取得 商品房 预售 许可 商品房 预售 资金 监管 相关 规定 告知 购房人 监管 银行 监管 账户 信息 商品房 预售 合同 予以 明确 商品房 销售 场所 显著 位置 进行 公示 监管部门 通过 地方 政府 门户网站 相关 信息 进行 公示 第十二条 监管 项目 预售 过程 监管 账户 相关 信息 原则上 不得 变更 开发 企业 特殊 原因 变更 监管 账户 相关 信息 监管 银行 监管部门 共同 申请 变更 监管部门 审核 通过 重新 签订 监管 协议 结余 资金 工作日内 全部 转入 设立 监管 账户 第十三条 批准 预售 商品房 建设项目 应当 全部 纳入 预售 资金 监管 对象 监管 账户 严格 按照 一个 预售 许可证 设立 一个 监管 账户 原则 设立 账户 不得 开通 网上银行 功能 自动 扣款 转账 业务 监管 账户 每笔 预售 资金 入账 载明 对应 房号 买受人 保证 套房 预售 资金 入账 一个 企业 多个 预售 项目 监管 账户 分别 设立 监管 账户 预售 资金 缴存 支出 应以 基本 单位 分别 管理 按楼 分别 记账 第十四条 商品房 预售 资金 应当 全部 直接 存入 监管 账户 不得 存入 其他 账户 开发 企业 指导 购房人 全部 购房款 直接 存入 监管 账户 购房人 贷款 包括 商业银行 按揭 贷款 住房 公积金 贷款 购买 商品房 购房人 合同 约定 支付 购房款 直接 存入 监管 账户 放贷 银行 住房 公积金 机构 发放贷款 监管 账户 作为 唯一 账户 开发 企业 不得 任何 方式 自行 收取 任何 性质 商品房 预售 资金 开发 企业 办理 商品房 预售 合同 网签 备案 提供 监管 银行 出具 购房 交款 凭证 包括 限于 银行 转账 回单 发票 相关 佐证 材料 按规定 预售 资金 存入 监管 账户 不予 办理 商品房 预售 合同 网签 备案 对于 整改 企业 监管部门 通过 海南 自贸港 信用 信息 共享 平台 记入 企业信用 信息 记录 第十五条 监管部门 应当 认真 履行 监管 责任 做好 日常 指导 监督 工作 建立 预售 项目 巡查 制度 监管 银行 指定 专人 负责 商品房 预售 资金 监管 工作 做好 监管 账户 监控 定期 本级 监管部门 进行 对账 根据 楼盘 表网 成交 信息 合同 约定 购房款 支付 信息 实时 掌握 项目 房屋 销售 房号 进入 监管 账户 购房款 金额 按套 建立 购房款 明细 管理 台账 做到 专款专用 月底 监管 账户 数据 汇总 包括 监管 账户 进账 支取 按楼 形成 详细 报表 监管部门 数据 信息 共享 监管 银行 贷款 银行 积极 配合 相关 部门 开展 预售 资金 监管 执法检查 工作 监管 发放贷款 工作 发现 房地产 开发 企业 存在 违规 挪用 监管 额度 资金 问题 应当 立即 停止 拨付 告知 监管部门 监管部门 及时 作出 处理 第十六条 开发 企业 购房人 之间 解除 商品房 预售 合同 共同 监管部门 申请 撤销 商品房 预售 合同 网签 备案 监管部门 审核 准予 撤销 完成 退款 审批 手续 监管 银行 工作日内 监管 资金 退回 购房人 指定 交易 资金 结算 个人账户 贷款 银行 住房 公积金 管理 部门 账户 第十七条 商品房 预售 资金 实行 全过程 监管 监管部门 根据 项目 情况 综合 确定 监管 资金 总额 低于 工程建设 预算 总额 建筑安装 公共 配套 设施 费用 装修 交付 商品房 项目 装修 成本 纳入 其中 商品房 预售 资金 监管 额度 监管 协议 载明 监管 资金 实行 专款专用 必须 用于 购置 项目 建设 必需 建筑材料 设备 支付 项目 建设 施工进度 工程建设 法定 税费 归还 项目 开发 贷款 以及 其他 行政 事业性 收费 其他 相关 费用 监管 账户 存续 期间 商业银行 不得 擅自 划扣 设立 子公司 房地产 开发 企业 集团公司 不得 抽调 开发 企业 支付 上述 有关 费用 申请 使用 监管 资金 监管部门 按照 三方 协议 约定 进行 审核 符合 约定 条件 按照 本细则 规定 办理 资金 使用 手续 监管 账户 资金 达到 监管 额度 超出 部分 开发 企业 自行 提取 使用 开发 企业 侵害 购房人 权益 依法 给予 赔偿 优先 超出 项目 监管 额度 以外 预售 资金 支付 第十八条 开发 企业 使用 监管 资金 项目 工程进度 资金 使用 计划 依据 监管 资金 拨付 监管 资金 每楼 基本 单位 根据 项目 工程进度 确定 监管 比例 监管 资金 使用 节点 如下 八层 以上 房屋 施工进度 达到 地上 主体工程 三分之二 以上 主体 结构 封顶 拨付 资金 高于 监管 额度 施工进度 达到 地上 主体工程 封顶 拨付 资金 高于 监管 额度 项目 基本 建成 房地产 开发 企业 组织 施工单位 监理 单位 三方 验收 具备 验收 合格 资料 拨付 资金 高于 监管 额度 取得 项目 综合 竣工 验收 备案 拨付 资金 高于 监管 额度 完成 不动产 首次 登记 监管 协议 其他 约定 可以 全额 拨付 剩余 监管 资金 第十九条 开发 企业 申请 使用 监管 资金 应当 按照 监管部门 确定 拨付 节点 提出 用款 申请 申请 需提交 以下 材料 商品房 预售 资金 使用 申请表 用于 支付 工程款 提供 工程建设 合同 工程 监理 机构 出具 施工进度 资料 影像 资料 开发 企业 拟向 项目 施工单位 材料 设备 供应 单位 或者 供水 供电 供气 专业 经营 单位 支付 建筑材料 设备 款项 提供 相关 合同 开发 企业 提前 支付 上述 单位 相关 款项 提供 付款 证明 用于 归还 项目 开发 贷款 支付 工程设计 监理 其他 行政 事业性 收费 提供 合同 缴费通知 授权 委托书 受托人 身份证 复印件 应当 提供 其他 材料 首次 付款 每次 申请 拨款 应当 提交 一次 申请 用款 事项 转款 回单 第二十条 监管部门 受理 开发 企业 监管 资金 使用 申请 应当 进行 必要 现场 勘查 工作日内 完成 审核 符合 使用 条件 监管 银行 出具 告知 符合 使用 条件 驳回 申请 第二十一条 监管 银行 收到 监管部门 同意 拨付 意见 工作日内 资金 拨付 相关 当事人 单位 第二十二条 预售 项目 存在 重大 风险 隐患 监管部门 报请 属地 政府 同意 全面 接管 预售 监管 账户 建立 政府 监管 账户 实施 封闭 管理 保障 账户 资金 安全 优先 用于 项目 工程建设 监管 银行 应当 积极 予以 配合 第二十三条 合法 依规 经营 一定 年限 内未 受到 相关 业务主管 部门 行政处罚 发生 监管 账户 采取 冻结 划拨 税收 保全 措施 强制执行 措施 拖欠 工程款 拖欠 农民工 工资 情况 开发 企业 申请 提交 符合要求 银行 保函 方式 替代 一定 额度 预售 资金 监管 监管部门 根据 住房 城乡建设 领域 信用 体系 建设 情况 强化 信用 评价 结果 共享 应用 根据 开发 企业 信用等级 保函 情况 适当 降低 上浮 预售 资金 监管 额度 第二十四条 监管 协议 其他 约定 完成 不动产 首次 登记 即可 申请 解除 预售 资金 监管 房地产 开发 企业 完成 不动产 首次 登记 申请 解除 预售 资金 监管 监管部门 应当 受理 之日起 工作日内 完成 审核 对于 符合 解除 监管 条件 监管部门 监管 银行 出具 解除 监管 通知书 监管 银行 按规定 解除 资金 监管 解除 监管 账户 剩余 资金 开发 企业 自行处理 第二十五条 开发 企业 下列 情形 之一 监管部门 不予 批准 开发 企业 用款 申请 用款 申请 超出 使用 节点 用款 额度 收款 单位 申请 款项 用途 不符 前期 存在 按规定 存入 使用 商品房 预售 资金 整改 提供 虚假 材料 申请 用款 开发 企业 存在 违法 违规行为 导致 工程 停工 预售 项目 发生 质量事故 存在 严重 质量 问题 预售 项目 按期 交付使用 存在 不能 按时 交付 项目 存在 违法 违规 建设 销售 项目 存在 严重 债务 劳务 纠纷 监管部门 认定 其他 批准 用款 事项 第二十六条 开发 企业 下列 情形 之一 监管部门 责令 限期 整改 应当 暂停 拨付 监管 资金 通过 海南 自贸港 信用 信息 共享 平台 行为 记入 企业信用 信息 记录 逾期 改正 暂停 商品房 预售 合同 网签 备案 情节严重 依法追究 法律责任 监管 银行 监管 账户 信息 商品房 销售 场所 显著 位置 公示 按规定 商品房 预售 资金 全部 存入 监管 账户 收取 其他 款项 为名 变相 逃避 监管 提供 虚假 材料 骗取 预售 资金 按规定 预售 资金 用于 监管 项目 工程建设 开发 企业 存在 严重 违法 违规行为 预售 项目 按期 交付 存在 不能 按期 交付 风险 其他 违反 预售 资金 监管 规定 行为 第二十七条 监管 银行 下列 行为 监管部门 通报 上级 主管部门 上级 主管部门 依照 有关 规定 予以 处理 监管 银行 按照 要求 整改 三年 不得 本县 承担 商品房 预售 资金 监管 开发 企业 串通 设立 虚假 资金 账户 逃避 监管 未经 监管部门 同意 擅自 支付 超额 支付 商品房 监管 资金 擅自 截留 挪用 拖延 支付 商品房 预售 资金 擅自 预售 资金 支付 给与 监管 项目 工程建设 无关 单位 造成 预售 资金 挪用 发现 开发 企业 存在 违规 收存 支取 预售 资金 行为 及时 报送 监管部门 其他 违反 预售 资金 监管 规定 行为 第二十八条 施工单位 监理 单位 提供 虚假 证明 采取 其他 方式 协助 房地产 开发 企业 违规 支取 预售 资金 有关 部门 依法 相关 责任 单位 责任人 予以 处理 监管部门 按照 海南省 建筑 市场 信用 管理 办法 计入 海南省 建筑 市场监管 公共服务 平台 企业 诚信 信息系统 及时 社会 公示 第二十九条 监管部门 违反 本细则 规定 造成 监管 缺失 违法 监管 有关 规定 有关 责任人 追究责任 监管 银行 未经 监管部门 核实 同意 擅自 拨付 监管 额度 资金 负责 追回 资金 无法 追回 依法 承担 相应 赔偿 责任 监管部门 监管 银行 工作人员 预售 资金 监管 工作 玩忽职守 滥用职权 徇私舞弊 相关 部门 依法 依纪 处理 构成犯罪 依法追究 刑事责任 第三十条 本细则 内容 未尽事宜 由县 住房 城乡 建设局 负责 解释 第三十一条 本细则 下发 之日起 施行 有效期,1.729744670947764,10.0,4.083333333333334,4.816666666666666,8655,152.5,27.14166666666667,3150.0,1106.44734375,978.075,3150.0,27.16875,4,3,0.008625,0.0,主体,,,0.0,4.725000000000002,0.0,装修,,,0.0,4.725000000000002,0.0,竣备,,,0.0,4.725000000000002,1.0,确权,60.0,60.0,1106.44734375,5.19253246753247,,,,,,,3,5,978.075
琼海,琼海,Qionghai-3,approved construction cost,,successive inspection stages,drawdown ceiling,specified but count unavailable,5% retained,True,False,,0.5,0.05,not explicitly countable from retained excerpt,explicit percentage near 主体结构; midpoint used for a stated range,manual 5% retained flag,监管额度内资金不得超过监管额度的50% | 累计申请使用监管额度内资金不得超过监管额度的50%,True,policy_identification_filled.xlsx,City_audit,4stage_Ncost,4,2,stage_1|stage_2|stage_3|stage_4,主体|装修|竣备|确权,竣备|确权,partial_named_milestones,,stage_4,2,,1.0,not_estimable:topout_stage_name_unmapped,terminal_stage_share:within_cohort_amount_share,expert_calibrated_operational_proxy_pending_source_mapping,monthly-revenue stage ratio or within-cohort amount share; not automatically a policy percentage,external/Modelling Dep/41_Cities_Dep/city_catalog.json,data/pmc_data.xlsx,dep-operational-h1-v1,Qionghai-3,2022,三线,琼海,Hainan,"琼海市
1、参考基价*建筑面积
2、市住建局根据本地区商品房建设成本情况，组织具备资质的第三方专业机构测算，合理确定、公布参考基价，并适时调整。建筑面积以行政审批部门颁发的施工许可证载明建设规模面积为准。
1、完成主体结构分部验收，累计申请使用监管额度内资金不得超过监管额度的50%。
2、完成装饰装修分部验收，累计申请使用监管额度内资金不得超过监管额度的80%。
3、完成竣工验收，累计申请使用监管额度内资金不得超过监管额度的85%。
4、完成联合验收，累计申请使用监管额度内资金不得超过监管额度的90%。
5、办理房屋所有权首次登记节点时，累计申请使用监管额度内资金不得超过监管额度的95%。
11月仍仅通过银行审批即可付款；12月起需房管及住建审批，目前线下沟通仅可支付工程材料款
监管额度内的资金只能用于购置本项目建设必需的建筑材料、设备，支付建设项目的施工进度款、购房人的退房款（按原渠道退回）、法定税费和其他相关费用。
琼海市住房和城乡建设局 关于印发 《琼海市商品房预售资金监管实施细则》的通知

第五章 预售资金收存和使用拨忖
第十八条 购房人缴交的定金 、首付款或 其他形 式的购房款，应当逐户逐笔直接存入监管账户，购房人以住房公积金贷款、商业银行按揭贷款购买 商品房的，由发放贷款银行直接划入监管账户。
第十九条 监管额度内的资金只 能用于购置本项目建设 必需 的建筑材料、设备 ，支付项目建设的施工进度款 、购房人的退房款（ 按原渠道退还 ）、法定税费和其他相关费用。
商办监管额度为5131.98元/平方米，完成主体验收可申请监管额度50%，完成装饰装修分部验收可申请监管额度80%，完成就竣工验收可申请监管额度85%，完成联合验收可申请监管额度90%，办理房屋所有权产权登记可申请监管额度95%


《琼海市商品房预售资金监管实施细则》（以下简称《细则》）共八章二十八条，主要涉及预售资金监管职责、设立预售资金监管户和签订监管协议、预售资金监管额度、预售资金收存和使用拨付、解除预售资金监管等内容。《细则》进一步明确和细化商品房预售资金监管工作。
近年来，一些开发商因自有资金不足等问题，在未达到预售条件时，违法将商品房提前上市进行销售，个别开发商将预售房款挪作他用，导致消费者交清购房款后却不能按期入住或者无法按时办理产权证，极大地损害了购房者的利益，已经成为困扰房地产业健康发展的一个严重问题。《琼海市商品房预售资金监管实施细则》根据2022年9月出台的《海南省商品房预售资金监管办法》制定
-================

为做好商品房预售资金监管工作，我局根据《琼海市商品房预售资金监管实施细则》有关规定，结合我市实际并综合考量项目建安、区内配套建设及相关费用，组织具备资质的第三方专业机构对商品房项目成本进行了测算。经研究确定，商品房预售资金监管额度参考基价如下：
按项目建筑面积计算，住宅类商品房预售资金监管额度参考基价：每平方米6384.85元；商办类商品房预售资金监管额度参考基价：每平方米5131.98元。
本通知自发布之日起执行。
琼海市住房和城乡建设局
2023年11月9日
标题：琼海市住房和城乡建设局关于发布琼海市商品房预售资金监管额度参考基价的通知
索引号：008207452/2023-00133分 类：综合政务发文机关：琼海市住房和城乡建设局成文日期：2023年11月09日文 号：无发布日期：2023年11月09日主题词：商品房预售资金监管时效性：有效 ",琼海市 参考 基价 建筑面积 市住 建局 根据 地区 商品房 建设 成本 情况 组织 具备 资质 第三方 专业 机构 测算 合理 确定 公布 参考 基价 适时 调整 建筑面积 行政 审批 部门 颁发 施工 许可证 载明 建设 规模 面积 为准 完成 主体 结构 分部 验收 累计 申请 使用 监管 额度 资金 不得 超过 监管 额度 完成 装饰 装修 分部 验收 累计 申请 使用 监管 额度 资金 不得 超过 监管 额度 完成 竣工 验收 累计 申请 使用 监管 额度 资金 不得 超过 监管 额度 完成 联合 验收 累计 申请 使用 监管 额度 资金 不得 超过 监管 额度 办理 房屋 所有权 首次 登记 节点 累计 申请 使用 监管 额度 资金 不得 超过 监管 额度 通过 银行 审批 即可 付款 房管 审批 目前 线下 沟通 支付 工程 材料 监管 额度 资金 只能 用于 购置 项目 建设 必需 建筑材料 设备 支付 建设项目 施工进度 购房人 房款 按原 渠道 退回 法定 税费 其他 相关 费用 琼海市 住房 城乡 建设局 关于 印发 琼海市 商品房 预售 资金 监管 实施细则 通知 第五章 预售 资金 收存 使用 拨忖 第十八条 购房人 缴交 定金 首付款 其他 购房款 应当 逐户 逐笔 直接 存入 监管 账户 购房人 住房 公积金 贷款 商业银行 按揭 贷款 购买 商品房 发放贷款 银行 直接 划入 监管 账户 第十九条 监管 额度 资金 用于 购置 项目 建设 必需 建筑材料 设备 支付 项目 建设 施工进度 购房人 房款 按原 渠道 退还 法定 税费 其他 相关 费用 商办 监管 额度 平方米 完成 主体 验收 申请 监管 额度 完成 装饰 装修 分部 验收 申请 监管 额度 完成 竣工 验收 申请 监管 额度 完成 联合 验收 申请 监管 额度 办理 房屋 所有权 产权 登记 申请 监管 额度 琼海市 商品房 预售 资金 监管 实施细则 以下 简称 细则 八章 二十八 主要 涉及 预售 资金 监管 职责 设立 预售 资金 监管 签订 监管 协议 预售 资金 监管 额度 预售 资金 收存 使用 拨付 解除 预售 资金 监管 内容 细则 进一步 明确 细化 商品房 预售 资金 监管 工作 近年来 一些 开发商 自有 资金不足 问题 达到 预售 条件 违法 商品房 提前 上市 进行 销售 个别 开发商 售房款 挪作他用 导致 消费者 交清 购房款 不能 按期 入住 或者 无法 按时 办理 产权证 极大 损害 购房者 利益 已经 成为 困扰 房地产业 健康 发展 一个 严重 问题 琼海市 商品房 预售 资金 监管 实施细则 根据 出台 海南省 商品房 预售 资金 监管 办法 制定 做好 商品房 预售 资金 监管 工作 我局 根据 琼海市 商品房 预售 资金 监管 实施细则 有关 规定 结合 我市 实际 综合 考量 项目 建安 区内 配套 建设 相关 费用 组织 具备 资质 第三方 专业 机构 商品房 项目 成本 进行 测算 研究 确定 商品房 预售 资金 监管 额度 参考 基价 如下 项目 建筑面积 计算 住宅 商品房 预售 资金 监管 额度 参考 基价 每平方米 商办 商品房 预售 资金 监管 额度 参考 基价 每平方米 通知 发布 之日起 执行 琼海市 住房 城乡 建设局 标题 琼海市 住房 城乡 建设局 关于 发布 琼海市 商品房 预售 资金 监管 额度 参考 基价 通知 索引 综合 政务 发文 机关 琼海市 住房 城乡 建设局 成文 日期 日文 发布 日期 主题词 商品房 预售 资金 监管 时效性 有效,0.0,3.670486372113607,2.683333333333333,2.683333333333333,14729,49.0,27.14166666666667,9896.517500000002,1716.717565054688,1313.403550312501,9896.517500000002,85.35746343750004,4,3,0.008625,0.0,主体,,,0.0,4.725000000000002,0.0,装修,,,0.0,4.725000000000002,1.0,竣备,27.0,27.0,1345.825619085938,4.997727272727275,1.0,确权,27.0,38.0,370.8919459687501,5.737987012987015,,,,,,,3,4,1313.403550312501
白沙,白沙,Baisha-3,approved construction cost,with multiplier or floor,successive inspection stages,drawdown ceiling,specified,condition beyond first registration,True,True,13.0,0.6,0.05,numbered clauses in evidence excerpt,explicit percentage near 主体结构; midpoint used for a stated range,manual 5% retained flag,监管额度及违约责任等内容 | 监管账户内的资金 | 完成撤销备案和退款审批手续的，监管银行应在2个工作日内，将监管资金退回购房人指定的交易资金结算个人账户和贷款银行、住房公积金管理部门账户,True,policy_identification_filled.xlsx,City_audit,4stage_Ncost,4,4,stage_1|stage_2|stage_3|stage_4,主体|装修|竣备|确权,主体|装修|竣备|确权,complete_named_milestones,stage_1,stage_4,4,0.3,0.1,cumulative_same_denominator_stage_shares,terminal_stage_share:monthly_revenue_stage_ratio,expert_calibrated_operational_proxy_pending_source_mapping,monthly-revenue stage ratio or within-cohort amount share; not automatically a policy percentage,external/Modelling Dep/41_Cities_Dep/city_catalog.json,data/pmc_data.xlsx,dep-operational-h1-v1,Baisha-3,2023,三线,白沙,Hainan,"白沙黎族自治县住房和城乡建设局 关于印发《白沙黎族自治县商品房预售资金监管实施细则》的通知
各乡镇人民政府、县政府直属各单位、各企事业单位、各人民团体：
为进一步加强白沙县商品房预售资金的监管工作，有效防范商品房交易风险，保障购房人的合法权益，维护房地产市场交易秩序，依据《中华人民共和国城市房地产管理法》《城市商品房预售管理办法》（建设部令第 131 号）和《海南省商品房预售资金监管办法》（琼建房〔2022〕373号）等相关法律法规，《白沙黎族自治县商品房预售资金监管实施细则》经十六届白沙黎族自治县人民政府第 56 次常务会议同意，现印发给你们，请认真组织实施。




白沙黎族自治县住房和城乡建设局
2023年12月8日
（此件主动公开）白沙黎族自治县商品房预售资金监管实施细则第一章总则第一条 为进一步加强白沙县商品房预售资金的监管工作，有效防范商品房交易风险，保障购房人的合法权益，维护房地产市场交易秩序，依据《中华人民共和国城市房地产管理法》《城市商品房预售管理办法》（建设部令第131 号）和《海南省商品房预售资金监管办法》（琼建房〔2022〕373 号）等相关法律法规，结合白沙县实际，制定本细则。第二条 凡在白沙县行政区域内批准的商品房预售许可项目，其预售资金的收存、支取、使用及其监督管理适用于本细则。第三条 本细则所称商品房是指在市场经济条件下，具有经营资格的房地产开发公司通过出让方式取得土地使用权后经营的新建房屋，不含二手房（存量房）。第四条 本细则所称商品房预售资金，是指预售商品房的房地产开发企业（以下简称开发企业）将其开发建设的商品房在取得预售许可证后和不动产首次登记完成前预售给购房人，由购房人按约定支付的购房款，包括定金、首付款、分期付款、一次性付款和银行按揭贷款、住房公积金贷款、保证金等款项。第五条 本细则所称购房人，是指购买预售商品房的法人单位、组织和个人。
<
— 4 —
本细则所称开发企业，是指依法取得《商品房预售许可证》，进行商品房预售的房地产开发经营企业。本细则所称监管银行（即受托银行）是指与监管部门、开发企业签订商品房预售资金监管协议（以下简称“监管协议”）、设立资金监管账户的银行。
本细则所称放贷银行是指与开发企业签订或达成项目贷款协议，并为购房人提供按揭贷款用于支付购房款的银行。本细则所称监管账户，是指开发企业在监管银行设立的专门用于收取商品房预售资金的账户。第六条 商品房预售资金监管，遵循“专户专存、专款专用、全程监管、节点控制”的原则，确保商品房预售资金用于商品房项目工程建设。 第二章 预售资金监管职责第七条 住房和城乡建设部门（以下统称“监管部门”）负责指导和监督本县行政区域内商品房预售资金监管工作；人民银行分支机构按照账户管理有关规定，负责指导商业银行做好监管账户管理工作；行政审批部门负责做好《商品房预售许可证》等审批工作；综合执法部门负责开发企业不按规定使用商品房预售款项等行政处罚；商业银行按照监管协议做好监管账户监控和拨付工作，并定期与监管部门对账，对发现的违法违规行为及时向监管部门反馈。
<
—5—住房和城乡建设部门（即监管部门）履行辖区内预售资金监管职责。具体为：
（一）会同本辖区内的人民银行分支机构、金融服务中心通过公开招标方式，确定能够承接商品房预售资金监管业务的商业银行。
（二）制定本县监管实施细则和三方监管协议文本。（三）按照“新项目新办法、老项目老办法”原则，与开发企业、商业银行共同签订预售资金三方监管协议，受理开发企业使用预售资金申请，出具审核意见。（四）定期巡查预售项目，对开发企业管理使用预售资金的行为进行监督检查。
（五）受理预售资金收存、使用中违法违规行为的投诉，对预售资金监管相关矛盾纠纷进行调处化解。（六）本细则规定的其他有关工作。监管部门下属的县建设工程质量安全监督站要在辖区内开发企业申请办理有关预售资金申请事项时，负责项目施工进度节点核查确认工作。
第八条 监管部门作为招标单位，会同属地人民银行分支机构、金融服务中心，综合考量商业银行的监管能力、服务效率、经营状况等因素，通过公开招标方式，在辖区商业银行白沙县分行或支行以及白沙县地方法人银行中确定不低于3 家能够承接商品房预售资金监管业务的监管银行。
<
— 6 —
监管部门应当适时对监管银行名录实施动态调整，及时淘汰未履行预售资金监管职责以及无法承担预售资金监管工作的银行。 第三章 设立预售资金监管账户和签订监管协议第九条 开发企业申请商品房预售许可前，按一次预售许可开设一个监管账户的原则，与监管部门、监管银行签订三方监管协议。监管协议应明确各方权利、义务和责任，明确预售资金收存和使用方式、监管额度及违约责任等内容。未设立专用账户的监管项目，行政审批部门不予发放《商品房预售许可证》。第十条 房地产开发企业申请办理商品房预售许可时，应当在预售方案中明确预售资金监管计划，与监管部门及监管银行签订资金监管协议，协议主要内容在预售方案中予以明确，并通过附件方式在《商品房买卖合同》中予以体现。预售资金监管计划应包括以下内容：（一）项目监管额度，包括单体工程监管额度明细；（二）项目用款计划；
（三）监管银行、账户名称、账号；（四）其他需要说明的情况。第十一条 房地产开发企业取得商品房预售许可后，应当将商品房预售资金监管相关规定告知购房人，将监管银行、监管账户等信息在《商品房预售许可证》《商品房买卖合同》中予以明
<
—7—确，并在商品房销售场所显著位置进行公示，监管部门应通过地方政府门户网站对相关信息进行公示。第十二条 监管项目预售过程中，监管账户相关信息原则上不得变更。开发企业因特殊原因需变更监管账户相关信息的，需与原监管银行到监管部门共同申请变更，经监管部门审核通过后，重新签订监管协议，并将原结余资金在5 个工作日内全部转入新设立的监管账户。
账户变更期间，原监管账户范围内的商品房暂停销售。不得申请使用原监管账户内的资金。第十三条 批准预售的商品房建设项目应当全部纳入预售资金监管对象。监管账户应严格按照“一个预售许可证设立一个监管账户”的原则设立，该账户不得开通网上银行功能和自动扣款等转账业务。监管账户中每笔预售资金入账应载明对应房号、买受人，保证每套房预售资金入账可查。一个企业有多个预售项目的，监管账户应分别设立，监管账户中预售资金缴存、支出，应以幢为基本单位分别管理，按楼幢号分别记账。第四章 预售资金监管额度第十四条 商品房预售资金实行全过程监管。监管部门根据商品房项目建设工程造价、施工合同金额以及项目交付使用条件等因素综合确定监管总额，但不低于项目工程建设、建筑材料、安装、装修、配套设施、设备等所有工程建设成本费用（含税），
<
— 8 —
以及 5%的不可预见费用。全装修交付的商品房项目，应将装修成本纳入其中。商品房预售资金监管额度须在监管协议中载明。第十五条 监管账户内的资金达到监管额度后，超出部分可由开发企业自行提取使用。但开发企业侵害购房人权益，需依法给予赔偿的，应优先用超出项目监管额度以外的预售资金支付。第十六条 开发企业及其控股企业连续3 个年度内未受到行政处罚，未发生监管账户被采取司法冻结、司法扣划、税收保全措施或强制执行措施，且未发生拖欠工程款或拖欠农民工工资等情况的，可向商业银行申请出具保函置换监管额度内资金。第十七条 开发企业办理保函置换预售监管资金业务的，按照《中国银保监会办公厅 住房和城乡建设部办公厅中国人民银行办公厅关于商业银行出具保函置换预售监管资金有关工作的通知》（银保监办发〔2022〕104 号）有关要求执行。第五章预售资金收存第十八条 商品房预售资金应当全部直接存入监管账户，经监管部门批准解除预售资金监管前，开发企业不得直接收取或另设账户收存购房人的购房款。
开发企业应指导购房人将缴交的定金、首付款或其他形式的购房款，逐户逐笔直接存入监管账户，并注明用途（具体包括楼盘名称、房号、购房人姓名）。购房人贷款（包括商业银行按揭贷款和住房公积金贷款）购买商品房的，购房人应将合同约定支
<
—9—付的购房款直接存入监管账户。放贷银行、住房公积金机构发放贷款应将监管账户作为唯一到账账户。开发企业不得以任何方式自行收取任何性质的商品房预售资金，开发企业办理商品房预售合同网签备案时，需提供监管银行出具的购房交款凭证（包括但不限于银行转账回单、发票等相关佐证材料）。对未按规定将预售资金存入监管账户的，不予办理商品房预售合同网签备案，对于拒不整改的企业，由监管部门移送综合行政执法部门依法依规予以处罚，并记录企业不良信用行为记录。第十九条 监管部门应当认真履行监管责任，做好日常指导和监督工作，建立预售项目巡查制度。监管银行应指定专人负责商品房预售资金监管工作，做好监管账户监控，定期与本级监管部门进行对账，并根据楼盘表网签成交信息、合同约定的购房款支付信息，实时掌握该项目房屋已销售房号和应进入监管账户的购房款金额，并按幢、按套建立购房款明细管理台账，做到专款专用。每月底将监管账户数据汇总，包括监管账户进账、支取按楼、幢、户形成详细报表，与监管部门数据信息共享。
监管银行、贷款银行要积极配合相关部门开展预售资金监管执法检查工作，对监管、发放贷款工作中，发现开发企业存在违规挪用监管额度内资金问题，以及不属于本项目工程建设需要或债务债权案件等资金划扣、账户查封、冻结等情况，应当立即停止拨付和执行，并立即告知监管部门，监管部门应及时作出处理。
<
— 10 —
第二十条 开发企业与购房人之间解除商品房预售合同的，应共同到监管部门申请撤销商品房预售合同网签备案，监管部门按照相关规定审核是否符合准予撤销备案。如若符合准予撤销备案条件的，应完成撤销备案和退款审批手续的，监管银行应在2个工作日内，将监管资金退回购房人指定的交易资金结算个人账户和贷款银行、住房公积金管理部门账户。第六章 预售资金使用拨付第二十一条 监管资金实行专款专用，必须用于购置本项目建设必需的建筑材料、设备和支付该项目建设的施工进度款、工程建设法定税费、归还项目开发贷款、退回购房人的退房款（按原渠道退还）、监理、设计以及其他行政事业性收费等其他相关费用。在监管账户存续期间，商业银行不得擅自划扣，设立子公司的房地产开发企业集团公司不得抽调。开发企业支付上述有关费用，可申请使用监管资金。由监管部门按照三方协议约定进行审核，符合约定条件的，按照本细则规定办理资金使用手续。
第二十二条 开发企业使用监管资金应以项目工程进度和资金使用计划为依据。监管资金和拨付监管资金均以每楼幢为基本单位，根据项目工程进度确定监管比例。未达到监管额度前，开发企业确需使用监管额度内的资金，在满足监管账户内的资金余额不低于监管额度的5%前提下，可
<
—11—按照主体结构分部验收、装饰装修分部验收、竣工验收、联合验收、房屋所有权首次登记等节点申请使用监管额度内的资金。达到监管额度后，开发企业使用监管额度内的资金，按照以下节点要求申请使用监管额度内的资金。
（1）首次拨付节点不得早于地下结构完成；
（2）八层以上房屋施工进度达到地上主体工程三分之二以上主体结构未封顶的，累计使用监管资金不高于监管额度的30％；
（3）施工进度达到地上主体工程封顶，完成主体结构分部验收的，累计使用监管资金不高于监管额度的50％；
4）完成装饰装修分部验收的，累计使用监管额度资金不得超过监管额度的 60%。

（5）项目基本建成，房地产开发企业组织施工单位和监理单位、勘察单位、设计单位等参建单位验收，具备验收合格资料的，累计使用监管资金不高于监管额度的75％；

（6）取得项目联合竣工验收备案的，累计使用监管资金不高于监管额度的 90％；

（7）完成不动产首次登记的，可以全额拨付剩余监管资金。第二十三条 开发企业申请使用监管资金，应当按照监管部门确定的拨付节点提出用款申请。申请时需提交以下材料：（一）商品房预售资金使用申请表；（二）用于支付工程款的，提供工程建设合同及工程监理机构出具的出具支付证明、施工进度资料及影像资料；
<
— 12 —
其中，主体分部验收节点，提供主体结构分部工程质量验收记录及主体工程形象现场概貌影像资料；装饰装修分部验收节点，提供装饰装修分部工程质量验收记录、海南省全装修住宅工程质量分户验收汇报表及样板间室内卧室、客厅、厨房、阳台、卫生间等功能区域现场影像资料；竣工验收节点，提供工程竣工验收报告；联合验收节点，提供联合验收意见备案；房屋所有权首次登记节点，提供承办部门出具的房屋所有权登记证书；项目具备办理产权转移登记条件节点，提供承办部门出具的房屋所有权转移登记证书。
（三）开发企业向本项目施工单位、材料设备供应单位或者供水、供电、供气等专业经营单位支付建筑材料、设备款项等，提供相关购销合同、建筑材料以及设备清单、工程监理机构出具支付证明。开发企业已提前支付上述单位相关款项的，提供付款证明；
（四）用于归还项目开发贷款、退回购房人的退房款（按原渠道退还）、支付工程设计、监理或其他行政事业性收费的，提供合同或缴费通知；
（五）授权委托书及受托人身份证复印件；（六）应当提供的其他材料。首次拨付款后，每次申请拨款时还应当提交上一次申请用款事项的转款回单。如上一次拨付款用于支付工程款的，则需提交监理单位对相应款项使用情况的证明材料。
<
—13—第二十四条 监管部门在受理开发企业监管资金使用申请后，应当进行必要的现场勘查，并在3 个工作日内完成审核，符合使用条件的，向监管银行出具告知书；不符合使用条件的，驳回申请。
第二十五条 监管银行收到监管部门同意拨付意见后，应在2 个工作日内将资金拨付给相关当事人或单位。第二十六条 当预售项目存在重大风险隐患时，监管部门应报请属地政府同意后全面接管预售监管账户或建立政府监管账户，实施封闭管理，保障账户资金安全，优先用于本项目工程建设，监管银行应当积极予以配合。第二十七条 如监管协议无其他约定的，项目具备办理产权转移登记条件的，即可申请解除预售资金监管。房地产开发企业在项目具备办理产权转移登记条件的后申请解除预售资金监管的，监管部门应当自受理之日起5 个工作日内完成审核。对于符合解除监管条件的，由监管部门向监管银行出具解除监管通知书，监管银行按规定解除资金监管，解除监管后的账户及剩余资金，由开发企业自行处理。第七章监督管理第二十八条 开发企业有下列情形之一的，监管部门可不予批准开发企业用款申请。
（一）用款申请超出使用节点用款额度的；
<
— 14 —
（二）收款单位与申请款项用途不符的；（三）前期存在未按规定存入和使用商品房预售资金拒不整改的；
（四）提供虚假材料申请用款的；（五）开发企业存在违法违规行为导致工程停工的；（六）预售项目发生质量事故或存在严重质量问题的；（七）预售项目未按期交付使用或存在不能按时交付风险的；
（八）项目存在违法违规建设和销售的；（九）项目存在严重债务和劳务纠纷的；（十）监管部门认定其他不应批准用款的事项。第二十九条 开发企业有下列情形之一的，监管部门责令限期整改，应当暂停拨付监管资金，移送综合行政执法局依法依规予以处罚，记入企业不良信用行为记录，逾期未改正的，暂停其商品房预售和合同网签备案，情节严重的，依法追究其法律责任。（一）未将监管银行、监管账户等信息在商品房销售场所显著位置公示的；
（二）未按规定将商品房预售资金全部存入监管账户或以收取其他款项为名变相逃避监管的；（三）提供虚假材料骗取预售资金或未按规定将预售资金用于监管项目工程建设的；
<
—15—（四）开发企业存在严重违法违规行为，预售项目未按期交付或存在不能按期交付风险的；（五）其他违反预售资金监管规定的行为。第三十条 监管银行有下列行为的，监管部门通报其上级主管部门，由上级主管部门依照有关规定予以处理，监管银行未按照要求整改的，三年内不得在本县承担商品房预售资金监管。（一）与开发企业串通设立虚假资金账户逃避监管的；（二）未经监管部门同意，擅自支付或超额支付商品房监管资金的；
（三）擅自截留、挪用、拖延支付商品房预售资金的；（四）擅自将预售资金支付给予本监管项目工程建设无关的单位，造成预售资金被挪用的；（五）发现开发企业存在违规挪用监管额度内资金问题，以及不属于本项目工程建设需要或债务债权案件等资金划扣、账户查封、冻结等情况，未及时报送监管部门的；（六）未定期与本级监管部门进行对账，监管账户数据未按本细则规定与监管部门数据信息共享的。（七）其他违反预售资金监管规定的行为。第三十一条 施工单位、监理单位提供虚假证明或采取其他方式协助房地产开发企业违规支取预售资金的，由有关部门依法对相关责任单位和责任人予以处理，并由监管部门按照《海南省
<
— 16 —
建筑市场信用管理办法》计入海南省建筑市场监管公共服务平台企业诚信信息系统，及时向社会公示。第三十二条 监管部门违反本细则规定，造成监管缺失或违法监管的，按有关规定对有关责任人追究责任。监管银行未经监管部门核实并同意，擅自拨付监管额度内资金的，应负责追回资金，无法追回的，依法承担相应赔偿责任。监管部门和监管银行工作人员在预售资金监管工作中玩忽职守、滥用职权、徇私舞弊的，由相关部门依法依纪处理，构成犯罪的，依法追究刑事责任。
第三十三条 涉及人民法院保全、执行商品房预售资金的，按照《最高人民法院 住房和城乡建设部中国人民银行关于规范人民法院保全执行措施确保商品房预售资金用于项目建设的通知》（法〔2022〕12 号）有关要求执行。第三十四条 本细则内容及未尽事宜由县住房和城乡建设局负责解释。
第三十五条 本细则自印发之日起30 日之后施行，有效期3 年。
附件：白沙黎族自治县商品房预售资金三方监管协议
<
—17—附件：
白沙黎族自治县商品房预售资金三方监管协议甲方（住房和城乡建设主管部门）：地址：
法定代表人或负责人： 电话：经办人： 电话：乙方（房地产开发企业）：
地址：
法定代表人： 电话：经办人： 电话：丙方（监管银行）：
地址：
法定代表人： 电话：经办人： 电话：为加强新建商品房预售管理，规范商品房预售资金使用行为，保障购房人的合法权益，维护房地产市场平稳健康发展。根据《海南省商品房预售资金监管办法》（以下简称《实施细则》）和《白沙黎族自治县商品房预售资金监管实施细则》（以下简称《实施细则》）的规定，经三方协商一致，现就乙方开发的商品房预售款监管事宜达成以下协议：
<
— 18 —
第一条 预售商品房概况
规划批准建设的项目名称
项目土地使用权证
土地使用面积（㎡）
项目工程建设规划许可证
项目工程建设施工许可证
项目规划建筑总面积（㎡）
①项目建设工程施工合同金额（万元）及每平方米建设成本（元/㎡）
②其他费用（未包含在施工合同中的工程建设、设备、材料、配套设施、安装、税费等其他所有费用）
③不可预见费（以上两项之和的 5%计算）
④（如为全装修房）本次对应项目装修施工合同金额（万元）及每平方米的装修成本（元/
㎡）
本次申请预售楼栋号
本次预售面积
（㎡）
住 宅
非住宅（产权式酒店、写字楼、商铺等）本次预售套数
（套）
住 宅
非住宅（产权式酒店、写字楼、商铺等）
<
—19—第二条 预售资金监管账户乙方在丙方开设商品房预售款专用账户，本次预售商品房的所有预售资金收入均存入本协议监管账户。三方确认本协议约定的预售资金监管账户是本次预售商品房的唯一资金监管账户。监管账户户名：
监 管 账 号：
第三条 预售资金监管额度确保商品房预售项目交付的预售资金监管额度（注：即上表中①+②+③+④） :
￥： （大写： ）第四条 三方的权利与义务1.甲方的权利与义务
（1）甲方按照《实施细则》有关规定，做好商品房预售资金的收存和使用的监管工作。
（2）甲方受理乙方申请使用商品房预售资金，应当自受理之日起 3 个工作日内作出用款意见。（3）甲方对本协议监管账户资金的拨付有否决权，即对不符合规定的用款不予批准。
（4）甲方有权要求乙方定期报送预售款和使用款项数据，及时了解乙方预售资金进账和去向情况。（5）甲方有权向乙、丙双方查询本协议监管账户资金进账和去向。
（6）对乙方未按《实施细则》规定收存、使用预售资金的，提供虚假证明材料申请使用预售资金的，以收取其他款项为名变相逃避监管的，项目收支存在异常情况且未按期改正，以及
<
— 20 —
其他违反预售资金监管规定的，甲方有权依照有关规定进行处罚。
2.乙方的权利与义务
（1）乙方须按本协议第二条约定将预售款逐笔逐户存入本协议监管账户，不得私自存入其他账户，否则承担相应的责任。（2）乙方应协助购房人使用同名银行账户通过资金监管专用 pos 机或银行转账方式将购房款直接存入本协议监管账户，不得另设其他账户收存本项目预售资金，不得以现金的方式直接收存房价款。
（3）买受人以按揭贷款购买商品房的，乙方有义务协助买受人或贷款银行按照与合作按揭贷款业务银行签订的协议将其按揭贷款由贷款银行直接转入本协议约定的资金监管账户，并注明用途，不得另设其他账户收存。（4）买受人分期或以其他付款方式购买商品房的，在签订《商品房买卖合同》中，必须注明付款次数、每次付款金额和付款时间，并按合同约定及时将购房款存入本协议资金监管账户。
（5）乙方须向甲方出具与其预售项目合作按揭贷款业务的银行名单，同时，出具与合作按揭贷款业务银行签订按揭贷款款项直接转入本协议资金监管账户的协议。若无法出具按揭贷款款项直接转入本协议资金监管账户的协议，需按期将按揭贷款转入本协议资金监管账户。
（6）乙方向甲方承诺所提供的资金监管和拨付的相关材料真实准确。因乙方提供材料不真实或材料不符合造成拨付资金错误或延误的，乙方自行承担相关法律和经济责任。
<
—21—（7）在本协议有效期内，由于乙方机构合并、分立等原因导致乙方企业名称变更的，乙方须持相关材料及时向甲方提出变更监管账户名称申请。乙方应提前15 天书面通知甲方、丙方，并及时向甲方申请办理变更相关信息。（8）在本协议有效期内，未经甲方书面同意，乙方不得自行改变监管账户的性质和用途。不得单方面向丙方提出申请挂失、撤销、转托管监管账户以及其他导致账户信息变化的行为。（9）乙方具备办理房屋所有权首次登记条件后，乙方应及时通知甲方并提出解除预售资金监管，持甲方开具的相关证明到丙方办理解除预售资金监管手续。（10）自签订本协议之日起，乙方应将本监管协议在售楼场所公示，并在《商品房买卖合同》附件中载明预售开户银行、监管账户和监管账号。
（11）乙方必须积极推进本协议监管项目的各项工作，包括加快施工进度完成项目竣工验收、交付使用、支付本项目各种款项和办理房屋不动产权证等工作。（12）乙方申请办理预售资金监管账户变更等业务时，应征得原监管银行和市县住建部门同意，并将原签订的预售资金监管协议交回甲方归档，领取新的协议（13）乙方在保证整个项目交付使用的资金条件下，可向丙方申请调用超过监管额度部分的资金。乙方须配合丙方做好预售资金监管账户资金收存、账户核对等工作，因乙方不配合丙方，造成的责任由乙方承担。3.丙方的权利与义务
<
— 22 —
（1）丙方应严格履行账户管理、资金收存、资金划拨等监管义务，积极配合乙方收取预售房款工作，并向甲、乙双方及购房人提供优质、高效的金融服务。（2）丙方必须依据甲方出具的预售监管资金同意拨付证明，方可拨付本协议监管额度内预售监管资金相关款项。（3）乙方违反《实施细则》有关规定的，丙方暂停拨付预售资金。
（4）丙方应积极配合甲方做好商品房预售资金监管账户核对、查询工作，定期向甲方提供上述预售资金监管账户的对账单。
（5）丙方在配合乙方办理预售资金监管账户变更业务时，需将原签订的预售资金监管协议交回甲方归档，并领取新的协议。
（6）丙方应依据甲方出具撤销监管的通知书办理解除预售资金监管等手续。
（7）丙方与乙方签订的其他协议与本协议条款相冲突时，以本协议条款为准。
第五条 违约责任
1.乙方未按本协议约定收存、使用预售资金的，一经发现，甲方可责令乙方必须将挪用资金足额存入本协议监管账户，并承担相应的法律和经济责任。
2.丙方未按照甲方的审核同意的批准性文件办理相关业务，由此造成损失的，丙方必须承担相应的赔偿责任。3.丙方未按照本协议约定擅自向乙方拨付监管资金等，丙方三年内不能参与新的商品房预售资金监管业务。
<
—23—4.乙方若违反本协议相关约定，由甲方记录企业不良行为并向社会公示。
5.本协议生效期间，因监管账户的资金被司法机关冻结或划扣，丙方应于 2 个工作日内通知甲、乙双方，因未及时通知甲方造成损失的，丙方必须承担相应的赔偿责任第六条 其他约定
1.因履行本协议发生争议，三方协商解决。协商不成的，依法向甲方所在地人民法院起诉。2.本协议自三方签字、盖章之日起生效。本协议一式三份，三方各执一份。
3.本协议未尽事宜，经三方协商一致，可签定补充协议。补充协议同本协议具有同等法律效力。甲方（公章）：
法定代表人：
委托代理人：
年月日乙方（公章）：
法定代表人：
委托代理人：
年月日丙方（公章）：
法定代表人：
委托代理人：
年月日
<
— 24 — 抄送：县委各部门，县人大办，县政协办，县法院，县检察院，县人武部，各人民团体，省属各单位。白沙黎族自治县住房和城乡建设局办公室2023 年12 月8日印发",白沙黎族自治县 住房 城乡 建设局 关于 印发 白沙黎族自治县 商品房 预售 资金 监管 实施细则 通知 各乡镇 人民政府 县政府 直属 单位 企事业 单位 人民团体 进一步 加强 白沙县 商品房 预售 资金 监管 工作 有效 防范 商品房 交易 风险 保障 购房人 合法权益 维护 房地产 市场 交易 秩序 依据 中华人民共和国 城市 房地产 管理法 城市 商品房 预售 管理 办法 建设部 海南省 商品房 预售 资金 监管 办法 建房 相关 法律法规 白沙黎族自治县 商品房 预售 资金 监管 实施细则 十六届 白沙黎族自治县 人民政府 常务会议 同意 印发 你们 认真 组织 实施 白沙黎族自治县 住房 城乡 建设局 此件 主动 公开 白沙黎族自治县 商品房 预售 资金 监管 实施细则 第一章 总则 第一条 进一步 加强 白沙县 商品房 预售 资金 监管 工作 有效 防范 商品房 交易 风险 保障 购房人 合法权益 维护 房地产 市场 交易 秩序 依据 中华人民共和国 城市 房地产 管理法 城市 商品房 预售 管理 办法 建设部 海南省 商品房 预售 资金 监管 办法 建房 相关 法律法规 结合 白沙县 实际 制定 本细则 第二条 白沙县 行政区域 批准 商品房 预售 许可 项目 预售 资金 收存 支取 使用 及其 监督管理 适用 本细则 第三条 本细则 商品房 市场经济 条件 具有 经营 资格 房地产 开发 公司 通过 出让 方式 取得 土地 使用权 经营 新建 房屋 二手房 存量房 第四条 本细则 商品房 预售 资金 预售 商品房 房地产 开发 企业 以下 简称 开发 企业 开发 建设 商品房 取得 预售 许可证 不动产 首次 登记 完成 预售 购房人 购房人 约定 支付 购房款 包括 定金 首付款 分期付款 一次性 付款 银行 按揭 贷款 住房 公积金 贷款 保证金 款项 第五条 本细则 购房人 购买 预售 商品房 法人 单位 组织 个人 本细则 开发 企业 依法 取得 商品房 预售 许可证 进行 商品房 预售 房地产 开发 经营 企业 本细则 监管 银行 受托 银行 监管部门 开发 企业 签订 商品房 预售 资金 监管 协议 以下 简称 监管 协议 设立 资金 监管 账户 银行 本细则 放贷 银行 开发 企业 签订 达成 项目 贷款 协议 购房人 提供 按揭 贷款 用于 支付 购房款 银行 本细则 监管 账户 开发 企业 监管 银行 设立 专门 用于 收取 商品房 预售 资金 账户 第六条 商品房 预售 资金 监管 遵循 专户 专存 专款专用 全程 监管 节点 控制 原则 确保 商品房 预售 资金 用于 商品房 项目 工程建设 第二章 预售 资金 监管 职责 第七条 住房 城乡建设 部门 以下 统称 监管部门 负责 指导 监督 本县 行政区域 商品房 预售 资金 监管 工作 人民银行 分支机构 按照 账户 管理 有关 规定 负责 指导 商业银行 做好 监管 账户 管理工作 行政 审批 部门 负责 做好 商品房 预售 许可证 审批 工作 综合执法 部门 负责 开发 企业 按规定 使用 商品房 预售 款项 行政处罚 商业银行 按照 监管 协议 做好 监管 账户 监控 拨付 工作 定期 监管部门 对账 发现 违法 违规行为 及时 监管部门 反馈 住房 城乡建设 部门 监管部门 履行 辖区 预售 资金 监管 职责 具体 会同 辖区 人民银行 分支机构 金融服务 中心 通过 公开招标 方式 确定 能够 承接 商品房 预售 资金 监管 业务 商业银行 制定 本县 监管 实施细则 三方 监管 协议 文本 按照 项目 办法 项目 老办法 原则 开发 企业 商业银行 共同 签订 预售 资金 三方 监管 协议 受理 开发 企业 使用 预售 资金 申请 出具 审核 意见 定期 巡查 预售 项目 开发 企业 管理 使用 预售 资金 行为 进行 监督 检查 受理 预售 资金 收存 使用 违法 违规行为 投诉 预售 资金 监管 相关 矛盾 纠纷 进行 调处 化解 本细则 规定 其他 有关 工作 监管部门 下属 建设工程 质量 安全 监督站 辖区 开发 企业 申请 办理 有关 预售 资金 申请事项 负责 项目 施工进度 节点 核查 确认 工作 第八条 监管部门 作为 招标 单位 会同 属地 人民银行 分支机构 金融服务 中心 综合 考量 商业银行 监管 能力 服务 效率 经营 状况 因素 通过 公开招标 方式 辖区 商业银行 白沙县 分行 支行 以及 白沙县 地方 法人 银行 确定 低于 能够 承接 商品房 预售 资金 监管 业务 监管 银行 监管部门 应当 适时 监管 银行 名录 实施 动态 调整 及时 淘汰 履行 预售 资金 监管 职责 以及 无法 承担 预售 资金 监管 工作 银行 第三章 设立 预售 资金 监管 账户 签订 监管 协议 第九条 开发 企业 申请 商品房 预售 许可 一次 预售 许可 开设 一个 监管 账户 原则 监管部门 监管 银行 签订 三方 监管 协议 监管 协议 明确 各方 权利 义务 责任 明确 预售 资金 收存 使用 方式 监管 额度 违约责任 内容 设立 专用 账户 监管 项目 行政 审批 部门 不予 发放 商品房 预售 许可证 第十条 房地产 开发 企业 申请 办理 商品房 预售 许可 应当 预售 方案 明确 预售 资金 监管 计划 监管部门 监管 银行 签订 资金 监管 协议 协议 主要 内容 预售 方案 予以 明确 通过 附件 方式 商品房 买卖合同 予以 体现 预售 资金 监管 计划 包括 以下内容 项目 监管 额度 包括 单体 工程 监管 额度 明细 项目 用款 计划 监管 银行 账户 名称 账号 其他 需要 说明 情况 第十一条 房地产 开发 企业 取得 商品房 预售 许可 应当 商品房 预售 资金 监管 相关 规定 告知 购房人 监管 银行 监管 账户 信息 商品房 预售 许可证 商品房 买卖合同 予以 商品房 销售 场所 显著 位置 进行 公示 监管部门 通过 地方 政府 门户网站 相关 信息 进行 公示 第十二条 监管 项目 预售 过程 监管 账户 相关 信息 原则上 不得 变更 开发 企业 特殊 原因 变更 监管 账户 相关 信息 监管 银行 监管部门 共同 申请 变更 监管部门 审核 通过 重新 签订 监管 协议 结余 资金 工作日内 全部 转入 设立 监管 账户 账户 变更 期间 监管 账户 范围 商品房 暂停 销售 不得 申请 使用 监管 账户 资金 第十三条 批准 预售 商品房 建设项目 应当 全部 纳入 预售 资金 监管 对象 监管 账户 严格 按照 一个 预售 许可证 设立 一个 监管 账户 原则 设立 账户 不得 开通 网上银行 功能 自动 扣款 转账 业务 监管 账户 每笔 预售 资金 入账 载明 对应 房号 买受人 保证 套房 预售 资金 入账 一个 企业 多个 预售 项目 监管 账户 分别 设立 监管 账户 预售 资金 缴存 支出 应以 基本 单位 分别 管理 按楼 分别 记账 第四章 预售 资金 监管 额度 第十四条 商品房 预售 资金 实行 全过程 监管 监管部门 根据 商品房 项目 建设 工程造价 施工 合同 金额 以及 项目 交付使用 条件 因素 综合 确定 监管 总额 低于 项目 工程建设 建筑材料 安装 装修 配套 设施 设备 所有 工程建设 成本费用 含税 以及 不可 预见 费用 装修 交付 商品房 项目 装修 成本 纳入 其中 商品房 预售 资金 监管 额度 监管 协议 载明 第十五条 监管 账户 资金 达到 监管 额度 超出 部分 开发 企业 自行 提取 使用 开发 企业 侵害 购房人 权益 依法 给予 赔偿 优先 超出 项目 监管 额度 以外 预售 资金 支付 第十六条 开发 企业 及其 控股 企业 连续 年度 内未 受到 行政处罚 发生 监管 账户 采取 司法 冻结 司法 扣划 税收 保全 措施 强制执行 措施 发生 拖欠 工程款 拖欠 农民工 工资 情况 商业银行 申请 出具 保函 置换 监管 额度 资金 第十七条 开发 企业 办理 保函 置换 预售 监管 资金 业务 按照 中国 保监会 办公厅 住房 城乡 建设部 办公厅 中国人民银行 办公厅 关于 商业银行 出具 保函 置换 预售 监管 资金 有关 工作 通知 银保监 办发 有关 要求 执行 第五章 预售 资金 收存 第十八条 商品房 预售 资金 应当 全部 直接 存入 监管 账户 监管部门 批准 解除 预售 资金 监管 开发 企业 不得 直接 收取 另设 账户 收存 购房人 购房款 开发 企业 指导 购房人 缴交 定金 首付款 其他 形式 购房款 逐户 逐笔 直接 存入 监管 账户 注明 用途 具体 包括 楼盘 名称 房号 购房人 姓名 购房人 贷款 包括 商业银行 按揭 贷款 住房 公积金 贷款 购买 商品房 购房人 合同 约定 购房款 直接 存入 监管 账户 放贷 银行 住房 公积金 机构 发放贷款 监管 账户 作为 唯一 账户 开发 企业 不得 任何 方式 自行 收取 任何 性质 商品房 预售 资金 开发 企业 办理 商品房 预售 合同 网签 备案 提供 监管 银行 出具 购房 交款 凭证 包括 限于 银行 转账 回单 发票 相关 佐证 材料 按规定 预售 资金 存入 监管 账户 不予 办理 商品房 预售 合同 网签 备案 对于 整改 企业 监管部门 移送 综合 行政 执法 部门 依法 依规 予以 处罚 记录 企业 不良 信用 行为 记录 第十九条 监管部门 应当 认真 履行 监管 责任 做好 日常 指导 监督 工作 建立 预售 项目 巡查 制度 监管 银行 指定 专人 负责 商品房 预售 资金 监管 工作 做好 监管 账户 监控 定期 本级 监管部门 进行 对账 根据 楼盘 表网 成交 信息 合同 约定 购房款 支付 信息 实时 掌握 项目 房屋 销售 房号 进入 监管 账户 购房款 金额 按套 建立 购房款 明细 管理 台账 做到 专款专用 月底 监管 账户 数据 汇总 包括 监管 账户 进账 支取 按楼 形成 详细 报表 监管部门 数据 信息 共享 监管 银行 贷款 银行 积极 配合 相关 部门 开展 预售 资金 监管 执法检查 工作 监管 发放贷款 工作 发现 开发 企业 存在 违规 挪用 监管 额度 资金 问题 以及 属于 项目 工程建设 需要 债务 债权 案件 资金 划扣 账户 查封 冻结 情况 应当 立即 停止 拨付 执行 立即 告知 监管部门 监管部门 及时 作出 处理 第二十条 开发 企业 购房人 之间 解除 商品房 预售 合同 共同 监管部门 申请 撤销 商品房 预售 合同 网签 备案 监管部门 按照 相关 规定 审核 是否 符合 准予 撤销 备案 如若 符合 准予 撤销 备案 条件 完成 撤销 备案 退款 审批 手续 监管 银行 工作日内 监管 资金 退回 购房人 指定 交易 资金 结算 个人账户 贷款 银行 住房 公积金 管理 部门 账户 第六章 预售 资金 使用 拨付 第二十一条 监管 资金 实行 专款专用 必须 用于 购置 项目 建设 必需 建筑材料 设备 支付 项目 建设 施工进度 工程建设 法定 税费 归还 项目 开发 贷款 退回 购房人 房款 按原 渠道 退还 监理 设计 以及 其他 行政 事业性 收费 其他 相关 费用 监管 账户 存续 期间 商业银行 不得 擅自 划扣 设立 子公司 房地产 开发 企业 集团公司 不得 抽调 开发 企业 支付 上述 有关 费用 申请 使用 监管 资金 监管部门 按照 三方 协议 约定 进行 审核 符合 约定 条件 按照 本细则 规定 办理 资金 使用 手续 第二十二条 开发 企业 使用 监管 资金 项目 工程进度 资金 使用 计划 依据 监管 资金 拨付 监管 资金 每楼 基本 单位 根据 项目 工程进度 确定 监管 比例 达到 监管 额度 开发 企业 确需 使用 监管 额度 资金 满足 监管 账户 资金 余额 低于 监管 额度 前提 按照 主体 结构 分部 验收 装饰 装修 分部 验收 竣工 验收 联合 验收 房屋 所有权 首次 登记 节点 申请 使用 监管 额度 资金 达到 监管 额度 开发 企业 使用 监管 额度 资金 按照 以下 节点 要求 申请 使用 监管 额度 资金 首次 拨付 节点 不得 地下 结构 完成 八层 以上 房屋 施工进度 达到 地上 主体工程 三分之二 以上 主体 结构 封顶 累计 使用 监管 资金 高于 监管 额度 施工进度 达到 地上 主体工程 封顶 完成 主体 结构 分部 验收 累计 使用 监管 资金 高于 监管 额度 完成 装饰 装修 分部 验收 累计 使用 监管 额度 资金 不得 超过 监管 额度 项目 基本 建成 房地产 开发 企业 组织 施工单位 监理 单位 勘察 单位 设计 单位 参建 单位 验收 具备 验收 合格 资料 累计 使用 监管 资金 高于 监管 额度 取得 项目 联合 竣工 验收 备案 累计 使用 监管 资金 高于 监管 额度 完成 不动产 首次 登记 可以 全额 拨付 剩余 监管 资金 第二十三条 开发 企业 申请 使用 监管 资金 应当 按照 监管部门 确定 拨付 节点 提出 用款 申请 申请 需提交 以下 材料 商品房 预售 资金 使用 申请表 用于 支付 工程款 提供 工程建设 合同 工程 监理 机构 出具 出具 支付 证明 施工进度 资料 影像 资料 其中 主体 分部 验收 节点 提供 主体 结构 分部 工程质量 验收 记录 主体工程 形象 现场 概貌 影像 资料 装饰 装修 分部 验收 节点 提供 装饰 装修 分部 工程质量 验收 记录 海南省 装修 住宅 工程质量 分户 验收 汇报 表及 样板间 室内 卧室 客厅 厨房 阳台 卫生间 功能 区域 现场 影像 资料 竣工 验收 节点 提供 工程 竣工 验收报告 联合 验收 节点 提供 联合 验收 意见 备案 房屋 所有权 首次 登记 节点 提供 承办 部门 出具 房屋 所有权 登记 证书 项目 具备 办理 产权 转移 登记 条件 节点 提供 承办 部门 出具 房屋 所有权 转移 登记 证书 开发 企业 向本 项目 施工单位 材料 设备 供应 单位 或者 供水 供电 供气 专业 经营 单位 支付 建筑材料 设备 款项 提供 相关 购销 合同 建筑材料 以及 设备 清单 工程 监理 机构 出具 支付 证明 开发 企业 提前 支付 上述 单位 相关 款项 提供 付款 证明 用于 归还 项目 开发 贷款 退回 购房人 房款 按原 渠道 退还 支付 工程设计 监理 其他 行政 事业性 收费 提供 合同 缴费通知 授权 委托书 受托人 身份证 复印件 应当 提供 其他 材料 首次 付款 每次 申请 拨款 应当 提交 一次 申请 用款 事项 转款 回单 一次 付款 用于 支付 工程款 需提交 监理 单位 相应 款项 使用 情况 证明 材料 第二十四条 监管部门 受理 开发 企业 监管 资金 使用 申请 应当 进行 必要 现场 勘查 工作日内 完成 审核 符合 使用 条件 监管 银行 出具 告知 符合 使用 条件 驳回 申请 第二十五条 监管 银行 收到 监管部门 同意 拨付 意见 工作日内 资金 拨付 相关 当事人 单位 第二十六条 预售 项目 存在 重大 风险 隐患 监管部门 报请 属地 政府 同意 全面 接管 预售 监管 账户 建立 政府 监管 账户 实施 封闭 管理 保障 账户 资金 安全 优先 用于 项目 工程建设 监管 银行 应当 积极 予以 配合 第二十七条 监管 协议 其他 约定 项目 具备 办理 产权 转移 登记 条件 即可 申请 解除 预售 资金 监管 房地产 开发 企业 项目 具备 办理 产权 转移 登记 条件 申请 解除 预售 资金 监管 监管部门 应当 受理 之日起 工作日内 完成 审核 对于 符合 解除 监管 条件 监管部门 监管 银行 出具 解除 监管 通知书 监管 银行 按规定 解除 资金 监管 解除 监管 账户 剩余 资金 开发 企业 自行处理 第七章 监督管理 第二十八条 开发 企业 下列 情形 之一 监管部门 不予 批准 开发 企业 用款 申请 用款 申请 超出 使用 节点 用款 额度 收款 单位 申请 款项 用途 不符 前期 存在 按规定 存入 使用 商品房 预售 资金 整改 提供 虚假 材料 申请 用款 开发 企业 存在 违法 违规行为 导致 工程 停工 预售 项目 发生 质量事故 存在 严重 质量 问题 预售 项目 按期 交付使用 存在 不能 按时 交付 风险 项目 存在 违法 违规 建设 销售 项目 存在 严重 债务 劳务 纠纷 监管部门 认定 其他 批准 用款 事项 第二十九条 开发 企业 下列 情形 之一 监管部门 责令 限期 整改 应当 暂停 拨付 监管 资金 移送 综合 行政 执法局 依法 依规 予以 处罚 记入 企业 不良 信用 行为 记录 逾期 改正 暂停 商品房 预售 合同 网签 备案 情节严重 依法追究 法律责任 监管 银行 监管 账户 信息 商品房 销售 场所 显著 位置 公示 按规定 商品房 预售 资金 全部 存入 监管 账户 收取 其他 款项 为名 变相 逃避 监管 提供 虚假 材料 骗取 预售 资金 按规定 预售 资金 用于 监管 项目 工程建设 开发 企业 存在 严重 违法 违规行为 预售 项目 按期 交付 存在 不能 按期 交付 风险 其他 违反 预售 资金 监管 规定 行为 第三十条 监管 银行 下列 行为 监管部门 通报 上级 主管部门 上级 主管部门 依照 有关 规定 予以 处理 监管 银行 按照 要求 整改 三年 不得 本县 承担 商品房 预售 资金 监管 开发 企业 串通 设立 虚假 资金 账户 逃避 监管 未经 监管部门 同意 擅自 支付 超额 支付 商品房 监管 资金 擅自 截留 挪用 拖延 支付 商品房 预售 资金 擅自 预售 资金 支付 给予 监管 项目 工程建设 无关 单位 造成 预售 资金 挪用 发现 开发 企业 存在 违规 挪用 监管 额度 资金 问题 以及 属于 项目 工程建设 需要 债务 债权 案件 资金 划扣 账户 查封 冻结 情况 及时 报送 监管部门 定期 本级 监管部门 进行 对账 监管 账户 数据 本细则 规定 监管部门 数据 信息 共享 其他 违反 预售 资金 监管 规定 行为 第三十一条 施工单位 监理 单位 提供 虚假 证明 采取 其他 方式 协助 房地产 开发 企业 违规 支取 预售 资金 有关 部门 依法 相关 责任 单位 责任人 予以 处理 监管部门 按照 海南省 建筑 市场 信用 管理 办法 计入 海南省 建筑 市场监管 公共服务 平台 企业 诚信 信息系统 及时 社会 公示 第三十二条 监管部门 违反 本细则 规定 造成 监管 缺失 违法 监管 有关 规定 有关 责任人 追究责任 监管 银行 未经 监管部门 核实 同意 擅自 拨付 监管 额度 资金 负责 追回 资金 无法 追回 依法 承担 相应 赔偿 责任 监管部门 监管 银行 工作人员 预售 资金 监管 工作 玩忽职守 滥用职权 徇私舞弊 相关 部门 依法 依纪 处理 构成犯罪 依法追究 刑事责任 第三十三条 涉及 人民法院 保全 执行 商品房 预售 资金 按照 最高人民法院 住房 城乡 建设部 中国人民银行 关于 规范 人民法院 保全 执行 措施 确保 商品房 预售 资金 用于 项目 建设 通知 有关 要求 执行 第三十四条 本细则 内容 未尽事宜 由县 住房 城乡 建设局 负责 解释 第三十五条 本细则 印发 之日起 之后 施行 有效期 附件 白沙黎族自治县 商品房 预售 资金 三方 监管 协议 附件 白沙黎族自治县 商品房 预售 资金 三方 监管 协议 甲方 住房 城乡建设 主管部门 地址 法定代表 负责人 电话 经办人 电话 乙方 房地产 开发 企业 地址 法定代表 电话 经办人 电话 丙方 监管 银行 地址 法定代表 电话 经办人 电话 加强 新建 商品房 预售 管理 规范 商品房 预售 资金 使用 行为 保障 购房人 合法权益 维护 房地产 市场 平稳 健康 发展 根据 海南省 商品房 预售 资金 监管 办法 以下 简称 实施细则 白沙黎族自治县 商品房 预售 资金 监管 实施细则 以下 简称 实施细则 规定 三方 协商一致 乙方 开发 商品房 预售 监管 事宜 达成 以下 协议 第一条 预售 商品房 概况 规划 批准 建设 项目名称 项目 土地 使用 权证 土地 使用 面积 项目 工程建设 规划 许可证 项目 工程建设 施工 许可证 项目 规划 建筑 总面积 项目 建设 工程施工 合同 金额 万元 每平方米 建设 成本 其他费用 包含 施工 合同 工程建设 设备 材料 配套 设施 安装 税费 其他 所有 费用 不可 预见 以上 两项 计算 如为 装修 本次 对应 项目 装修 施工 合同 金额 万元 每平方米 装修 成本 本次 申请 预售 楼栋 本次 预售 面积 非住宅 产权 酒店 写字楼 商铺 本次 预售 套数 非住宅 产权 酒店 写字楼 商铺 第二条 预售 资金 监管 账户 乙方 丙方 开设 商品房 预售 专用 账户 本次 预售 商品房 所有 预售 资金 收入 存入 协议 监管 账户 三方 确认 协议 约定 预售 资金 监管 账户 本次 预售 商品房 唯一 资金 监管 账户 监管 账户 户名 第三条 预售 资金 监管 额度 确保 商品房 预售 项目 交付 预售 资金 监管 额度 上表 大写 第四条 三方 权利 义务 甲方 权利 义务 甲方 按照 实施细则 有关 规定 做好 商品房 预售 资金 收存 使用 监管 工作 甲方 受理 乙方 申请 使用 商品房 预售 资金 应当 受理 之日起 工作日内 作出 用款 意见 甲方 对本 协议 监管 账户 资金 拨付 否决权 符合规定 用款 不予 批准 甲方 有权 要求 乙方 定期 报送 预售 使用 款项 数据 及时 了解 乙方 预售 资金 进账 去向 情况 甲方 有权 双方 查询 协议 监管 账户 资金 进账 去向 乙方 实施细则 规定 收存 使用 预售 资金 提供 虚假 证明 材料 申请 使用 预售 资金 收取 其他 款项 为名 变相 逃避 监管 项目 收支 存在 异常情况 按期 改正 以及 其他 违反 预售 资金 监管 规定 甲方 有权 依照 有关 规定 进行 处罚 乙方 权利 义务 乙方 按本 协议 第二条 约定 预售 逐笔 逐户 存入 协议 监管 账户 不得 私自 存入 其他 账户 否则 承担 相应 责任 乙方 协助 购房人 使用 同名 银行 账户 通过 资金 监管 专用 银行 转账 方式 购房款 直接 存入 协议 监管 账户 不得 另设 其他 账户 收存 项目 预售 资金 不得 现金 方式 直接 收存 房价 买受人 按揭 贷款 购买 商品房 乙方 义务 协助 买受人 贷款 银行 按照 合作 按揭 贷款 业务 银行 签订 协议 按揭 贷款 贷款 银行 直接 转入 协议 约定 资金 监管 账户 注明 用途 不得 另设 其他 账户 收存 买受人 分期 其他 付款 方式 购买 商品房 签订 商品房 买卖合同 必须 注明 付款 次数 每次 付款 金额 付款 时间 合同 约定 及时 购房款 存入 协议 资金 监管 账户 乙方 甲方 出具 与其 预售 项目 合作 按揭 贷款 业务 银行 名单 同时 出具 合作 按揭 贷款 业务 银行 签订 按揭 贷款 款项 直接 转入 协议 资金 监管 账户 协议 无法 出具 按揭 贷款 款项 直接 转入 协议 资金 监管 账户 协议 按期 按揭 贷款 转入 协议 资金 监管 账户 方向 甲方 承诺 提供 资金 监管 拨付 相关 材料 真实 准确 乙方 提供 材料 真实 材料 符合 造成 拨付 资金 错误 延误 乙方 自行 承担 相关 法律 经济 责任 协议 有效期 由于 乙方 机构 合并 分立 原因 导致 乙方 企业 名称 变更 乙方 须持 相关 材料 及时 甲方 提出 变更 监管 账户 名称 申请 乙方 提前 书面通知 甲方 丙方 及时 甲方 申请 办理 变更 相关 信息 协议 有效期 未经 甲方 书面 同意 乙方 不得 自行 改变 监管 账户 性质 用途 不得 单方面 丙方 提出申请 挂失 撤销 转托管 监管 账户 以及 其他 导致 账户 信息 变化 行为 乙方 具备 办理 房屋 所有权 首次 登记 条件 乙方 及时 通知 甲方 提出 解除 预售 资金 监管 甲方 开具 相关 证明 丙方 办理 解除 预售 资金 监管 手续 签订 协议 之日起 乙方 监管 协议 售楼 场所 公示 商品房 买卖合同 附件 载明 预售 开户银行 监管 账户 监管 账号 乙方 必须 积极 推进 协议 监管 项目 各项 工作 包括 加快 施工进度 完成 项目 竣工 验收 交付使用 支付 项目 各种 款项 办理 房屋 不动产 权证 工作 乙方 申请 办理 预售 资金 监管 账户 变更 业务 应征 得原 监管 银行 市县 住建 部门 同意 签订 预售 资金 监管 协议 交回 甲方 归档 领取 协议 乙方 保证 整个 项目 交付使用 资金 条件 丙方 申请 调用 超过 监管 额度 部分 资金 乙方 配合 丙方 做好 预售 资金 监管 账户 资金 收存 账户 核对 工作 乙方 配合 丙方 造成 责任 乙方 承担 丙方 权利 义务 丙方 严格 履行 账户 管理 资金 收存 资金 划拨 监管 义务 积极 配合 乙方 收取 售房款 工作 双方 购房人 提供 优质 高效 金融服务 丙方 必须 依据 甲方 出具 预售 监管 资金 同意 拨付 证明 方可 拨付 协议 监管 额度 预售 监管 资金 相关 款项 乙方 违反 实施细则 有关 规定 丙方 暂停 拨付 预售 资金 丙方 积极 配合 甲方 做好 商品房 预售 资金 监管 账户 核对 查询 工作 定期 甲方 提供 上述 预售 资金 监管 账户 账单 丙方 配合 乙方 办理 预售 资金 监管 账户 变更 业务 需将 签订 预售 资金 监管 协议 交回 甲方 归档 领取 协议 丙方 依据 甲方 出具 撤销 监管 通知书 办理 解除 预售 资金 监管 手续 丙方 乙方 签订 其他 协议 协议 条款 相冲突 以本 协议 条款 为准 第五条 违约责任 乙方 按本 协议 约定 收存 使用 预售 资金 一经 发现 甲方 责令 乙方 必须 挪用资金 足额 存入 协议 监管 账户 承担 相应 法律 经济 责任 丙方 按照 甲方 审核 同意 批准 文件 办理 相关 业务 由此 造成 损失 丙方 必须 承担 相应 赔偿 责任 丙方 按照 协议 约定 擅自 乙方 拨付 监管 资金 丙方 三年 不能 参与 商品房 预售 资金 监管 业务 乙方 违反 协议 相关 约定 甲方 记录 企业 不良行为 社会 公示 协议 生效 期间 监管 账户 资金 司法机关 冻结 或划 丙方 工作日内 通知 双方 因未 及时 通知 甲方 造成 损失 丙方 必须 承担 相应 赔偿 责任 第六条 其他 约定 履行 协议 发生 争议 三方 协商 解决 协商 不成 依法 甲方 所在地 人民法院 起诉 协议 三方 签字 盖章 之日起 生效 协议 三份 三方 各执 一份 协议 未尽事宜 三方 协商一致 签定 补充协议 补充协议 同本 协议 具有 同等 法律效力 甲方 公章 法定代表 委托 代理人 年月日 乙方 公章 法定代表 委托 代理人 年月日 丙方 公章 法定代表 委托 代理人 年月日 抄送 县委 部门 人大 县政协 县法院 检察院 人武部 人民团体 省属 单位 白沙黎族自治县 住房 城乡 建设局 办公室 印发,3.535771152486833,8.149237562457332,3.033333333333333,3.033333333333333,8030,41.5,27.14166666666667,1006.168674698795,192.9951366477273,44.55924397590363,2269.484848484848,19.57430681818182,4,3,0.008625,0.3,主体,31.0,31.0,26.79233245738637,4.971753246753249,0.3,装修,31.0,37.0,68.97119936079547,5.088636363636366,0.25,竣备,31.0,38.0,69.45114630681819,5.19253246753247,0.1,确权,31.0,38.0,27.78045852272728,5.19253246753247,,,,,,,3,5,44.55924397590363
肇庆,肇庆,Zhaoqing-2,presale proceeds,,successive inspection stages,retained balance,specified,condition beyond first registration,False,True,3.0,0.9,,explicit Chinese count in evidence excerpt,explicit percentage near 主体结构封顶; midpoint used for a stated range,not explicitly parseable from retained excerpt,完成拆除脚手架后、完成竣工验收备案手续后并达到预购人可单方办理转移登记条件前这三个时间节点，对应留存额度分别为项目备案销售价格总额的10%、5%、1%，在此基础上，结合信用信息管理调整留存比例的幅度基本按上下浮动进行留存，对信用A级的企业按基本留存标准数额的80%留存，对信息等级最低的D级企业按200%留存,True,policy_identification_filled.xlsx,City_audit,5stage_Pcost,5,3,stage_1|stage_2|stage_3|stage_4|stage_5,阶段1|阶段2|竣备|阶段4|阶段5,阶段1|阶段2|竣备,partial_named_milestones,,,3,,,not_estimable:topout_stage_name_unmapped,not_estimable:registration_stage_name_unmapped,expert_calibrated_operational_proxy_pending_source_mapping,monthly-revenue stage ratio or within-cohort amount share; not automatically a policy percentage,external/Modelling Dep/41_Cities_Dep/city_catalog.json,data/pmc_data.xlsx,dep-operational-h1-v1,Zhaoqing-2,2020,二线,肇庆,Guangdong,"肇庆市住房和城乡建设局关于印发实施《肇庆市商品房预售资金监管实施办法》的通知
发布日期：2020-01-14  浏览 
各县（市、区）住建局、肇庆高新区人居环境建设和管理局、肇庆新区发展规划局，各银行业金融机构，各房地产开发企业：
        为有效防范化解房地产市场风险，推进全市商品房预售资金监管制度化、规范化，维护全市房地产市场秩序，切实保护消费者权益，经市人民政府同意，现将《肇庆市商品房预售资金监管实施办法》印发给你们，请遵照执行。执行过程中遇到的问题，请及时向市住建局反映。



                                                             肇庆市住房和城乡建设局
                                                                     2019年12月31日
为加强商品房预售资金的监督管理，保证商品房预售资金专款专用，促进房地产市场平稳健康发展，维护商品房交易双方的合法权益，根据国家、广东省有关法律、法规的规定，结合肇庆市实际，制定《肇庆市商品房预售资金监管实施办法》（以下简称《实施办法》）。《实施办法》有关内容解读如下：
一、制定背景
近年来，我市房地产市场发展规模扩大，随着房地产市场的不断发展，个别房地产开发企业在进行商品房预售时，存在不同程度挪用预售资金、不规范收存和使用预售资金等现象，导致项目无法按期竣工、逾期交楼、延期办证等，甚至造成项目烂尾，给购房家庭带来巨大的经济损失，影响社会的和谐稳定，扰乱房地产市场秩序，需要对商品房预售资金实施更严格的监管。
二、制定依据
（一）《中华人民共和国房地产管理法》（中华人民共和国主席令第29号）；
（二）《城市商品房预售管理办法》（建设部令131号）；
（三）《广东省商品房预售管理条例》。
三、主要内容
《实施办法》共二十九条，由总则、一般规定、法律责任、附则四章内容组成。
（一）第一章（第一条至第四条）。总体规定了《实施办法》的适用范围和对象，我市行政区域内经批准预售的商品房预售资金的收存、使用及监督管理，适用本办法。定义了预售商品房、预售人、预购人、商品房预售资金、监控账户、监控银行、监管部门以及银行业监管部门，并阐明职责和权利义务。
（二）第二章（第五条至第二十一条）。规定了预售资金收存、使用、监管等有关问题，明确各方在商品房预售资金监管工作中应当承担的职责或义务，开设和解除商品房预售资金监控账户的有关规定，预售资金监管的比例标准等。
1．监控账户的开设和监管协议的签订。预售人申请商品房预售许可前，应在监控银行设立商品房预售资金监控账户，一个预售许可证对应可开设最多不超过3个监控账户，并与监管部门（机构）及监控银行共同签订监管协议，明确三方的权利和义务。
2．预售资金的收存。预售人与预购人签订商品房买卖合同后，预购人应当将预购房款直接存入监控账户。预购人申请按揭贷款的，由贷款银行或住房公积金管理中心将按揭贷款直接划入商品房买卖合同中注明的监控账户。预售人不得以任何形式或理由向预购人收取现金，或在监控账户之外指定任何账户向预购人收取预购房款。
3．预售资金的使用和监管。预售人申请使用商品房预售资金只能用于购买本项目建设必需的建筑材料、设备和支付本项目建设的施工进度款及法定税费。参考省内多个城市的做法，对比主体结构封顶和拆除脚手架两个环节，选定拆除脚手架环节作为按10%留存节点更利于项目竣工交付使用，所以，

我市设定项目基本留存标准在拆除脚手架前、完成拆除脚手架后、完成竣工验收备案手续后并达到预购人可单方办理转移登记条件前这三个时间节点，对应留存额度分别为项目备案销售价格总额的10%、5%、1%，在此基础上，结合信用信息管理调整留存比例的幅度基本按上下浮动进行留存，对信用A级的企业按基本留存标准数额的80%留存，对信息等级最低的D级企业按200%留存。
4．监控银行的职责。监控银行必须严格按照监管部门核准的内容、金额拨付监控账户内的资金，不得转入预售人基本账户，不得支付现金。监控银行未经监管部门核准，不得擅自划扣监控账户内的资金。发生监控账户被查封、被冻结、被强制扣款等异常情况，监控银行要及时告知监管部门。
5．预售资金监管的解除。预售项目完成竣工验收备案并达到预购人可单方办理转移登记条件后，预售人可向监管部门申请解除预售资金监管。如发生预购人信访或工程款结算等纠纷，可暂不解除商品房预售资金监管。
（三）第三章（第二十二条至第二十七条）。规定了对预售人、监控银行、监管部门和银行业监管部门等违规行为的处理。预售人有未按规定收存商品房预售资金、未按规定使用商品房预售资金等9种情形，由监管部门责令其限期整改，记入房地产开发企业信用信息档案。监控银行有未经监管部门同意，擅自拨付或划扣商品房预售资金、超前超额或不足额支付预售资金等4种情形，由银行业监管部门及有关行政管理部门进行查处，责令其限期整改。
（四）第四章（第二十八条至第二十九条）。规定了《实施办法》的解释权和实施时间。本办法自2020年3月1日起实施。


================
ZQBG2019029





肇建规〔2019〕4号


肇庆市住房和城乡建设局关于印发实施《肇庆市商品房预售资金监管实施办法》的通知

各县（市、区）住建局、肇庆高新区人居环境建设和管理局、肇庆新区发展规划局，各银行业金融机构，各房地产开发企业：
为有效防范化解房地产市场风险，推进我市商品房预售资金监管制度化、规范化，维护我市房地产市场秩序，切实保护消费者权益，经市人民政府同意，现将《肇庆市商品房预售资金监管实施办法》印发给你们，请遵照执行。执行过程中遇到的问题，请及时向我局反映。

肇庆市住房和城乡建设局
2019年12月31日

肇庆市商品房预售资金监管实施办法

第一章 总则

第一条 为加强商品房预售资金的监督管理，保证商品房预售资金专款专用，促进房地产市场健康发展，维护商品房交易双方的合法权益，根据《中华人民共和国城市房地产管理法》、《城市商品房预售管理办法》和《广东省商品房预售管理条例》等有关法律、法规的规定，结合本市实际，制定本办法。
第二条 本市行政区域内经批准预售的商品房预售资金的收存、使用及监督管理，适用本办法。
第三条 本办法所称预售商品房，是指依法成立的房地产开发经营企业依法将其开发的商品房在竣工验收前出售，由预购人按合同约定支付购房款，预售人按合同约定交付商品房的行为。
本办法所称预售人，是指预售商品房的房地产开发经营企业。
本办法所称预购人，是指购买预售的商品房的单位和个人。
本办法所称商品房预售资金，是指房地产开发企业在取得商品房预售许可证后、不动产首次登记前将其开发的商品房出售给预购人，由预购人按预售合同约定支付的预购房款（包括定金、首付款、分期付款、一次性付款和银行按揭贷款、住房公积金贷款以及其他形式的全部购房款）。
本办法所称商品房预售资金监控账户，是指预售人在监控银行设立的专门用于存取商品房预售资金的账户。
本办法所称监控银行，是指开设商品房预售资金监控账户并与预售人签订《肇庆市商品房预售资金监管协议书》（下称监管协议）的项目所在地银行业金融机构。
第四条 住房城乡建设部门是商品房预售资金的监管部门（下称监管部门）。市住房和城乡建设局负责全市商品房预售资金监管工作的指导和监督，并负责端州区商品房预售资金的监督管理；其它县（市、区）和肇庆高新区住房城乡建设部门负责其辖区内商品房预售资金的监督管理工作。
监管部门下设商品房预售资金监管机构（下称监管机构）具体负责商品房预售资金监管的日常工作。
中国人民银行肇庆市中心支行、中国银行保险监督管理委员会肇庆监管分局（下称银行业监管部门）按各自职责对监控银行的预售资金监管行为进行监督检查。
监控银行按有关法律、法规、规章和本办法的规定及监管协议约定，配合做好商品房预售资金监管工作。
预售人严格遵守有关法律、法规、规章和本办法的规定及监管协议约定，诚信守法，自觉接受监管。
预购人按照有关法律、法规、规章和本办法的规定及《商品房买卖合同》约定，履行法定义务，维护自身合法权益，降低交易风险。
第二章  一般规定

第五条 预售人申请商品房预售许可前，必须确定预售项目的监控银行，在监控银行设立商品房预售资金监控账户（下称监控账户），一个预售许可证对应可开设最多不超过3个监控账户（3家监控银行），并与监管部门（机构）及监控银行共同签订监管协议，明确三方的权利和义务。
项目预售过程中，监控银行及监控账户原则上不得变更。
第六条 在开设时间前一年内在监管部门有两次及两次以上违反监管协议记录的银行业金融机构，不予新开设监控账户。
第七条 预售人应在商品房买卖合同中注明监控银行及监控账户信息，并在售楼场所公示栏公示监控银行以及监控账户的名称、账号、对应的刷卡机工号等信息，以便相关部门和购房人查询、使用和监督。
第八条　预售人与预购人签订商品房买卖合同后，预购人应当按合同约定的付款时间，将预购房款直接存入监控账户。
预购人申请按揭贷款的，由贷款银行或住房公积金管理中心将按揭贷款直接划入商品房买卖合同中注明的监控账户。
预售人不得以任何形式或理由向预购人收取现金，或在监控账户之外指定任何账户向预购人收取预购房款。
第九条　预售人应当在商品房买卖合同签订之日起30日内到房地产交易部门办理预售合同备案手续。
第十条 项目竣工前，预售人申请使用商品房预售资金只能用于购买本项目建设必需的建筑材料、设备和支付本项目建设的施工进度款及法定税费，不得挪作他用。
第十一条  商品房预售资金进入监控账户后，根据预售项目建设进度和预售人信用等级情况，在基本留存标准的基础上，按照信用等级留存标准对监控账户内预售资金按比例进行留存，超出部分预售人可以向监管部门申请使用。信用等级的计算根据《肇庆市房地产开发企业信用信息管理暂行办法》的规定执行。
（一）基本留存标准：
1.拆除脚手架前，监控账户内资金按不少于项目已预售房屋的备案销售价格总额的10%留存；
2.完成拆除脚手架后，监控账户内资金按不少于项目已预售房屋的备案销售价格总额的5%留存；
3.完成竣工验收备案手续后、达到预购人可单方办理转移登记条件前，监控账户内的资金按不少于项目已预售房屋的备案销售价格总额的1%留存；
项目备案销售价格总额等于该项目在物价管理部门进行价格备案的房价总额。
（二）信用等级留存标准：
根据预售人申请资金使用时的信用等级情况，对商品房预售资金使用实行A、B、C 、D四级差异化留存模式。
1.A级留存：申请资金使用时信用等级为A级的预售人，监管部门按基本留存标准数额的80%留存。
2.B级留存：申请资金使用时信用等级为B级的预售人，监管部门按基本留存标准数额的100%留存。
3.C级留存：申请资金使用时信用等级为C级的预售人，监管部门按基本留存标准数额的120%留存。
4.D级留存：申请资金使用时信用等级为D级的预售人，监管部门按基本留存标准数额的200%留存。
第十二条  预售人申请使用监控账户内资金，按下列程序办理：
（一）预售人向监管部门（机构）提出使用商品房预售资金申请，并递交以下材料：1.商品房预售资金使用申请表；2.项目建设基本情况表；3.监控账户汇总表；4.监控账户的银行流水或对账单；5.申请使用预售资金款项明细表；6.法人授权委托书；7.委托人与受托人身份证复印件；8.监管部门（机构）根据申请使用的实际情况要求补充的其它佐证材料。
（二）监管部门（机构）受理预售人用款申请后，按下列程序进行审查，于5个工作日内答复：
 1.审查预售人提供的资料；
 2.按实际情况需要前往施工现场勘查工程进度情况；
 3.对符合本办法第十条规定的，按本办法第十一条规定核拨。
同意使用预售资金的，监管部门（机构）出具《商品房预售资金拨款通知书》（下称《通知书》），预售人凭《通知书》到监控银行办理预售资金拨付手续，监控银行按《通知书》意见将预售资金转入相应收款单位。
不同意使用预售资金的，监管部门（机构）以书面形式说明理由。
第十三条 预售人与预购人双方达成退房协议并已办理相关退房手续的，预售人可以向监管部门提交退房退款申请并提供相关佐证材料。监管部门核实情况属实的，出具同意退回该部分预售资金的意见，但退回资金超出监控账户可拨额度的部分，由预售人自行结算退款。
第十四条 监控银行必须严格按照监管部门核准的内容、金额拨付监控账户内的资金，不得转入预售人基本账户，不得支付现金。监控银行未经监管部门核准，不得擅自划扣监控账户内的资金。
第十五条 监控银行应按监管部门的格式要求建立监控账户收支台账和报表，每日定时向预售资金监管系统推送监控账户的数据信息，每月10日前将上月数据形成月报表报送监管部门。
第十六条   非监控银行无条件配合办理按揭款的划转手续，并在资金划转后按预售资金监管系统数据交换的规定向系统推送放款信息。
第十七条 商品房按揭款未进入监控账户的，监控银行应协助监管部门进行追缴。发生监控账户被查封、被冻结、被强制扣款等异常情况，监控银行应当在2个工作日内将相关函件复印件送达监管部门。
第十八条 预售项目出现风险事件，需启动应急措施的，经监管部门核实同意，可根据实际情况使用监控账户内留存的预售资金。风险事件过后，预售人仍然按照本办法第十一条规定申请使用预售资金。
第十九条 预售项目完成竣工验收备案并达到预购人可单方办理转移登记条件后，预售人可向监管部门申请解除预售资金监管。如发生预购人信访或工程款结算等纠纷，经监管部门核查确认，可暂不解除商品房预售资金监管，待信访或纠纷处理完结后，再按规定程序解除监管。
第二十条 预售人申请解除商品房预售资金监管，应当按照下列程序办理：
（一）预售人向监管部门（机构）提出解除商品房预售资金监管申请，并递交以下材料：1.取消商品房预售资金监控账户申请表；2.商品房不动产权属证；3.查档答复；4.不动产登记办证汇总表（附清单）；5.监控账户的银行对账单；6.门牌申请证明；7.委托书；8.委托人与受托人身份证复印件；10.监管部门（机构）根据申请使用的实际情况要求补充的其它佐证材料。
（二）对审核后符合解除监管条件的，监管部门应在5个工作日内出具同意解除预售资金监管的核准意见。
（三）预售人持同意解除监管的核准意见，到监控银行办理取消监控账户手续，监控银行按监管部门的核准意见与预售人办理结算手续。
第二十一条 监管部门有权开展例行检查或组织开展对商品房预售资金的专项检查，有权查看预售人、监控银行涉及预售资金管理的账户情况、账簿等资料。

第三章 法律责任

第二十二条 对违反本办法规定的，由监管部门、银行业监管部门及其它有关行政管理部门责令改正，对违法违规行为依法予以查处。
第二十三条  预售人有下列行为之一的，由监管部门责令其限期整改，将其违法违规行为予以公示，记入房地产开发企业信用信息档案，并可暂停该预售项目的网上签约；对拒不整改的，依法从严查处，并将有关信息通报自然资源、税务、金融、市场监管等相关部门。预售人整改期间，监管部门暂停审批监控账户内的预售资金使用申请。
（一）未按规定收存商品房预售资金的；
（二）未按规定使用商品房预售资金的；
（三）在商品房预售资金收存、使用过程中提供虚假资料的；
（四）应进入监控账户商品房预售资金而未进入的；
（五）未按规定办理商品房买卖合同网签备案的；
（六）以收取其他款项为名逃避或变相逃避预售资金监管的；
（七）因预售人的原因造成拖欠工程款或材料款，导致农民工或供应商信访并经查证属实的；
（八）预售人存在违法违规行为导致工程停工的；
（九）预售项目存在严重质量问题的。
上述有关行为整改完成后，监管部门恢复审批监控账户内的商品房预售资金使用申请，恢复该项目的网上签约。
第二十四条  预售人有本办法第二十三条第（一）、（二）或（六）项行为的，监管部门依据《广东省商品房预售管理条例》的规定进行处罚。
第二十五条  监控银行有下列情形之一的，监管部门将相关情况告知银行业监管部门，由银行业监管部门及有关行政管理部门进行查处，责令其限期整改。整改期间，暂停涉事银行新开设商品房预售资金监控账户。
（一）未经监管部门同意，擅自拨付或划扣商品房预售资金、超前超额或不足额支付预售资金的；
（二）不配合监管部门开展预售资金监管工作的；
（三）不按时报送监控账户台账或不按规定向预售资金监管系统推送监控账户数据信息的；
（四）不遵守预售资金监管协议，不执行本办法相关规定的。
第二十六条 监控银行有本办法第二十五条第（一）项行为的，由银行业监管部门责令其改正和追回流失款项；给预购人造成损失的，涉事银行依法承担连带责任。
第二十七条 监管部门、其他有关行政管理部门及监控银行工作人员在商品房预售资金监管工作中玩忽职守、滥用职权、徇私舞弊的，依法追究行政责任；涉嫌犯罪的，由司法机关依法处理。

第四章 附则

    第二十八条　本办法由肇庆市住房和城乡建设局负责解释。
    第二十九条　本办法自2020年3月1日起实施。





公开方式：主动公开


抄送：中国人民银行肇庆市中心支行、中国银行保险监督管理委员会肇庆监管分局
肇庆市住房和城乡建设局办公室            2019年12月31日印发",肇庆市 住房 城乡 建设局 关于 印发 实施 肇庆市 商品房 预售 资金 监管 实施办法 通知 发布 日期 浏览 各县 建局 肇庆 高新区 人居 环境 建设 管理局 肇庆 新区 发展 规划局 银行业 金融机构 房地产 开发 企业 有效 防范 化解 房地产 市场 风险 推进 全市 商品房 预售 资金 监管 制度化 规范化 维护 全市 房地产 市场秩序 切实 保护 消费者 权益 经市 人民政府 同意 现将 肇庆市 商品房 预售 资金 监管 实施办法 印发 你们 遵照执行 执行 过程 遇到 问题 及时 向市 建局 反映 肇庆市 住房 城乡 建设局 加强 商品房 预售 资金 监督管理 保证 商品房 预售 资金 专款专用 促进 房地产 市场 平稳 健康 发展 维护 商品房 交易 双方 合法权益 根据 国家 广东省 有关 法律 法规 规定 结合 肇庆市 实际 制定 肇庆市 商品房 预售 资金 监管 实施办法 以下 简称 实施办法 实施办法 有关 内容 解读 如下 制定 背景 近年来 我市 房地产 市场 发展 规模 扩大 随着 房地产 市场 不断 发展 个别 房地产 开发 企业 进行 商品房 预售 存在 不同 程度 挪用 预售 资金 规范 收存 使用 预售 资金 现象 导致 项目 无法 按期 竣工 逾期 交楼 延期 办证 甚至 造成 项目 烂尾 购房 家庭 带来 巨大 经济损失 影响 社会 和谐 稳定 扰乱 房地产 市场秩序 需要 商品房 预售 资金 实施 严格 监管 制定 依据 中华人民共和国 房地产 管理法 中华人民共和国 主席令 城市 商品房 预售 管理 办法 建设部 广东省 商品房 预售 管理条例 主要 内容 实施办法 二十九条 总则 一般 规定 法律责任 附则 四章 内容 组成 第一章 第一条 第四条 总体 规定 实施办法 适用范围 对象 我市 行政区域 内经 批准 预售 商品房 预售 资金 收存 使用 监督管理 适用 办法 定义 预售 商品房 预售 预购 商品房 预售 资金 监控 账户 监控 银行 监管部门 以及 银行业 监管部门 阐明 职责 权利义务 第二章 第五条 第二十一条 规定 预售 资金 收存 使用 监管 有关 问题 明确 各方 商品房 预售 资金 监管 工作 应当 承担 职责 义务 开设 解除 商品房 预售 资金 监控 账户 有关 规定 预售 资金 监管 比例 标准 监控 账户 开设 监管 协议 签订 预售 申请 商品房 预售 许可 监控 银行 设立 商品房 预售 资金 监控 账户 一个 预售 许可证 对应 开设 最多 超过 监控 账户 监管部门 机构 监控 银行 共同 签订 监管 协议 明确 三方 权利 义务 预售 资金 收存 预售 预购 签订 商品房 买卖合同 预购 应当 购房款 直接 存入 监控 账户 预购 申请 按揭 贷款 贷款 银行 住房 公积金 管理中心 按揭 贷款 直接 划入 商品房 买卖合同 注明 监控 账户 预售 不得 任何 形式 理由 预购 收取 现金 监控 账户 之外 指定 任何 账户 预购 收取 购房款 预售 资金 使用 监管 预售 申请 使用 商品房 预售 资金 只能 用于 购买 项目 建设 必需 建筑材料 设备 支付 项目 建设 施工进度 款及 法定 税费 参考 省内 多个 城市 做法 对比 主体 结构 封顶 拆除 脚手架 两个 环节 选定 拆除 脚手架 环节 作为 留存 节点 利于 项目 竣工 交付使用 所以 我市 设定 项目 基本 留存 标准 拆除 脚手架 完成 拆除 脚手架 完成 竣工 验收 备案 手续 达到 预购 单方 办理 转移 登记 条件 三个 时间 节点 对应 留存 额度 分别 项目 备案 销售价格 总额 此基础 结合 信用 信息管理 调整 留存 比例 幅度 基本 上下 浮动 进行 留存 信用 企业 基本 留存 标准 数额 留存 信息 等级 最低 企业 留存 监控 银行 职责 监控 银行 必须 严格 按照 监管部门 核准 内容 金额 拨付 监控 账户 资金 不得 转入 预售 基本 账户 不得 支付现金 监控 银行 未经 监管部门 核准 不得 擅自 划扣 监控 账户 资金 发生 监控 账户 查封 冻结 强制 扣款 异常情况 监控 银行 及时 告知 监管部门 预售 资金 监管 解除 预售 项目 完成 竣工 验收 备案 达到 预购 单方 办理 转移 登记 条件 预售 监管部门 申请 解除 预售 资金 监管 发生 预购 信访 工程款 结算 纠纷 可暂 解除 商品房 预售 资金 监管 第三章 第二十二条 第二十七条 规定 预售 监控 银行 监管部门 银行业 监管部门 违规行为 处理 预售 人有 按规定 收存 商品房 预售 资金 按规定 使用 商品房 预售 资金 情形 监管部门 责令 限期 整改 记入 房地产 开发 企业信用 信息 档案 监控 银行 未经 监管部门 同意 擅自 拨付 或划 商品房 预售 资金 超前 超额 足额 支付 预售 资金 情形 银行业 监管部门 有关 行政 管理 部门 进行 查处 责令 限期 整改 第四章 第二十八条 第二十九条 规定 实施办法 解释权 实施 时间 办法 日起 实施 肇建 肇庆市 住房 城乡 建设局 关于 印发 实施 肇庆市 商品房 预售 资金 监管 实施办法 通知 各县 建局 肇庆 高新区 人居 环境 建设 管理局 肇庆 新区 发展 规划局 银行业 金融机构 房地产 开发 企业 有效 防范 化解 房地产 市场 风险 推进 我市 商品房 预售 资金 监管 制度化 规范化 维护 我市 房地产 市场秩序 切实 保护 消费者 权益 经市 人民政府 同意 现将 肇庆市 商品房 预售 资金 监管 实施办法 印发 你们 遵照执行 执行 过程 遇到 问题 及时 我局 反映 肇庆市 住房 城乡 建设局 肇庆市 商品房 预售 资金 监管 实施办法 第一章 总则 第一条 加强 商品房 预售 资金 监督管理 保证 商品房 预售 资金 专款专用 促进 房地产 市场 健康 发展 维护 商品房 交易 双方 合法权益 根据 中华人民共和国 城市 房地产 管理法 城市 商品房 预售 管理 办法 广东省 商品房 预售 管理条例 有关 法律 法规 规定 结合 本市 实际 制定 办法 第二条 本市 行政区域 内经 批准 预售 商品房 预售 资金 收存 使用 监督管理 适用 办法 第三条 办法 预售 商品房 依法 成立 房地产 开发 经营 企业 依法 开发 商品房 竣工 验收 出售 预购 合同 约定 支付 购房款 预售 合同 约定 交付 商品房 行为 办法 预售 预售 商品房 房地产 开发 经营 企业 办法 预购 购买 预售 商品房 单位 个人 办法 商品房 预售 资金 房地产 开发 企业 取得 商品房 预售 许可证 不动产 首次 登记 开发 商品房 出售 预购 预购 预售 合同 约定 支付 购房款 包括 定金 首付款 分期付款 一次性 付款 银行 按揭 贷款 住房 公积金 贷款 以及 其他 形式 全部 购房款 办法 商品房 预售 资金 监控 账户 预售 监控 银行 设立 专门 用于 存取 商品房 预售 资金 账户 办法 监控 银行 开设 商品房 预售 资金 监控 账户 预售 签订 肇庆市 商品房 预售 资金 监管 协议书 下称 监管 协议 项目 所在地 银行业 金融机构 第四条 住房 城乡建设 部门 商品房 预售 资金 监管部门 下称 监管部门 住房 城乡 建设局 负责 全市 商品房 预售 资金 监管 工作 指导 监督 负责 端州区 商品房 预售 资金 监督管理 其它 肇庆 高新区 住房 城乡建设 部门 负责 辖区 商品房 预售 资金 监督管理 工作 监管部门 下设 商品房 预售 资金 监管 机构 下称 监管 机构 具体 负责 商品房 预售 资金 监管 日常 工作 中国人民银行 肇庆市 中心 支行 中国银行 保险 监督管理 委员会 肇庆 监管 分局 下称 银行业 监管部门 各自 职责 监控 银行 预售 资金 监管 行为 进行 监督 检查 监控 银行 有关 法律 法规 规章 办法 规定 监管 协议 约定 配合 做好 商品房 预售 资金 监管 工作 预售 严格遵守 有关 法律 法规 规章 办法 规定 监管 协议 约定 诚信 守法 自觉 接受 监管 预购 按照 有关 法律 法规 规章 办法 规定 商品房 买卖合同 约定 履行 法定 义务 维护 自身 合法权益 降低 交易 风险 第二章 一般 规定 第五条 预售 申请 商品房 预售 许可 必须 确定 预售 项目 监控 银行 监控 银行 设立 商品房 预售 资金 监控 账户 下称 监控 账户 一个 预售 许可证 对应 开设 最多 超过 监控 账户 监控 银行 监管部门 机构 监控 银行 共同 签订 监管 协议 明确 三方 权利 义务 项目 预售 过程 监控 银行 监控 账户 原则上 不得 变更 第六条 开设 时间 一年 内在 监管部门 两次 两次 以上 违反 监管 协议 记录 银行业 金融机构 不予 新开设 监控 账户 第七条 预售 人应 商品房 买卖合同 注明 监控 银行 监控 账户 信息 售楼 场所 公示栏 公示 监控 银行 以及 监控 账户 名称 账号 对应 刷卡机 工号 信息 以便 相关 部门 购房人 查询 使用 监督 第八条 预售 预购 签订 商品房 买卖合同 预购 应当 合同 约定 付款 时间 购房款 直接 存入 监控 账户 预购 申请 按揭 贷款 贷款 银行 住房 公积金 管理中心 按揭 贷款 直接 划入 商品房 买卖合同 注明 监控 账户 预售 不得 任何 形式 理由 预购 收取 现金 监控 账户 之外 指定 任何 账户 预购 收取 购房款 第九条 预售 应当 商品房 买卖合同 签订 之日起 日内 房地产 交易 部门 办理 预售 合同 备案 手续 第十条 项目 竣工 预售 申请 使用 商品房 预售 资金 只能 用于 购买 项目 建设 必需 建筑材料 设备 支付 项目 建设 施工进度 款及 法定 税费 不得 挪作他用 第十一条 商品房 预售 资金 进入 监控 账户 根据 预售 项目 建设 进度 预售 信用等级 情况 基本 留存 标准 基础 按照 信用等级 留存 标准 监控 账户 预售 资金 比例 进行 留存 超出 部分 预售 可以 监管部门 申请 使用 信用等级 计算 根据 肇庆市 房地产 开发 企业信用 信息管理 暂行办法 规定 执行 基本 留存 标准 拆除 脚手架 监控 账户 资金 不少 项目 预售 房屋 备案 销售价格 总额 留存 完成 拆除 脚手架 监控 账户 资金 不少 项目 预售 房屋 备案 销售价格 总额 留存 完成 竣工 验收 备案 手续 达到 预购 单方 办理 转移 登记 条件 监控 账户 资金 不少 项目 预售 房屋 备案 销售价格 总额 留存 项目 备案 销售价格 总额 等于 项目 物价管理 部门 进行 价格 备案 房价 总额 信用等级 留存 标准 根据 预售 申请 资金 使用 信用等级 情况 商品房 预售 资金 使用 实行 四级 差异化 留存 模式 留存 申请 资金 使用 信用等级 预售 监管部门 基本 留存 标准 数额 留存 留存 申请 资金 使用 信用等级 预售 监管部门 基本 留存 标准 数额 留存 留存 申请 资金 使用 信用等级 预售 监管部门 基本 留存 标准 数额 留存 留存 申请 资金 使用 信用等级 预售 监管部门 基本 留存 标准 数额 留存 第十二条 预售 申请 使用 监控 账户 资金 下列 程序 办理 预售 人向 监管部门 机构 提出 使用 商品房 预售 资金 申请 递交 以下 材料 商品房 预售 资金 使用 申请表 项目 建设 基本 情况表 监控 账户 汇总表 监控 账户 银行 流水 账单 申请 使用 预售 资金 款项 明细表 法人 授权 委托书 委托人 受托人 身份证 复印件 监管部门 机构 根据 申请 使用 实际 情况 要求 补充 其它 佐证 材料 监管部门 机构 受理 预售 用款 申请 下列 程序 进行 审查 工作日内 答复 审查 预售 提供 资料 实际 情况 需要 前往 施工现场 勘查 工程进度 情况 符合 办法 第十条 规定 按本 办法 第十一条 规定 核拨 同意 使用 预售 资金 监管部门 机构 出具 商品房 预售 资金 拨款 通知书 下称 通知书 预售 通知书 监控 银行 办理 预售 资金 拨付 手续 监控 银行 通知书 意见 预售 资金 转入 应收款 单位 同意 使用 预售 资金 监管部门 机构 书面形式 说明 理由 第十三条 预售 预购 双方 达成 退房 协议 办理 相关 退房 手续 预售 可以 监管部门 提交 退房 退款 申请 提供 相关 佐证 材料 监管部门 核实 情况 属实 出具 同意 退回 部分 预售 资金 意见 退回 资金 超出 监控 账户 可拨 额度 部分 预售 自行 结算 退款 第十四条 监控 银行 必须 严格 按照 监管部门 核准 内容 金额 拨付 监控 账户 资金 不得 转入 预售 基本 账户 不得 支付现金 监控 银行 未经 监管部门 核准 不得 擅自 划扣 监控 账户 资金 第十五条 监控 银行 监管部门 格式 要求 建立 监控 账户 收支 台账 报表 每日 定时 预售 资金 监管 系统 推送 监控 账户 数据 信息 每月 日前 数据 形成 报表 报送 监管部门 第十六条 监控 银行 无条件 配合 办理 按揭 划转 手续 资金 划转 预售 资金 监管 系统 数据交换 规定 系统 推送 放款 信息 第十七条 商品房 按揭 进入 监控 账户 监控 银行 协助 监管部门 进行 追缴 发生 监控 账户 查封 冻结 强制 扣款 异常情况 监控 银行 应当 工作日内 相关 函件 复印件 送达 监管部门 第十八条 预售 项目 出现 风险 事件 启动 应急 措施 监管部门 核实 同意 根据 实际 情况 使用 监控 账户 留存 预售 资金 风险 事件 过后 预售 仍然 按照 办法 第十一条 规定 申请 使用 预售 资金 第十九条 预售 项目 完成 竣工 验收 备案 达到 预购 单方 办理 转移 登记 条件 预售 监管部门 申请 解除 预售 资金 监管 发生 预购 信访 工程款 结算 纠纷 监管部门 核查 确认 可暂 解除 商品房 预售 资金 监管 信访 纠纷 处理 完结 按规定 程序 解除 监管 第二十条 预售 申请 解除 商品房 预售 资金 监管 应当 按照 下列 程序 办理 预售 人向 监管部门 机构 提出 解除 商品房 预售 资金 监管 申请 递交 以下 材料 取消 商品房 预售 资金 监控 账户 申请表 商品房 不动产 权属 查档 答复 不动产 登记 办证 汇总表 清单 监控 账户 银行 账单 门牌 申请 证明 委托书 委托人 受托人 身份证 复印件 监管部门 机构 根据 申请 使用 实际 情况 要求 补充 其它 佐证 材料 审核 符合 解除 监管 条件 监管部门 工作日内 出具 同意 解除 预售 资金 监管 核准 意见 预售 人持 同意 解除 监管 核准 意见 监控 银行 办理 取消 监控 账户 手续 监控 银行 监管部门 核准 意见 预售 办理 结算 手续 第二十一条 监管部门 有权 开展 例行 检查 组织 开展 商品房 预售 资金 专项 检查 有权 查看 预售 监控 银行 涉及 预售 资金 管理 账户 情况 账簿 资料 第三章 法律责任 第二十二条 违反 办法 规定 监管部门 银行业 监管部门 及其 有关 行政 管理 部门 责令 改正 违法 违规行为 依法 予以 查处 第二十三条 预售 人有 下列 行为 之一 监管部门 责令 限期 整改 违法 违规行为 予以 公示 记入 房地产 开发 企业信用 信息 档案 暂停 预售 项目 网上 签约 整改 依法 从严 查处 有关 信息 通报 自然资源 税务 金融 市场监管 相关 部门 预售 整改 期间 监管部门 暂停 审批 监控 账户 预售 资金 使用 申请 按规定 收存 商品房 预售 资金 按规定 使用 商品房 预售 资金 商品房 预售 资金 收存 使用 过程 提供 虚假 资料 进入 监控 账户 商品房 预售 资金 进入 按规定 办理 商品房 买卖合同 网签 备案 收取 其他 款项 为名 逃避 变相 逃避 预售 资金 监管 预售 原因 造成 拖欠 工程款 材料 导致 农民工 供应商 信访 查证 属实 预售 存在 违法 违规行为 导致 工程 停工 预售 项目 存在 严重 质量 问题 上述 有关 行为 整改 完成 监管部门 恢复 审批 监控 账户 商品房 预售 资金 使用 申请 恢复 该项 目的 网上 签约 第二十四条 预售 人有 办法 第二十三条 行为 监管部门 依据 广东省 商品房 预售 管理条例 规定 进行 处罚 第二十五条 监控 银行 下列 情形 之一 监管部门 相关 情况 告知 银行业 监管部门 银行业 监管部门 有关 行政 管理 部门 进行 查处 责令 限期 整改 整改 期间 暂停 涉事 银行 新开设 商品房 预售 资金 监控 账户 未经 监管部门 同意 擅自 拨付 或划 商品房 预售 资金 超前 超额 足额 支付 预售 资金 配合 监管部门 开展 预售 资金 监管 工作 按时 报送 监控 账户 台账 按规定 预售 资金 监管 系统 推送 监控 账户 数据 信息 遵守 预售 资金 监管 协议 执行 办法 相关 规定 第二十六条 监控 银行 有本 办法 第二十五条 行为 银行业 监管部门 责令 改正 追回 流失 款项 预购 造成 损失 涉事 银行 依法 承担 连带责任 第二十七条 监管部门 其他 有关 行政 管理 部门 监控 银行 工作人员 商品房 预售 资金 监管 工作 玩忽职守 滥用职权 徇私舞弊 依法追究 行政责任 涉嫌犯罪 司法机关 依法处理 第四章 附则 第二十八条 办法 肇庆市 住房 城乡 建设局 负责 解释 第二十九条 办法 日起 实施 公开 方式 主动 公开 抄送 中国人民银行 肇庆市 中心 支行 中国银行 保险 监督管理 委员会 肇庆 监管 分局 肇庆市 住房 城乡 建设局 办公室 印发,2.626298562678793,3.745354191148832,4.15,4.483333333333333,5911,12.0,27.14166666666667,502.4349999999999,23.03745340909091,26.00101125,445.1681818181818,3.011431818181819,5,3,0.008625,0.1,阶段1,14.0,18.0,5.64643465909091,3.0,0.05,阶段2,14.0,21.0,6.775721590909093,4.5,0.01,竣备,14.0,25.0,10.61529715909091,23.5,0.0,阶段4,,,0.0,,0.0,阶段5,,,0.0,,2,2,26.00101125
陵水,陵水,Lingshui-3,approved construction cost,with multiplier or floor,unspecified construction progress,找不到/未明确,specified but count unavailable,other / unclear,False,False,,,,not explicitly countable from retained excerpt,not explicitly parseable from retained excerpt,not explicitly parseable from retained excerpt,监管额度内资金用于工程建设 | 监管账户内的资金达到监管额度后，超出部分可由开发企业自行提取使用 | 完成房屋所有权首次登记后终止,True,policy_identification_filled.xlsx,City_audit,4stage_Ncost,4,4,stage_1|stage_2|stage_3|stage_4,主体|装修|竣备|确权,主体|装修|竣备|确权,complete_named_milestones,stage_1,stage_4,4,0.2999999999999999,0.0999999999999999,cumulative_same_denominator_stage_shares,terminal_stage_share:monthly_revenue_stage_ratio,expert_calibrated_operational_proxy_pending_source_mapping,monthly-revenue stage ratio or within-cohort amount share; not automatically a policy percentage,external/Modelling Dep/41_Cities_Dep/city_catalog.json,data/pmc_data.xlsx,dep-operational-h1-v1,Lingshui-3,2024,三线,陵水,Hainan,"陵水黎族自治县人民政府办公室
关于印发陵水黎族自治县优化政策措施促进房地产市场平稳健康发展的通知
各乡、镇人民政府，县政府各直属各单位：
为深入贯彻落实党中央、国务院决策部署，坚持“房子是用来住的，不是用来炒的”定位，更好满足引进人才和居民刚性及改善型住房需求，促进我县房地产市场平稳健康发展，依据海南省住房和城乡建设厅《关于优化调整房地产调控政策有关工作的通知》（琼建房〔2023〕263号）文件精神，我县制定了促进房地产市场平稳发展有关优化政策措施，并经十六届县政府第52次常务会审议通过，现就有关事项通知如下：
一、优化我县个人住房贷款中住房套数认定标准
居民家庭（包括借款人、配偶及未成年子女）申请贷款购买商品住房时，家庭成员在陵水县名下无住房的，不论是否已利用贷款购买过住房，银行业金融机构均按首套住房执行住房信贷政策。
二、调整优化我县差别化住房信贷政策
对于拥有海南省户籍的居民家庭，贷款购买我县商品住房的，首套住房商业性个人住房贷款最低首付款比例调整为20%，二套住房商业性个人住房贷款最低首付款比例调整为30%。
三、调整商品住房限制转让年限
调整市场化商品住房限制转让年限为网签备案满2年即可上市销售。
四、调整产权式酒店限购政策
调整产权式酒店回归商业属性，按商业产权执行购房政策。
五、控制商办类项目增量
本通知印发后，新出让土地商办物业自持比例不低于30%。取消商办物业最小分割单元300平方米限制；已出让未动工建设或尚可调整的项目，可申请调整为安居房，具体由用地单位提出申请资规部门配合办理。
六、优化引进人才购房政策
符合我县重点行业（参照安居房申报重点行业）企事业单位就业的引进人才，与从业单位签订三年以上劳动合同且在本县连续缴纳社保或个税满6个月以上，在陵水县以家庭为单位名下无房、全省范围内房产不超过2套（含）的，可在我县购买一套商品住房。
七、优化本地户籍居民家庭购房政策
为更好满足本地户籍居民家庭及三孩家庭改善型住房需求，已落户海南各类人才及海南原户籍居民家庭在陵水县无房或三孩家庭在陵水县已有1套商品住房、全省范围内房产不超过2套（含）的，可在我县购买1套商品住房。
八、加强公积金政策联动
调整降低本县职工公积金住房贷款购买住房首付款比例同商贷首付款比例相一致；支持职工提取公积金直接支付住房首付款。
九、强化市场秩序监管
加大全过程监管力度，督促开发企业、商业银行、购房人将预售资金全部直接存入监管账户，确保监管额度内资金用于工程建设。强化部门联动，健全联合执法和惩戒机制，加大市场乱象整治力度，保障购房人合法权益。
本通知自印发之日起实施，有关政策由陵水黎族自治县住房和城乡建设局负责解释。
陵水黎族自治县人民政府办公室
2024年2月4日
来源：县政府办

=======================

各乡、镇人民政府，县政府各直属各单位：
为深入贯彻落实党中央、国务院决策部署，坚持“房子是用来住的，不是用来炒的”定位，更好地满足引进人才和居民刚性及改善型住房需求，促进我县房地产市场平稳健康发展，依据海南省住房和城乡建设厅《关于优化调整房地产调控政策有关工作的通知》（琼建房〔2023〕263号）文件精神，我县制定了促进房地产市场平稳发展有关优化政策措施，并经十六届县政府第52次常务会审议通过，现就有关事项通知如下：
一、优化我县个人住房贷款中住房套数认定标准
居民家庭（包括借款人、配偶及未成年子女）申请贷款购买商品住房时，家庭成员在陵水县名下无住房的，不论是否已利用贷款购买过住房，银行业金融机构均按首套住房执行住房信贷政策。
二、调整优化我县差别化住房信贷政策
对于拥有海南省户籍的居民家庭，贷款购买我县商品住房的，首套住房商业性个人住房贷款最低首付款比例调整为20%，二套住房商业性个人住房贷款最低首付款比例调整为30%。
三、调整商品住房限制转让年限
调整市场化商品住房限制转让年限为网签备案满2年即可上市销售。
四、调整产权式酒店限购政策
调整产权式酒店回归商业属性，按商业产权执行购房政策。
五、控制商办类项目增量
本通知印发后，新出让土地商办物业自持比例不低于30%。取消商办物业最小分割单元300平方米限制；已出让未动工建设或尚可调整的项目，可申请调整为安居房，具体由用地单位提出申请资规部门配合办理。
六、优化引进人才购房政策
符合我县重点行业（参照安居房申报重点行业）企事业单位就业的引进人才，与从业单位签订三年以上劳动合同且在本县连续缴纳社保或个税满6个月以上，在陵水县以家庭为单位名下无房、全省范围内房产不超过2套（含）的，可在我县购买一套商品住房。
七、优化本地户籍居民家庭购房政策
为更好满足本地户籍居民家庭及三孩家庭改善型住房需求，已落户海南各类人才及海南原户籍居民家庭在陵水县无房或三孩家庭在陵水县已有1套商品住房、全省范围内房产不超过2套（含）的，可在我县购买1套商品住房。
八、加强公积金政策联动
调整降低本县职工公积金住房贷款购买住房首付款比例同商贷首付款比例相一致；支持职工提取公积金直接支付住房首付款。
九、强化市场秩序监管
加大全过程监管力度，督促开发企业、商业银行、购房人将预售资金全部直接存入监管账户，确保监管额度内资金用于工程建设。强化部门联动，健全联合执法和惩戒机制，加大市场乱象整治力度，保障购房人合法权益。
本通知自印发之日起实施，有关政策由陵水黎族自治县住房和城乡建设局负责解释。
陵水黎族自治县人民政府办公室
2024年2月4日
===========================

三、建章立制成效彰显
省整治组着力构建依法打击和行业整治有效衔接，截至目前，全省政法机关累计下发“三书一函”38份，打击战果融入行业整治的路径更加多元、有效。省民政厅及时梳理整治工作有效经验，制定出台《海南省养老服务市场联合惩戒名单管理办法》。省资规厅结合我省养老服务设施用地排查整治经验，研究起草《海南省自然资源和规划厅关于规范养老服务设施用地管理的通知》。省住建厅起草《海南省商品房预售资金监管办法》，有效解决房地产项目因资金链断裂未能及时交房问题。省卫健委制定出台《海南省老年健康与医养结合服务管理工作规范》。文昌市、临高县等多个市县结合本地养老诈骗整治工作成效及经验，相继出台《文昌市养老机构防范养老诈骗工作制度》《临高县卫生健康委员会关于建立养老诈骗工作长效机制的通知》等建章立制文件10余件。
===============
海南省住房和城乡建设厅
中国人民银行海口中心支行
中国银行保险监督管理委员会海南监管局
关于印发《海南省商品房预售资金监管办法》的通知 
各市、县、自治县人民政府，省直各有关部门，各有关单位：
经省政府同意，现将《海南省商品房预售资金监管办法》印发给你们，请认真贯彻执行。
附件：海南省商品房预售资金三方监管协议参考文本
海南省住房和城乡建设厅  中国人民银行海口中心支行 
中国银行保险监督管理委员会海南监管局
2022年9月26日
（此件主动公开）
海南省商品房预售资金监管办法
第一章 总 则
第一条 为规范我省商品房预售资金(以下简称预售资金)的监督管理，保障房地产项目竣工交付，维护购房人合法权益，促进房地产市场平稳健康发展，根据《中华人民共和国城市房地产管理法》、《城市商品房预售管理办法》、《住房和城乡建设部 人民银行 银保监会关于规范商品房预售资金监管的意见》等有关规定，结合我省实际，制定本办法。
第二条 凡在我省行政区域内申请商品房预售许可的项目，其预售资金的收存、使用及监督管理，适用本办法。
第三条 我省预售资金的监督管理遵循专户存储、专款专用、全程监管、节点控制、多方监督的原则。
第四条 本办法所称预售资金，是指预售商品房的房地产开发企业(以下简称开发企业)依法将其开发的商品房出售，由购房人缴交的定金、首付款、住房公积金贷款、商业银行发放的按揭贷款和其他形式的购房款等各种款项。
第五条 预售资金监管期限自项目核发《商品房预售许可证》开始，至项目完成房屋所有权首次登记后终止。
第六条 省住房和城乡建设厅负责指导全省预售资金的收存、使用工作。人民银行分支机构指导商业银行做好监管账户管理工作。银保监部门负责对商业银行预售资金监管的操作风险和合规性进行监督检查。商业银行按照监管协议做好监管账户监控和拨付工作，并定期与市、县、自治县住房和城乡建设部门（以下称市县住建部门）对账，对发现的违法违规行为及时向市县住建部门反馈。
市县住建部门履行辖区内预售资金监管职责。具体为：
（一）会同本辖区内的人民银行分支机构、银保监部门通过公开招标方式，确定能够承接商品房预售资金监管业务的商业银行。
（二）制定本市县监管实施细则和三方监管协议文本。
（三）合理确定监管额度和拨付节点。
（四）与开发企业、商业银行共同签订预售资金三方监管协议（以下称监管协议），受理开发企业使用预售资金申请，出具审核意见。
（五）定期巡查预售项目，对开发企业管理使用预售资金的行为进行监督检查。
（六）受理预售资金收存、使用中违法违规行为的投诉，对预售资金监管相关矛盾纠纷进行调处化解。
（七）本办法规定的其他有关工作。
第二章 一般规定
第七条 市县住建部门会同属地人民银行分支机构、银保监部门通过公开招标方式，综合商业银行资信状况、监管能力、服务水平等因素，确定能够承接商品房预售资金监管业务的商业银行，并通过市县住建部门门户网站予以公示，开发企业应从公示的名单中选择商业银行作为监管银行。
第八条 开发企业在申请办理《商品房预售许可证》前，按一次预售许可开设一个监管账户的原则，与市县住建部门和监管银行签订监管协议，明确预售资金收存和使用方式、监管额度、违约责任等，监管协议主要内容要在预售方案中予以明确，并通过附件方式在《商品房买卖合同》中予以体现。
监管账户应当在《商品房预售许可证》《商品房买卖合同》上载明，并在商品房销售现场显著位置，以及所在市县住建部门的门户网站进行公示。
监管账户一经设立，原则上不得随意变更；确需变更的，应由市县住建部门、开发企业、监管银行三方协商同意后解除原监管协议，重新签订新的监管协议，并在5个工作日内将原监管账户中的预售资金全部转入变更后的监管账户。账户变更期间，原监管账户范围内的商品房暂停销售。
第九条 商品房预售资金应全部直接存入监管账户进行监管，开发企业不得直接收取或另设账户收存购房人的购房款。省住房和城乡建设厅建立健全房产管理信息系统，市县住建部门在办理房屋交易合同网签备案时，需确认商品房预售资金已按要求同步存入监管账户。
第十条 商品房预售资金实行全程监管，确保专款专用，对用于支付工程建设等费用的预售资金要实施重点监管，市县住建部门要根据商品房项目建设工程造价、施工合同金额以及项目交付使用条件等因素合理确定监管额度，并在监管协议中予以明确。
监管账户监管额度内的资金只能用于购买该项目建设必需的建筑材料、设备和支付施工进度款等相关支出。监管额度内的资金应按照工程进度予以拨付，首次拨付节点不得早于地下结构完成，最后拨付节点为项目完成房屋所有权首次登记。各市县住建部门可根据主体分部验收、装修分部验收、竣工验收、联合验收、房屋所有权首次登记等环节具体确定资金拨付节点以及相应的资金余额要求。
开发企业申请支取监管额度内的预售资金，须经所在市县住建部门核实同意。监管账户内的资金达到监管额度后，超出部分可由开发企业自行提取使用。监管额度内的资金，在解除预售资金监管前，监管银行不得擅自划扣。商品房预售资金监管账户不得开通网上银行功能和自动扣款等转账业务。设立子公司的房地产开发企业，集团公司不得抽调。
第十一条 各市县住建部门应建立商品房预售资金分类监管机制。对合法依规经营，一定年限内未受到房地产市场监管部门行政处罚,且未发生监管账户被采取冻结、划拨、税收保全措施或强制执行措施、拖欠工程款和拖欠农民工工资等情况的开发企业,可申请以提交符合要求的银行保函等方式替代一定额度的预售资金监管。各市县住建部门可根据全省住房和城乡建设领域信用体系建设情况，强化信用评价结果共享应用，根据开发企业信用等级和保函情况，适当降低或上浮预售资金的监管额度。
第三章 预售资金收存和使用管理
第十二条 由购房人缴交的定金、首付款、住房公积金贷款、商业银行发放的按揭贷款和其他形式的购房款存入相应的监管账户后，开发企业凭相应的监管账户缴款回单，为购房人开具售房发票。购房人按揭贷款购买商品房的，其按揭贷款由贷款银行按开发企业提供的监管账户直接划入。
开发企业不得向购房人以集资、借款、会员费、工程抵押等形式变相预售商品房，逃避资金监管。
第十三条 开发企业应按照监管协议所确定的资金使用节点向市县住建部门提出使用预售资金申请，并提交相应材料：
（一）商品房预售资金使用申请书。
（二）用于支付工程款的，提供工程建设合同及工程监理机构出具的施工进度资料及影像资料。
（三）用于支付工程建设所需的建筑材料、设备款项的，提供与供应商签订的购销合同。
（四）用于支付工程监理或其他行政事业性收费的，提供合同或缴费通知。
（五）其他应当提供的材料。
首次拨付款后，每次申请拨款时还应当提交上一次申请用款事项的转款回单。如支付工程款的，则需提交监理单位对相应款项使用情况的证明材料。
第十四条 在销售中若发生退款的，开发企业可以向市县住建部门申请解除退款部分的监管，市县住建部门应在3个工作日内核实，书面通知监管银行。
第十五条 市县住建部门受理开发企业使用商品房预售资金的申请后，应严格依据本办法相关规定进行审核，需要确认开发项目建设进度的，应结合工程进度资料现场核查或通过信息系统比对，审核工作不得超过3个工作日。
第十六条 监管银行收到市县住建部门同意拨付意见后，应在2个工作日内将资金拨付给与开发企业签订合同的相关当事人或单位。商业银行违反监管协议，未经所在市县住建部门核实同意，擅自拨付监管额度内资金的，应当负责追回资金，无法追回的依法承担相应赔偿责任。
第十七条 开发企业办理完成项目房屋所有权首次登记后，可以凭相关证明文件向市县住建部门申请解除预售资金监管。市县住建部门应在5个工作日内核实，出具解除预售资金监管证明，并书面通知开发企业和监管银行。开发企业和监管银行接到通知后，按规定办理解除预售资金监管手续。
第十八条 有下列情形之一的，市县住建部门可书面通知监管银行暂停拨付监管账户内的预售资金，并启动应急措施，协调相关部门监督监管账户内资金的使用：
（一）开发企业存在违法违规行为导致工程停工的。
（二）预售项目发生质量事故或存在严重质量问题的。
（三）预售项目未按期交付使用或存在不能按时交付风险的。
（四）项目存在违法违规建设和销售的。
（五）项目存在严重债务和劳务纠纷的。
（六）市县住建部门认定应当暂停拨付的其他情形。
开发企业侵害购房人权益，依法应给予赔偿的，应优先用超出项目监管额度以外的预售资金支付。
第十九条 市县住建部门要会同金融监管部门推动房屋网签备案系统和商业银行业务管理系统对接，加强数据共享，推进资金申请、审核、拨付“全程网办”，提高资金拨付效率。
第四章 监督管理
第二十条 监管银行应按月将预售资金收支等情况报送市县住建部门。市县住建部门应主动在部门门户系统公示监管协议、工程形象进度和预售资金收支情况等相关信息，方便购房人查询。
第二十一条 省住房和城乡建设厅和人行海口中心支行、海南银保监局根据各自的监管职责做好日常指导和监督检查工作。市县住建部门要定期巡查预售项目，发现项目收支存在异常情况的，责令开发企业限期改正。人行海口中心支行及属地市县支行、海南银保监局及其派出机构发现监管银行违规的，应当依法严肃处理。监管银行发现房地产开发企业存在违规挪用监管额度内资金问题的，应当停止拨付，并立即告知市县住建部门，市县住建部门要及时作出处理。
第二十二条 涉及人民法院保全、执行商品房预售资金的，按照《最高人民法院 住房和城乡建设部 中国人民银行关于规范人民法院保全执行措施确保商品房预售资金用于项目建设的通知》（法〔2022〕12号）有关要求执行。
第二十三条 开发企业有下列行为之一的，由市县住建部门责令其限期改正，整改期间开发企业不得申请拨付预售资金：
（一）未按本办法规定收存、使用预售资金的。
（二）提供虚假证明材料申请使用预售资金的。
（三）以收取其他款项为名变相逃避监管的。
（四）其他违反预售资金监管规定的。
情节严重或拒不改正的,按照国家及我省诚信管理有关规定处理。违反相关法律、法规、规章规定的，依照有关规定处罚。
第二十四条 施工单位、监理单位提供虚假证明或采取其他方式协助开发企业违规支取预售资金的，由市县住建部门依法对相关责任单位和责任人予以处理。违反相关法律、法规、规章规定的，依照有关规定处罚。
第二十五条 监管银行违反规定或未按照商品房预售资金监管协议约定，擅自收存、管理以开发企业名义转入的资金，未按规定监控、反馈购房贷款入账情况，擅自拨付资金，或存在其他违规行为的，依法承担相应法律责任。
第二十六条 违反本办法规定，相关部门及其工作人员在预售资金监管工作中玩忽职守、滥用职权、徇私舞弊的，依法追究责任。
第五章 附则
第二十七条 各市县可结合本办法制定具体操作细则。
第二十八条 本办法的具体应用由省住房和城乡建设厅会同人行海口中心支行、海南银保监局负责解释。
第二十九条 本办法自2022年10月1日起施行。2013年11月15日海南省住房和建设厅 中国人民银行海口中心支行 中国银行业监督管理委员会海南监管局印发的《海南省商品房预售资金监管暂行办法》（琼建房〔2013〕237号）同时废止。
附件",陵水黎族自治县 人民政府 办公室 关于 印发 陵水黎族自治县 优化 政策措施 促进 房地产 市场 平稳 健康 发展 通知 各乡 人民政府 县政府 各直属 单位 深入 贯彻落实 党中央 国务院 决策 部署 坚持 房子 用来 不是 用来 定位 更好 满足 引进人才 居民 刚性 改善 住房 需求 促进 我县 房地产 市场 平稳 健康 发展 依据 海南省 住房 城乡 建设厅 关于 优化 调整 房地产 调控 政策 有关 工作 通知 建房 文件精神 我县 制定 促进 房地产 市场 平稳 发展 有关 优化 政策措施 十六届 县政府 常务 审议 通过 有关 事项 通知 如下 优化 我县 个人 住房贷款 住房 套数 认定 标准 居民家庭 包括 借款人 配偶 未成年 子女 申请 贷款 购买 商品 住房 家庭成员 陵水县 名下 住房 不论 是否 利用 贷款 购买 住房 银行业 金融机构 首套 住房 执行 住房 信贷政策 调整 优化 我县 差别化 住房 信贷政策 对于 拥有 海南省 户籍 居民家庭 贷款 购买 我县 商品 住房 首套 住房 商业性 个人 住房贷款 最低 首付款 比例 调整 二套 住房 商业性 个人 住房贷款 最低 首付款 比例 调整 调整 商品 住房 限制 转让 年限 调整 市场化 商品 住房 限制 转让 年限 网签 备案 即可 上市 销售 调整 产权 酒店 限购 政策 调整 产权 酒店 回归 商业 属性 商业 产权 执行 购房 政策 控制 商办 项目 增量 通知 印发 出让 土地 商办 物业 自持 比例 低于 取消 商办 物业 最小 分割 单元 平方米 限制 出让 动工 建设 尚可 调整 项目 申请 调整 安居房 具体 用地 单位 提出申请 资规 部门 配合 办理 优化 引进人才 购房 政策 符合 我县 重点 行业 参照 安居房 申报 重点 行业 企事业 单位 就业 引进人才 从业 单位 签订 三年 以上 劳动合同 本县 连续 缴纳 社保 或个 税满 以上 陵水县 家庭 单位 名下 无房 全省 范围 房产 超过 购买 一套 商品 住房 优化 本地 户籍 居民家庭 购房 政策 更好 满足 本地 户籍 居民家庭 及三孩 家庭 改善 住房 需求 落户 海南 各类 人才 海南 户籍 居民家庭 陵水县 无房 三孩 家庭 陵水县 已有 商品 住房 全省 范围 房产 超过 购买 商品 住房 加强 公积金 政策 联动 调整 降低 本县 职工 公积金 住房贷款 购买 住房 首付款 比例 同商贷 首付款 比例 相一致 支持 职工 提取 公积金 直接 支付 住房 首付款 强化 市场秩序 监管 加大 全过程 监管 力度 督促 开发 企业 商业银行 购房人 预售 资金 全部 直接 存入 监管 账户 确保 监管 额度 资金 用于 工程建设 强化 部门 联动 健全 联合 执法 惩戒 机制 加大 市场 乱象 整治 力度 保障 购房人 合法权益 通知 印发 之日起 实施 有关 政策 陵水黎族自治县 住房 城乡 建设局 负责 解释 陵水黎族自治县 人民政府 办公室 来源 县政府 各乡 人民政府 县政府 各直属 单位 深入 贯彻落实 党中央 国务院 决策 部署 坚持 房子 用来 不是 用来 定位 更好 满足 引进人才 居民 刚性 改善 住房 需求 促进 我县 房地产 市场 平稳 健康 发展 依据 海南省 住房 城乡 建设厅 关于 优化 调整 房地产 调控 政策 有关 工作 通知 建房 文件精神 我县 制定 促进 房地产 市场 平稳 发展 有关 优化 政策措施 十六届 县政府 常务 审议 通过 有关 事项 通知 如下 优化 我县 个人 住房贷款 住房 套数 认定 标准 居民家庭 包括 借款人 配偶 未成年 子女 申请 贷款 购买 商品 住房 家庭成员 陵水县 名下 住房 不论 是否 利用 贷款 购买 住房 银行业 金融机构 首套 住房 执行 住房 信贷政策 调整 优化 我县 差别化 住房 信贷政策 对于 拥有 海南省 户籍 居民家庭 贷款 购买 我县 商品 住房 首套 住房 商业性 个人 住房贷款 最低 首付款 比例 调整 二套 住房 商业性 个人 住房贷款 最低 首付款 比例 调整 调整 商品 住房 限制 转让 年限 调整 市场化 商品 住房 限制 转让 年限 网签 备案 即可 上市 销售 调整 产权 酒店 限购 政策 调整 产权 酒店 回归 商业 属性 商业 产权 执行 购房 政策 控制 商办 项目 增量 通知 印发 出让 土地 商办 物业 自持 比例 低于 取消 商办 物业 最小 分割 单元 平方米 限制 出让 动工 建设 尚可 调整 项目 申请 调整 安居房 具体 用地 单位 提出申请 资规 部门 配合 办理 优化 引进人才 购房 政策 符合 我县 重点 行业 参照 安居房 申报 重点 行业 企事业 单位 就业 引进人才 从业 单位 签订 三年 以上 劳动合同 本县 连续 缴纳 社保 或个 税满 以上 陵水县 家庭 单位 名下 无房 全省 范围 房产 超过 购买 一套 商品 住房 优化 本地 户籍 居民家庭 购房 政策 更好 满足 本地 户籍 居民家庭 及三孩 家庭 改善 住房 需求 落户 海南 各类 人才 海南 户籍 居民家庭 陵水县 无房 三孩 家庭 陵水县 已有 商品 住房 全省 范围 房产 超过 购买 商品 住房 加强 公积金 政策 联动 调整 降低 本县 职工 公积金 住房贷款 购买 住房 首付款 比例 同商贷 首付款 比例 相一致 支持 职工 提取 公积金 直接 支付 住房 首付款 强化 市场秩序 监管 加大 全过程 监管 力度 督促 开发 企业 商业银行 购房人 预售 资金 全部 直接 存入 监管 账户 确保 监管 额度 资金 用于 工程建设 强化 部门 联动 健全 联合 执法 惩戒 机制 加大 市场 乱象 整治 力度 保障 购房人 合法权益 通知 印发 之日起 实施 有关 政策 陵水黎族自治县 住房 城乡 建设局 负责 解释 陵水黎族自治县 人民政府 办公室 建章立制 成效 彰显 整治 着力 构建 依法打击 行业 整治 有效 衔接 截至 目前 全省 政法 机关 累计 下发 三书 一函 打击 战果 融入 行业 整治 路径 更加 多元 有效 民政厅 及时 梳理 整治 工作 有效 经验 制定 出台 海南省 养老 服务 市场 联合 惩戒 名单 管理 办法 省资 规厅 结合 我省 养老 服务设施 用地 排查 整治 经验 研究 起草 海南省 自然资源 规划 关于 规范 养老 服务设施 用地 管理 通知 省住 建厅 起草 海南省 商品房 预售 资金 监管 办法 有效 解决 房地产 项目 资金 链断裂 未能 及时 交房 问题 省卫健委 制定 出台 海南省 老年 健康 医养 结合 服务 管理工作 规范 文昌市 临高县 多个 市县 结合 本地 养老 诈骗 整治 工作 成效 经验 相继 出台 文昌市 养老 机构 防范 养老 诈骗 工作 制度 临高县 卫生 健康 委员会 关于 建立 养老 诈骗 工作 长效机制 通知 建章立制 文件 余件 海南省 住房 城乡 建设厅 中国人民银行 海口 中心 支行 中国银行 保险 监督管理 委员会 海南 监管局 关于 印发 海南省 商品房 预售 资金 监管 办法 通知 各市 自治县 人民政府 省直 有关 部门 有关 单位 省政府 同意 现将 海南省 商品房 预售 资金 监管 办法 印发 你们 认真贯彻 执行 附件 海南省 商品房 预售 资金 三方 监管 协议 参考 文本 海南省 住房 城乡 建设厅 中国人民银行 海口 中心 支行 中国银行 保险 监督管理 委员会 海南 监管局 此件 主动 公开 海南省 商品房 预售 资金 监管 办法 第一章 第一条 规范 我省 商品房 预售 资金 以下 简称 预售 资金 监督管理 保障 房地产 项目 竣工 交付 维护 购房人 合法权益 促进 房地产 市场 平稳 健康 发展 根据 中华人民共和国 城市 房地产 管理法 城市 商品房 预售 管理 办法 住房 城乡 建设部 人民银行 保监会 关于 规范 商品房 预售 资金 监管 意见 有关 规定 结合 我省 实际 制定 办法 第二条 我省 行政区域 申请 商品房 预售 许可 项目 预售 资金 收存 使用 监督管理 适用 办法 第三条 我省 预售 资金 监督管理 遵循 专户 存储 专款专用 全程 监管 节点 控制 多方 监督 原则 第四条 办法 预售 资金 预售 商品房 房地产 开发 企业 以下 简称 开发 企业 依法 开发 商品房 出售 购房人 缴交 定金 首付款 住房 公积金 贷款 商业银行 发放 按揭 贷款 其他 形式 购房款 各种 款项 第五条 预售 资金 监管 期限 项目 核发 商品房 预售 许可证 开始 项目 完成 房屋 所有权 首次 登记 终止 第六条 住房 城乡 建设厅 负责 指导 全省 预售 资金 收存 使用 工作 人民银行 分支机构 指导 商业银行 做好 监管 账户 管理工作 银保监 部门 负责 商业银行 预售 资金 监管 操作 风险 合规性 进行 监督 检查 商业银行 按照 监管 协议 做好 监管 账户 监控 拨付 工作 定期 自治县 住房 城乡建设 部门 以下 市县 住建 部门 对账 发现 违法 违规行为 及时 市县 住建 部门 反馈 市县 住建 部门 履行 辖区 预售 资金 监管 职责 具体 会同 辖区 人民银行 分支机构 银保监 部门 通过 公开招标 方式 确定 能够 承接 商品房 预售 资金 监管 业务 商业银行 制定 本市 监管 实施细则 三方 监管 协议 文本 合理 确定 监管 额度 拨付 节点 开发 企业 商业银行 共同 签订 预售 资金 三方 监管 协议 以下 监管 协议 受理 开发 企业 使用 预售 资金 申请 出具 审核 意见 定期 巡查 预售 项目 开发 企业 管理 使用 预售 资金 行为 进行 监督 检查 受理 预售 资金 收存 使用 违法 违规行为 投诉 预售 资金 监管 相关 矛盾 纠纷 进行 调处 化解 办法 规定 其他 有关 工作 第二章 一般 规定 第七条 市县 住建 部门 会同 属地 人民银行 分支机构 银保监 部门 通过 公开招标 方式 综合 商业银行 资信 状况 监管 能力 服务水平 因素 确定 能够 承接 商品房 预售 资金 监管 业务 商业银行 通过 市县 住建 部门 门户网站 予以 公示 开发 企业 应从 公示 名单 选择 商业银行 作为 监管 银行 第八条 开发 企业 申请 办理 商品房 预售 许可证 一次 预售 许可 开设 一个 监管 账户 原则 市县 住建 部门 监管 银行 签订 监管 协议 明确 预售 资金 收存 使用 方式 监管 额度 违约责任 监管 协议 主要 内容 预售 方案 予以 明确 通过 附件 方式 商品房 买卖合同 予以 体现 监管 账户 应当 商品房 预售 许可证 商品房 买卖合同 载明 商品房 销售 现场 显著 位置 以及 所在 市县 住建 部门 门户网站 进行 公示 监管 账户 一经 设立 原则上 不得 随意 变更 确需 变更 应由 市县 住建 部门 开发 企业 监管 银行 三方 协商 同意 解除 监管 协议 重新 签订 监管 协议 工作日内 监管 账户 预售 资金 全部 转入 变更 监管 账户 账户 变更 期间 监管 账户 范围 商品房 暂停 销售 第九条 商品房 预售 资金 全部 直接 存入 监管 账户 进行 监管 开发 企业 不得 直接 收取 另设 账户 收存 购房人 购房款 住房 城乡 建设厅 建立健全 房产 管理信息系统 市县 住建 部门 办理 房屋交易 合同 网签 备案 确认 商品房 预售 资金 要求 同步 存入 监管 账户 第十条 商品房 预售 资金 实行 全程 监管 确保 专款专用 用于 支付 工程建设 费用 预售 资金 实施 重点 监管 市县 住建 部门 根据 商品房 项目 建设 工程造价 施工 合同 金额 以及 项目 交付使用 条件 因素 合理 确定 监管 额度 监管 协议 予以 明确 监管 账户 监管 额度 资金 只能 用于 购买 项目 建设 必需 建筑材料 设备 支付 施工进度 相关 支出 监管 额度 资金 按照 工程进度 予以 拨付 首次 拨付 节点 不得 地下 结构 完成 最后 拨付 节点 项目 完成 房屋 所有权 首次 登记 各市县 住建 部门 根据 主体 分部 验收 装修 分部 验收 竣工 验收 联合 验收 房屋 所有权 首次 登记 环节 具体 确定 资金 拨付 节点 以及 相应 资金 余额 要求 开发 企业 申请 支取 监管 额度 预售 资金 所在 市县 住建 部门 核实 同意 监管 账户 资金 达到 监管 额度 超出 部分 开发 企业 自行 提取 使用 监管 额度 资金 解除 预售 资金 监管 监管 银行 不得 擅自 划扣 商品房 预售 资金 监管 账户 不得 开通 网上银行 功能 自动 扣款 转账 业务 设立 子公司 房地产 开发 企业 集团公司 不得 抽调 第十一条 各市县 住建 部门 建立 商品房 预售 资金 分类 监管 机制 合法 依规 经营 一定 年限 内未 受到 房地产 市场 监管部门 行政处罚 发生 监管 账户 采取 冻结 划拨 税收 保全 措施 强制执行 措施 拖欠 工程款 拖欠 农民工 工资 情况 开发 企业 申请 提交 符合要求 银行 保函 方式 替代 一定 额度 预售 资金 监管 各市县 住建 部门 根据 全省 住房 城乡建设 领域 信用 体系 建设 情况 强化 信用 评价 结果 共享 应用 根据 开发 企业 信用等级 保函 情况 适当 降低 上浮 预售 资金 监管 额度 第三章 预售 资金 收存 使用 管理 第十二条 购房人 缴交 定金 首付款 住房 公积金 贷款 商业银行 发放 按揭 贷款 其他 形式 购房款 存入 相应 监管 账户 开发 企业 相应 监管 账户 缴款 回单 购房人 开具 售房 发票 购房人 按揭 贷款 购买 商品房 按揭 贷款 贷款 银行 开发 企业 提供 监管 账户 直接 划入 开发 企业 不得 购房人 集资 借款 会员费 工程 抵押 形式 变相 预售 商品房 逃避 资金 监管 第十三条 开发 企业 按照 监管 协议 确定 资金 使用 节点 市县 住建 部门 提出 使用 预售 资金 申请 提交 相应 材料 商品房 预售 资金 使用 申请书 用于 支付 工程款 提供 工程建设 合同 工程 监理 机构 出具 施工进度 资料 影像 资料 用于 支付 工程建设 建筑材料 设备 款项 提供 供应商 签订 购销 合同 用于 支付 工程 监理 其他 行政 事业性 收费 提供 合同 缴费通知 其他 应当 提供 材料 首次 付款 每次 申请 拨款 应当 提交 一次 申请 用款 事项 转款 回单 支付 工程款 需提交 监理 单位 相应 款项 使用 情况 证明 材料 第十四条 销售 中若 发生 退款 开发 企业 可以 市县 住建 部门 申请 解除 退款 部分 监管 市县 住建 部门 工作日内 核实 书面通知 监管 银行 第十五条 市县 住建 部门 受理 开发 企业 使用 商品房 预售 资金 申请 严格 依据 办法 相关 规定 进行 审核 需要 确认 开发 项目 建设 进度 结合 工程进度 资料 现场 核查 通过 信息系统 审核 工作 不得 超过 工作日 第十六条 监管 银行 收到 市县 住建 部门 同意 拨付 意见 工作日内 资金 拨付 给与 开发 企业 签订合同 相关 当事人 单位 商业银行 违反 监管 协议 未经 所在 市县 住建 部门 核实 同意 擅自 拨付 监管 额度 资金 应当 负责 追回 资金 无法 追回 依法 承担 相应 赔偿 责任 第十七条 开发 企业 办理 完成 项目 房屋 所有权 首次 登记 可以 相关 证明文件 市县 住建 部门 申请 解除 预售 资金 监管 市县 住建 部门 工作日内 核实 出具 解除 预售 资金 监管 证明 书面通知 开发 企业 监管 银行 开发 企业 监管 银行 接到 通知 按规定 办理 解除 预售 资金 监管 手续 第十八条 下列 情形 之一 市县 住建 部门 书面通知 监管 银行 暂停 拨付 监管 账户 预售 资金 启动 应急 措施 协调 相关 部门 监督 监管 账户 资金 使用 开发 企业 存在 违法 违规行为 导致 工程 停工 预售 项目 发生 质量事故 存在 严重 质量 问题 预售 项目 按期 交付使用 存在 不能 按时 交付 风险 项目 存在 违法 违规 建设 销售 项目 存在 严重 债务 劳务 纠纷 市县 住建 部门 认定 应当 暂停 拨付 其他 情形 开发 企业 侵害 购房人 权益 依法 给予 赔偿 优先 超出 项目 监管 额度 以外 预售 资金 支付 第十九条 市县 住建 部门 会同 金融 监管部门 推动 房屋 网签 备案 系统 商业银行 业务 管理系统 对接 加强 数据共享 推进 资金 申请 审核 拨付 全程 网办 提高 资金 拨付 效率 第四章 监督管理 第二十条 监管 银行 预售 资金 收支 情况 报送 市县 住建 部门 市县 住建 部门 主动 部门 门户 系统 公示 监管 协议 工程 形象 进度 预售 资金 收支 情况 相关 信息 方便 购房人 查询 第二十一条 住房 城乡 建设厅 人行 海口 中心 支行 海南 保监局 根据 各自 监管 职责 做好 日常 指导 监督 检查 工作 市县 住建 部门 定期 巡查 预售 项目 发现 项目 收支 存在 异常情况 责令 开发 企业 限期 改正 人行 海口 中心 支行 属地 市县 支行 海南 保监局 及其 派出机构 发现 监管 银行 违规 应当 依法 严肃处理 监管 银行 发现 房地产 开发 企业 存在 违规 挪用 监管 额度 资金 问题 应当 停止 拨付 立即 告知 市县 住建 部门 市县 住建 部门 及时 作出 处理 第二十二条 涉及 人民法院 保全 执行 商品房 预售 资金 按照 最高人民法院 住房 城乡 建设部 中国人民银行 关于 规范 人民法院 保全 执行 措施 确保 商品房 预售 资金 用于 项目 建设 通知 有关 要求 执行 第二十三条 开发 企业 下列 行为 之一 市县 住建 部门 责令 限期 改正 整改 期间 开发 企业 不得 申请 拨付 预售 资金 按本 办法 规定 收存 使用 预售 资金 提供 虚假 证明 材料 申请 使用 预售 资金 收取 其他 款项 为名 变相 逃避 监管 其他 违反 预售 资金 监管 规定 情节严重 改正 按照 国家 我省 诚信 管理 有关 规定 处理 违反 相关 法律 法规 规章 规定 依照 有关 规定 处罚 第二十四条 施工单位 监理 单位 提供 虚假 证明 采取 其他 方式 协助 开发 企业 违规 支取 预售 资金 市县 住建 部门 依法 相关 责任 单位 责任人 予以 处理 违反 相关 法律 法规 规章 规定 依照 有关 规定 处罚 第二十五条 监管 银行 违反规定 按照 商品房 预售 资金 监管 协议 约定 擅自 收存 管理 开发 企业 名义 转入 资金 按规定 监控 反馈 购房 贷款 入账 情况 擅自 拨付 资金 存在 其他 违规行为 依法 承担 相应 法律责任 第二十六条 违反 办法 规定 相关 部门 及其 工作人员 预售 资金 监管 工作 玩忽职守 滥用职权 徇私舞弊 依法追究 责任 第五章 附则 第二十七条 各市县 结合 办法 制定 具体操作 细则 第二十八条 办法 具体 应用 由省 住房 城乡 建设厅 会同 人行 海口 中心 支行 海南 保监局 负责 解释 第二十九条 办法 日起 施行 海南省 住房 建设厅 中国人民银行 海口 中心 支行 中国 银行业 监督管理 委员会 海南 监管局 印发 海南省 商品房 预售 资金 监管 暂行办法 建房 同时 废止 附件,2.308140060014758,5.93449613181308,3.45,3.783333333333333,19437,25.4,27.14166666666667,5662.748031496063,337.1486134943182,360.3688671259841,3229.651515151514,21.08002272727274,4,3,0.008625,0.2999999999999999,主体,13.0,13.0,6.46516768465909,4.737987012987015,0.2999999999999999,装修,13.0,19.0,68.97119936079544,5.088636363636366,0.2999999999999999,竣备,13.0,20.0,83.3413755681818,5.19253246753247,0.09999999999999999,确权,13.0,38.0,178.3708708806818,9.283441558441558,,,,,,,3,6,360.3688671259841
韶关,韶关,Shaoguan-3,approved construction cost,,successive inspection stages,retained balance,specified but count unavailable,other / unclear,False,False,,0.5,,not explicitly countable from retained excerpt,explicit percentage near 封顶; midpoint used for a stated range,not explicitly parseable from retained excerpt,监管额度的，房地 产 开 发 企业可以向监管机构申请使用重点监管资金进行支付 | 监管账户内预售资金未达到重点监管额度的，房地 产 开 发 企业可以向监管机构申请使用重点监管资金进行支付 | 完成项目现售备案前预售给购房 人 ， 购 房人依照合同约定支付的首付款、一次性付款、分期付款、按揭款以及其他形式的全部购房款项,True,policy_identification_filled.xlsx,City_audit,5stage_Pcost,5,3,stage_1|stage_2|stage_3|stage_4|stage_5,阶段1|阶段2|竣备|阶段4|阶段5,阶段1|竣备|阶段4,partial_named_milestones,,,3,,,not_estimable:topout_stage_name_unmapped,not_estimable:registration_stage_name_unmapped,expert_calibrated_operational_proxy_pending_source_mapping,monthly-revenue stage ratio or within-cohort amount share; not automatically a policy percentage,external/Modelling Dep/41_Cities_Dep/city_catalog.json,data/pmc_data.xlsx,dep-operational-h1-v1,Shaoguan-3,2019,三线,韶关,Guangdong,"市住建管理局关于印发《韶关市区商品房预售资金监管操作规则（试行）》的通告
市建字〔2019〕92号 
    《韶关市区商品房预售资金监管操作规则（试行）》已经局务会议审议通过，试行期一年，现予以发布。
特此通告

韶关市住房和城乡建设管理局
                                  2019年1月30日
- 12 -
韶关市区商品房预售资金监管操作规则（试行）为贯彻落实《韶关市区商品房预售资金监督管理办法》（韶市建字〔2017〕270号，以下简称《办法》），进一步明确和细化新建商品房的预售资金监管规则，增强监管工作的操作性，结合我市实际，制定本操作规则。一、预售资金监管范围（一）凡本市浈江区、武江区取得预售许可的商品房项目，应当按照《办法》及本操作规则实行商品房预售资金监管。（二）本操作规则所称商品房预售资金是指：房地产开发企业将其开发建设的商 品 房 在 完成项目现售备案前预售给购房 人 ， 购 房人依照合同约定支付的首付款、一次性付款、分期付款、按揭款以及其他形式的全部购房款项。
- 13 -
二、监管资金标准（三）项目工程建设费用只能用于购置本项目建设必需的建筑材料、设备和支付 项 目 建 设的施工进度款及法定税费等费用，不能用于归还银行贷款。重点监管资金是根据工程进度按一定比例核定，进入 专 用 帐 户的预售资金超过重点监管资金的，房地产开发企业可以对超出的监管资金部分申请使用。

（四）重点监管资金节点的核定：
1.对商品房项目取得预售许可证后，重 点 监 管 资金标准为项目工程建设费用的60%；
2.对商品房项目达到结构封顶，重点监 管 资 金 标准为项目工程建设费用的50%；
（1）对完成外装修工程（装饰工程费用）的，重点监管资金标准可减少项目工程建设费用的10%；
（2）对完成内装修工程（装饰工程费用）的，重点监管资金标准可减少项目工程建设费用的10%；
（3）对完成室内水电气工程（安装工程费用）的，重点监管资金标准可减少项目工程建设费用的10%；
（4）对完成建设规划验收的，重点监 管 资 金 标准可减少项目工程建设费用的10%；

3.对商品房项目达到竣工验收备案，重 点 监 管 资金标准为项目工程建设费用的3%；
4.对 商品房项目办理了预售楼盘表转为现售楼盘表及现售备案的，可解除相应预售许可证范围内预留资金的监管。如 房 地产开发企业对重点监管资金核定存在异议的，可提供由造价咨询机构出具的工程造价确认报告。5.重 点监管资金的预留额度实现与企业的诚信分值排名进行对应，对诚信得分较高的企业实行较为宽松的监督管理。（1）以市区范围内处于预售阶段的企业作为统计对象，企业的诚信分值排名
- 15 -
前5名的，重点监管资金标准在已核定的预留额度上予以调低40%；（2）对企业的诚信分值排名第6至10名的，重点监管资金标准在已核定的预留额度上予以调低30%；（3）对企业的诚信分值排名前11至15名的，重点监管资金标准在已核定的预留额度上予以调低20%；（4）对企业的诚信分值排名前16至20名的，重点监管资金标准在已核定的预留额度上予以调低10%；对 企 业的诚信分值排名前20名以外的企业，重点监管资金标准按正常的预留额度实行监督管理。对出现重大违规行为及诚信评分特别低的，实施严格的监管手段，重点监管资金标准在已核定的预留额度上予以调高20%。该项重点监管资金的预 留 标 准 及规则将视诚信制度的开展情况适时进行公告调整。三、开设监管账户（五）房地产开发企业申请商品房预
- 16 -
售许可证前，应当在银行开立监管账户。四、签订监管协议（六）房地产开发企业开立监管账户后，填写《韶关市区商品房预售款专用帐户 监 管 协 议书》（以下简称《监管协议书》），经房地产开发企业及监管账户开户银行（以下简称开户银行）盖章后，报送市房产交易中心（以下简称监管部门）审核，并完成三方《监管协议书》的签订。（七）房地产开发企业与监管部门签订《监管协议书》时，应当向监管部门提交以下材料：1.营业执照（复印件加盖公章）；2.房地产开发资质证（复印件加盖公章）；
3.委托书及经办人身份证明；4.要求提供的其他资料。五、监管账户变更（八）凡已签订《监管协议书》的，房 地 产 开 发企业提出变更或注销账户应当申请监管账户注销手续，解除原《监管
- 17 -
协议书》，并凭银行出具相关销户证明方可签订新的三方《监管协议书》。（九）已办理商品房预售许可证的，房地产开发企业应当凭《核准账户变更证明》办理预售许可证证载账户信息变更手续，变更后需向监管部门提供新的商品房预售许可证进行备案。六、购房款交存和监管资金入账（十）房地产开发企业应当协助购房人 选 择 以 下方式将新建商品房预售资金全部存入监管账户：1.购 房人凭房地产开发企业打印的缴款通知书，到商业银行网点柜台将购房款直接交入监管账户，房地产开发企业依据 银 行 出 具的交款凭证为购房人换领购房发票。
2.购 房人通过专用销售终端（专用POS 机 ） ,将购房款直接交入监管账户，房 地 产 开 发企业依据专用POS机签单为购房人换领购房发票。3.房地产开发企业不得以其他方式
- 18 -
自行收取房价款。七、施工进度现场查勘（十一）房地产开发企业在资金使用节点申请监管资金的，查看资料不能确定工程进度的，监管部门应对项目工程进行现场查勘并对工程进度做现场记录。（十二）监管部门应在自受理之日起5个工作日内进行现场查勘。（十三）监管部门应当严格管理查勘资料档案，妥善保存查勘记录、施工进度照片等。
八、监管资金的拨付（十四）房地产开发企业应当向监管部门提出申请，并提交下列文件：1.《韶关市区商品房预售资金使用申请表》；
2.根据不同申请款项提交下列资料：（1）用于支付工程款的，提供施工监 理 单 位 出具的监管项目分部分项工程施工完成证明和施工单位的用款申请；（2）用于支付购买项目建设必须的建
- 19 -
筑材料、设施设备款项的，提供与供应商签订的购销合同；（3）用于支付设计、监理以及其他行政事业收费的应提供合同或缴费证明。3.在资金使用节点申请监管资金的，提供如下资料：（1）完成结构封顶，提交勘察、设计、施工、监理等单位签字盖章的《主体结构分部工程质量验收记录表》等材料；（2）内、外装修工程（装饰工程费用），提交施工、监理等单位签字盖章的费用支付证明和脚手架拆除等证明；（3）室内水电气工程及各种设备、装置的安装工程（安装工程费用），提交商品房内可通水、电、气相关单位证明；（4）建设规划验收，提交市规划局核发的建设工程规划条件核实合格证；（5）竣工验收备案，提交市住建管理局出具的的竣工验收备案证明材料；（6）完成预售楼盘表转为现售楼盘表及现售备案，提交相关证明材料。
- 20 -
4.房 地产开发企业首次申请使用重点监管资金的，须提交经韶关市工程建设造 价 站 网 签的建设工程施工合同或造价咨询机构出具的工程造价报告；非首次申请使用重点监管资金的，须提交上一次用款的证明材料；5.委托书、经办人身份证明。（十五）监管机构在受理房地产开发企业用款申请后，应于受理之日起5个工作日内进行审核。符合条件的，出具《商品房预售资金使用答复书》；不符合条件的，出具不予拨付通知书，并告之原因。九、退款处理（十六）房地产开发企业与购房人解除 商 品 房 买卖合同，达成退房退款协议的，原则上应使用非重点监管资金进行支付。非重点监管资金不足的，或是监管账户内预售资金未达到重点监管额度的，房地 产 开 发 企业可以向监管机构申请使用重点监管资金进行支付。十、解除监管
- 21 -
（十七）监管账户对应的所有预售许可证项目完成商品房项目现售备案后，房地 产 开 发 企业应及时申请撤销监管账户的监管。
（十八）房地产开发企业申请办理解除监管的，应当提交以下资料：1.《解除监管申请表》；2.营业执照、委托书及经办人身份证明；
3.监 管项目的现售备案或楼盘表建立证明。
（十九）监管机构受理申请后5个工作日内完成审核。审核通过的，向房地产开发企业出具《韶关市区商品房预售资金监管账户解除监管证明》。房地产开发企业 持 证 明 到开户银行办理解除监管账户手续。
十一、违规处理（二十）房地产开发企业有下列行为之一的，由监管部门责令限期改正，并可按照三方协议的约定暂停其监管资金拨
- 22 -
付；逾期不改的，由监管部门关闭该项目商品房买卖合同网上签约，并按照有关规定 予 以 处 理，同时记入开发企业信用档案，向社会公示：1.未 按规定使用新建商品房预售资金的；
2.未 按规定将房价款存入监管专用账户的；
3.以 收取其他款项为名变相逃避监管的。
十 二 、本规则自2019年4月1日起试行，根据有关法律、政策依据变化或实施情况依法评估修订。",市住 管理局 关于 印发 韶关市 商品房 预售 资金 监管 操作 规则 试行 通告 市建字 韶关市 商品房 预售 资金 监管 操作 规则 试行 已经 局务 会议 审议 通过 试行期 一年 予以 发布 特此 通告 韶关市 住房 城乡建设 管理局 韶关市 商品房 预售 资金 监管 操作 规则 试行 贯彻落实 韶关市 商品房 预售 资金 监督管理 办法 韶市 建字 以下 简称 办法 进一步 明确 细化 新建 商品房 预售 资金 监管 规则 增强 监管 工作 操作性 结合 我市 实际 制定 操作 规则 预售 资金 监管 范围 本市 浈江区 武江区 取得 预售 许可 商品房 项目 应当 按照 办法 及本 操作 规则 实行 商品房 预售 资金 监管 操作 规则 商品房 预售 资金 房地产 开发 企业 开发 建设 完成 项目 现售 备案 预售 购房 房人 依照 合同 约定 支付 首付款 一次性 付款 分期付款 按揭 以及 其他 形式 全部 购房 款项 监管 资金 标准 项目 工程建设 费用 只能 用于 购置 项目 建设 必需 建筑材料 设备 支付 施工进度 款及 法定 税费 费用 不能 用于 归还 银行贷款 重点 监管 资金 根据 工程进度 一定 比例 核定 进入 预售 资金 超过 重点 监管 资金 房地产 开发 企业 可以 超出 监管 资金 部分 申请 使用 重点 监管 资金 节点 核定 商品房 项目 取得 预售 许可证 资金 标准 项目 工程建设 费用 商品房 项目 达到 结构 封顶 重点 标准 项目 工程建设 费用 完成 装修 工程 装饰 工程 费用 重点 监管 资金 标准 减少 项目 工程建设 费用 完成 装修 工程 装饰 工程 费用 重点 监管 资金 标准 减少 项目 工程建设 费用 完成 室内 电气工程 安装 工程 费用 重点 监管 资金 标准 减少 项目 工程建设 费用 完成 建设 规划 验收 重点 标准 减少 项目 工程建设 费用 商品房 项目 达到 竣工 验收 备案 资金 标准 项目 工程建设 费用 商品房 项目 办理 预售 楼盘 转为 售楼盘 表及 现售 备案 解除 相应 预售 许可证 范围 预留 资金 监管 地产 开发 企业 重点 监管 资金 核定 存在 异议 提供 造价 咨询机构 出具 工程造价 确认 报告 监管 资金 预留 额度 实现 企业 诚信 分值 排名 进行 对应 诚信 得分 企业 实行 较为 宽松 监督管理 市区 范围 处于 预售 阶段 企业 作为 统计 对象 企业 诚信 分值 排名 重点 监管 资金 标准 核定 预留 额度 予以 调低 企业 诚信 分值 排名第 重点 监管 资金 标准 核定 预留 额度 予以 调低 企业 诚信 分值 排名 重点 监管 资金 标准 核定 预留 额度 予以 调低 企业 诚信 分值 排名 重点 监管 资金 标准 核定 预留 额度 予以 调低 诚信 分值 排名 以外 企业 重点 监管 资金 标准 正常 预留 额度 实行 监督管理 出现 重大 违规行为 诚信 评分 特别 实施 严格 监管 手段 重点 监管 资金 标准 核定 预留 额度 予以 该项 重点 监管 资金 规则 将视 诚信 制度 开展 情况 适时 进行 公告 调整 开设 监管 账户 房地产 开发 企业 申请 商品房 许可证 应当 银行 开立 监管 账户 签订 监管 协议 房地产 开发 企业 开立 监管 账户 填写 韶关市 商品房 预售 专用 帐户 议书 以下 简称 监管 协议书 房地产 开发 企业 监管 账户 开户银行 以下 简称 开户银行 盖章 报送 房产交易 中心 以下 简称 监管部门 审核 完成 三方 监管 协议书 签订 房地产 开发 企业 监管部门 签订 监管 协议书 应当 监管部门 提交 以下 材料 营业执照 复印件 加盖 公章 房地产 开发 资质 复印件 加盖 公章 委托书 经办人 身份证明 要求 提供 其他 资料 监管 账户 变更 签订 监管 协议书 企业 提出 变更 注销 账户 应当 申请 监管 账户 注销 手续 解除 监管 协议书 银行 出具 相关 销户 证明 方可 签订 三方 监管 协议书 办理 商品房 预售 许可证 房地产 开发 企业 应当 核准 账户 变更 证明 办理 预售 许可证 证载 账户 信息 变更 手续 变更 需向 监管部门 提供 商品房 预售 许可证 进行 备案 购房款 交存 监管 资金 入账 房地产 开发 企业 应当 协助 购房人 方式 新建 商品房 预售 资金 全部 存入 监管 账户 房人 房地产 开发 企业 打印 缴款通知 商业银行 网点 柜台 购房款 直接 交入 监管 账户 房地产 开发 企业 依据 交款 凭证 购房人 换领 购房 发票 房人 通过 专用 销售 终端 专用 购房款 直接 交入 监管 账户 企业 依据 专用 签单 购房人 换领 购房 发票 房地产 开发 企业 不得 其他 方式 自行 收取 房价 施工进度 现场 查勘 十一 房地产 开发 企业 资金 使用 节点 申请 监管 资金 查看 资料 不能 确定 工程进度 监管部门 应对 项目 工程 进行 现场 查勘 工程进度 现场 记录 十二 监管部门 受理 之日起 工作日内 进行 现场 查勘 十三 监管部门 应当 严格管理 查勘 资料 档案 妥善 保存 查勘 记录 施工进度 照片 监管 资金 拨付 十四 房地产 开发 企业 应当 监管部门 提出申请 提交 下列 文件 韶关市 商品房 预售 资金 使用 申请表 根据 不同 申请 款项 提交 下列 资料 用于 支付 工程款 提供 施工 出具 监管 项目 部分 工程施工 完成 证明 施工单位 用款 申请 用于 支付 购买 项目 建设 必须 材料 设施 设备 款项 提供 供应商 签订 购销 合同 用于 支付 设计 监理 以及 其他 行政 事业 收费 提供 合同 缴费 证明 资金 使用 节点 申请 监管 资金 提供 如下 资料 完成 结构 封顶 提交 勘察 设计 施工 监理 单位 签字 盖章 主体 结构 分部 工程质量 验收 记录表 材料 装修 工程 装饰 工程 费用 提交 施工 监理 单位 签字 盖章 费用 支付 证明 脚手架 拆除 证明 室内 电气工程 各种 设备 装置 安装 工程 安装 工程 费用 提交 商品房 通水 相关 单位 证明 建设 规划 验收 提交 规划局 核发 建设工程 规划 条件 核实 合格证 竣工 验收 备案 提交 市住 管理局 出具 竣工 验收 备案 证明 材料 完成 预售 楼盘 转为 售楼盘 表及 现售 备案 提交 相关 证明 材料 地产 开发 企业 首次 申请 使用 重点 监管 资金 提交 韶关市 工程建设 建设 工程施工 合同 造价 咨询机构 出具 工程造价 报告 首次 申请 使用 重点 监管 资金 提交 一次 用款 证明 材料 委托书 经办人 身份证明 十五 监管 机构 受理 房地产 开发 企业 用款 申请 受理 之日起 工作日内 进行 审核 符合条件 出具 商品房 预售 资金 使用 答复 符合条件 出具 不予 拨付 通知书 并告 原因 退款 处理 十六 房地产 开发 企业 购房人 解除 买卖合同 达成 退房 退款 协议 原则上 使用 重点 监管 资金 进行 支付 重点 监管 资金不足 或是 监管 账户 预售 资金 达到 重点 监管 额度 企业 可以 监管 机构 申请 使用 重点 监管 资金 进行 支付 解除 监管 十七 监管 账户 对应 所有 预售 许可证 项目 完成 商品房 项目 现售 备案 企业 及时 申请 撤销 监管 账户 监管 十八 房地产 开发 企业 申请 办理 解除 监管 应当 提交 以下 资料 解除 监管 申请表 营业执照 委托书 经办人 身份证明 项目 现售 备案 楼盘 建立 证明 十九 监管 机构 受理 申请 工作日内 完成 审核 审核 通过 房地产 开发 企业 出具 韶关市 商品房 预售 资金 监管 账户 解除 监管 证明 房地产 开发 企业 开户银行 办理 解除 监管 账户 手续 十一 违规 处理 二十 房地产 开发 企业 下列 行为 之一 监管部门 责令 限期 改正 按照 三方 协议 约定 暂停 监管 资金 逾期 不改 监管部门 关闭 项目 商品房 买卖合同 网上 签约 按照 有关 规定 同时 记入 开发 企业信用 档案 社会 公示 按规定 使用 新建 商品房 预售 资金 按规定 房价 存入 监管 专用 账户 收取 其他 款项 为名 变相 逃避 监管 规则 日起 试行 根据 有关 法律 政策 依据 变化 实施 情况 依法 评估 修订,1.303792853472635,8.782647819949394,3.433333333333333,3.833333333333333,6205,19.78956875141115,27.14166666666667,13981.29415388828,547.9050852272727,553.5915672705025,14718.63636363636,96.60000000000001,5,3,0.008625,1.0,阶段1,13.0,19.0,79.05008522727272,4.0,0.0,阶段2,,,0.0,,1.0,竣备,20.0,27.0,434.7,4.5,1.0,阶段4,28.0,42.0,34.155,6.0,0.0,阶段5,,,0.0,,3,1,553.5915672705025
