city_a,city_b,rule_distance_gower,text_dist_T,text_dist_I,text_dist_F,text_dist_BERT,discordant_T,discordant_I,discordant_F,discordant_BERT,Dep_reg_gap,rule_distance_components,scope
万宁,上海,1.0,0.06666666666666687,1.2666666666666666,0.26602342355740016,1.10511118869149,True,False,True,False,2153.9818093580025,basis_category;release_trigger_category;schedule_form_category;n_release_steps;final_retained_share,descriptive P1 measurement-validity evidence; not causal
万宁,上饶,1.0,0.30000000000000027,0.16666666666666785,0.213965355228531,3.9211319918493865,True,True,True,False,34.17857278846161,basis_category;release_trigger_category;schedule_form_category;n_release_steps;final_retained_share,descriptive P1 measurement-validity evidence; not causal
万宁,东方,0.0,0.6000000000000001,0.666666666666667,0.4274976747301389,2.9085558835151533,False,False,False,False,117.26079694875426,basis_category;release_trigger_category;schedule_form_category;n_release_steps;final_retained_share,descriptive P1 measurement-validity evidence; not causal
万宁,东莞,0.6666666666666666,2.9666666666666672,4.366666666666667,4.659114177178379,0.7045901750449932,False,False,False,False,158.55035039335667,basis_category;release_trigger_category;schedule_form_category;n_release_steps;final_retained_share,descriptive P1 measurement-validity evidence; not causal
万宁,东营,0.6666666666666666,2.0333333333333337,1.6333333333333329,8.456170951834421,2.292682138350739,False,False,False,False,276.3349773819928,basis_category;release_trigger_category;schedule_form_category;n_release_steps;final_retained_share,descriptive P1 measurement-validity evidence; not causal
万宁,中卫,0.3333333333333333,2.6333333333333333,1.6999999999999993,2.4757188302491624,2.1074577349188743,False,False,False,False,117.94014021019483,basis_category;release_trigger_category;schedule_form_category;n_release_steps;final_retained_share,descriptive P1 measurement-validity evidence; not causal
万宁,中山,0.25,1.7333333333333338,3.0333333333333323,3.5456925017204517,0.20611874257712337,False,False,False,False,59.881686447474536,basis_category;release_trigger_category;schedule_form_category;n_release_steps;final_retained_share,descriptive P1 measurement-validity evidence; not causal
万宁,临高,0.6666666666666666,0.06666666666666687,0.6000000000000005,1.5046968517450379,9.152043687982058,False,False,False,False,65.18935558143033,basis_category;release_trigger_category;schedule_form_category;n_release_steps;final_retained_share,descriptive P1 measurement-validity evidence; not causal
万宁,丽水,0.6666666666666666,0.4666666666666668,1.6000000000000005,0.18867982023972307,0.7736235578303194,False,False,False,False,115.22644477709795,basis_category;release_trigger_category;schedule_form_category;n_release_steps;final_retained_share,descriptive P1 measurement-validity evidence; not causal
万宁,义乌,0.0,0.23333333333333295,0.6500000000000004,0.1332491685197561,4.048102887691709,False,False,False,False,7139.769225357846,basis_category;release_trigger_category;schedule_form_category;n_release_steps;final_retained_share,descriptive P1 measurement-validity evidence; not causal
万宁,乐东,0.5,0.9333333333333331,2.466666666666667,0.23647472812174808,1.4384399042802585,False,False,False,False,97.41274346092997,basis_category;release_trigger_category;schedule_form_category;n_release_steps;final_retained_share,descriptive P1 measurement-validity evidence; not causal
万宁,乐山,0.3333333333333333,1.4,0.39999999999999947,2.298422077192331,0.4008666564508747,False,False,False,False,103.9696240384616,basis_category;release_trigger_category;schedule_form_category;n_release_steps;final_retained_share,descriptive P1 measurement-validity evidence; not causal
万宁,九江,1.0,0.6666666666666661,2.0,4.8795576732158885,0.20485068271311313,False,False,False,True,148.9921240384616,basis_category;release_trigger_category;schedule_form_category;n_release_steps;final_retained_share,descriptive P1 measurement-validity evidence; not causal
万宁,五指山,0.3333333333333333,0.733333333333333,1.9333333333333336,0.016134392505123163,0.40076680535265474,False,False,False,False,124.4082421547202,basis_category;release_trigger_category;schedule_form_category;n_release_steps;final_retained_share,descriptive P1 measurement-validity evidence; not causal
万宁,佛山,0.6666666666666666,1.3333333333333335,1.9000000000000004,0.3731401085975039,3.796294163089006,False,False,False,False,120.60937915209797,basis_category;release_trigger_category;schedule_form_category;n_release_steps;final_retained_share,descriptive P1 measurement-validity evidence; not causal
万宁,信阳,1.0,0.1333333333333333,0.5333333333333332,0.13778318940276213,0.31016496298838625,True,True,True,True,95.61142539335668,basis_category;release_trigger_category;schedule_form_category;n_release_steps;final_retained_share,descriptive P1 measurement-validity evidence; not causal
万宁,儋州,0.25,0.26666666666666705,0.9333333333333336,0.953130197779011,6.304788490188968,False,False,False,False,390.7431297208275,basis_category;release_trigger_category;schedule_form_category;n_release_steps;final_retained_share,descriptive P1 measurement-validity evidence; not causal
万宁,六安,1.0,0.33333333333333304,0.3333333333333339,0.9473734181205873,5.992734035803913,True,True,False,False,140.3530790100525,basis_category;release_trigger_category;schedule_form_category;n_release_steps;final_retained_share,descriptive P1 measurement-validity evidence; not causal
万宁,兰州,0.25,1.733333333333333,1.5333333333333332,2.722873157599186,6.013063435449734,False,False,False,False,116.13595973921919,basis_category;release_trigger_category;schedule_form_category;n_release_steps;final_retained_share,descriptive P1 measurement-validity evidence; not causal
万宁,北京,0.5,2.1,2.2333333333333325,4.88699525626335,2.05179015052138,False,False,False,False,142.222743504152,basis_category;release_trigger_category;schedule_form_category;n_release_steps;final_retained_share,descriptive P1 measurement-validity evidence; not causal
万宁,北海,0.3333333333333333,0.26666666666666705,1.2666666666666666,0.9558788937280978,3.8380977972566166,False,False,False,False,169.33238448426567,basis_category;release_trigger_category;schedule_form_category;n_release_steps;final_retained_share,descriptive P1 measurement-validity evidence; not causal
万宁,合肥,0.3333333333333333,0.26666666666666705,0.6833333333333336,2.154710630687786,0.433171653313126,False,False,False,False,135.79587403846162,basis_category;release_trigger_category;schedule_form_category;n_release_steps;final_retained_share,descriptive P1 measurement-validity evidence; not causal
万宁,定安,0.6666666666666666,0.03333333333333277,1.2333333333333334,0.08194884262538293,6.165397341821395,False,False,False,False,124.40824215472031,basis_category;release_trigger_category;schedule_form_category;n_release_steps;final_retained_share,descriptive P1 measurement-validity evidence; not causal
万宁,屯昌,0.3333333333333333,0.733333333333333,1.9333333333333336,0.021241317092320022,0.31969063723877866,False,False,False,False,124.40824215472031,basis_category;release_trigger_category;schedule_form_category;n_release_steps;final_retained_share,descriptive P1 measurement-validity evidence; not causal
万宁,广州,0.5,0.3999999999999999,1.6000000000000005,1.585630903641473,0.2442693906151252,False,False,False,False,15.206195847901995,basis_category;release_trigger_category;schedule_form_category;n_release_steps;final_retained_share,descriptive P1 measurement-validity evidence; not causal
万宁,惠州,0.25,0.666666666666667,1.1333333333333337,3.7244208697818317,3.2056111021386755,False,False,False,False,104.645720847902,basis_category;release_trigger_category;schedule_form_category;n_release_steps;final_retained_share,descriptive P1 measurement-validity evidence; not causal
万宁,文昌,0.6666666666666666,0.9666666666666672,0.09999999999999964,0.8238641518488639,4.771273616526957,False,False,False,False,124.4082421547202,basis_category;release_trigger_category;schedule_form_category;n_release_steps;final_retained_share,descriptive P1 measurement-validity evidence; not causal
万宁,昌江,0.6666666666666666,0.6333333333333333,0.2333333333333334,0.8238641518488639,4.771273616526957,False,False,False,False,119.72170138767478,basis_category;release_trigger_category;schedule_form_category;n_release_steps;final_retained_share,descriptive P1 measurement-validity evidence; not causal
万宁,汕头,0.75,0.7000000000000002,0.5666666666666664,1.1327363405053779,1.0268185073489011,False,True,False,True,367.6394952797202,basis_category;release_trigger_category;schedule_form_category;n_release_steps;final_retained_share,descriptive P1 measurement-validity evidence; not causal
万宁,海口,0.0,0.75,1.9500000000000006,0.2069190722456271,3.1590269094350427,False,False,False,False,190.1421523109704,basis_category;release_trigger_category;schedule_form_category;n_release_steps;final_retained_share,descriptive P1 measurement-validity evidence; not causal
万宁,深圳,1.0,1.383333333333334,2.916666666666668,3.9573496509684754,2.0729328449132574,False,False,False,False,10.716216870629296,basis_category;release_trigger_category;schedule_form_category;n_release_steps;final_retained_share,descriptive P1 measurement-validity evidence; not causal
万宁,清远,0.6666666666666666,1.5666666666666669,1.4333333333333336,0.6373844698037889,1.4018229921359726,False,False,False,False,226.7279043706294,basis_category;release_trigger_category;schedule_form_category;n_release_steps;final_retained_share,descriptive P1 measurement-validity evidence; not causal
万宁,澄迈,0.0,0.666666666666667,0.3333333333333339,1.411970688285735,7.630787732111945,False,False,False,False,498.8693603365384,basis_category;release_trigger_category;schedule_form_category;n_release_steps;final_retained_share,descriptive P1 measurement-validity evidence; not causal
万宁,珠海,0.6666666666666666,0.26666666666666705,0.40000000000000036,0.6708851846111059,2.493629882368195,False,False,False,False,1362.7939555069934,basis_category;release_trigger_category;schedule_form_category;n_release_steps;final_retained_share,descriptive P1 measurement-validity evidence; not causal
万宁,琼中,0.0,0.933333333333334,0.13333333333333286,0.18591562278218587,0.8479563120179421,False,False,False,False,957.4552197115385,basis_category;release_trigger_category;schedule_form_category;n_release_steps;final_retained_share,descriptive P1 measurement-validity evidence; not causal
万宁,琼海,0.0,0.4666666666666668,2.0000000000000004,1.543829048165578,5.481557315868451,False,False,False,False,1567.7254410162263,basis_category;release_trigger_category;schedule_form_category;n_release_steps;final_retained_share,descriptive P1 measurement-validity evidence; not causal
万宁,白沙,0.0,0.1166666666666667,1.6500000000000004,1.9919421043212548,1.0028061255247263,False,False,False,False,44.00301260926568,basis_category;release_trigger_category;schedule_form_category;n_release_steps;final_retained_share,descriptive P1 measurement-validity evidence; not causal
万宁,肇庆,0.6666666666666666,1.0000000000000004,0.20000000000000018,1.082469514513215,5.406689496833225,False,False,False,False,125.9546706293707,basis_category;release_trigger_category;schedule_form_category;n_release_steps;final_retained_share,descriptive P1 measurement-validity evidence; not causal
万宁,陵水,0.6666666666666666,0.30000000000000027,0.9000000000000004,0.7643110118491798,3.217547556168978,False,False,False,False,188.15648945585662,basis_category;release_trigger_category;schedule_form_category;n_release_steps;final_retained_share,descriptive P1 measurement-validity evidence; not causal
万宁,韶关,0.3333333333333333,0.2833333333333332,0.8500000000000005,0.24003619469294302,0.36939586803266344,False,False,False,False,398.9129611888111,basis_category;release_trigger_category;schedule_form_category;n_release_steps;final_retained_share,descriptive P1 measurement-validity evidence; not causal
上海,上饶,0.0,0.36666666666666714,1.4333333333333345,0.05205806832886917,2.8160208031578966,False,False,False,False,2188.160382146464,basis_category;release_trigger_category;schedule_form_category;n_release_steps;final_retained_share,descriptive P1 measurement-validity evidence; not causal
上海,东方,0.7884615384615384,0.5333333333333332,0.5999999999999996,0.693521098287539,1.8034446948236633,False,True,False,False,2036.721012409248,basis_category;release_trigger_category;schedule_form_category;n_release_steps;final_retained_share,descriptive P1 measurement-validity evidence; not causal
上海,东莞,1.0,3.033333333333334,5.633333333333334,4.925137600735779,0.4005210136464967,False,False,False,True,1995.4314589646456,basis_category;release_trigger_category;schedule_form_category;n_release_steps;final_retained_share,descriptive P1 measurement-validity evidence; not causal
上海,东营,1.0,2.1000000000000005,2.8999999999999995,8.722194375391823,1.187570949659249,False,False,False,False,1877.6468319760095,basis_category;release_trigger_category;schedule_form_category;n_release_steps;final_retained_share,descriptive P1 measurement-validity evidence; not causal
上海,中卫,0.8461538461538461,2.7,2.966666666666666,2.7417422538065623,1.0023465462273844,False,False,False,True,2271.9219495681973,basis_category;release_trigger_category;schedule_form_category;n_release_steps;final_retained_share,descriptive P1 measurement-validity evidence; not causal
上海,中山,0.8269230769230769,1.8000000000000007,4.299999999999999,3.8117159252778516,1.3112299312686133,False,False,False,False,2213.8634958054768,basis_category;release_trigger_category;schedule_form_category;n_release_steps;final_retained_share,descriptive P1 measurement-validity evidence; not causal
上海,临高,0.75,0.0,0.6666666666666661,1.770720275302438,8.046932499290568,True,True,False,False,2219.171164939433,basis_category;release_trigger_category;schedule_form_category;n_release_steps;final_retained_share,descriptive P1 measurement-validity evidence; not causal
上海,丽水,0.6666666666666666,0.3999999999999999,0.3333333333333339,0.07734360331767709,1.8787347465218094,False,False,False,False,2269.2082541351,basis_category;release_trigger_category;schedule_form_category;n_release_steps;final_retained_share,descriptive P1 measurement-validity evidence; not causal
上海,义乌,0.8653846153846154,0.2999999999999998,0.6166666666666663,0.13277425503764406,2.9429916990002187,True,True,True,False,4985.787415999845,basis_category;release_trigger_category;schedule_form_category;n_release_steps;final_retained_share,descriptive P1 measurement-validity evidence; not causal
上海,乐东,0.8076923076923077,0.8666666666666663,1.2000000000000002,0.029548695435652084,0.33332871558876853,False,False,True,True,2251.3945528189324,basis_category;release_trigger_category;schedule_form_category;n_release_steps;final_retained_share,descriptive P1 measurement-validity evidence; not causal
上海,乐山,0.8076923076923077,1.4666666666666668,1.666666666666666,2.564445500749731,0.7042445322406152,False,False,False,True,2257.951433396464,basis_category;release_trigger_category;schedule_form_category;n_release_steps;final_retained_share,descriptive P1 measurement-validity evidence; not causal
上海,九江,0.6666666666666666,0.733333333333333,3.2666666666666666,5.145581096773288,1.309961871404603,False,False,False,False,2302.973933396464,basis_category;release_trigger_category;schedule_form_category;n_release_steps;final_retained_share,descriptive P1 measurement-validity evidence; not causal
上海,五指山,0.6666666666666666,0.6666666666666661,0.666666666666667,0.249889031052277,0.7043443833388352,False,False,False,False,2029.5735672032822,basis_category;release_trigger_category;schedule_form_category;n_release_steps;final_retained_share,descriptive P1 measurement-validity evidence; not causal
上海,佛山,0.6666666666666666,1.4000000000000004,3.166666666666667,0.6391635321549041,2.691182974397516,False,False,False,False,2274.5911885101004,basis_category;release_trigger_category;schedule_form_category;n_release_steps;final_retained_share,descriptive P1 measurement-validity evidence; not causal
上海,信阳,0.5,0.20000000000000018,0.7333333333333334,0.12824023415463803,0.7949462257031037,False,False,False,False,2058.3703839646455,basis_category;release_trigger_category;schedule_form_category;n_release_steps;final_retained_share,descriptive P1 measurement-validity evidence; not causal
上海,儋州,0.7884615384615384,0.20000000000000018,0.33333333333333304,1.2191536213364111,5.199677301497478,True,True,False,False,1763.2386796371748,basis_category;release_trigger_category;schedule_form_category;n_release_steps;final_retained_share,descriptive P1 measurement-validity evidence; not causal
上海,六安,0.0,0.3999999999999999,0.9333333333333327,0.6813499945631871,4.887622847112423,False,False,False,False,2294.334888368055,basis_category;release_trigger_category;schedule_form_category;n_release_steps;final_retained_share,descriptive P1 measurement-validity evidence; not causal
上海,兰州,1.0,1.7999999999999998,2.8,2.988896581156586,4.907952246758244,False,False,False,False,2270.1177690972218,basis_category;release_trigger_category;schedule_form_category;n_release_steps;final_retained_share,descriptive P1 measurement-validity evidence; not causal
上海,北京,0.8269230769230769,2.166666666666667,3.499999999999999,5.15301867982075,0.9466789618298899,False,False,False,True,2011.7590658538504,basis_category;release_trigger_category;schedule_form_category;n_release_steps;final_retained_share,descriptive P1 measurement-validity evidence; not causal
上海,北海,1.0,0.3333333333333339,0.0,1.221902317285498,2.7329866085651267,True,True,False,False,1984.6494248737367,basis_category;release_trigger_category;schedule_form_category;n_release_steps;final_retained_share,descriptive P1 measurement-validity evidence; not causal
上海,合肥,1.0,0.3333333333333339,0.583333333333333,2.420734054245186,1.538282842004616,True,True,False,False,2289.777683396464,basis_category;release_trigger_category;schedule_form_category;n_release_steps;final_retained_share,descriptive P1 measurement-validity evidence; not causal
上海,定安,0.6666666666666666,0.0333333333333341,0.033333333333333215,0.3479722661827831,5.060286153129905,False,False,False,False,2029.573567203282,basis_category;release_trigger_category;schedule_form_category;n_release_steps;final_retained_share,descriptive P1 measurement-validity evidence; not causal
上海,屯昌,1.0,0.6666666666666661,0.666666666666667,0.24478210646508014,0.7854205514527113,False,True,True,True,2029.573567203282,basis_category;release_trigger_category;schedule_form_category;n_release_steps;final_retained_share,descriptive P1 measurement-validity evidence; not causal
上海,广州,0.6666666666666666,0.33333333333333304,0.3333333333333339,1.8516543271988732,1.3493805793066151,False,False,False,False,2138.7756135101004,basis_category;release_trigger_category;schedule_form_category;n_release_steps;final_retained_share,descriptive P1 measurement-validity evidence; not causal
上海,惠州,0.8653846153846154,0.7333333333333338,2.4000000000000004,3.9904442933392317,2.1004999134471856,False,False,False,False,2049.3360885101,basis_category;release_trigger_category;schedule_form_category;n_release_steps;final_retained_share,descriptive P1 measurement-validity evidence; not causal
上海,文昌,0.6666666666666666,1.033333333333334,1.3666666666666663,1.089887575406264,3.6661624278354674,False,False,False,False,2029.5735672032822,basis_category;release_trigger_category;schedule_form_category;n_release_steps;final_retained_share,descriptive P1 measurement-validity evidence; not causal
上海,昌江,0.6666666666666666,0.7000000000000002,1.0333333333333332,1.089887575406264,3.6661624278354674,False,False,False,False,2034.2601079703277,basis_category;release_trigger_category;schedule_form_category;n_release_steps;final_retained_share,descriptive P1 measurement-validity evidence; not causal
上海,汕头,1.0,0.766666666666667,1.833333333333333,1.398759764062778,0.07829268134258882,False,False,False,True,1786.342314078282,basis_category;release_trigger_category;schedule_form_category;n_release_steps;final_retained_share,descriptive P1 measurement-validity evidence; not causal
上海,海口,0.8653846153846154,0.6833333333333331,0.683333333333334,0.05910435131177305,2.0539157207435528,False,False,True,False,1963.839657047032,basis_category;release_trigger_category;schedule_form_category;n_release_steps;final_retained_share,descriptive P1 measurement-validity evidence; not causal
上海,深圳,0.0,1.316666666666667,1.650000000000001,4.223373074525876,0.9678216562217674,False,False,False,False,2143.265592487373,basis_category;release_trigger_category;schedule_form_category;n_release_steps;final_retained_share,descriptive P1 measurement-validity evidence; not causal
上海,清远,1.0,1.6333333333333337,2.7,0.9034078933611891,0.29671180344448267,False,False,False,True,1927.253904987373,basis_category;release_trigger_category;schedule_form_category;n_release_steps;final_retained_share,descriptive P1 measurement-validity evidence; not causal
上海,澄迈,1.0,0.7333333333333338,0.9333333333333327,1.6779941118431352,6.525676543420455,False,False,False,False,1655.1124490214638,basis_category;release_trigger_category;schedule_form_category;n_release_steps;final_retained_share,descriptive P1 measurement-validity evidence; not causal
上海,珠海,0.7884615384615384,0.3333333333333339,0.8666666666666663,0.9369086081685061,1.3885186936767049,True,False,False,False,791.1878538510089,basis_category;release_trigger_category;schedule_form_category;n_release_steps;final_retained_share,descriptive P1 measurement-validity evidence; not causal
上海,琼中,0.8461538461538461,1.0000000000000009,1.3999999999999995,0.45193904633958604,1.953067500709432,False,False,True,False,1196.526589646464,basis_category;release_trigger_category;schedule_form_category;n_release_steps;final_retained_share,descriptive P1 measurement-validity evidence; not causal
上海,琼海,1.0,0.3999999999999999,0.7333333333333338,1.277805624608178,4.376446127176961,True,False,False,False,586.2563683417759,basis_category;release_trigger_category;schedule_form_category;n_release_steps;final_retained_share,descriptive P1 measurement-validity evidence; not causal
上海,白沙,1.0,0.04999999999999982,0.38333333333333375,2.257965527878655,0.10230506316676369,True,True,False,True,2109.978796748737,basis_category;release_trigger_category;schedule_form_category;n_release_steps;final_retained_share,descriptive P1 measurement-validity evidence; not causal
上海,肇庆,0.5576923076923077,1.0666666666666673,1.0666666666666664,1.3484929380706152,4.301578308141735,False,False,False,False,2279.936479987373,basis_category;release_trigger_category;schedule_form_category;n_release_steps;final_retained_share,descriptive P1 measurement-validity evidence; not causal
上海,陵水,0.6666666666666666,0.36666666666666714,0.36666666666666625,1.03033443540658,2.112436367477488,False,False,False,False,1965.8253199021458,basis_category;release_trigger_category;schedule_form_category;n_release_steps;final_retained_share,descriptive P1 measurement-validity evidence; not causal
上海,韶关,1.0,0.3500000000000001,0.4166666666666661,0.025987228864457146,0.7357153206588265,True,True,True,True,1755.0688481691914,basis_category;release_trigger_category;schedule_form_category;n_release_steps;final_retained_share,descriptive P1 measurement-validity evidence; not causal
上饶,东方,0.7884615384615384,0.9000000000000004,0.8333333333333348,0.6414630299586699,1.0125761083342333,False,False,True,True,151.43936973721588,basis_category;release_trigger_category;schedule_form_category;n_release_steps;final_retained_share,descriptive P1 measurement-validity evidence; not causal
上饶,东莞,1.0,2.666666666666667,4.199999999999999,4.87307953240691,3.2165418168043933,False,False,False,False,192.7289231818183,basis_category;release_trigger_category;schedule_form_category;n_release_steps;final_retained_share,descriptive P1 measurement-validity evidence; not causal
上饶,东营,1.0,1.7333333333333334,1.466666666666665,8.670136307062952,1.6284498534986476,False,False,False,False,310.51355017045444,basis_category;release_trigger_category;schedule_form_category;n_release_steps;final_retained_share,descriptive P1 measurement-validity evidence; not causal
上饶,中卫,0.8461538461538461,2.333333333333333,1.5333333333333314,2.6896841854776934,1.8136742569305122,False,False,False,False,83.76156742173322,basis_category;release_trigger_category;schedule_form_category;n_release_steps;final_retained_share,descriptive P1 measurement-validity evidence; not causal
上饶,中山,0.8269230769230769,1.4333333333333336,2.8666666666666645,3.7596578569489827,4.12725073442651,False,False,False,False,25.703113659012928,basis_category;release_trigger_category;schedule_form_category;n_release_steps;final_retained_share,descriptive P1 measurement-validity evidence; not causal
上饶,临高,0.75,0.36666666666666714,0.7666666666666684,1.7186622069735689,5.230911696132671,True,False,False,False,31.010782792968726,basis_category;release_trigger_category;schedule_form_category;n_release_steps;final_retained_share,descriptive P1 measurement-validity evidence; not causal
上饶,丽水,0.6666666666666666,0.766666666666667,1.7666666666666684,0.025285534988807923,4.694755549679706,False,False,False,False,81.04787198863636,basis_category;release_trigger_category;schedule_form_category;n_release_steps;final_retained_share,descriptive P1 measurement-validity evidence; not causal
上饶,义乌,0.8653846153846154,0.06666666666666732,0.8166666666666682,0.0807161867087749,0.12697089584232213,True,False,True,True,7173.947798146308,basis_category;release_trigger_category;schedule_form_category;n_release_steps;final_retained_share,descriptive P1 measurement-validity evidence; not causal
上饶,乐东,0.8076923076923077,1.2333333333333334,2.6333333333333346,0.022509372893217083,2.482692087569128,False,False,True,False,63.234170672468366,basis_category;release_trigger_category;schedule_form_category;n_release_steps;final_retained_share,descriptive P1 measurement-validity evidence; not causal
上饶,乐山,0.8076923076923077,1.0999999999999996,0.23333333333333162,2.512387432420862,3.520265335398512,False,True,False,False,69.79105125,basis_category;release_trigger_category;schedule_form_category;n_release_steps;final_retained_share,descriptive P1 measurement-validity evidence; not causal
上饶,九江,0.6666666666666666,0.3666666666666658,1.8333333333333321,5.0935230284444195,4.1259826745625,False,False,False,False,114.81355125,basis_category;release_trigger_category;schedule_form_category;n_release_steps;final_retained_share,descriptive P1 measurement-validity evidence; not causal
上饶,五指山,0.6666666666666666,1.0333333333333332,2.1000000000000014,0.19783096272340783,3.520365186496732,False,False,False,False,158.58681494318182,basis_category;release_trigger_category;schedule_form_category;n_release_steps;final_retained_share,descriptive P1 measurement-validity evidence; not causal
上饶,佛山,0.6666666666666666,1.0333333333333332,1.7333333333333325,0.5871054638260349,0.12483782876038063,False,False,False,False,86.43080636363636,basis_category;release_trigger_category;schedule_form_category;n_release_steps;final_retained_share,descriptive P1 measurement-validity evidence; not causal
上饶,信阳,0.5,0.16666666666666696,0.7000000000000011,0.07618216582576887,3.6109670288610003,False,False,False,False,129.7899981818183,basis_category;release_trigger_category;schedule_form_category;n_release_steps;final_retained_share,descriptive P1 measurement-validity evidence; not causal
上饶,儋州,0.7884615384615384,0.5666666666666673,1.1000000000000014,1.167095553007542,2.3836564983395814,False,False,False,False,424.9217025092891,basis_category;release_trigger_category;schedule_form_category;n_release_steps;final_retained_share,descriptive P1 measurement-validity evidence; not causal
上饶,六安,0.0,0.03333333333333277,0.5000000000000018,0.7334080628920563,2.071602043954526,False,False,False,False,106.1745062215909,basis_category;release_trigger_category;schedule_form_category;n_release_steps;final_retained_share,descriptive P1 measurement-validity evidence; not causal
上饶,兰州,1.0,1.4333333333333327,1.3666666666666654,2.936838512827717,2.0919314436003473,False,False,False,False,81.95738695075758,basis_category;release_trigger_category;schedule_form_category;n_release_steps;final_retained_share,descriptive P1 measurement-validity evidence; not causal
上饶,北京,0.8269230769230769,1.7999999999999998,2.0666666666666647,5.100960611491881,1.8693418413280067,False,False,False,False,176.40131629261361,basis_category;release_trigger_category;schedule_form_category;n_release_steps;final_retained_share,descriptive P1 measurement-validity evidence; not causal
上饶,北海,1.0,0.033333333333333215,1.4333333333333345,1.1698442489566288,0.08303419459276995,True,False,False,True,203.5109572727273,basis_category;release_trigger_category;schedule_form_category;n_release_steps;final_retained_share,descriptive P1 measurement-validity evidence; not causal
上饶,合肥,1.0,0.033333333333333215,0.8500000000000014,2.368675985916317,4.354303645162513,True,False,False,False,101.61730125,basis_category;release_trigger_category;schedule_form_category;n_release_steps;final_retained_share,descriptive P1 measurement-validity evidence; not causal
上饶,定安,0.6666666666666666,0.33333333333333304,1.4000000000000012,0.29591419785391393,2.244265349972008,False,False,False,False,158.58681494318193,basis_category;release_trigger_category;schedule_form_category;n_release_steps;final_retained_share,descriptive P1 measurement-validity evidence; not causal
上饶,屯昌,1.0,1.0333333333333332,2.1000000000000014,0.19272403813621097,3.601441354610608,False,False,True,False,158.58681494318193,basis_category;release_trigger_category;schedule_form_category;n_release_steps;final_retained_share,descriptive P1 measurement-validity evidence; not causal
上饶,广州,0.6666666666666666,0.7000000000000002,1.7666666666666684,1.799596258870004,4.165401382464512,False,False,False,False,49.3847686363636,basis_category;release_trigger_category;schedule_form_category;n_release_steps;final_retained_share,descriptive P1 measurement-validity evidence; not causal
上饶,惠州,0.8653846153846154,0.3666666666666667,0.9666666666666659,3.9383862250103627,0.715520889710711,True,False,False,True,138.82429363636362,basis_category;release_trigger_category;schedule_form_category;n_release_steps;final_retained_share,descriptive P1 measurement-validity evidence; not causal
上饶,文昌,0.6666666666666666,0.666666666666667,0.0666666666666682,1.0378295070773949,0.8501416246775708,False,False,False,False,158.58681494318182,basis_category;release_trigger_category;schedule_form_category;n_release_steps;final_retained_share,descriptive P1 measurement-validity evidence; not causal
上饶,昌江,0.6666666666666666,0.33333333333333304,0.40000000000000124,1.0378295070773949,0.8501416246775708,False,False,False,False,153.9002741761364,basis_category;release_trigger_category;schedule_form_category;n_release_steps;final_retained_share,descriptive P1 measurement-validity evidence; not causal
上饶,汕头,1.0,0.3999999999999999,0.3999999999999986,1.3467016957339089,2.8943134845004854,True,True,False,False,401.81806806818184,basis_category;release_trigger_category;schedule_form_category;n_release_steps;final_retained_share,descriptive P1 measurement-validity evidence; not causal
上饶,海口,0.8653846153846154,1.0500000000000003,2.1166666666666685,0.007046282982903884,0.7621050824143438,False,False,True,True,224.32072509943202,basis_category;release_trigger_category;schedule_form_category;n_release_steps;final_retained_share,descriptive P1 measurement-validity evidence; not causal
上饶,深圳,0.0,1.6833333333333342,3.0833333333333357,4.171315006197006,1.8481991469361292,False,False,False,False,44.894789659090904,basis_category;release_trigger_category;schedule_form_category;n_release_steps;final_retained_share,descriptive P1 measurement-validity evidence; not causal
上饶,清远,1.0,1.2666666666666666,1.2666666666666657,0.8513498250323199,2.519308999713414,False,False,False,False,260.906477159091,basis_category;release_trigger_category;schedule_form_category;n_release_steps;final_retained_share,descriptive P1 measurement-validity evidence; not causal
上饶,澄迈,1.0,0.3666666666666667,0.5000000000000018,1.625936043514266,3.7096557402625585,True,True,False,False,533.047933125,basis_category;release_trigger_category;schedule_form_category;n_release_steps;final_retained_share,descriptive P1 measurement-validity evidence; not causal
上饶,珠海,0.7884615384615384,0.033333333333333215,0.5666666666666682,0.8848505398396369,1.4275021094811917,True,True,False,False,1396.972528295455,basis_category;release_trigger_category;schedule_form_category;n_release_steps;final_retained_share,descriptive P1 measurement-validity evidence; not causal
上饶,琼中,0.8461538461538461,0.6333333333333337,0.03333333333333499,0.39988097801071687,4.769088303867329,False,True,True,False,991.6337925,basis_category;release_trigger_category;schedule_form_category;n_release_steps;final_retained_share,descriptive P1 measurement-validity evidence; not causal
上饶,琼海,1.0,0.766666666666667,2.1666666666666683,1.329863692937047,1.5604253240190644,False,False,False,False,1601.904013804688,basis_category;release_trigger_category;schedule_form_category;n_release_steps;final_retained_share,descriptive P1 measurement-validity evidence; not causal
上饶,白沙,1.0,0.41666666666666696,1.8166666666666682,2.2059074595497856,2.9183258663246603,False,False,False,False,78.18158539772729,basis_category;release_trigger_category;schedule_form_category;n_release_steps;final_retained_share,descriptive P1 measurement-validity evidence; not causal
上饶,肇庆,0.5576923076923077,0.7000000000000002,0.36666666666666803,1.296434869741746,1.4855575049838392,False,False,False,False,91.77609784090909,basis_category;release_trigger_category;schedule_form_category;n_release_steps;final_retained_share,descriptive P1 measurement-validity evidence; not causal
上饶,陵水,0.6666666666666666,0.0,1.0666666666666682,0.9782763670777108,0.7035844356804084,False,False,False,False,222.33506224431824,basis_category;release_trigger_category;schedule_form_category;n_release_steps;final_retained_share,descriptive P1 measurement-validity evidence; not causal
上饶,韶关,1.0,0.01666666666666705,1.0166666666666684,0.02607083946441202,3.551736123816723,True,False,True,False,433.0915339772727,basis_category;release_trigger_category;schedule_form_category;n_release_steps;final_retained_share,descriptive P1 measurement-validity evidence; not causal
东方,东莞,0.6666666666666666,3.5666666666666673,5.033333333333334,4.23161650244824,2.20396570847016,False,False,False,False,41.289553444602404,basis_category;release_trigger_category;schedule_form_category;n_release_steps;final_retained_share,descriptive P1 measurement-validity evidence; not causal
东方,东营,0.6666666666666666,2.6333333333333337,2.3,8.028673277104282,0.6158737451644143,False,False,False,False,159.07418043323855,basis_category;release_trigger_category;schedule_form_category;n_release_steps;final_retained_share,descriptive P1 measurement-validity evidence; not causal
东方,中卫,0.3076923076923077,3.2333333333333334,2.3666666666666663,2.0482211555190233,0.8010981485962789,False,False,False,False,235.2009371589491,basis_category;release_trigger_category;schedule_form_category;n_release_steps;final_retained_share,descriptive P1 measurement-validity evidence; not causal
东方,中山,0.23076923076923075,2.333333333333334,3.6999999999999993,3.1181948269903126,3.1146746260922766,False,False,False,False,177.14248339622878,basis_category;release_trigger_category;schedule_form_category;n_release_steps;final_retained_share,descriptive P1 measurement-validity evidence; not causal
东方,临高,0.7115384615384616,0.5333333333333332,0.06666666666666643,1.077199177014899,6.243487804466905,False,True,False,False,182.4501525301846,basis_category;release_trigger_category;schedule_form_category;n_release_steps;final_retained_share,descriptive P1 measurement-validity evidence; not causal
东方,丽水,0.6666666666666666,0.1333333333333333,0.9333333333333336,0.616177494969862,3.6821794413454727,False,False,False,False,232.48724172585221,basis_category;release_trigger_category;schedule_form_category;n_release_steps;final_retained_share,descriptive P1 measurement-validity evidence; not causal
东方,义乌,0.06153846153846154,0.833333333333333,0.016666666666666607,0.560746843249895,1.1395470041765554,False,False,False,False,7022.508428409093,basis_category;release_trigger_category;schedule_form_category;n_release_steps;final_retained_share,descriptive P1 measurement-validity evidence; not causal
东方,乐东,0.4153846153846154,0.33333333333333304,1.7999999999999998,0.663972402851887,1.4701159792348948,False,False,False,False,214.67354040968422,basis_category;release_trigger_category;schedule_form_category;n_release_steps;final_retained_share,descriptive P1 measurement-validity evidence; not causal
东方,乐山,0.2692307692307692,2.0,1.0666666666666664,1.870924402462192,2.5076892270642785,False,False,False,False,221.23042098721587,basis_category;release_trigger_category;schedule_form_category;n_release_steps;final_retained_share,descriptive P1 measurement-validity evidence; not causal
东方,九江,1.0,1.2666666666666662,2.666666666666667,4.452059998485749,3.1134065662282664,False,False,False,False,266.2529209872159,basis_category;release_trigger_category;schedule_form_category;n_release_steps;final_retained_share,descriptive P1 measurement-validity evidence; not causal
东方,五指山,0.3333333333333333,0.13333333333333286,1.2666666666666666,0.44363206723526205,2.5077890781624985,False,False,False,False,7.147445205965937,basis_category;release_trigger_category;schedule_form_category;n_release_steps;final_retained_share,descriptive P1 measurement-validity evidence; not causal
东方,佛山,0.6666666666666666,1.9333333333333336,2.5666666666666673,0.05435756613263498,0.8877382795738527,False,False,False,False,237.87017610085223,basis_category;release_trigger_category;schedule_form_category;n_release_steps;final_retained_share,descriptive P1 measurement-validity evidence; not causal
东方,信阳,1.0,0.7333333333333334,0.13333333333333375,0.565280864132901,2.598390920526767,False,True,True,False,21.64937155539758,basis_category;release_trigger_category;schedule_form_category;n_release_steps;final_retained_share,descriptive P1 measurement-validity evidence; not causal
东方,儋州,0.2,0.33333333333333304,0.2666666666666666,0.5256325230488721,3.3962326066738147,False,False,False,False,273.4823327720732,basis_category;release_trigger_category;schedule_form_category;n_release_steps;final_retained_share,descriptive P1 measurement-validity evidence; not causal
东方,六安,0.717948717948718,0.9333333333333331,0.33333333333333304,1.3748710928507262,3.0841781522887595,False,True,False,False,257.6138759588068,basis_category;release_trigger_category;schedule_form_category;n_release_steps;final_retained_share,descriptive P1 measurement-validity evidence; not causal
东方,兰州,0.25,2.333333333333333,2.2,2.295375482869047,3.1045075519345806,False,False,False,False,233.39675668797344,basis_category;release_trigger_category;schedule_form_category;n_release_steps;final_retained_share,descriptive P1 measurement-validity evidence; not causal
东方,北京,0.43076923076923074,2.7,2.8999999999999995,4.459497581533211,0.8567657329937735,False,False,False,False,24.96194655539773,basis_category;release_trigger_category;schedule_form_category;n_release_steps;final_retained_share,descriptive P1 measurement-validity evidence; not causal
东方,北海,0.3333333333333333,0.8666666666666671,0.5999999999999996,0.5283812189979589,0.9295419137414633,False,False,False,False,52.07158753551141,basis_category;release_trigger_category;schedule_form_category;n_release_steps;final_retained_share,descriptive P1 measurement-validity evidence; not causal
东方,合肥,0.3333333333333333,0.8666666666666671,0.016666666666666607,1.727212955957647,3.3417275368282793,False,False,False,False,253.05667098721588,basis_category;release_trigger_category;schedule_form_category;n_release_steps;final_retained_share,descriptive P1 measurement-validity evidence; not causal
东方,定安,0.6666666666666666,0.5666666666666673,0.5666666666666664,0.34554883210475595,3.2568414583062415,False,False,False,False,7.147445205966051,basis_category;release_trigger_category;schedule_form_category;n_release_steps;final_retained_share,descriptive P1 measurement-validity evidence; not causal
东方,屯昌,0.3333333333333333,0.13333333333333286,1.2666666666666666,0.4487389918224589,2.5888652462763746,False,False,False,False,7.147445205966051,basis_category;release_trigger_category;schedule_form_category;n_release_steps;final_retained_share,descriptive P1 measurement-validity evidence; not causal
东方,广州,0.5,0.20000000000000018,0.9333333333333336,1.1581332289113342,3.1528252741302785,False,False,False,False,102.05460110085227,basis_category;release_trigger_category;schedule_form_category;n_release_steps;final_retained_share,descriptive P1 measurement-validity evidence; not causal
东方,惠州,0.26153846153846155,1.266666666666667,1.8000000000000007,3.2969231950516926,0.29705521862352224,False,False,False,False,12.615076100852264,basis_category;release_trigger_category;schedule_form_category;n_release_steps;final_retained_share,descriptive P1 measurement-validity evidence; not causal
东方,文昌,0.6666666666666666,1.5666666666666673,0.7666666666666666,0.39636647711872497,1.862717733011804,False,False,False,False,7.147445205965937,basis_category;release_trigger_category;schedule_form_category;n_release_steps;final_retained_share,descriptive P1 measurement-validity evidence; not causal
东方,昌江,0.6666666666666666,1.2333333333333334,0.43333333333333357,0.39636647711872497,1.862717733011804,False,False,False,False,2.4609044389205224,basis_category;release_trigger_category;schedule_form_category;n_release_steps;final_retained_share,descriptive P1 measurement-validity evidence; not causal
东方,汕头,0.75,1.3000000000000003,1.2333333333333334,0.705238665775239,1.8817373761662521,False,False,False,False,250.37869833096596,basis_category;release_trigger_category;schedule_form_category;n_release_steps;final_retained_share,descriptive P1 measurement-validity evidence; not causal
东方,海口,0.06153846153846154,0.1499999999999999,1.2833333333333337,0.634416746975766,0.25047102591988946,False,False,False,False,72.88135536221614,basis_category;release_trigger_category;schedule_form_category;n_release_steps;final_retained_share,descriptive P1 measurement-validity evidence; not causal
东方,深圳,0.717948717948718,0.7833333333333339,2.250000000000001,3.5298519762383362,0.8356230386018959,False,False,False,True,106.54458007812497,basis_category;release_trigger_category;schedule_form_category;n_release_steps;final_retained_share,descriptive P1 measurement-validity evidence; not causal
东方,清远,0.6666666666666666,2.166666666666667,2.1000000000000005,0.20988679507365005,1.5067328913791806,False,False,False,False,109.46710742187514,basis_category;release_trigger_category;schedule_form_category;n_release_steps;final_retained_share,descriptive P1 measurement-validity evidence; not causal
东方,澄迈,0.16923076923076924,1.266666666666667,0.33333333333333304,0.9844730135555961,4.722231848596792,False,False,False,False,381.60856338778416,basis_category;release_trigger_category;schedule_form_category;n_release_steps;final_retained_share,descriptive P1 measurement-validity evidence; not causal
东方,珠海,0.5,0.8666666666666671,0.2666666666666666,0.24338750988096702,0.41492600114695843,False,False,False,False,1245.5331585582392,basis_category;release_trigger_category;schedule_form_category;n_release_steps;final_retained_share,descriptive P1 measurement-validity evidence; not causal
东方,琼中,0.046153846153846156,1.533333333333334,0.7999999999999998,0.241582051947953,3.7565121955330953,False,False,False,False,840.1944227627841,basis_category;release_trigger_category;schedule_form_category;n_release_steps;final_retained_share,descriptive P1 measurement-validity evidence; not causal
东方,琼海,0.0,0.1333333333333333,1.3333333333333335,1.971326722895717,2.5730014323532977,False,False,False,False,1450.4646440674721,basis_category;release_trigger_category;schedule_form_category;n_release_steps;final_retained_share,descriptive P1 measurement-validity evidence; not causal
东方,白沙,0.16923076923076924,0.4833333333333334,0.9833333333333334,1.564444429591116,1.905749757990427,False,False,False,False,73.25778433948858,basis_category;release_trigger_category;schedule_form_category;n_release_steps;final_retained_share,descriptive P1 measurement-validity evidence; not causal
东方,肇庆,0.5192307692307693,1.6000000000000005,0.4666666666666668,0.6549718397830762,2.4981336133180725,False,False,False,False,243.21546757812496,basis_category;release_trigger_category;schedule_form_category;n_release_steps;final_retained_share,descriptive P1 measurement-validity evidence; not causal
东方,陵水,0.6666666666666666,0.9000000000000004,0.2333333333333334,0.33681333711904093,0.3089916726538249,False,False,False,False,70.89569250710235,basis_category;release_trigger_category;schedule_form_category;n_release_steps;final_retained_share,descriptive P1 measurement-validity evidence; not causal
东方,韶关,0.3333333333333333,0.8833333333333333,0.18333333333333357,0.6675338694230819,2.53916001548249,False,False,False,False,281.65216424005683,basis_category;release_trigger_category;schedule_form_category;n_release_steps;final_retained_share,descriptive P1 measurement-validity evidence; not causal
东莞,东营,0.3333333333333333,0.9333333333333336,2.7333333333333343,3.797056774656043,1.5880919633057458,False,False,False,False,117.78462698863615,basis_category;release_trigger_category;schedule_form_category;n_release_steps;final_retained_share,descriptive P1 measurement-validity evidence; not causal
东莞,中卫,0.6666666666666666,0.3333333333333339,2.666666666666668,2.183395346929217,1.4028675598738811,False,False,False,False,276.4904906035515,basis_category;release_trigger_category;schedule_form_category;n_release_steps;final_retained_share,descriptive P1 measurement-validity evidence; not causal
东莞,中山,0.3333333333333333,1.2333333333333334,1.3333333333333348,1.1134216754579276,0.9107089176221166,False,False,False,False,218.4320368408312,basis_category;release_trigger_category;schedule_form_category;n_release_steps;final_retained_share,descriptive P1 measurement-validity evidence; not causal
东莞,临高,0.6666666666666666,3.033333333333334,4.966666666666668,3.154417325433341,8.447453512937065,False,False,False,False,223.739705974787,basis_category;release_trigger_category;schedule_form_category;n_release_steps;final_retained_share,descriptive P1 measurement-validity evidence; not causal
东莞,丽水,0.6666666666666666,3.433333333333334,5.966666666666668,4.847793997418102,1.4782137328753127,False,False,False,False,273.77679517045465,basis_category;release_trigger_category;schedule_form_category;n_release_steps;final_retained_share,descriptive P1 measurement-validity evidence; not causal
东莞,义乌,0.6666666666666666,2.7333333333333343,5.0166666666666675,4.792363345698135,3.3435127126467155,False,False,False,False,6981.21887496449,basis_category;release_trigger_category;schedule_form_category;n_release_steps;final_retained_share,descriptive P1 measurement-validity evidence; not causal
东莞,乐东,0.0,3.9000000000000004,6.833333333333334,4.895588905300127,0.7338497292352653,False,False,False,False,255.96309385428663,basis_category;release_trigger_category;schedule_form_category;n_release_steps;final_retained_share,descriptive P1 measurement-validity evidence; not causal
东莞,乐山,0.3333333333333333,1.5666666666666673,3.9666666666666677,2.360692099986048,0.3037235185941185,False,False,False,False,262.51997443181824,basis_category;release_trigger_category;schedule_form_category;n_release_steps;final_retained_share,descriptive P1 measurement-validity evidence; not causal
东莞,九江,0.6666666666666666,2.300000000000001,2.366666666666667,0.22044349603750923,0.9094408577581063,False,False,False,False,307.5424744318183,basis_category;release_trigger_category;schedule_form_category;n_release_steps;final_retained_share,descriptive P1 measurement-validity evidence; not causal
东莞,五指山,0.6666666666666666,3.7,6.300000000000001,4.675248569683502,0.3038233696923385,False,False,False,False,34.14210823863647,basis_category;release_trigger_category;schedule_form_category;n_release_steps;final_retained_share,descriptive P1 measurement-validity evidence; not causal
东莞,佛山,0.6666666666666666,1.6333333333333337,2.466666666666667,4.285974068580876,3.0917039880440127,False,False,False,False,279.15972954545464,basis_category;release_trigger_category;schedule_form_category;n_release_steps;final_retained_share,descriptive P1 measurement-validity evidence; not causal
东莞,信阳,1.0,2.833333333333334,4.9,4.796897366581141,0.39442521205660697,False,False,False,True,62.93892499999998,basis_category;release_trigger_category;schedule_form_category;n_release_steps;final_retained_share,descriptive P1 measurement-validity evidence; not causal
东莞,儋州,0.3333333333333333,3.2333333333333343,5.300000000000001,3.705983979399368,5.600198315143975,False,False,False,False,232.19277932747082,basis_category;release_trigger_category;schedule_form_category;n_release_steps;final_retained_share,descriptive P1 measurement-validity evidence; not causal
东莞,六安,1.0,2.633333333333334,4.700000000000001,5.606487595298966,5.28814386075892,False,False,False,False,298.9034294034092,basis_category;release_trigger_category;schedule_form_category;n_release_steps;final_retained_share,descriptive P1 measurement-validity evidence; not causal
东莞,兰州,0.3333333333333333,1.2333333333333343,2.833333333333334,1.9362410195791933,5.308473260404741,False,False,False,False,274.68631013257584,basis_category;release_trigger_category;schedule_form_category;n_release_steps;final_retained_share,descriptive P1 measurement-validity evidence; not causal
东莞,北京,0.0,0.8666666666666671,2.1333333333333346,0.22788107908497057,1.3471999754763866,False,False,False,False,16.327606889204674,basis_category;release_trigger_category;schedule_form_category;n_release_steps;final_retained_share,descriptive P1 measurement-validity evidence; not causal
东莞,北海,0.6666666666666666,2.7,5.633333333333334,3.7032352834502813,3.1335076222116234,False,False,False,False,10.782034090909008,basis_category;release_trigger_category;schedule_form_category;n_release_steps;final_retained_share,descriptive P1 measurement-validity evidence; not causal
东莞,合肥,0.3333333333333333,2.7,5.050000000000001,2.504403546490593,1.1377618283581192,False,False,False,False,294.34622443181826,basis_category;release_trigger_category;schedule_form_category;n_release_steps;final_retained_share,descriptive P1 measurement-validity evidence; not causal
东莞,定安,0.6666666666666666,3.0,5.6000000000000005,4.577165334552996,5.4608071667764015,False,False,False,False,34.142108238636354,basis_category;release_trigger_category;schedule_form_category;n_release_steps;final_retained_share,descriptive P1 measurement-validity evidence; not causal
东莞,屯昌,0.3333333333333333,3.7,6.300000000000001,4.6803554942706995,0.38489953780621455,False,False,False,False,34.142108238636354,basis_category;release_trigger_category;schedule_form_category;n_release_steps;final_retained_share,descriptive P1 measurement-validity evidence; not causal
东莞,广州,0.6666666666666666,3.366666666666667,5.966666666666668,3.073483273536906,0.9488595656601184,False,False,False,False,143.34415454545467,basis_category;release_trigger_category;schedule_form_category;n_release_steps;final_retained_share,descriptive P1 measurement-validity evidence; not causal
东莞,惠州,0.3333333333333333,2.3000000000000003,3.2333333333333334,0.9346933073965475,2.5010209270936823,False,False,False,False,53.90462954545467,basis_category;release_trigger_category;schedule_form_category;n_release_steps;final_retained_share,descriptive P1 measurement-validity evidence; not causal
东莞,文昌,0.6666666666666666,2.0,4.2666666666666675,3.835250025329515,4.066683441481964,False,False,False,False,34.14210823863647,basis_category;release_trigger_category;schedule_form_category;n_release_steps;final_retained_share,descriptive P1 measurement-validity evidence; not causal
东莞,昌江,0.6666666666666666,2.333333333333334,4.6000000000000005,3.835250025329515,4.066683441481964,False,False,False,False,38.82864900568188,basis_category;release_trigger_category;schedule_form_category;n_release_steps;final_retained_share,descriptive P1 measurement-validity evidence; not causal
东莞,汕头,0.3333333333333333,2.266666666666667,3.8000000000000007,3.526377836673001,0.3222283323039079,False,False,False,False,209.08914488636356,basis_category;release_trigger_category;schedule_form_category;n_release_steps;final_retained_share,descriptive P1 measurement-validity evidence; not causal
东莞,海口,0.6666666666666666,3.7166666666666672,6.316666666666668,4.866033249424007,2.4544367343900495,False,False,False,False,31.591801917613736,basis_category;release_trigger_category;schedule_form_category;n_release_steps;final_retained_share,descriptive P1 measurement-validity evidence; not causal
东莞,深圳,1.0,4.350000000000001,7.283333333333335,0.7017645262099039,1.3683426698682641,False,False,False,False,147.83413352272737,basis_category;release_trigger_category;schedule_form_category;n_release_steps;final_retained_share,descriptive P1 measurement-validity evidence; not causal
东莞,清远,0.3333333333333333,1.4000000000000004,2.9333333333333336,4.02172970737459,0.6972328170909794,False,False,False,False,68.17755397727274,basis_category;release_trigger_category;schedule_form_category;n_release_steps;final_retained_share,descriptive P1 measurement-validity evidence; not causal
东莞,澄迈,0.6666666666666666,2.3000000000000003,4.700000000000001,3.247143488892644,6.926197557066952,False,False,False,False,340.31900994318175,basis_category;release_trigger_category;schedule_form_category;n_release_steps;final_retained_share,descriptive P1 measurement-validity evidence; not causal
东莞,珠海,0.0,2.7,4.7666666666666675,3.988228992567273,1.7890397073232016,False,False,False,False,1204.243605113637,basis_category;release_trigger_category;schedule_form_category;n_release_steps;final_retained_share,descriptive P1 measurement-validity evidence; not causal
东莞,琼中,0.6666666666666666,2.033333333333333,4.233333333333334,4.473198554396193,1.5525464870629353,False,False,False,False,798.9048693181818,basis_category;release_trigger_category;schedule_form_category;n_release_steps;final_retained_share,descriptive P1 measurement-validity evidence; not causal
东莞,琼海,0.6666666666666666,3.433333333333334,6.366666666666667,6.202943225343957,4.776967140823458,False,False,False,False,1409.17509062287,basis_category;release_trigger_category;schedule_form_category;n_release_steps;final_retained_share,descriptive P1 measurement-validity evidence; not causal
东莞,白沙,0.6666666666666666,3.083333333333334,6.0166666666666675,2.667172072857124,0.29821595047973304,False,False,False,False,114.54733778409098,basis_category;release_trigger_category;schedule_form_category;n_release_steps;final_retained_share,descriptive P1 measurement-validity evidence; not causal
东莞,肇庆,0.6666666666666666,1.9666666666666668,4.566666666666667,3.576644662665164,4.702099321788232,False,False,False,False,284.50502102272736,basis_category;release_trigger_category;schedule_form_category;n_release_steps;final_retained_share,descriptive P1 measurement-validity evidence; not causal
东莞,陵水,0.6666666666666666,2.666666666666667,5.2666666666666675,3.8948031653291992,2.512957381123985,False,False,False,False,29.60613906249995,basis_category;release_trigger_category;schedule_form_category;n_release_steps;final_retained_share,descriptive P1 measurement-validity evidence; not causal
东莞,韶关,0.3333333333333333,2.683333333333334,5.216666666666668,4.899150371871322,0.3351943070123298,False,False,False,False,240.36261079545443,basis_category;release_trigger_category;schedule_form_category;n_release_steps;final_retained_share,descriptive P1 measurement-validity evidence; not causal
东营,中卫,0.3333333333333333,0.5999999999999996,0.06666666666666643,5.98045212158526,0.18522440343186464,False,False,False,False,394.27511759218766,basis_category;release_trigger_category;schedule_form_category;n_release_steps;final_retained_share,descriptive P1 measurement-validity evidence; not causal
东营,中山,0.3333333333333333,0.2999999999999998,1.3999999999999995,4.91047845011397,2.4988008809278623,False,False,False,False,336.21666382946734,basis_category;release_trigger_category;schedule_form_category;n_release_steps;final_retained_share,descriptive P1 measurement-validity evidence; not causal
东营,临高,0.6666666666666666,2.1000000000000005,2.2333333333333334,6.951474100089384,6.859361549631319,False,False,False,False,341.52433296342315,basis_category;release_trigger_category;schedule_form_category;n_release_steps;final_retained_share,descriptive P1 measurement-validity evidence; not causal
东营,丽水,0.6666666666666666,2.5000000000000004,3.2333333333333334,8.644850772074145,3.0663056961810584,False,False,False,False,391.5614221590908,basis_category;release_trigger_category;schedule_form_category;n_release_steps;final_retained_share,descriptive P1 measurement-validity evidence; not causal
东营,义乌,0.6666666666666666,1.8000000000000007,2.283333333333333,8.589420120354179,1.7554207493409697,False,False,False,False,6863.434247975853,basis_category;release_trigger_category;schedule_form_category;n_release_steps;final_retained_share,descriptive P1 measurement-validity evidence; not causal
东营,乐东,0.3333333333333333,2.966666666666667,4.1,8.69264567995617,0.8542422340704805,False,False,False,False,373.7477208429228,basis_category;release_trigger_category;schedule_form_category;n_release_steps;final_retained_share,descriptive P1 measurement-validity evidence; not causal
东营,乐山,0.3333333333333333,0.6333333333333337,1.2333333333333334,6.157748874642091,1.8918154818998643,False,False,False,False,380.30460142045445,basis_category;release_trigger_category;schedule_form_category;n_release_steps;final_retained_share,descriptive P1 measurement-validity evidence; not causal
东营,九江,0.3333333333333333,1.3666666666666676,0.36666666666666714,3.5766132786185336,2.497532821063852,False,False,False,False,425.3271014204544,basis_category;release_trigger_category;schedule_form_category;n_release_steps;final_retained_share,descriptive P1 measurement-validity evidence; not causal
东营,五指山,0.6666666666666666,2.7666666666666666,3.5666666666666664,8.472305344339546,1.8919153329980842,False,False,False,False,151.92673522727262,basis_category;release_trigger_category;schedule_form_category;n_release_steps;final_retained_share,descriptive P1 measurement-validity evidence; not causal
东营,佛山,0.6666666666666666,0.7000000000000002,0.2666666666666675,8.083030843236918,1.503612024738267,False,False,False,False,396.9443565340908,basis_category;release_trigger_category;schedule_form_category;n_release_steps;final_retained_share,descriptive P1 measurement-validity evidence; not causal
东营,信阳,0.5,1.9000000000000004,2.166666666666666,8.593954141237184,1.9825171753623527,False,False,False,False,180.72355198863613,basis_category;release_trigger_category;schedule_form_category;n_release_steps;final_retained_share,descriptive P1 measurement-validity evidence; not causal
东营,儋州,0.6666666666666666,2.3000000000000007,2.5666666666666664,7.5030407540554105,4.012106351838229,False,False,False,False,114.40815233883467,basis_category;release_trigger_category;schedule_form_category;n_release_steps;final_retained_share,descriptive P1 measurement-validity evidence; not causal
东营,六安,1.0,1.7000000000000006,1.9666666666666668,9.403544369955009,3.7000518974531738,False,False,False,False,416.6880563920453,basis_category;release_trigger_category;schedule_form_category;n_release_steps;final_retained_share,descriptive P1 measurement-validity evidence; not causal
东营,兰州,0.6666666666666666,0.3000000000000007,0.09999999999999964,5.733297794235236,3.720381297098995,False,False,False,False,392.470937121212,basis_category;release_trigger_category;schedule_form_category;n_release_steps;final_retained_share,descriptive P1 measurement-validity evidence; not causal
东营,北京,0.3333333333333333,0.06666666666666643,0.5999999999999996,3.5691756955710723,0.24089198782935917,False,False,False,False,134.11223387784082,basis_category;release_trigger_category;schedule_form_category;n_release_steps;final_retained_share,descriptive P1 measurement-validity evidence; not causal
东营,北海,0.3333333333333333,1.7666666666666666,2.8999999999999995,7.500292058106324,1.5454156589058776,False,False,False,False,107.00259289772714,basis_category;release_trigger_category;schedule_form_category;n_release_steps;final_retained_share,descriptive P1 measurement-validity evidence; not causal
东营,合肥,0.6666666666666666,1.7666666666666666,2.3166666666666664,6.301460321146636,2.725853791663865,False,False,False,False,412.1308514204544,basis_category;release_trigger_category;schedule_form_category;n_release_steps;final_retained_share,descriptive P1 measurement-validity evidence; not causal
东营,定安,0.6666666666666666,2.0666666666666664,2.8666666666666663,8.37422210920904,3.872715203470656,False,False,False,False,151.9267352272725,basis_category;release_trigger_category;schedule_form_category;n_release_steps;final_retained_share,descriptive P1 measurement-validity evidence; not causal
东营,屯昌,0.3333333333333333,2.7666666666666666,3.5666666666666664,8.477412268926741,1.9729915011119603,False,False,False,False,151.9267352272725,basis_category;release_trigger_category;schedule_form_category;n_release_steps;final_retained_share,descriptive P1 measurement-validity evidence; not causal
东营,广州,0.6666666666666666,2.4333333333333336,3.2333333333333334,6.870540048192948,2.536951528965864,False,False,False,False,261.1287815340908,basis_category;release_trigger_category;schedule_form_category;n_release_steps;final_retained_share,descriptive P1 measurement-validity evidence; not causal
东营,惠州,0.3333333333333333,1.3666666666666667,0.4999999999999991,4.73175008205259,0.9129289637879365,False,False,False,False,171.68925653409082,basis_category;release_trigger_category;schedule_form_category;n_release_steps;final_retained_share,descriptive P1 measurement-validity evidence; not causal
东营,文昌,0.6666666666666666,1.0666666666666664,1.5333333333333332,7.6323067999855585,2.4785914781762184,False,False,False,False,151.92673522727262,basis_category;release_trigger_category;schedule_form_category;n_release_steps;final_retained_share,descriptive P1 measurement-validity evidence; not causal
东营,昌江,0.6666666666666666,1.4000000000000004,1.8666666666666663,7.6323067999855585,2.4785914781762184,False,False,False,False,156.61327599431803,basis_category;release_trigger_category;schedule_form_category;n_release_steps;final_retained_share,descriptive P1 measurement-validity evidence; not causal
东营,汕头,0.3333333333333333,1.3333333333333335,1.0666666666666664,7.323434611329044,1.2658636310018379,False,False,False,False,91.30451789772741,basis_category;release_trigger_category;schedule_form_category;n_release_steps;final_retained_share,descriptive P1 measurement-validity evidence; not causal
东营,海口,0.6666666666666666,2.7833333333333337,3.5833333333333335,8.663090024080049,0.8663447710843037,False,False,False,False,86.19282507102241,basis_category;release_trigger_category;schedule_form_category;n_release_steps;final_retained_share,descriptive P1 measurement-validity evidence; not causal
东营,深圳,1.0,3.416666666666668,4.550000000000001,4.498821300865947,0.21974929343748162,False,False,False,True,265.6187605113635,basis_category;release_trigger_category;schedule_form_category;n_release_steps;final_retained_share,descriptive P1 measurement-validity evidence; not causal
东营,清远,0.3333333333333333,0.4666666666666668,0.1999999999999993,7.818786482030633,0.8908591462147664,False,False,False,False,49.60707301136341,basis_category;release_trigger_category;schedule_form_category;n_release_steps;final_retained_share,descriptive P1 measurement-validity evidence; not causal
东营,澄迈,0.6666666666666666,1.3666666666666667,1.9666666666666668,7.044200263548687,5.338105593761206,False,False,False,False,222.5343829545456,basis_category;release_trigger_category;schedule_form_category;n_release_steps;final_retained_share,descriptive P1 measurement-validity evidence; not causal
东营,珠海,0.3333333333333333,1.7666666666666666,2.033333333333333,7.785285767223316,0.20094774401745585,False,False,False,False,1086.4589781250006,basis_category;release_trigger_category;schedule_form_category;n_release_steps;final_retained_share,descriptive P1 measurement-validity evidence; not causal
东营,琼中,0.6666666666666666,1.0999999999999996,1.5,8.270255329052237,3.140638450368681,False,False,False,False,681.1202423295456,basis_category;release_trigger_category;schedule_form_category;n_release_steps;final_retained_share,descriptive P1 measurement-validity evidence; not causal
东营,琼海,0.6666666666666666,2.5000000000000004,3.6333333333333333,10.0,3.188875177517712,False,False,False,False,1291.3904636342336,basis_category;release_trigger_category;schedule_form_category;n_release_steps;final_retained_share,descriptive P1 measurement-validity evidence; not causal
东营,白沙,0.6666666666666666,2.1500000000000004,3.283333333333333,6.4642288475131675,1.2898760128260127,False,False,False,False,232.33196477272713,basis_category;release_trigger_category;schedule_form_category;n_release_steps;final_retained_share,descriptive P1 measurement-validity evidence; not causal
东营,肇庆,0.6666666666666666,1.0333333333333332,1.833333333333333,7.373701437321207,3.1140073584824868,False,False,False,False,402.2896480113635,basis_category;release_trigger_category;schedule_form_category;n_release_steps;final_retained_share,descriptive P1 measurement-validity evidence; not causal
东营,陵水,0.6666666666666666,1.7333333333333334,2.533333333333333,7.6918599399852425,0.9248654178182392,False,False,False,False,88.1784879261362,basis_category;release_trigger_category;schedule_form_category;n_release_steps;final_retained_share,descriptive P1 measurement-validity evidence; not causal
东营,韶关,0.3333333333333333,1.7500000000000004,2.4833333333333334,8.696207146527366,1.9232862703180755,False,False,False,False,122.57798380681828,basis_category;release_trigger_category;schedule_form_category;n_release_steps;final_retained_share,descriptive P1 measurement-validity evidence; not causal
中卫,中山,0.5192307692307693,0.8999999999999995,1.333333333333333,1.0699736714712893,2.3135764774959977,False,False,False,False,58.05845376272029,basis_category;release_trigger_category;schedule_form_category;n_release_steps;final_retained_share,descriptive P1 measurement-validity evidence; not causal
中卫,临高,0.6538461538461539,2.7,2.3,0.9710219785041243,7.044585953063184,False,False,False,False,52.75078462876449,basis_category;release_trigger_category;schedule_form_category;n_release_steps;final_retained_share,descriptive P1 measurement-validity evidence; not causal
中卫,丽水,0.6666666666666666,3.1,3.3,2.6643986504888852,2.881081292749194,False,False,False,False,2.71369543309687,basis_category;release_trigger_category;schedule_form_category;n_release_steps;final_retained_share,descriptive P1 measurement-validity evidence; not causal
中卫,义乌,0.2692307692307692,2.4000000000000004,2.3499999999999996,2.608967998768918,1.9406451527728343,False,False,False,False,7257.709365568041,basis_category;release_trigger_category;schedule_form_category;n_release_steps;final_retained_share,descriptive P1 measurement-validity evidence; not causal
中卫,乐东,0.5384615384615384,3.5666666666666664,4.166666666666666,2.7121935583709105,0.6690178306386159,False,False,False,False,20.527396749264856,basis_category;release_trigger_category;schedule_form_category;n_release_steps;final_retained_share,descriptive P1 measurement-validity evidence; not causal
中卫,乐山,0.5384615384615384,1.2333333333333334,1.2999999999999998,0.17729675305683124,1.7065910784679996,False,False,False,False,13.970516171733227,basis_category;release_trigger_category;schedule_form_category;n_release_steps;final_retained_share,descriptive P1 measurement-validity evidence; not causal
中卫,九江,0.6666666666666666,1.9666666666666672,0.3000000000000007,2.403838842966726,2.3123084176319875,False,False,False,False,31.05198382826678,basis_category;release_trigger_category;schedule_form_category;n_release_steps;final_retained_share,descriptive P1 measurement-validity evidence; not causal
中卫,五指山,0.6666666666666666,3.3666666666666663,3.633333333333333,2.491853222754285,1.7066909295662196,False,False,False,False,242.34838236491504,basis_category;release_trigger_category;schedule_form_category;n_release_steps;final_retained_share,descriptive P1 measurement-validity evidence; not causal
中卫,佛山,1.0,1.2999999999999998,0.20000000000000107,2.1025787216516583,1.6888364281701316,False,True,False,False,2.669238941903142,basis_category;release_trigger_category;schedule_form_category;n_release_steps;final_retained_share,descriptive P1 measurement-validity evidence; not causal
中卫,信阳,0.5,2.5,2.2333333333333325,2.613502019651924,1.797292771930488,False,False,False,False,213.55156560355152,basis_category;release_trigger_category;schedule_form_category;n_release_steps;final_retained_share,descriptive P1 measurement-validity evidence; not causal
中卫,儋州,0.3076923076923077,2.9000000000000004,2.633333333333333,1.5225886324701512,4.197330755270094,False,False,False,False,508.6832699310223,basis_category;release_trigger_category;schedule_form_category;n_release_steps;final_retained_share,descriptive P1 measurement-validity evidence; not causal
中卫,六安,0.7948717948717948,2.3000000000000003,2.033333333333333,3.4230922483697492,3.8852763008850384,False,False,False,False,22.412938799857685,basis_category;release_trigger_category;schedule_form_category;n_release_steps;final_retained_share,descriptive P1 measurement-validity evidence; not causal
中卫,兰州,0.3333333333333333,0.9000000000000004,0.16666666666666607,0.24715432735002363,3.9056057005308595,False,False,False,False,1.8041804709756413,basis_category;release_trigger_category;schedule_form_category;n_release_steps;final_retained_share,descriptive P1 measurement-validity evidence; not causal
中卫,北京,0.5192307692307693,0.5333333333333332,0.5333333333333332,2.4112764260141875,0.05566758439749453,False,False,False,False,260.16288371434683,basis_category;release_trigger_category;schedule_form_category;n_release_steps;final_retained_share,descriptive P1 measurement-validity evidence; not causal
中卫,北海,0.0,2.3666666666666663,2.966666666666666,1.5198399365210644,1.7306400623377423,False,False,False,False,287.2725246944605,basis_category;release_trigger_category;schedule_form_category;n_release_steps;final_retained_share,descriptive P1 measurement-validity evidence; not causal
中卫,合肥,0.3333333333333333,2.3666666666666663,2.383333333333333,0.3210081995613763,2.5406293882320004,False,False,False,False,17.855733828266782,basis_category;release_trigger_category;schedule_form_category;n_release_steps;final_retained_share,descriptive P1 measurement-validity evidence; not causal
中卫,定安,0.6666666666666666,2.666666666666666,2.9333333333333327,2.393769987623779,4.05793960690252,False,False,False,False,242.34838236491515,basis_category;release_trigger_category;schedule_form_category;n_release_steps;final_retained_share,descriptive P1 measurement-validity evidence; not causal
中卫,屯昌,0.6666666666666666,3.3666666666666663,3.633333333333333,2.496960147341482,1.7877670976800957,False,False,False,False,242.34838236491515,basis_category;release_trigger_category;schedule_form_category;n_release_steps;final_retained_share,descriptive P1 measurement-validity evidence; not causal
中卫,广州,1.0,3.033333333333333,3.3,0.8900879266076891,2.3517271255339995,False,False,False,False,133.14633605809684,basis_category;release_trigger_category;schedule_form_category;n_release_steps;final_retained_share,descriptive P1 measurement-validity evidence; not causal
中卫,惠州,0.5192307692307693,1.9666666666666663,0.5666666666666655,1.2487020395326693,1.0981533672198012,False,False,False,False,222.58586105809684,basis_category;release_trigger_category;schedule_form_category;n_release_steps;final_retained_share,descriptive P1 measurement-validity evidence; not causal
中卫,文昌,0.6666666666666666,1.666666666666666,1.5999999999999996,1.6518546784002983,2.663815881608083,False,False,False,False,242.34838236491504,basis_category;release_trigger_category;schedule_form_category;n_release_steps;final_retained_share,descriptive P1 measurement-validity evidence; not causal
中卫,昌江,0.6666666666666666,2.0,1.9333333333333327,1.6518546784002983,2.663815881608083,False,False,False,False,237.66184159786962,basis_category;release_trigger_category;schedule_form_category;n_release_steps;final_retained_share,descriptive P1 measurement-validity evidence; not causal
中卫,汕头,0.6666666666666666,1.9333333333333331,1.1333333333333329,1.3429824897437843,1.0806392275699732,False,False,False,False,485.57963548991506,basis_category;release_trigger_category;schedule_form_category;n_release_steps;final_retained_share,descriptive P1 measurement-validity evidence; not causal
中卫,海口,0.2692307692307692,3.3833333333333333,3.65,2.6826379024947893,1.0515691745161684,False,False,False,False,308.08229252116524,basis_category;release_trigger_category;schedule_form_category;n_release_steps;final_retained_share,descriptive P1 measurement-validity evidence; not causal
中卫,深圳,0.7948717948717948,4.0166666666666675,4.616666666666667,1.481630820719313,0.03452489000561698,False,False,False,True,128.65635708082414,basis_category;release_trigger_category;schedule_form_category;n_release_steps;final_retained_share,descriptive P1 measurement-validity evidence; not causal
中卫,清远,0.6666666666666666,1.0666666666666664,0.2666666666666657,1.8383343604453732,0.7056347427829017,False,False,False,False,344.66804458082424,basis_category;release_trigger_category;schedule_form_category;n_release_steps;final_retained_share,descriptive P1 measurement-validity evidence; not causal
中卫,澄迈,0.40384615384615385,1.9666666666666663,2.033333333333333,1.0637481419634272,5.523329997193071,False,False,False,False,616.8095005467333,basis_category;release_trigger_category;schedule_form_category;n_release_steps;final_retained_share,descriptive P1 measurement-validity evidence; not causal
中卫,珠海,0.5576923076923077,2.3666666666666663,2.0999999999999996,1.8048336456380563,0.3861721474493205,False,False,False,False,1480.7340957171882,basis_category;release_trigger_category;schedule_form_category;n_release_steps;final_retained_share,descriptive P1 measurement-validity evidence; not causal
中卫,琼中,0.25,1.6999999999999993,1.5666666666666664,2.289803207466976,2.9554140469368164,False,False,False,False,1075.3953599217332,basis_category;release_trigger_category;schedule_form_category;n_release_steps;final_retained_share,descriptive P1 measurement-validity evidence; not causal
中卫,琼海,0.3333333333333333,3.1,3.6999999999999997,4.01954787841474,3.3740995809495766,False,False,False,False,1685.6655812264212,basis_category;release_trigger_category;schedule_form_category;n_release_steps;final_retained_share,descriptive P1 measurement-validity evidence; not causal
中卫,白沙,0.40384615384615385,2.75,3.3499999999999996,0.4837767259279073,1.104651609394148,False,False,False,False,161.94315281946052,basis_category;release_trigger_category;schedule_form_category;n_release_steps;final_retained_share,descriptive P1 measurement-validity evidence; not causal
中卫,肇庆,0.7884615384615384,1.6333333333333329,1.8999999999999995,1.3932493157359471,3.2992317619143514,False,False,False,False,8.01453041917587,basis_category;release_trigger_category;schedule_form_category;n_release_steps;final_retained_share,descriptive P1 measurement-validity evidence; not causal
中卫,陵水,0.6666666666666666,2.333333333333333,2.5999999999999996,1.7114078183999824,1.1100898212501038,False,False,False,False,306.09662966605146,basis_category;release_trigger_category;schedule_form_category;n_release_steps;final_retained_share,descriptive P1 measurement-validity evidence; not causal
中卫,韶关,0.6666666666666666,2.35,2.55,2.715755024942105,1.738061866886211,False,False,False,False,516.8531013990059,basis_category;release_trigger_category;schedule_form_category;n_release_steps;final_retained_share,descriptive P1 measurement-validity evidence; not causal
中山,临高,0.6730769230769231,1.8000000000000007,3.633333333333333,2.0409956499754136,9.358162430559181,False,False,False,False,5.307669133955798,basis_category;release_trigger_category;schedule_form_category;n_release_steps;final_retained_share,descriptive P1 measurement-validity evidence; not causal
中山,丽水,0.6666666666666666,2.2000000000000006,4.633333333333333,3.7343723219601745,0.5675048152531961,False,False,False,False,55.344758329623424,basis_category;release_trigger_category;schedule_form_category;n_release_steps;final_retained_share,descriptive P1 measurement-validity evidence; not causal
中山,义乌,0.23076923076923075,1.5000000000000009,3.6833333333333327,3.6789416702402074,4.254221630268832,False,False,False,False,7199.650911805321,basis_category;release_trigger_category;schedule_form_category;n_release_steps;final_retained_share,descriptive P1 measurement-validity evidence; not causal
中山,乐东,0.21538461538461537,2.666666666666667,5.499999999999999,3.7821672298421998,1.6445586468573818,False,False,False,False,37.53105701345544,basis_category;release_trigger_category;schedule_form_category;n_release_steps;final_retained_share,descriptive P1 measurement-validity evidence; not causal
中山,乐山,0.019230769230769232,0.3333333333333339,2.633333333333333,1.2472704245281205,0.6069853990279981,False,False,False,False,44.08793759098707,basis_category;release_trigger_category;schedule_form_category;n_release_steps;final_retained_share,descriptive P1 measurement-validity evidence; not causal
中山,九江,0.6666666666666666,1.0666666666666678,1.0333333333333323,1.3338651714954368,0.0012680598640102403,False,False,False,False,89.11043759098708,basis_category;release_trigger_category;schedule_form_category;n_release_steps;final_retained_share,descriptive P1 measurement-validity evidence; not causal
中山,五指山,0.3333333333333333,2.466666666666667,4.966666666666666,3.5618268942255744,0.6068855479297781,False,False,False,False,184.28992860219472,basis_category;release_trigger_category;schedule_form_category;n_release_steps;final_retained_share,descriptive P1 measurement-validity evidence; not causal
中山,佛山,0.3333333333333333,0.40000000000000036,1.133333333333332,3.1725523931229476,4.002412905666129,False,False,False,False,60.727692704623436,basis_category;release_trigger_category;schedule_form_category;n_release_steps;final_retained_share,descriptive P1 measurement-validity evidence; not causal
中山,信阳,1.0,1.6000000000000005,3.5666666666666655,3.6834756911232134,0.5162837055655096,False,False,False,True,155.4931118408312,basis_category;release_trigger_category;schedule_form_category;n_release_steps;final_retained_share,descriptive P1 measurement-validity evidence; not causal
中山,儋州,0.43076923076923074,2.000000000000001,3.966666666666666,2.5925623039414405,6.510907232766091,False,False,False,False,450.624816168302,basis_category;release_trigger_category;schedule_form_category;n_release_steps;final_retained_share,descriptive P1 measurement-validity evidence; not causal
中山,六安,0.7692307692307692,1.4000000000000008,3.3666666666666663,4.4930659198410385,6.1988527783810365,False,False,False,False,80.47139256257798,basis_category;release_trigger_category;schedule_form_category;n_release_steps;final_retained_share,descriptive P1 measurement-validity evidence; not causal
中山,兰州,0.5,8.881784197001252e-16,1.4999999999999991,0.8228193441212657,6.219182178026857,False,False,False,False,56.25427329174465,basis_category;release_trigger_category;schedule_form_category;n_release_steps;final_retained_share,descriptive P1 measurement-validity evidence; not causal
中山,北京,0.2,0.36666666666666625,0.7999999999999998,1.3413027545428982,2.257908893098503,False,False,False,False,202.1044299516265,basis_category;release_trigger_category;schedule_form_category;n_release_steps;final_retained_share,descriptive P1 measurement-validity evidence; not causal
中山,北海,0.6666666666666666,1.4666666666666668,4.299999999999999,2.5898136079923537,4.04421653983374,False,False,False,False,229.2140709317402,basis_category;release_trigger_category;schedule_form_category;n_release_steps;final_retained_share,descriptive P1 measurement-validity evidence; not causal
中山,合肥,0.6666666666666666,1.4666666666666668,3.716666666666666,1.3909818710326656,0.22705291073600264,False,False,False,False,75.91418759098707,basis_category;release_trigger_category;schedule_form_category;n_release_steps;final_retained_share,descriptive P1 measurement-validity evidence; not causal
中山,定安,0.6666666666666666,1.7666666666666666,4.266666666666666,3.4637436590950683,6.371516084398518,False,False,False,False,184.28992860219483,basis_category;release_trigger_category;schedule_form_category;n_release_steps;final_retained_share,descriptive P1 measurement-validity evidence; not causal
中山,屯昌,0.0,2.466666666666667,4.966666666666666,3.5669338188127715,0.525809379815902,False,False,False,False,184.28992860219483,basis_category;release_trigger_category;schedule_form_category;n_release_steps;final_retained_share,descriptive P1 measurement-validity evidence; not causal
中山,广州,0.25,2.1333333333333337,4.633333333333333,1.9600615980789784,0.03815064803800183,False,False,False,False,75.08788229537653,basis_category;release_trigger_category;schedule_form_category;n_release_steps;final_retained_share,descriptive P1 measurement-validity evidence; not causal
中山,惠州,0.03076923076923077,1.0666666666666669,1.8999999999999986,0.17872836806138004,3.411729844715799,False,False,False,False,164.52740729537652,basis_category;release_trigger_category;schedule_form_category;n_release_steps;final_retained_share,descriptive P1 measurement-validity evidence; not causal
中山,文昌,0.6666666666666666,0.7666666666666666,2.9333333333333327,2.7218283498715876,4.977392359104081,False,False,False,False,184.28992860219472,basis_category;release_trigger_category;schedule_form_category;n_release_steps;final_retained_share,descriptive P1 measurement-validity evidence; not causal
中山,昌江,0.6666666666666666,1.1000000000000005,3.2666666666666657,2.7218283498715876,4.977392359104081,False,False,False,False,179.6033878351493,basis_category;release_trigger_category;schedule_form_category;n_release_steps;final_retained_share,descriptive P1 measurement-validity evidence; not causal
中山,汕头,0.5,1.0333333333333337,2.466666666666666,2.4129561612150736,1.2329372499260245,False,False,False,False,427.52118172719474,basis_category;release_trigger_category;schedule_form_category;n_release_steps;final_retained_share,descriptive P1 measurement-validity evidence; not causal
中山,海口,0.23076923076923075,2.483333333333334,4.9833333333333325,3.7526115739660786,3.365145652012166,False,False,False,False,250.02383875844492,basis_category;release_trigger_category;schedule_form_category;n_release_steps;final_retained_share,descriptive P1 measurement-validity evidence; not causal
中山,深圳,0.7692307692307692,3.116666666666668,5.95,0.41165714924802366,2.2790515874903807,False,False,True,False,70.59790331810383,basis_category;release_trigger_category;schedule_form_category;n_release_steps;final_retained_share,descriptive P1 measurement-validity evidence; not causal
中山,清远,0.3333333333333333,0.16666666666666696,1.5999999999999988,2.9083080319166625,1.607941734713096,False,False,False,False,286.6095908181039,basis_category;release_trigger_category;schedule_form_category;n_release_steps;final_retained_share,descriptive P1 measurement-validity evidence; not causal
中山,澄迈,0.3384615384615385,1.0666666666666669,3.3666666666666663,2.1337218134347165,7.836906474689068,False,False,False,False,558.7510467840129,basis_category;release_trigger_category;schedule_form_category;n_release_steps;final_retained_share,descriptive P1 measurement-validity evidence; not causal
中山,珠海,0.28846153846153844,1.4666666666666668,3.4333333333333327,2.8748073171093456,2.699748624945318,False,False,False,False,1422.6756419544681,basis_category;release_trigger_category;schedule_form_category;n_release_steps;final_retained_share,descriptive P1 measurement-validity evidence; not causal
中山,琼中,0.21538461538461537,0.7999999999999998,2.8999999999999995,3.3597768789382654,0.6418375694408187,False,False,False,False,1017.336906159013,basis_category;release_trigger_category;schedule_form_category;n_release_steps;final_retained_share,descriptive P1 measurement-validity evidence; not causal
中山,琼海,0.25,2.2000000000000006,5.033333333333333,5.08952154988603,5.687676058445574,False,False,False,False,1627.607127463701,basis_category;release_trigger_category;schedule_form_category;n_release_steps;final_retained_share,descriptive P1 measurement-validity evidence; not causal
中山,白沙,0.3384615384615385,1.8500000000000005,4.683333333333333,1.5537503973991966,1.2089248681018496,False,False,False,False,103.88469905674022,basis_category;release_trigger_category;schedule_form_category;n_release_steps;final_retained_share,descriptive P1 measurement-validity evidence; not causal
中山,肇庆,0.2692307692307692,0.7333333333333334,3.2333333333333325,2.4632229872072364,5.612808239410349,False,False,False,False,66.07298418189616,basis_category;release_trigger_category;schedule_form_category;n_release_steps;final_retained_share,descriptive P1 measurement-validity evidence; not causal
中山,陵水,0.6666666666666666,1.4333333333333336,3.9333333333333327,2.7813814898712717,3.4236662987461015,False,False,False,False,248.03817590333114,basis_category;release_trigger_category;schedule_form_category;n_release_steps;final_retained_share,descriptive P1 measurement-validity evidence; not causal
中山,韶关,0.0,1.4500000000000006,3.883333333333333,3.7857286964133943,0.5755146106097868,False,False,False,False,458.7946476362856,basis_category;release_trigger_category;schedule_form_category;n_release_steps;final_retained_share,descriptive P1 measurement-validity evidence; not causal
临高,丽水,0.0,0.3999999999999999,1.0,1.693376671984761,9.925667245812377,False,False,False,False,50.037089195667626,basis_category;release_trigger_category;schedule_form_category;n_release_steps;final_retained_share,descriptive P1 measurement-validity evidence; not causal
临高,义乌,0.6346153846153846,0.2999999999999998,0.04999999999999982,1.637946020264794,5.103940800290349,False,False,False,False,7204.9585809392765,basis_category;release_trigger_category;schedule_form_category;n_release_steps;final_retained_share,descriptive P1 measurement-validity evidence; not causal
临高,乐东,0.6923076923076923,0.8666666666666663,1.8666666666666663,1.741171579866786,7.713603783701799,False,False,False,False,32.22338787949964,basis_category;release_trigger_category;schedule_form_category;n_release_steps;final_retained_share,descriptive P1 measurement-validity evidence; not causal
临高,乐山,0.6923076923076923,1.4666666666666668,1.0,0.7937252254472931,8.751177031531183,False,False,False,False,38.78026845703127,basis_category;release_trigger_category;schedule_form_category;n_release_steps;final_retained_share,descriptive P1 measurement-validity evidence; not causal
临高,九江,1.0,0.733333333333333,2.6000000000000005,3.3748608214708504,9.356894370695171,False,False,False,False,83.80276845703128,basis_category;release_trigger_category;schedule_form_category;n_release_steps;final_retained_share,descriptive P1 measurement-validity evidence; not causal
临高,五指山,0.3333333333333333,0.6666666666666661,1.333333333333333,1.520831244250161,8.751276882629403,False,False,False,False,189.59759773615053,basis_category;release_trigger_category;schedule_form_category;n_release_steps;final_retained_share,descriptive P1 measurement-validity evidence; not causal
临高,佛山,1.0,1.4000000000000004,2.500000000000001,1.131556743147534,5.355749524893052,False,False,False,False,55.42002357066764,basis_category;release_trigger_category;schedule_form_category;n_release_steps;final_retained_share,descriptive P1 measurement-validity evidence; not causal
临高,信阳,0.5,0.20000000000000018,0.06666666666666732,1.6424800411478,8.841878724993672,False,False,False,False,160.80078097478702,basis_category;release_trigger_category;schedule_form_category;n_release_steps;final_retained_share,descriptive P1 measurement-validity evidence; not causal
临高,儋州,0.7115384615384616,0.20000000000000018,0.33333333333333304,0.5515666539660269,2.84725519779309,True,True,True,False,455.9324853022578,basis_category;release_trigger_category;schedule_form_category;n_release_steps;final_retained_share,descriptive P1 measurement-validity evidence; not causal
临高,六安,0.6666666666666666,0.3999999999999999,0.2666666666666666,2.452070269865625,3.159309652178145,False,False,False,False,75.16372342862218,basis_category;release_trigger_category;schedule_form_category;n_release_steps;final_retained_share,descriptive P1 measurement-validity evidence; not causal
临高,兰州,0.6666666666666666,1.7999999999999998,2.1333333333333337,1.218176305854148,3.138980252532324,False,False,False,False,50.946604157788855,basis_category;release_trigger_category;schedule_form_category;n_release_steps;final_retained_share,descriptive P1 measurement-validity evidence; not causal
临高,北京,0.6730769230769231,2.166666666666667,2.833333333333333,3.3822984045183118,7.100253537460678,False,False,False,False,207.41209908558233,basis_category;release_trigger_category;schedule_form_category;n_release_steps;final_retained_share,descriptive P1 measurement-validity evidence; not causal
临高,北海,0.6666666666666666,0.3333333333333339,0.6666666666666661,0.5488179580169401,5.313945890725441,False,False,False,False,234.521740065696,basis_category;release_trigger_category;schedule_form_category;n_release_steps;final_retained_share,descriptive P1 measurement-validity evidence; not causal
临高,合肥,0.6666666666666666,0.3333333333333339,0.08333333333333304,0.650013778942748,9.585215341295184,False,False,False,False,70.60651845703129,basis_category;release_trigger_category;schedule_form_category;n_release_steps;final_retained_share,descriptive P1 measurement-validity evidence; not causal
临高,定安,0.0,0.0333333333333341,0.6333333333333329,1.422748009119655,2.986646346160663,False,False,False,False,189.59759773615065,basis_category;release_trigger_category;schedule_form_category;n_release_steps;final_retained_share,descriptive P1 measurement-validity evidence; not causal
临高,屯昌,0.6666666666666666,0.6666666666666661,1.333333333333333,1.5259381688373579,8.83235305074328,False,False,False,False,189.59759773615065,basis_category;release_trigger_category;schedule_form_category;n_release_steps;final_retained_share,descriptive P1 measurement-validity evidence; not causal
临高,广州,1.0,0.33333333333333304,1.0,0.08093405189643521,9.396313078597183,True,False,True,False,80.39555142933233,basis_category;release_trigger_category;schedule_form_category;n_release_steps;final_retained_share,descriptive P1 measurement-validity evidence; not causal
临高,惠州,0.6346153846153846,0.7333333333333338,1.7333333333333343,2.2197240180367936,5.946432585843382,False,False,False,False,169.83507642933233,basis_category;release_trigger_category;schedule_form_category;n_release_steps;final_retained_share,descriptive P1 measurement-validity evidence; not causal
临高,文昌,0.0,1.033333333333334,0.7000000000000002,0.680832699896174,4.380770071455101,False,False,False,False,189.59759773615053,basis_category;release_trigger_category;schedule_form_category;n_release_steps;final_retained_share,descriptive P1 measurement-validity evidence; not causal
临高,昌江,0.0,0.7000000000000002,0.36666666666666714,0.680832699896174,4.380770071455101,False,False,False,False,184.91105696910512,basis_category;release_trigger_category;schedule_form_category;n_release_steps;final_retained_share,descriptive P1 measurement-validity evidence; not causal
临高,汕头,0.3333333333333333,0.766666666666667,1.166666666666667,0.37196051123966,8.125225180633157,False,False,False,False,432.82885086115056,basis_category;release_trigger_category;schedule_form_category;n_release_steps;final_retained_share,descriptive P1 measurement-validity evidence; not causal
临高,海口,0.6346153846153846,0.6833333333333331,1.35,1.711615923990665,5.993016778547015,False,False,False,False,255.33150789240074,basis_category;release_trigger_category;schedule_form_category;n_release_steps;final_retained_share,descriptive P1 measurement-validity evidence; not causal
临高,深圳,0.6666666666666666,1.316666666666667,2.3166666666666673,2.4526527992234373,7.079110843068801,False,False,False,False,75.90557245205963,basis_category;release_trigger_category;schedule_form_category;n_release_steps;final_retained_share,descriptive P1 measurement-validity evidence; not causal
临高,清远,0.3333333333333333,1.6333333333333337,2.033333333333334,0.8673123819412489,7.750220695846085,False,False,False,False,291.91725995205974,basis_category;release_trigger_category;schedule_form_category;n_release_steps;final_retained_share,descriptive P1 measurement-validity evidence; not causal
临高,澄迈,0.5,0.7333333333333338,0.2666666666666666,0.09272616345930285,1.521255955870113,False,False,False,False,564.0587159179688,basis_category;release_trigger_category;schedule_form_category;n_release_steps;final_retained_share,descriptive P1 measurement-validity evidence; not causal
临高,珠海,0.7115384615384616,0.3333333333333339,0.20000000000000018,0.833811667133932,6.658413805613863,True,True,False,False,1427.9833110884238,basis_category;release_trigger_category;schedule_form_category;n_release_steps;final_retained_share,descriptive P1 measurement-validity evidence; not causal
临高,琼中,0.6538461538461539,1.0000000000000009,0.7333333333333334,1.318781228962852,10.0,False,False,False,False,1022.6445752929687,basis_category;release_trigger_category;schedule_form_category;n_release_steps;final_retained_share,descriptive P1 measurement-validity evidence; not causal
临高,琼海,0.6666666666666666,0.3999999999999999,1.4,3.048525899910616,3.670486372113607,False,False,False,False,1632.9147965976567,basis_category;release_trigger_category;schedule_form_category;n_release_steps;final_retained_share,descriptive P1 measurement-validity evidence; not causal
临高,白沙,0.5,0.04999999999999982,1.0499999999999998,0.487245252576217,8.149237562457332,False,False,False,False,109.19236819069602,basis_category;release_trigger_category;schedule_form_category;n_release_steps;final_retained_share,descriptive P1 measurement-validity evidence; not causal
临高,肇庆,0.9423076923076923,1.0666666666666673,0.40000000000000036,0.4222273372318228,3.745354191148832,False,True,True,False,60.76531504794036,basis_category;release_trigger_category;schedule_form_category;n_release_steps;final_retained_share,descriptive P1 measurement-validity evidence; not causal
临高,陵水,0.0,0.36666666666666714,0.2999999999999998,0.740385839895858,5.93449613181308,False,False,False,False,253.34584503728695,basis_category;release_trigger_category;schedule_form_category;n_release_steps;final_retained_share,descriptive P1 measurement-validity evidence; not causal
临高,韶关,0.6666666666666666,0.3500000000000001,0.25,1.7447330464379809,8.782647819949394,False,False,False,False,464.10231677024143,basis_category;release_trigger_category;schedule_form_category;n_release_steps;final_retained_share,descriptive P1 measurement-validity evidence; not causal
丽水,义乌,0.6666666666666666,0.6999999999999997,0.9500000000000002,0.05543065171996697,4.821726445522028,False,False,False,False,7254.995670134945,basis_category;release_trigger_category;schedule_form_category;n_release_steps;final_retained_share,descriptive P1 measurement-validity evidence; not causal
丽水,乐东,0.6666666666666666,0.46666666666666634,0.8666666666666663,0.047794907882025006,2.212063462110578,False,False,False,False,17.813701316167986,basis_category;release_trigger_category;schedule_form_category;n_release_steps;final_retained_share,descriptive P1 measurement-validity evidence; not causal
丽水,乐山,0.6666666666666666,1.8666666666666667,2.0,2.487101897432054,1.1744902142811942,False,False,False,False,11.256820738636357,basis_category;release_trigger_category;schedule_form_category;n_release_steps;final_retained_share,descriptive P1 measurement-validity evidence; not causal
丽水,九江,1.0,1.1333333333333329,3.6000000000000005,5.068237493455611,0.5687728751172063,False,False,False,True,33.76567926136365,basis_category;release_trigger_category;schedule_form_category;n_release_steps;final_retained_share,descriptive P1 measurement-validity evidence; not causal
丽水,五指山,0.3333333333333333,0.26666666666666616,0.33333333333333304,0.1725454277345999,1.1743903631829742,False,False,False,False,239.63468693181815,basis_category;release_trigger_category;schedule_form_category;n_release_steps;final_retained_share,descriptive P1 measurement-validity evidence; not causal
丽水,佛山,1.0,1.8000000000000003,3.500000000000001,0.561819928837227,4.569917720919325,False,False,True,False,5.382934375000012,basis_category;release_trigger_category;schedule_form_category;n_release_steps;final_retained_share,descriptive P1 measurement-validity evidence; not causal
丽水,信阳,0.5,0.6000000000000001,1.0666666666666673,0.05089663083696094,1.0837885208187057,False,False,False,False,210.83787017045464,basis_category;release_trigger_category;schedule_form_category;n_release_steps;final_retained_share,descriptive P1 measurement-validity evidence; not causal
丽水,儋州,0.6666666666666666,0.19999999999999973,0.666666666666667,1.141810018018734,7.078412048019287,False,False,False,False,505.96957449792546,basis_category;release_trigger_category;schedule_form_category;n_release_steps;final_retained_share,descriptive P1 measurement-validity evidence; not causal
丽水,六安,0.5,0.7999999999999998,1.2666666666666666,0.7586935978808642,6.766357593634233,False,False,False,False,25.126634232954558,basis_category;release_trigger_category;schedule_form_category;n_release_steps;final_retained_share,descriptive P1 measurement-validity evidence; not causal
丽水,兰州,0.6666666666666666,2.1999999999999997,3.1333333333333337,2.911552977838909,6.786686993280053,False,False,False,False,0.9095149621212286,basis_category;release_trigger_category;schedule_form_category;n_release_steps;final_retained_share,descriptive P1 measurement-validity evidence; not causal
丽水,北京,0.6666666666666666,2.566666666666667,3.833333333333333,5.075675076503073,2.8254137083516992,False,False,False,False,257.44918828125,basis_category;release_trigger_category;schedule_form_category;n_release_steps;final_retained_share,descriptive P1 measurement-validity evidence; not causal
丽水,北海,0.6666666666666666,0.7333333333333338,0.3333333333333339,1.1445587139678208,4.611721355086936,False,False,False,False,284.55882926136366,basis_category;release_trigger_category;schedule_form_category;n_release_steps;final_retained_share,descriptive P1 measurement-validity evidence; not causal
丽水,合肥,0.6666666666666666,0.7333333333333338,0.916666666666667,2.343390450927509,0.3404519045171934,False,False,False,False,20.569429261363652,basis_category;release_trigger_category;schedule_form_category;n_release_steps;final_retained_share,descriptive P1 measurement-validity evidence; not causal
丽水,定安,0.0,0.433333333333334,0.36666666666666714,0.270628662865106,6.939020899651714,False,False,False,False,239.63468693181827,basis_category;release_trigger_category;schedule_form_category;n_release_steps;final_retained_share,descriptive P1 measurement-validity evidence; not causal
丽水,屯昌,0.6666666666666666,0.26666666666666616,0.33333333333333304,0.16743850314740305,1.093314195069098,False,False,False,False,239.63468693181827,basis_category;release_trigger_category;schedule_form_category;n_release_steps;final_retained_share,descriptive P1 measurement-validity evidence; not causal
丽水,广州,1.0,0.06666666666666687,0.0,1.7743107238811962,0.5293541672151942,True,True,False,True,130.43264062499995,basis_category;release_trigger_category;schedule_form_category;n_release_steps;final_retained_share,descriptive P1 measurement-validity evidence; not causal
丽水,惠州,0.6666666666666666,1.1333333333333337,2.7333333333333343,3.9131006900215546,3.979234659968995,False,False,False,False,219.87216562499995,basis_category;release_trigger_category;schedule_form_category;n_release_steps;final_retained_share,descriptive P1 measurement-validity evidence; not causal
丽水,文昌,0.0,1.433333333333334,1.7000000000000002,1.012543972088587,5.544897174357277,False,False,False,False,239.63468693181815,basis_category;release_trigger_category;schedule_form_category;n_release_steps;final_retained_share,descriptive P1 measurement-validity evidence; not causal
丽水,昌江,0.0,1.1,1.3666666666666671,1.012543972088587,5.544897174357277,False,False,False,False,234.94814616477274,basis_category;release_trigger_category;schedule_form_category;n_release_steps;final_retained_share,descriptive P1 measurement-validity evidence; not causal
丽水,汕头,0.3333333333333333,1.166666666666667,2.166666666666667,1.321416160745101,1.8004420651792206,False,False,False,False,482.8659400568182,basis_category;release_trigger_category;schedule_form_category;n_release_steps;final_retained_share,descriptive P1 measurement-validity evidence; not causal
丽水,海口,0.6666666666666666,0.2833333333333332,0.3500000000000001,0.01823925200590404,3.932650467265362,False,False,False,False,305.3685970880684,basis_category;release_trigger_category;schedule_form_category;n_release_steps;final_retained_share,descriptive P1 measurement-validity evidence; not causal
丽水,深圳,0.5,0.9166666666666672,1.316666666666667,4.146029471208198,2.846556402743577,False,False,False,False,125.94266164772725,basis_category;release_trigger_category;schedule_form_category;n_release_steps;final_retained_share,descriptive P1 measurement-validity evidence; not causal
丽水,清远,0.3333333333333333,2.0333333333333337,3.033333333333334,0.826064290043512,2.175446549966292,False,False,False,False,341.9543491477274,basis_category;release_trigger_category;schedule_form_category;n_release_steps;final_retained_share,descriptive P1 measurement-validity evidence; not causal
丽水,澄迈,0.6666666666666666,1.1333333333333337,1.2666666666666666,1.600650508525458,8.404411289942264,False,False,False,False,614.0958051136364,basis_category;release_trigger_category;schedule_form_category;n_release_steps;final_retained_share,descriptive P1 measurement-validity evidence; not causal
丽水,珠海,0.6666666666666666,0.7333333333333338,1.2000000000000002,0.859565004850829,3.2672534401985143,False,False,False,False,1478.0204002840915,basis_category;release_trigger_category;schedule_form_category;n_release_steps;final_retained_share,descriptive P1 measurement-validity evidence; not causal
丽水,琼中,0.6666666666666666,1.4000000000000008,1.7333333333333334,0.37459544302190895,0.07433275418762264,False,False,False,False,1072.6816644886364,basis_category;release_trigger_category;schedule_form_category;n_release_steps;final_retained_share,descriptive P1 measurement-validity evidence; not causal
丽水,琼海,0.6666666666666666,0.0,0.3999999999999999,1.355149227925855,6.25518087369877,False,False,False,False,1682.9518857933244,basis_category;release_trigger_category;schedule_form_category;n_release_steps;final_retained_share,descriptive P1 measurement-validity evidence; not causal
丽水,白沙,0.6666666666666666,0.3500000000000001,0.04999999999999982,2.180621924560978,1.7764296833550457,False,False,False,False,159.22945738636363,basis_category;release_trigger_category;schedule_form_category;n_release_steps;final_retained_share,descriptive P1 measurement-validity evidence; not causal
丽水,肇庆,1.0,1.4666666666666672,1.4000000000000004,1.2711493347529381,6.180313054663545,False,False,False,False,10.72822585227274,basis_category;release_trigger_category;schedule_form_category;n_release_steps;final_retained_share,descriptive P1 measurement-validity evidence; not causal
丽水,陵水,0.0,0.766666666666667,0.7000000000000002,0.9529908320889029,3.9911711139992976,False,False,False,False,303.3829342329546,basis_category;release_trigger_category;schedule_form_category;n_release_steps;final_retained_share,descriptive P1 measurement-validity evidence; not causal
丽水,韶关,0.6666666666666666,0.75,0.75,0.051356374453219944,1.1430194258629829,False,False,False,False,514.1394059659091,basis_category;release_trigger_category;schedule_form_category;n_release_steps;final_retained_share,descriptive P1 measurement-validity evidence; not causal
义乌,乐东,0.4461538461538462,1.166666666666666,1.8166666666666664,0.10322555960199198,2.60966298341145,False,False,False,False,7237.181968818776,basis_category;release_trigger_category;schedule_form_category;n_release_steps;final_retained_share,descriptive P1 measurement-validity evidence; not causal
义乌,乐山,0.3076923076923077,1.166666666666667,1.0499999999999998,2.431671245712087,3.647236231240834,False,False,False,False,7243.738849396308,basis_category;release_trigger_category;schedule_form_category;n_release_steps;final_retained_share,descriptive P1 measurement-validity evidence; not causal
义乌,九江,1.0,0.4333333333333331,2.6500000000000004,5.012806841735644,4.252953570404822,False,False,False,False,7288.761349396308,basis_category;release_trigger_category;schedule_form_category;n_release_steps;final_retained_share,descriptive P1 measurement-validity evidence; not causal
义乌,五指山,0.3333333333333333,0.9666666666666659,1.2833333333333332,0.11711477601463294,3.647336082339054,False,False,False,False,7015.360983203126,basis_category;release_trigger_category;schedule_form_category;n_release_steps;final_retained_share,descriptive P1 measurement-validity evidence; not causal
义乌,佛山,0.6666666666666666,1.1000000000000005,2.5500000000000007,0.50638927711726,0.25180872460270276,False,False,False,False,7260.378604509944,basis_category;release_trigger_category;schedule_form_category;n_release_steps;final_retained_share,descriptive P1 measurement-validity evidence; not causal
义乌,信阳,1.0,0.09999999999999964,0.11666666666666714,0.004534020883006029,3.7379379247033224,True,True,True,False,7044.15779996449,basis_category;release_trigger_category;schedule_form_category;n_release_steps;final_retained_share,descriptive P1 measurement-validity evidence; not causal
义乌,儋州,0.26153846153846155,0.5,0.2833333333333332,1.086379366298767,2.2566856024972592,False,False,False,False,6749.026095637019,basis_category;release_trigger_category;schedule_form_category;n_release_steps;final_retained_share,descriptive P1 measurement-validity evidence; not causal
义乌,六安,0.8205128205128206,0.10000000000000009,0.31666666666666643,0.8141242496008312,1.944631148112204,True,True,False,False,7280.122304367899,basis_category;release_trigger_category;schedule_form_category;n_release_steps;final_retained_share,descriptive P1 measurement-validity evidence; not causal
义乌,兰州,0.25,1.5,2.1833333333333336,2.8561223261189417,1.9649605477580252,False,False,False,False,7255.905185097065,basis_category;release_trigger_category;schedule_form_category;n_release_steps;final_retained_share,descriptive P1 measurement-validity evidence; not causal
义乌,北京,0.43076923076923074,1.8666666666666671,2.883333333333333,5.0202444247831055,1.9963127371703289,False,False,False,False,6997.546481853695,basis_category;release_trigger_category;schedule_form_category;n_release_steps;final_retained_share,descriptive P1 measurement-validity evidence; not causal
义乌,北海,0.3333333333333333,0.0333333333333341,0.6166666666666663,1.0891280622478539,0.21000509043509208,False,False,False,False,6970.436840873581,basis_category;release_trigger_category;schedule_form_category;n_release_steps;final_retained_share,descriptive P1 measurement-validity evidence; not causal
义乌,合肥,0.3333333333333333,0.0333333333333341,0.033333333333333215,2.2879597992075418,4.481274541004835,False,False,False,False,7275.565099396308,basis_category;release_trigger_category;schedule_form_category;n_release_steps;final_retained_share,descriptive P1 measurement-validity evidence; not causal
义乌,定安,0.6666666666666666,0.2666666666666657,0.583333333333333,0.21519801114513903,2.117294454129686,False,False,False,False,7015.360983203126,basis_category;release_trigger_category;schedule_form_category;n_release_steps;final_retained_share,descriptive P1 measurement-validity evidence; not causal
义乌,屯昌,0.3333333333333333,0.9666666666666659,1.2833333333333332,0.11200785142743608,3.72841225045293,False,False,False,False,7015.360983203126,basis_category;release_trigger_category;schedule_form_category;n_release_steps;final_retained_share,descriptive P1 measurement-validity evidence; not causal
义乌,广州,0.5,0.6333333333333329,0.9500000000000002,1.7188800721612292,4.292372278306834,False,False,False,False,7124.5630295099445,basis_category;release_trigger_category;schedule_form_category;n_release_steps;final_retained_share,descriptive P1 measurement-validity evidence; not causal
义乌,惠州,0.2,0.433333333333334,1.783333333333334,3.8576700383015874,0.8424917855530332,False,False,False,False,7035.123504509945,basis_category;release_trigger_category;schedule_form_category;n_release_steps;final_retained_share,descriptive P1 measurement-validity evidence; not causal
义乌,文昌,0.6666666666666666,0.7333333333333343,0.75,0.95711332036862,0.7231707288352487,False,False,False,False,7015.360983203126,basis_category;release_trigger_category;schedule_form_category;n_release_steps;final_retained_share,descriptive P1 measurement-validity evidence; not causal
义乌,昌江,0.6666666666666666,0.40000000000000036,0.41666666666666696,0.95711332036862,0.7231707288352487,False,False,False,False,7020.047523970172,basis_category;release_trigger_category;schedule_form_category;n_release_steps;final_retained_share,descriptive P1 measurement-validity evidence; not causal
义乌,汕头,0.75,0.46666666666666723,1.2166666666666668,1.265985509025134,3.0212843803428076,False,False,False,False,6772.129730078126,basis_category;release_trigger_category;schedule_form_category;n_release_steps;final_retained_share,descriptive P1 measurement-validity evidence; not causal
义乌,海口,0.0,0.983333333333333,1.3000000000000003,0.07366990372587101,0.889075978256666,False,False,False,False,6949.627073046876,basis_category;release_trigger_category;schedule_form_category;n_release_steps;final_retained_share,descriptive P1 measurement-validity evidence; not causal
义乌,深圳,0.8205128205128206,1.616666666666667,2.2666666666666675,4.090598819488231,1.9751700427784513,False,False,False,False,7129.053008487217,basis_category;release_trigger_category;schedule_form_category;n_release_steps;final_retained_share,descriptive P1 measurement-validity evidence; not causal
义乌,清远,0.6666666666666666,1.333333333333334,2.083333333333334,0.770633638323545,2.646279895555736,False,False,False,False,6913.041320987217,basis_category;release_trigger_category;schedule_form_category;n_release_steps;final_retained_share,descriptive P1 measurement-validity evidence; not causal
义乌,澄迈,0.10769230769230768,0.433333333333334,0.31666666666666643,1.5452198568054911,3.5826848444202364,False,False,False,False,6640.899865021308,basis_category;release_trigger_category;schedule_form_category;n_release_steps;final_retained_share,descriptive P1 measurement-validity evidence; not causal
义乌,珠海,0.5769230769230769,0.0333333333333341,0.25,0.804134353130862,1.5544730053235138,False,False,False,False,5776.975269850853,basis_category;release_trigger_category;schedule_form_category;n_release_steps;final_retained_share,descriptive P1 measurement-validity evidence; not causal
义乌,琼中,0.015384615384615385,0.7000000000000011,0.7833333333333332,0.319164791301942,4.896059199709651,False,False,False,False,6182.314005646308,basis_category;release_trigger_category;schedule_form_category;n_release_steps;final_retained_share,descriptive P1 measurement-validity evidence; not causal
义乌,琼海,0.0,0.6999999999999997,1.35,1.410579879645822,1.4334544281767423,False,False,False,False,5572.04378434162,basis_category;release_trigger_category;schedule_form_category;n_release_steps;final_retained_share,descriptive P1 measurement-validity evidence; not causal
义乌,白沙,0.10769230769230768,0.34999999999999964,1.0,2.125191272841011,3.0452967621669824,False,False,False,False,7095.766212748581,basis_category;release_trigger_category;schedule_form_category;n_release_steps;final_retained_share,descriptive P1 measurement-validity evidence; not causal
义乌,肇庆,0.5576923076923077,0.7666666666666675,0.4500000000000002,1.2157186830329711,1.358586609141517,False,False,False,False,7265.7238959872175,basis_category;release_trigger_category;schedule_form_category;n_release_steps;final_retained_share,descriptive P1 measurement-validity evidence; not causal
义乌,陵水,0.6666666666666666,0.06666666666666732,0.25,0.8975601803689359,0.8305553315227305,False,False,False,False,6951.61273590199,basis_category;release_trigger_category;schedule_form_category;n_release_steps;final_retained_share,descriptive P1 measurement-validity evidence; not causal
义乌,韶关,0.3333333333333333,0.050000000000000266,0.20000000000000018,0.10678702617318692,3.6787070196590452,False,False,False,False,6740.856264169035,basis_category;release_trigger_category;schedule_form_category;n_release_steps;final_retained_share,descriptive P1 measurement-validity evidence; not causal
乐东,乐山,0.25,2.333333333333333,2.8666666666666663,2.5348968053140792,1.0375732478293838,False,False,False,False,6.556880577531629,basis_category;release_trigger_category;schedule_form_category;n_release_steps;final_retained_share,descriptive P1 measurement-validity evidence; not causal
乐东,九江,0.6666666666666666,1.5999999999999992,4.466666666666667,5.116032401337637,1.6432905869933716,False,False,False,False,51.57938057753164,basis_category;release_trigger_category;schedule_form_category;n_release_steps;final_retained_share,descriptive P1 measurement-validity evidence; not causal
乐东,五指山,0.6666666666666666,0.20000000000000018,0.5333333333333332,0.22034033561662492,1.0376730989276037,False,False,False,False,221.82098561565016,basis_category;release_trigger_category;schedule_form_category;n_release_steps;final_retained_share,descriptive P1 measurement-validity evidence; not causal
乐东,佛山,0.6666666666666666,2.2666666666666666,4.366666666666667,0.609614836719252,2.3578542588087474,False,False,False,False,23.196635691167998,basis_category;release_trigger_category;schedule_form_category;n_release_steps;final_retained_share,descriptive P1 measurement-validity evidence; not causal
乐东,信阳,1.0,1.0666666666666664,1.9333333333333336,0.09869153871898595,1.1282749412918722,False,False,True,False,193.02416885428664,basis_category;release_trigger_category;schedule_form_category;n_release_steps;final_retained_share,descriptive P1 measurement-validity evidence; not causal
乐东,儋州,0.21538461538461537,0.6666666666666661,1.5333333333333332,1.189604925900759,4.8663485859087094,False,False,False,False,488.15587318175744,basis_category;release_trigger_category;schedule_form_category;n_release_steps;final_retained_share,descriptive P1 measurement-validity evidence; not causal
乐东,六安,0.7435897435897436,1.2666666666666662,2.133333333333333,0.7108986899988392,4.554294131523655,False,False,False,False,42.940335549122544,basis_category;release_trigger_category;schedule_form_category;n_release_steps;final_retained_share,descriptive P1 measurement-validity evidence; not causal
乐东,兰州,0.25,2.666666666666666,4.0,2.959347885720934,4.574623531169475,False,False,False,False,18.723216278289215,basis_category;release_trigger_category;schedule_form_category;n_release_steps;final_retained_share,descriptive P1 measurement-validity evidence; not causal
乐东,北京,0.015384615384615385,3.033333333333333,4.699999999999999,5.123469984385098,0.6133502462411213,False,False,False,False,239.63548696508195,basis_category;release_trigger_category;schedule_form_category;n_release_steps;final_retained_share,descriptive P1 measurement-validity evidence; not causal
乐东,北海,0.6666666666666666,1.2000000000000002,1.2000000000000002,1.1923536218498458,2.399657892976358,False,False,False,False,266.74512794519563,basis_category;release_trigger_category;schedule_form_category;n_release_steps;final_retained_share,descriptive P1 measurement-validity evidence; not causal
乐东,合肥,0.3333333333333333,1.2000000000000002,1.7833333333333332,2.391185358809534,1.8716115575933845,False,False,False,False,38.38313057753164,basis_category;release_trigger_category;schedule_form_category;n_release_steps;final_retained_share,descriptive P1 measurement-validity evidence; not causal
乐东,定安,0.6666666666666666,0.9000000000000004,1.2333333333333334,0.318423570747131,4.726957437541136,False,False,False,False,221.82098561565027,basis_category;release_trigger_category;schedule_form_category;n_release_steps;final_retained_share,descriptive P1 measurement-validity evidence; not causal
乐东,屯昌,0.3333333333333333,0.20000000000000018,0.5333333333333332,0.21523341102942806,1.1187492670414798,False,False,False,False,221.82098561565027,basis_category;release_trigger_category;schedule_form_category;n_release_steps;final_retained_share,descriptive P1 measurement-validity evidence; not causal
乐东,广州,0.5,0.5333333333333332,0.8666666666666663,1.8221056317632212,1.6827092948953837,False,False,False,False,112.61893930883197,basis_category;release_trigger_category;schedule_form_category;n_release_steps;final_retained_share,descriptive P1 measurement-validity evidence; not causal
乐东,惠州,0.24615384615384617,1.6,3.6000000000000005,3.96089559790358,1.767171197858417,False,False,False,False,202.05846430883196,basis_category;release_trigger_category;schedule_form_category;n_release_steps;final_retained_share,descriptive P1 measurement-validity evidence; not causal
乐东,文昌,0.6666666666666666,1.9000000000000004,2.5666666666666664,1.060338879970612,3.332833712246699,False,False,False,False,221.82098561565016,basis_category;release_trigger_category;schedule_form_category;n_release_steps;final_retained_share,descriptive P1 measurement-validity evidence; not causal
乐东,昌江,0.6666666666666666,1.5666666666666664,2.2333333333333334,1.060338879970612,3.332833712246699,False,False,False,False,217.13444484860474,basis_category;release_trigger_category;schedule_form_category;n_release_steps;final_retained_share,descriptive P1 measurement-validity evidence; not causal
乐东,汕头,0.5,1.6333333333333333,3.033333333333333,1.369211068627126,0.41162139693135735,False,False,False,False,465.0522387406502,basis_category;release_trigger_category;schedule_form_category;n_release_steps;final_retained_share,descriptive P1 measurement-validity evidence; not causal
乐东,海口,0.4461538461538462,0.18333333333333313,0.5166666666666662,0.029555655876120968,1.7205870051547842,False,False,False,False,287.55489577190036,basis_category;release_trigger_category;schedule_form_category;n_release_steps;final_retained_share,descriptive P1 measurement-validity evidence; not causal
乐东,深圳,0.7435897435897436,0.45000000000000084,0.45000000000000084,4.193824379090223,0.6344929406329989,False,True,False,True,108.12896033155927,basis_category;release_trigger_category;schedule_form_category;n_release_steps;final_retained_share,descriptive P1 measurement-validity evidence; not causal
乐东,清远,0.3333333333333333,2.5,3.9000000000000004,0.873859197925537,0.03661691214428586,False,False,False,False,324.14064783155936,basis_category;release_trigger_category;schedule_form_category;n_release_steps;final_retained_share,descriptive P1 measurement-validity evidence; not causal
乐东,澄迈,0.5538461538461539,1.6,2.133333333333333,1.648445416407483,6.192347827831687,False,False,False,False,596.2821037974684,basis_category;release_trigger_category;schedule_form_category;n_release_steps;final_retained_share,descriptive P1 measurement-validity evidence; not causal
乐东,珠海,0.019230769230769232,1.2000000000000002,2.0666666666666664,0.907359912732854,1.0551899780879364,False,False,False,False,1460.2066989679236,basis_category;release_trigger_category;schedule_form_category;n_release_steps;final_retained_share,descriptive P1 measurement-validity evidence; not causal
乐东,琼中,0.43076923076923074,1.8666666666666671,2.5999999999999996,0.42239035090393395,2.2863962162982006,False,False,False,False,1054.8679631724685,basis_category;release_trigger_category;schedule_form_category;n_release_steps;final_retained_share,descriptive P1 measurement-validity evidence; not causal
乐东,琼海,0.5,0.46666666666666634,0.46666666666666634,1.30735432004383,4.0431174115881925,False,False,False,False,1665.1381844771565,basis_category;release_trigger_category;schedule_form_category;n_release_steps;final_retained_share,descriptive P1 measurement-validity evidence; not causal
乐东,白沙,0.5538461538461539,0.8166666666666664,0.8166666666666664,2.2284168324430027,0.4356337787555322,False,False,False,False,141.41575607019564,basis_category;release_trigger_category;schedule_form_category;n_release_steps;final_retained_share,descriptive P1 measurement-validity evidence; not causal
乐东,肇庆,0.5,1.9333333333333336,2.2666666666666666,1.3189442426349631,3.9682495925529673,False,False,False,False,28.541927168440726,basis_category;release_trigger_category;schedule_form_category;n_release_steps;final_retained_share,descriptive P1 measurement-validity evidence; not causal
乐东,陵水,0.6666666666666666,1.2333333333333334,1.5666666666666664,1.000785739970928,1.7791076518887197,False,False,False,False,285.5692329167866,basis_category;release_trigger_category;schedule_form_category;n_release_steps;final_retained_share,descriptive P1 measurement-validity evidence; not causal
乐东,韶关,0.3333333333333333,1.2166666666666663,1.6166666666666663,0.003561466571194938,1.069044036247595,False,False,False,False,496.32570464974106,basis_category;release_trigger_category;schedule_form_category;n_release_steps;final_retained_share,descriptive P1 measurement-validity evidence; not causal
乐山,九江,0.6666666666666666,0.7333333333333338,1.6000000000000005,2.5811355960235574,0.6057173391639878,False,False,False,False,45.02250000000001,basis_category;release_trigger_category;schedule_form_category;n_release_steps;final_retained_share,descriptive P1 measurement-validity evidence; not causal
乐山,五指山,0.3333333333333333,2.133333333333333,2.333333333333333,2.314556469697454,9.985109821997185e-05,False,False,False,False,228.3778661931818,basis_category;release_trigger_category;schedule_form_category;n_release_steps;final_retained_share,descriptive P1 measurement-validity evidence; not causal
乐山,佛山,0.3333333333333333,0.06666666666666643,1.5000000000000009,1.925281968594827,3.395427506638131,False,False,False,False,16.63975511363637,basis_category;release_trigger_category;schedule_form_category;n_release_steps;final_retained_share,descriptive P1 measurement-validity evidence; not causal
乐山,信阳,1.0,1.2666666666666666,0.9333333333333327,2.436205266595093,0.09070169346248846,False,False,False,True,199.5810494318183,basis_category;release_trigger_category;schedule_form_category;n_release_steps;final_retained_share,descriptive P1 measurement-validity evidence; not causal
乐山,儋州,0.5192307692307693,1.666666666666667,1.333333333333333,1.34529187941332,5.903921833738093,False,False,False,False,494.71275375928906,basis_category;release_trigger_category;schedule_form_category;n_release_steps;final_retained_share,descriptive P1 measurement-validity evidence; not causal
乐山,六安,0.7435897435897436,1.0666666666666669,0.7333333333333334,3.245795495312918,5.5918673793530385,False,False,False,False,36.383454971590915,basis_category;release_trigger_category;schedule_form_category;n_release_steps;final_retained_share,descriptive P1 measurement-validity evidence; not causal
乐山,兰州,0.6666666666666666,0.33333333333333304,1.1333333333333337,0.42445108040685486,5.612196778998859,False,False,False,False,12.166335700757585,basis_category;release_trigger_category;schedule_form_category;n_release_steps;final_retained_share,descriptive P1 measurement-validity evidence; not causal
乐山,北京,0.2692307692307692,0.7000000000000002,1.833333333333333,2.5885731790710187,1.650923494070505,False,False,False,False,246.1923675426136,basis_category;release_trigger_category;schedule_form_category;n_release_steps;final_retained_share,descriptive P1 measurement-validity evidence; not causal
乐山,北海,0.6666666666666666,1.1333333333333329,1.666666666666666,1.3425431834642332,3.437231140805742,False,False,False,False,273.3020085227273,basis_category;release_trigger_category;schedule_form_category;n_release_steps;final_retained_share,descriptive P1 measurement-validity evidence; not causal
乐山,合肥,0.6666666666666666,1.1333333333333329,1.083333333333333,0.14371144650454504,0.8340383097640007,False,False,False,False,31.82625000000001,basis_category;release_trigger_category;schedule_form_category;n_release_steps;final_retained_share,descriptive P1 measurement-validity evidence; not causal
乐山,定安,0.6666666666666666,1.4333333333333327,1.6333333333333329,2.216473234566948,5.76453068537052,False,False,False,False,228.37786619318192,basis_category;release_trigger_category;schedule_form_category;n_release_steps;final_retained_share,descriptive P1 measurement-validity evidence; not causal
乐山,屯昌,0.0,2.133333333333333,2.333333333333333,2.319663394284651,0.08117601921209605,False,False,False,False,228.37786619318192,basis_category;release_trigger_category;schedule_form_category;n_release_steps;final_retained_share,descriptive P1 measurement-validity evidence; not causal
乐山,广州,0.3333333333333333,1.7999999999999998,2.0,0.7127911735508579,0.6451360470659999,False,False,False,False,119.1758198863636,basis_category;release_trigger_category;schedule_form_category;n_release_steps;final_retained_share,descriptive P1 measurement-validity evidence; not causal
乐山,惠州,0.057692307692307696,0.733333333333333,0.7333333333333343,1.4259987925895006,2.804744445687801,False,False,False,False,208.6153448863636,basis_category;release_trigger_category;schedule_form_category;n_release_steps;final_retained_share,descriptive P1 measurement-validity evidence; not causal
乐山,文昌,0.6666666666666666,0.4333333333333327,0.2999999999999998,1.474557925343467,4.370406960076083,False,False,False,False,228.3778661931818,basis_category;release_trigger_category;schedule_form_category;n_release_steps;final_retained_share,descriptive P1 measurement-validity evidence; not causal
乐山,昌江,0.6666666666666666,0.7666666666666666,0.6333333333333329,1.474557925343467,4.370406960076083,False,False,False,False,223.6913254261364,basis_category;release_trigger_category;schedule_form_category;n_release_steps;final_retained_share,descriptive P1 measurement-validity evidence; not causal
乐山,汕头,0.3333333333333333,0.6999999999999997,0.16666666666666696,1.165685736686953,0.6259518508980264,False,False,False,False,471.6091193181818,basis_category;release_trigger_category;schedule_form_category;n_release_steps;final_retained_share,descriptive P1 measurement-validity evidence; not causal
乐山,海口,0.3076923076923077,2.15,2.35,2.505341149437958,2.758160252984168,False,False,False,False,294.11177634943203,basis_category;release_trigger_category;schedule_form_category;n_release_steps;final_retained_share,descriptive P1 measurement-validity evidence; not causal
乐山,深圳,0.7435897435897436,2.783333333333334,3.3166666666666673,1.6589275737761442,1.6720661884623826,False,False,False,False,114.6858409090909,basis_category;release_trigger_category;schedule_form_category;n_release_steps;final_retained_share,descriptive P1 measurement-validity evidence; not causal
乐山,清远,0.3333333333333333,0.16666666666666696,1.033333333333334,1.661037607388542,1.000956335685098,False,False,False,False,330.697528409091,basis_category;release_trigger_category;schedule_form_category;n_release_steps;final_retained_share,descriptive P1 measurement-validity evidence; not causal
乐山,澄迈,0.4423076923076923,0.733333333333333,0.7333333333333334,0.8864513889065959,7.22992107566107,False,False,False,False,602.838984375,basis_category;release_trigger_category;schedule_form_category;n_release_steps;final_retained_share,descriptive P1 measurement-validity evidence; not causal
乐山,珠海,0.2692307692307692,1.1333333333333329,0.7999999999999998,1.627536892581225,2.09276322591732,False,False,False,False,1466.763579545455,basis_category;release_trigger_category;schedule_form_category;n_release_steps;final_retained_share,descriptive P1 measurement-validity evidence; not causal
乐山,琼中,0.28846153846153844,0.4666666666666659,0.2666666666666666,2.112506454410145,1.2488229684688168,False,False,False,False,1061.42484375,basis_category;release_trigger_category;schedule_form_category;n_release_steps;final_retained_share,descriptive P1 measurement-validity evidence; not causal
乐山,琼海,0.3333333333333333,1.8666666666666667,2.4,3.842251125357909,5.080690659417576,False,False,False,False,1671.695065054688,basis_category;release_trigger_category;schedule_form_category;n_release_steps;final_retained_share,descriptive P1 measurement-validity evidence; not causal
乐山,白沙,0.4423076923076923,1.5166666666666666,2.05,0.3064799728710761,0.6019394690738515,False,False,False,False,147.97263664772728,basis_category;release_trigger_category;schedule_form_category;n_release_steps;final_retained_share,descriptive P1 measurement-validity evidence; not causal
乐山,肇庆,0.25,0.39999999999999947,0.5999999999999996,1.215952562679116,5.005822840382351,False,False,False,False,21.985046590909096,basis_category;release_trigger_category;schedule_form_category;n_release_steps;final_retained_share,descriptive P1 measurement-validity evidence; not causal
乐山,陵水,0.6666666666666666,1.0999999999999996,1.2999999999999998,1.5341110653431511,2.8166808997181034,False,False,False,False,292.12611349431825,basis_category;release_trigger_category;schedule_form_category;n_release_steps;final_retained_share,descriptive P1 measurement-validity evidence; not causal
乐山,韶关,0.0,1.1166666666666667,1.25,2.5384582718852737,0.03147078841821127,False,False,False,False,502.88258522727267,basis_category;release_trigger_category;schedule_form_category;n_release_steps;final_retained_share,descriptive P1 measurement-validity evidence; not causal
九江,五指山,1.0,1.399999999999999,3.9333333333333336,4.895692065721011,0.6056174880657679,False,False,False,True,273.4003661931818,basis_category;release_trigger_category;schedule_form_category;n_release_steps;final_retained_share,descriptive P1 measurement-validity evidence; not causal
九江,佛山,0.3333333333333333,0.6666666666666674,0.09999999999999964,4.506417564618385,4.001144845802119,False,False,False,False,28.38274488636364,basis_category;release_trigger_category;schedule_form_category;n_release_steps;final_retained_share,descriptive P1 measurement-validity evidence; not causal
九江,信阳,0.5,0.5333333333333328,2.533333333333333,5.01734086261865,0.5150156457014994,False,False,False,False,244.6035494318183,basis_category;release_trigger_category;schedule_form_category;n_release_steps;final_retained_share,descriptive P1 measurement-validity evidence; not causal
九江,儋州,1.0,0.9333333333333331,2.9333333333333336,3.9264274754368773,6.509639172902081,False,False,False,False,539.7352537592891,basis_category;release_trigger_category;schedule_form_category;n_release_steps;final_retained_share,descriptive P1 measurement-validity evidence; not causal
九江,六安,1.0,0.33333333333333304,2.333333333333334,5.826931091336475,6.197584718517026,True,False,False,False,8.639045028409095,basis_category;release_trigger_category;schedule_form_category;n_release_steps;final_retained_share,descriptive P1 measurement-validity evidence; not causal
九江,兰州,1.0,1.0666666666666669,0.4666666666666668,2.1566845156167025,6.217914118162847,False,True,False,False,32.85616429924242,basis_category;release_trigger_category;schedule_form_category;n_release_steps;final_retained_share,descriptive P1 measurement-validity evidence; not causal
九江,北京,0.6666666666666666,1.433333333333334,0.2333333333333325,0.007437583047461338,2.256640833234493,False,False,False,False,291.2148675426136,basis_category;release_trigger_category;schedule_form_category;n_release_steps;final_retained_share,descriptive P1 measurement-validity evidence; not causal
九江,北海,0.6666666666666666,0.399999999999999,3.2666666666666666,3.9236787794877905,4.04294847996973,False,False,False,False,318.3245085227273,basis_category;release_trigger_category;schedule_form_category;n_release_steps;final_retained_share,descriptive P1 measurement-validity evidence; not causal
九江,合肥,1.0,0.399999999999999,2.6833333333333336,2.7248470425281024,0.22832097060001288,True,False,False,True,13.19625,basis_category;release_trigger_category;schedule_form_category;n_release_steps;final_retained_share,descriptive P1 measurement-validity evidence; not causal
九江,定安,1.0,0.6999999999999988,3.2333333333333334,4.797608830590505,6.370248024534508,False,False,False,False,273.4003661931819,basis_category;release_trigger_category;schedule_form_category;n_release_steps;final_retained_share,descriptive P1 measurement-validity evidence; not causal
九江,屯昌,0.6666666666666666,1.399999999999999,3.9333333333333336,4.900798990308209,0.5245413199518918,False,False,False,False,273.4003661931819,basis_category;release_trigger_category;schedule_form_category;n_release_steps;final_retained_share,descriptive P1 measurement-validity evidence; not causal
九江,广州,0.3333333333333333,1.066666666666666,3.6000000000000005,3.293926769574415,0.03941870790201207,False,False,False,False,164.1983198863636,basis_category;release_trigger_category;schedule_form_category;n_release_steps;final_retained_share,descriptive P1 measurement-validity evidence; not causal
九江,惠州,0.6666666666666666,8.881784197001252e-16,0.8666666666666663,1.1551368034340568,3.4104617848517886,False,False,False,False,253.6378448863636,basis_category;release_trigger_category;schedule_form_category;n_release_steps;final_retained_share,descriptive P1 measurement-validity evidence; not causal
九江,文昌,1.0,0.30000000000000115,1.9000000000000004,4.055693521367024,4.9761242992400705,True,False,False,False,273.4003661931818,basis_category;release_trigger_category;schedule_form_category;n_release_steps;final_retained_share,descriptive P1 measurement-validity evidence; not causal
九江,昌江,1.0,0.03333333333333277,2.2333333333333334,4.055693521367024,4.9761242992400705,True,False,False,False,268.7138254261364,basis_category;release_trigger_category;schedule_form_category;n_release_steps;final_retained_share,descriptive P1 measurement-validity evidence; not causal
九江,汕头,0.6666666666666666,0.0333333333333341,1.4333333333333336,3.7468213327105104,1.2316691900620143,False,False,False,False,516.6316193181818,basis_category;release_trigger_category;schedule_form_category;n_release_steps;final_retained_share,descriptive P1 measurement-validity evidence; not causal
九江,海口,1.0,1.416666666666666,3.9500000000000006,5.086476745461516,3.363877592148156,False,False,False,False,339.134276349432,basis_category;release_trigger_category;schedule_form_category;n_release_steps;final_retained_share,descriptive P1 measurement-validity evidence; not causal
九江,深圳,1.0,2.05,4.916666666666668,0.9222080222474132,2.2777835276263705,False,False,False,False,159.7083409090909,basis_category;release_trigger_category;schedule_form_category;n_release_steps;final_retained_share,descriptive P1 measurement-validity evidence; not causal
九江,清远,0.6666666666666666,0.9000000000000008,0.5666666666666664,4.242173203412099,1.6066736748490857,False,False,False,False,375.720028409091,basis_category;release_trigger_category;schedule_form_category;n_release_steps;final_retained_share,descriptive P1 measurement-validity evidence; not causal
九江,澄迈,1.0,8.881784197001252e-16,2.333333333333334,3.4675869849301533,7.835638414825058,True,False,False,False,647.861484375,basis_category;release_trigger_category;schedule_form_category;n_release_steps;final_retained_share,descriptive P1 measurement-validity evidence; not causal
九江,珠海,0.6666666666666666,0.399999999999999,2.4000000000000004,4.208672488604782,2.698480565081308,False,False,False,False,1511.786079545455,basis_category;release_trigger_category;schedule_form_category;n_release_steps;final_retained_share,descriptive P1 measurement-validity evidence; not causal
九江,琼中,1.0,0.26666666666666794,1.8666666666666671,4.693642050433702,0.643105629304829,True,False,False,True,1106.44734375,basis_category;release_trigger_category;schedule_form_category;n_release_steps;final_retained_share,descriptive P1 measurement-validity evidence; not causal
九江,琼海,1.0,1.1333333333333329,4.0,6.423386721381466,5.686407998581564,False,False,False,False,1716.717565054688,basis_category;release_trigger_category;schedule_form_category;n_release_steps;final_retained_share,descriptive P1 measurement-validity evidence; not causal
九江,白沙,1.0,0.7833333333333328,3.6500000000000004,2.8876155688946334,1.2076568082378394,False,False,False,False,192.9951366477273,basis_category;release_trigger_category;schedule_form_category;n_release_steps;final_retained_share,descriptive P1 measurement-validity evidence; not causal
九江,肇庆,0.3333333333333333,0.33333333333333437,2.2,3.7970881587026732,5.611540179546338,False,False,False,False,23.03745340909091,basis_category;release_trigger_category;schedule_form_category;n_release_steps;final_retained_share,descriptive P1 measurement-validity evidence; not causal
九江,陵水,1.0,0.3666666666666658,2.9000000000000004,4.115246661366708,3.4223982388820913,True,False,False,False,337.1486134943182,basis_category;release_trigger_category;schedule_form_category;n_release_steps;final_retained_share,descriptive P1 measurement-validity evidence; not causal
九江,韶关,0.6666666666666666,0.38333333333333286,2.8500000000000005,5.119593867908831,0.5742465507457766,False,False,False,False,547.9050852272727,basis_category;release_trigger_category;schedule_form_category;n_release_steps;final_retained_share,descriptive P1 measurement-validity evidence; not causal
五指山,佛山,0.6666666666666666,2.0666666666666664,3.833333333333334,0.38927450110262707,3.395527357736351,False,False,False,False,245.01762130681817,basis_category;release_trigger_category;schedule_form_category;n_release_steps;final_retained_share,descriptive P1 measurement-validity evidence; not causal
五指山,信阳,0.5,0.8666666666666663,1.4000000000000004,0.12164879689763897,0.09060184236426849,False,False,False,False,28.796816761363516,basis_category;release_trigger_category;schedule_form_category;n_release_steps;final_retained_share,descriptive P1 measurement-validity evidence; not causal
五指山,儋州,0.6666666666666666,0.4666666666666659,1.0,0.9692645902841341,5.904021684836313,False,False,False,False,266.3348875661073,basis_category;release_trigger_category;schedule_form_category;n_release_steps;final_retained_share,descriptive P1 measurement-validity evidence; not causal
五指山,六安,0.5,1.066666666666666,1.5999999999999996,0.9312390256154641,5.591967230451258,False,False,False,False,264.7613211647727,basis_category;release_trigger_category;schedule_form_category;n_release_steps;final_retained_share,descriptive P1 measurement-validity evidence; not causal
五指山,兰州,0.6666666666666666,2.466666666666666,3.466666666666667,2.7390075501043087,5.612296630097079,False,False,False,False,240.54420189393937,basis_category;release_trigger_category;schedule_form_category;n_release_steps;final_retained_share,descriptive P1 measurement-validity evidence; not causal
五指山,北京,0.6666666666666666,2.833333333333333,4.166666666666666,4.903129648768473,1.651023345168725,False,False,False,False,17.814501349431794,basis_category;release_trigger_category;schedule_form_category;n_release_steps;final_retained_share,descriptive P1 measurement-validity evidence; not causal
五指山,北海,0.6666666666666666,1.0,0.666666666666667,0.9720132862332209,3.437330991903962,False,False,False,False,44.924142329545475,basis_category;release_trigger_category;schedule_form_category;n_release_steps;final_retained_share,descriptive P1 measurement-validity evidence; not causal
五指山,合肥,0.6666666666666666,1.0,1.25,2.170845023192909,0.8339384586657808,False,False,False,False,260.2041161931818,basis_category;release_trigger_category;schedule_form_category;n_release_steps;final_retained_share,descriptive P1 measurement-validity evidence; not causal
五指山,定安,0.3333333333333333,0.7000000000000002,0.7000000000000002,0.0980832351305061,5.76463053646874,False,False,False,False,1.1368683772161603e-13,basis_category;release_trigger_category;schedule_form_category;n_release_steps;final_retained_share,descriptive P1 measurement-validity evidence; not causal
五指山,屯昌,0.3333333333333333,0.0,0.0,0.005106924587196859,0.08107616811387608,False,False,False,False,1.1368683772161603e-13,basis_category;release_trigger_category;schedule_form_category;n_release_steps;final_retained_share,descriptive P1 measurement-validity evidence; not causal
五指山,广州,0.6666666666666666,0.33333333333333304,0.33333333333333304,1.6017652961465962,0.64503619596778,False,False,False,False,109.2020463068182,basis_category;release_trigger_category;schedule_form_category;n_release_steps;final_retained_share,descriptive P1 measurement-validity evidence; not causal
五指山,惠州,0.3333333333333333,1.4,3.0666666666666673,3.7405552622869545,2.8048442967860208,False,False,False,False,19.7625213068182,basis_category;release_trigger_category;schedule_form_category;n_release_steps;final_retained_share,descriptive P1 measurement-validity evidence; not causal
五指山,文昌,0.3333333333333333,1.7000000000000002,2.033333333333333,0.839998544353987,4.370506811174303,False,False,False,False,0.0,basis_category;release_trigger_category;schedule_form_category;n_release_steps;final_retained_share,descriptive P1 measurement-validity evidence; not causal
五指山,昌江,0.3333333333333333,1.3666666666666663,1.7000000000000002,0.839998544353987,4.370506811174303,False,False,False,False,4.686540767045415,basis_category;release_trigger_category;schedule_form_category;n_release_steps;final_retained_share,descriptive P1 measurement-validity evidence; not causal
五指山,汕头,0.6666666666666666,1.4333333333333331,2.5,1.148870733010501,0.6260517019962464,False,False,False,False,243.23125312500002,basis_category;release_trigger_category;schedule_form_category;n_release_steps;final_retained_share,descriptive P1 measurement-validity evidence; not causal
五指山,海口,0.3333333333333333,0.01666666666666705,0.01666666666666705,0.19078467974050395,2.758260104082388,False,False,False,False,65.7339101562502,basis_category;release_trigger_category;schedule_form_category;n_release_steps;final_retained_share,descriptive P1 measurement-validity evidence; not causal
五指山,深圳,0.5,0.650000000000001,0.9833333333333341,3.973484043473598,1.6721660395606026,False,False,False,False,113.6920252840909,basis_category;release_trigger_category;schedule_form_category;n_release_steps;final_retained_share,descriptive P1 measurement-validity evidence; not causal
五指山,清远,0.6666666666666666,2.3,3.366666666666667,0.6535188623089121,1.0010561867833179,False,False,False,False,102.3196622159092,basis_category;release_trigger_category;schedule_form_category;n_release_steps;final_retained_share,descriptive P1 measurement-validity evidence; not causal
五指山,澄迈,0.3333333333333333,1.4,1.5999999999999996,1.4281050807908582,7.23002092675929,False,False,False,False,374.4611181818182,basis_category;release_trigger_category;schedule_form_category;n_release_steps;final_retained_share,descriptive P1 measurement-validity evidence; not causal
五指山,珠海,0.6666666666666666,1.0,1.5333333333333332,0.6870195771162291,2.09286307701554,False,False,False,False,1238.3857133522733,basis_category;release_trigger_category;schedule_form_category;n_release_steps;final_retained_share,descriptive P1 measurement-validity evidence; not causal
五指山,琼中,0.3333333333333333,1.666666666666667,2.0666666666666664,0.20205001528730904,1.2487231173705968,False,False,False,False,833.0469775568183,basis_category;release_trigger_category;schedule_form_category;n_release_steps;final_retained_share,descriptive P1 measurement-validity evidence; not causal
五指山,琼海,0.3333333333333333,0.26666666666666616,0.06666666666666687,1.527694655660455,5.080790510515796,False,False,False,False,1443.3171988615063,basis_category;release_trigger_category;schedule_form_category;n_release_steps;final_retained_share,descriptive P1 measurement-validity evidence; not causal
五指山,白沙,0.3333333333333333,0.6166666666666663,0.2833333333333332,2.0080764968263782,0.6020393201720715,False,False,False,False,80.40522954545452,basis_category;release_trigger_category;schedule_form_category;n_release_steps;final_retained_share,descriptive P1 measurement-validity evidence; not causal
五指山,肇庆,0.6666666666666666,1.7333333333333334,1.7333333333333334,1.0986039070183382,5.005922691480571,False,False,False,False,250.3629127840909,basis_category;release_trigger_category;schedule_form_category;n_release_steps;final_retained_share,descriptive P1 measurement-validity evidence; not causal
五指山,陵水,0.3333333333333333,1.0333333333333332,1.0333333333333332,0.780445404354303,2.8167807508163234,False,False,False,False,63.748247301136416,basis_category;release_trigger_category;schedule_form_category;n_release_steps;final_retained_share,descriptive P1 measurement-validity evidence; not causal
五指山,韶关,0.3333333333333333,1.0166666666666662,1.083333333333333,0.22390180218781985,0.0313709373199913,False,False,False,False,274.5047190340909,basis_category;release_trigger_category;schedule_form_category;n_release_steps;final_retained_share,descriptive P1 measurement-validity evidence; not causal
佛山,信阳,1.0,1.2000000000000002,2.4333333333333336,0.510923298000266,3.4861292001006197,False,False,True,False,216.22080454545465,basis_category;release_trigger_category;schedule_form_category;n_release_steps;final_retained_share,descriptive P1 measurement-validity evidence; not causal
佛山,儋州,1.0,1.6000000000000005,2.833333333333334,0.5799900891815071,2.508494327099962,False,False,True,False,511.35250887292545,basis_category;release_trigger_category;schedule_form_category;n_release_steps;final_retained_share,descriptive P1 measurement-validity evidence; not causal
佛山,六安,1.0,1.0000000000000004,2.2333333333333343,1.3205135267180912,2.196439872714907,False,False,False,False,19.743699857954546,basis_category;release_trigger_category;schedule_form_category;n_release_steps;final_retained_share,descriptive P1 measurement-validity evidence; not causal
佛山,兰州,1.0,0.39999999999999947,0.36666666666666714,2.349733049001682,2.216769272360728,True,True,False,False,4.473419412878783,basis_category;release_trigger_category;schedule_form_category;n_release_steps;final_retained_share,descriptive P1 measurement-validity evidence; not causal
佛山,北京,0.6666666666666666,0.7666666666666666,0.33333333333333215,4.513855147665845,1.744504012567626,False,False,False,False,262.83212265624996,basis_category;release_trigger_category;schedule_form_category;n_release_steps;final_retained_share,descriptive P1 measurement-validity evidence; not causal
佛山,北海,1.0,1.0666666666666664,3.166666666666667,0.5827387851305939,0.04180363416761068,False,False,True,True,289.94176363636365,basis_category;release_trigger_category;schedule_form_category;n_release_steps;final_retained_share,descriptive P1 measurement-validity evidence; not causal
佛山,合肥,1.0,1.0666666666666664,2.583333333333334,1.781570522090282,4.229465816402132,False,False,False,False,15.18649488636364,basis_category;release_trigger_category;schedule_form_category;n_release_steps;final_retained_share,descriptive P1 measurement-validity evidence; not causal
佛山,定安,1.0,1.3666666666666663,3.1333333333333337,0.29119126597212097,2.369103178732389,False,False,True,False,245.01762130681828,basis_category;release_trigger_category;schedule_form_category;n_release_steps;final_retained_share,descriptive P1 measurement-validity evidence; not causal
佛山,屯昌,0.3333333333333333,2.0666666666666664,3.833333333333334,0.39438142568982393,3.4766035258502272,False,False,False,False,245.01762130681828,basis_category;release_trigger_category;schedule_form_category;n_release_steps;final_retained_share,descriptive P1 measurement-validity evidence; not causal
佛山,广州,0.0,1.7333333333333334,3.500000000000001,1.2124907950439692,4.040563553704131,False,False,False,False,135.81557499999997,basis_category;release_trigger_category;schedule_form_category;n_release_steps;final_retained_share,descriptive P1 measurement-validity evidence; not causal
佛山,惠州,0.3333333333333333,0.6666666666666665,0.7666666666666666,3.3512807611843276,0.5906830609503304,False,False,False,False,225.25509999999997,basis_category;release_trigger_category;schedule_form_category;n_release_steps;final_retained_share,descriptive P1 measurement-validity evidence; not causal
佛山,文昌,1.0,0.36666666666666625,1.8000000000000007,0.45072404325135995,0.9749794534379514,True,False,True,True,245.01762130681817,basis_category;release_trigger_category;schedule_form_category;n_release_steps;final_retained_share,descriptive P1 measurement-validity evidence; not causal
佛山,昌江,1.0,0.7000000000000002,2.1333333333333337,0.45072404325135995,0.9749794534379514,False,False,True,True,240.33108053977276,basis_category;release_trigger_category;schedule_form_category;n_release_steps;final_retained_share,descriptive P1 measurement-validity evidence; not causal
佛山,汕头,0.6666666666666666,0.6333333333333333,1.333333333333334,0.759596231907874,2.769475655740105,False,False,False,False,488.2488744318182,basis_category;release_trigger_category;schedule_form_category;n_release_steps;final_retained_share,descriptive P1 measurement-validity evidence; not causal
佛山,海口,0.6666666666666666,2.0833333333333335,3.850000000000001,0.580059180843131,0.6372672536539632,False,False,False,False,310.7515314630684,basis_category;release_trigger_category;schedule_form_category;n_release_steps;final_retained_share,descriptive P1 measurement-validity evidence; not causal
佛山,深圳,1.0,2.7166666666666677,4.816666666666668,3.5842095423709712,1.7233613181757486,False,False,False,False,131.32559602272727,basis_category;release_trigger_category;schedule_form_category;n_release_steps;final_retained_share,descriptive P1 measurement-validity evidence; not causal
佛山,清远,0.6666666666666666,0.2333333333333334,0.4666666666666668,0.26424436120628503,2.3944711709530333,False,False,False,False,347.3372835227274,basis_category;release_trigger_category;schedule_form_category;n_release_steps;final_retained_share,descriptive P1 measurement-validity evidence; not causal
佛山,澄迈,0.6666666666666666,0.6666666666666665,2.2333333333333343,1.0388305796882311,3.834493569022939,False,False,False,False,619.4787394886364,basis_category;release_trigger_category;schedule_form_category;n_release_steps;final_retained_share,descriptive P1 measurement-validity evidence; not causal
佛山,珠海,0.6666666666666666,1.0666666666666664,2.3000000000000007,0.297745076013602,1.302664280720811,False,False,False,False,1483.4033346590913,basis_category;release_trigger_category;schedule_form_category;n_release_steps;final_retained_share,descriptive P1 measurement-validity evidence; not causal
佛山,琼中,0.6666666666666666,0.39999999999999947,1.7666666666666675,0.18722448581531803,4.644250475106948,False,False,False,False,1078.0645988636365,basis_category;release_trigger_category;schedule_form_category;n_release_steps;final_retained_share,descriptive P1 measurement-validity evidence; not causal
佛山,琼海,0.6666666666666666,1.8000000000000003,3.900000000000001,1.916969156763082,1.685263152779445,False,False,False,False,1688.3348201683243,basis_category;release_trigger_category;schedule_form_category;n_release_steps;final_retained_share,descriptive P1 measurement-validity evidence; not causal
佛山,白沙,0.6666666666666666,1.4500000000000002,3.5500000000000007,1.618801995723751,2.7934880375642797,False,False,False,False,164.61239176136365,basis_category;release_trigger_category;schedule_form_category;n_release_steps;final_retained_share,descriptive P1 measurement-validity evidence; not causal
佛山,肇庆,0.0,0.33333333333333304,2.1000000000000005,0.7093294059157111,1.6103953337442198,False,False,False,False,5.345291477272728,basis_category;release_trigger_category;schedule_form_category;n_release_steps;final_retained_share,descriptive P1 measurement-validity evidence; not causal
佛山,陵水,1.0,1.0333333333333332,2.8000000000000007,0.3911709032516759,0.5787466069200278,False,False,True,True,308.7658686079546,basis_category;release_trigger_category;schedule_form_category;n_release_steps;final_retained_share,descriptive P1 measurement-validity evidence; not causal
佛山,韶关,0.3333333333333333,1.0500000000000003,2.750000000000001,0.6131763032904469,3.4268982950563425,False,False,False,False,519.5223403409091,basis_category;release_trigger_category;schedule_form_category;n_release_steps;final_retained_share,descriptive P1 measurement-validity evidence; not causal
信阳,儋州,1.0,0.40000000000000036,0.40000000000000036,1.090913387181773,5.994623527200582,False,True,False,False,295.1317043274708,basis_category;release_trigger_category;schedule_form_category;n_release_steps;final_retained_share,descriptive P1 measurement-validity evidence; not causal
信阳,六安,0.5,0.19999999999999973,0.1999999999999993,0.8095902287178252,5.682569072815527,False,False,False,False,235.9645044034092,basis_category;release_trigger_category;schedule_form_category;n_release_steps;final_retained_share,descriptive P1 measurement-validity evidence; not causal
信阳,兰州,1.0,1.5999999999999996,2.0666666666666664,2.8606563470019477,5.702898472461348,False,False,False,False,211.74738513257586,basis_category;release_trigger_category;schedule_form_category;n_release_steps;final_retained_share,descriptive P1 measurement-validity evidence; not causal
信阳,北京,1.0,1.9666666666666668,2.7666666666666657,5.0247784456661115,1.7416251875329936,False,False,False,False,46.61131811079531,basis_category;release_trigger_category;schedule_form_category;n_release_steps;final_retained_share,descriptive P1 measurement-validity evidence; not causal
信阳,北海,0.5,0.13333333333333375,0.7333333333333334,1.0936620831308599,3.5279328342682303,False,False,False,False,73.72095909090899,basis_category;release_trigger_category;schedule_form_category;n_release_steps;final_retained_share,descriptive P1 measurement-validity evidence; not causal
信阳,合肥,1.0,0.13333333333333375,0.15000000000000036,2.292493820090548,0.7433366163015123,True,True,False,True,231.4072994318183,basis_category;release_trigger_category;schedule_form_category;n_release_steps;final_retained_share,descriptive P1 measurement-validity evidence; not causal
信阳,定安,0.5,0.16666666666666607,0.7000000000000002,0.21973203202814506,5.8552323788330085,False,False,False,False,28.79681676136363,basis_category;release_trigger_category;schedule_form_category;n_release_steps;final_retained_share,descriptive P1 measurement-validity evidence; not causal
信阳,屯昌,1.0,0.8666666666666663,1.4000000000000004,0.11654187231044211,0.009525674250392413,False,False,True,True,28.79681676136363,basis_category;release_trigger_category;schedule_form_category;n_release_steps;final_retained_share,descriptive P1 measurement-validity evidence; not causal
信阳,广州,1.0,0.5333333333333332,1.0666666666666673,1.7234140930442352,0.5544343536035115,False,False,False,True,80.40522954545469,basis_category;release_trigger_category;schedule_form_category;n_release_steps;final_retained_share,descriptive P1 measurement-validity evidence; not causal
信阳,惠州,1.0,0.5333333333333337,1.666666666666667,3.8622040591845934,2.8954461391502893,False,False,False,False,9.034295454545315,basis_category;release_trigger_category;schedule_form_category;n_release_steps;final_retained_share,descriptive P1 measurement-validity evidence; not causal
信阳,文昌,0.5,0.8333333333333339,0.6333333333333329,0.961647341251626,4.461108653538571,False,False,False,False,28.796816761363516,basis_category;release_trigger_category;schedule_form_category;n_release_steps;final_retained_share,descriptive P1 measurement-validity evidence; not causal
信阳,昌江,0.5,0.5,0.2999999999999998,0.961647341251626,4.461108653538571,False,False,False,False,24.1102759943181,basis_category;release_trigger_category;schedule_form_category;n_release_steps;final_retained_share,descriptive P1 measurement-validity evidence; not causal
信阳,汕头,1.0,0.5666666666666669,1.0999999999999996,1.27051952990814,0.7166535443605149,False,False,False,True,272.02806988636354,basis_category;release_trigger_category;schedule_form_category;n_release_steps;final_retained_share,descriptive P1 measurement-validity evidence; not causal
信阳,海口,1.0,0.8833333333333333,1.4166666666666674,0.06913588284286498,2.8488619464466565,False,False,True,False,94.53072691761372,basis_category;release_trigger_category;schedule_form_category;n_release_steps;final_retained_share,descriptive P1 measurement-validity evidence; not causal
信阳,深圳,0.5,1.5166666666666673,2.3833333333333346,4.095132840371237,1.762767881924871,False,False,False,False,84.89520852272739,basis_category;release_trigger_category;schedule_form_category;n_release_steps;final_retained_share,descriptive P1 measurement-validity evidence; not causal
信阳,清远,1.0,1.4333333333333336,1.9666666666666668,0.7751676592065511,1.0916580291475864,False,False,False,True,131.11647897727272,basis_category;release_trigger_category;schedule_form_category;n_release_steps;final_retained_share,descriptive P1 measurement-validity evidence; not causal
信阳,澄迈,1.0,0.5333333333333337,0.1999999999999993,1.5497538776884972,7.320622769123559,False,True,False,False,403.25793494318174,basis_category;release_trigger_category;schedule_form_category;n_release_steps;final_retained_share,descriptive P1 measurement-validity evidence; not causal
信阳,珠海,1.0,0.13333333333333375,0.13333333333333286,0.808668374013868,2.1834649193798086,True,True,False,False,1267.1825301136369,basis_category;release_trigger_category;schedule_form_category;n_release_steps;final_retained_share,descriptive P1 measurement-validity evidence; not causal
信阳,琼中,1.0,0.8000000000000007,0.6666666666666661,0.323698812184948,1.1581212750063283,False,True,True,False,861.8437943181818,basis_category;release_trigger_category;schedule_form_category;n_release_steps;final_retained_share,descriptive P1 measurement-validity evidence; not causal
信阳,琼海,1.0,0.6000000000000001,1.4666666666666672,1.406045858762816,5.171392352880065,False,False,False,False,1472.1140156228698,basis_category;release_trigger_category;schedule_form_category;n_release_steps;final_retained_share,descriptive P1 measurement-validity evidence; not causal
信阳,白沙,1.0,0.25,1.1166666666666671,2.129725293724017,0.69264116253634,True,False,False,True,51.608412784091,basis_category;release_trigger_category;schedule_form_category;n_release_steps;final_retained_share,descriptive P1 measurement-validity evidence; not causal
信阳,肇庆,1.0,0.8666666666666671,0.33333333333333304,1.2202527039159772,5.096524533844839,False,True,False,False,221.56609602272738,basis_category;release_trigger_category;schedule_form_category;n_release_steps;final_retained_share,descriptive P1 measurement-validity evidence; not causal
信阳,陵水,0.5,0.16666666666666696,0.36666666666666714,0.902094201251942,2.907382593180592,False,False,False,False,92.54506406249993,basis_category;release_trigger_category;schedule_form_category;n_release_steps;final_retained_share,descriptive P1 measurement-validity evidence; not causal
信阳,韶关,1.0,0.1499999999999999,0.3166666666666673,0.10225300529018089,0.05923090504427719,True,True,True,True,303.3015357954544,basis_category;release_trigger_category;schedule_form_category;n_release_steps;final_retained_share,descriptive P1 measurement-validity evidence; not causal
儋州,六安,0.717948717948718,0.6000000000000001,0.5999999999999996,1.9005036158995983,0.3120544543850552,False,True,False,True,531.09620873088,basis_category;release_trigger_category;schedule_form_category;n_release_steps;final_retained_share,descriptive P1 measurement-validity evidence; not causal
儋州,兰州,0.0,2.0,2.466666666666667,1.7697429598201748,0.29172505473923405,False,False,False,False,506.87908946004666,basis_category;release_trigger_category;schedule_form_category;n_release_steps;final_retained_share,descriptive P1 measurement-validity evidence; not causal
儋州,北京,0.23076923076923075,2.366666666666667,3.166666666666666,3.9338650584843387,4.252998339667588,False,False,False,False,248.5203862166755,basis_category;release_trigger_category;schedule_form_category;n_release_steps;final_retained_share,descriptive P1 measurement-validity evidence; not causal
儋州,北海,0.3333333333333333,0.5333333333333341,0.33333333333333304,0.002748695949086777,2.4666906929323513,False,False,False,False,221.4107452365618,basis_category;release_trigger_category;schedule_form_category;n_release_steps;final_retained_share,descriptive P1 measurement-validity evidence; not causal
儋州,合肥,0.0,0.5333333333333341,0.25,1.201580432908775,6.737960143502094,False,False,False,False,526.5390037592891,basis_category;release_trigger_category;schedule_form_category;n_release_steps;final_retained_share,descriptive P1 measurement-validity evidence; not causal
儋州,定安,0.6666666666666666,0.23333333333333428,0.2999999999999998,0.871181355153628,0.13939114836757316,False,False,False,False,266.33488756610717,basis_category;release_trigger_category;schedule_form_category;n_release_steps;final_retained_share,descriptive P1 measurement-validity evidence; not causal
儋州,屯昌,0.6666666666666666,0.4666666666666659,1.0,0.974371514871331,5.985097852950189,False,False,False,False,266.33488756610717,basis_category;release_trigger_category;schedule_form_category;n_release_steps;final_retained_share,descriptive P1 measurement-validity evidence; not causal
儋州,广州,0.75,0.13333333333333286,0.666666666666667,0.6325007058624621,6.549057880804093,True,True,True,False,375.5369338729255,basis_category;release_trigger_category;schedule_form_category;n_release_steps;final_retained_share,descriptive P1 measurement-validity evidence; not causal
儋州,惠州,0.4615384615384615,0.933333333333334,2.0666666666666673,2.7712906720028205,3.0991773880502924,False,False,False,False,286.0974088729255,basis_category;release_trigger_category;schedule_form_category;n_release_steps;final_retained_share,descriptive P1 measurement-validity evidence; not causal
儋州,文昌,0.6666666666666666,1.2333333333333343,1.0333333333333332,0.12926604593014712,1.5335148736620106,False,False,False,False,266.3348875661073,basis_category;release_trigger_category;schedule_form_category;n_release_steps;final_retained_share,descriptive P1 measurement-validity evidence; not causal
儋州,昌江,0.6666666666666666,0.9000000000000004,0.7000000000000002,0.12926604593014712,1.5335148736620106,False,False,False,False,271.0214283331527,basis_category;release_trigger_category;schedule_form_category;n_release_steps;final_retained_share,descriptive P1 measurement-validity evidence; not causal
儋州,汕头,0.75,0.9666666666666672,1.5,0.17960614272636688,5.277969982840067,False,False,True,False,23.10363444110726,basis_category;release_trigger_category;schedule_form_category;n_release_steps;final_retained_share,descriptive P1 measurement-validity evidence; not causal
儋州,海口,0.26153846153846155,0.48333333333333295,1.016666666666667,1.160049270024638,3.145761580753925,False,False,False,False,200.60097740985708,basis_category;release_trigger_category;schedule_form_category;n_release_steps;final_retained_share,descriptive P1 measurement-validity evidence; not causal
儋州,深圳,0.717948717948718,1.116666666666667,1.983333333333334,3.004219453189464,4.231855645275711,False,False,False,False,380.0269128501982,basis_category;release_trigger_category;schedule_form_category;n_release_steps;final_retained_share,descriptive P1 measurement-validity evidence; not causal
儋州,清远,0.6666666666666666,1.833333333333334,2.366666666666667,0.31574572797522205,4.902965498052995,False,False,False,False,164.01522535019808,basis_category;release_trigger_category;schedule_form_category;n_release_steps;final_retained_share,descriptive P1 measurement-validity evidence; not causal
儋州,澄迈,0.36923076923076925,0.933333333333334,0.5999999999999996,0.45884049050672404,1.325999241922977,False,False,False,False,108.12623061571094,basis_category;release_trigger_category;schedule_form_category;n_release_steps;final_retained_share,descriptive P1 measurement-validity evidence; not causal
儋州,珠海,0.25,0.5333333333333341,0.5333333333333332,0.28224501316790507,3.811158607820773,False,False,False,False,972.050825786166,basis_category;release_trigger_category;schedule_form_category;n_release_steps;final_retained_share,descriptive P1 measurement-validity evidence; not causal
儋州,琼中,0.24615384615384617,1.200000000000001,1.0666666666666664,0.7672145749968251,7.15274480220691,False,False,False,False,566.712089990711,basis_category;release_trigger_category;schedule_form_category;n_release_steps;final_retained_share,descriptive P1 measurement-validity evidence; not causal
儋州,琼海,0.25,0.19999999999999973,1.0666666666666669,2.496959245944589,0.823231174320517,False,False,False,False,1176.982311295399,basis_category;release_trigger_category;schedule_form_category;n_release_steps;final_retained_share,descriptive P1 measurement-validity evidence; not causal
儋州,白沙,0.36923076923076925,0.15000000000000036,0.7166666666666668,1.0388119065422439,5.301982364664242,False,False,False,False,346.7401171115618,basis_category;release_trigger_category;schedule_form_category;n_release_steps;final_retained_share,descriptive P1 measurement-validity evidence; not causal
儋州,肇庆,0.7692307692307693,1.2666666666666675,0.7333333333333334,0.12933931673420407,0.8980989933557422,False,False,True,True,516.6978003501982,basis_category;release_trigger_category;schedule_form_category;n_release_steps;final_retained_share,descriptive P1 measurement-validity evidence; not causal
儋州,陵水,0.6666666666666666,0.5666666666666673,0.033333333333333215,0.18881918592983116,3.08724093401999,False,False,False,False,202.58664026497087,basis_category;release_trigger_category;schedule_form_category;n_release_steps;final_retained_share,descriptive P1 measurement-validity evidence; not causal
儋州,韶关,0.6666666666666666,0.5500000000000003,0.08333333333333304,1.193166392471954,5.9353926221563045,False,False,False,False,8.169831467983613,basis_category;release_trigger_category;schedule_form_category;n_release_steps;final_retained_share,descriptive P1 measurement-validity evidence; not causal
六安,兰州,1.0,1.4,1.8666666666666671,3.670246575719773,0.020329399645821145,False,False,False,True,24.21711927083333,basis_category;release_trigger_category;schedule_form_category;n_release_steps;final_retained_share,descriptive P1 measurement-validity evidence; not causal
六安,北京,0.7692307692307692,1.766666666666667,2.5666666666666664,5.834368674383937,3.940943885282533,False,False,False,False,282.5758225142045,basis_category;release_trigger_category;schedule_form_category;n_release_steps;final_retained_share,descriptive P1 measurement-validity evidence; not causal
六安,北海,1.0,0.06666666666666599,0.9333333333333327,1.903252311848685,2.154636238547296,True,False,False,False,309.6854634943182,basis_category;release_trigger_category;schedule_form_category;n_release_steps;final_retained_share,descriptive P1 measurement-validity evidence; not causal
六安,合肥,1.0,0.06666666666666599,0.34999999999999964,3.102084048808373,6.425905689117039,True,True,False,False,4.557204971590904,basis_category;release_trigger_category;schedule_form_category;n_release_steps;final_retained_share,descriptive P1 measurement-validity evidence; not causal
六安,定安,0.5,0.3666666666666658,0.8999999999999995,1.0293222607459702,0.17266330601748203,False,False,False,False,264.7613211647728,basis_category;release_trigger_category;schedule_form_category;n_release_steps;final_retained_share,descriptive P1 measurement-validity evidence; not causal
六安,屯昌,1.0,1.066666666666666,1.5999999999999996,0.9261321010282673,5.6730433985651345,False,False,False,False,264.7613211647728,basis_category;release_trigger_category;schedule_form_category;n_release_steps;final_retained_share,descriptive P1 measurement-validity evidence; not causal
六安,广州,1.0,0.733333333333333,1.2666666666666666,2.5330043217620606,6.237003426419038,False,False,False,False,155.5592748579545,basis_category;release_trigger_category;schedule_form_category;n_release_steps;final_retained_share,descriptive P1 measurement-validity evidence; not causal
六安,惠州,0.8205128205128206,0.3333333333333339,1.4666666666666677,4.671794287902419,2.7871229336652372,True,False,False,False,244.9987998579545,basis_category;release_trigger_category;schedule_form_category;n_release_steps;final_retained_share,descriptive P1 measurement-validity evidence; not causal
六安,文昌,0.5,0.6333333333333342,0.43333333333333357,1.7712375699694511,1.2214604192769554,False,False,False,False,264.7613211647727,basis_category;release_trigger_category;schedule_form_category;n_release_steps;final_retained_share,descriptive P1 measurement-validity evidence; not causal
六安,昌江,0.5,0.30000000000000027,0.10000000000000053,1.7712375699694511,1.2214604192769554,False,False,False,False,260.0747803977273,basis_category;release_trigger_category;schedule_form_category;n_release_steps;final_retained_share,descriptive P1 measurement-validity evidence; not causal
六安,汕头,1.0,0.36666666666666714,0.9000000000000004,2.080109758625965,4.965915528455012,True,False,False,False,507.99257428977273,basis_category;release_trigger_category;schedule_form_category;n_release_steps;final_retained_share,descriptive P1 measurement-validity evidence; not causal
六安,海口,0.8205128205128206,1.083333333333333,1.6166666666666667,0.7404543458749602,2.83370712636887,False,False,False,False,330.4952313210229,basis_category;release_trigger_category;schedule_form_category;n_release_steps;final_retained_share,descriptive P1 measurement-validity evidence; not causal
六安,深圳,0.0,1.716666666666667,2.583333333333334,4.904723069089062,3.9198011908906554,False,False,False,False,151.0692958806818,basis_category;release_trigger_category;schedule_form_category;n_release_steps;final_retained_share,descriptive P1 measurement-validity evidence; not causal
六安,清远,1.0,1.2333333333333338,1.7666666666666675,1.5847578879243762,4.590911043667941,False,False,False,False,367.0809833806819,basis_category;release_trigger_category;schedule_form_category;n_release_steps;final_retained_share,descriptive P1 measurement-validity evidence; not causal
六安,澄迈,1.0,0.3333333333333339,0.0,2.359344106406322,1.638053696308032,True,True,False,False,639.2224393465909,basis_category;release_trigger_category;schedule_form_category;n_release_steps;final_retained_share,descriptive P1 measurement-validity evidence; not causal
六安,珠海,0.717948717948718,0.06666666666666599,0.06666666666666643,1.6182586027316932,3.499104153435718,True,True,False,False,1503.147034517046,basis_category;release_trigger_category;schedule_form_category;n_release_steps;final_retained_share,descriptive P1 measurement-validity evidence; not causal
六安,琼中,0.7948717948717948,0.600000000000001,0.4666666666666668,1.1332890409027732,6.840690347821855,False,True,False,False,1097.808298721591,basis_category;release_trigger_category;schedule_form_category;n_release_steps;final_retained_share,descriptive P1 measurement-validity evidence; not causal
六安,琼海,1.0,0.7999999999999998,1.6666666666666665,0.5964556300449908,0.5111767199354618,False,False,True,True,1708.078520026279,basis_category;release_trigger_category;schedule_form_category;n_release_steps;final_retained_share,descriptive P1 measurement-validity evidence; not causal
六安,白沙,1.0,0.44999999999999973,1.3166666666666664,2.9393155224418424,4.989927910279187,False,False,False,False,184.3560916193182,basis_category;release_trigger_category;schedule_form_category;n_release_steps;final_retained_share,descriptive P1 measurement-validity evidence; not causal
六安,肇庆,0.7435897435897436,0.6666666666666674,0.13333333333333375,2.0298429326338026,0.586044538970687,False,True,False,True,14.398408380681817,basis_category;release_trigger_category;schedule_form_category;n_release_steps;final_retained_share,descriptive P1 measurement-validity evidence; not causal
六安,陵水,0.5,0.03333333333333277,0.5666666666666664,1.711684429969767,2.7751864796349346,False,False,False,False,328.5095684659091,basis_category;release_trigger_category;schedule_form_category;n_release_steps;final_retained_share,descriptive P1 measurement-validity evidence; not causal
六安,韶关,1.0,0.04999999999999982,0.5166666666666666,0.7073372234276443,5.62333816777125,True,True,False,False,539.2660401988636,basis_category;release_trigger_category;schedule_form_category;n_release_steps;final_retained_share,descriptive P1 measurement-validity evidence; not causal
兰州,北京,0.25,0.36666666666666714,0.6999999999999993,2.164122098664164,3.961273284928354,False,False,False,False,258.35870324337117,basis_category;release_trigger_category;schedule_form_category;n_release_steps;final_retained_share,descriptive P1 measurement-validity evidence; not causal
兰州,北海,0.3333333333333333,1.466666666666666,2.8,1.766994263871088,2.1749656381931173,False,False,False,False,285.46834422348485,basis_category;release_trigger_category;schedule_form_category;n_release_steps;final_retained_share,descriptive P1 measurement-validity evidence; not causal
兰州,合肥,0.0,1.466666666666666,2.216666666666667,0.5681625269113999,6.44623508876286,False,False,False,False,19.659914299242423,basis_category;release_trigger_category;schedule_form_category;n_release_steps;final_retained_share,descriptive P1 measurement-validity evidence; not causal
兰州,定安,0.6666666666666666,1.7666666666666657,2.7666666666666666,2.6409243149738026,0.1523339063716609,False,False,False,False,240.5442018939395,basis_category;release_trigger_category;schedule_form_category;n_release_steps;final_retained_share,descriptive P1 measurement-validity evidence; not causal
兰州,屯昌,0.6666666666666666,2.466666666666666,3.466666666666667,2.744114474691506,5.693372798210955,False,False,False,False,240.5442018939395,basis_category;release_trigger_category;schedule_form_category;n_release_steps;final_retained_share,descriptive P1 measurement-validity evidence; not causal
兰州,广州,0.75,2.133333333333333,3.1333333333333337,1.1372422539577127,6.257332826064859,False,False,False,False,131.34215558712117,basis_category;release_trigger_category;schedule_form_category;n_release_steps;final_retained_share,descriptive P1 measurement-validity evidence; not causal
兰州,惠州,0.5,1.066666666666666,0.39999999999999947,1.0015477121826457,2.8074523333110584,False,False,False,False,220.78168058712117,basis_category;release_trigger_category;schedule_form_category;n_release_steps;final_retained_share,descriptive P1 measurement-validity evidence; not causal
兰州,文昌,0.6666666666666666,0.7666666666666657,1.4333333333333336,1.899009005750322,1.2417898189227765,False,False,False,False,240.54420189393937,basis_category;release_trigger_category;schedule_form_category;n_release_steps;final_retained_share,descriptive P1 measurement-validity evidence; not causal
兰州,昌江,0.6666666666666666,1.0999999999999996,1.7666666666666666,1.899009005750322,1.2417898189227765,False,False,False,False,235.85766112689396,basis_category;release_trigger_category;schedule_form_category;n_release_steps;final_retained_share,descriptive P1 measurement-validity evidence; not causal
兰州,汕头,0.75,1.0333333333333328,0.9666666666666668,1.590136817093808,4.986244928100833,False,False,False,False,483.7754550189394,basis_category;release_trigger_category;schedule_form_category;n_release_steps;final_retained_share,descriptive P1 measurement-validity evidence; not causal
兰州,海口,0.25,2.483333333333333,3.483333333333334,2.929792229844813,2.854036526014691,False,False,False,False,306.2781120501896,basis_category;release_trigger_category;schedule_form_category;n_release_steps;final_retained_share,descriptive P1 measurement-validity evidence; not causal
兰州,深圳,1.0,3.116666666666667,4.450000000000001,1.2344764933692893,3.9401305905364765,False,False,False,False,126.85217660984848,basis_category;release_trigger_category;schedule_form_category;n_release_steps;final_retained_share,descriptive P1 measurement-validity evidence; not causal
兰州,清远,0.6666666666666666,0.16666666666666607,0.09999999999999964,2.085488687795397,4.611240443313761,False,False,False,False,342.8638641098486,basis_category;release_trigger_category;schedule_form_category;n_release_steps;final_retained_share,descriptive P1 measurement-validity evidence; not causal
兰州,澄迈,0.25,1.066666666666666,1.8666666666666671,1.3109024693134508,1.617724296662211,False,False,False,False,615.0053200757576,basis_category;release_trigger_category;schedule_form_category;n_release_steps;final_retained_share,descriptive P1 measurement-validity evidence; not causal
兰州,珠海,0.3333333333333333,1.466666666666666,1.9333333333333336,2.05198797298808,3.519433553081539,False,False,False,False,1478.9299152462127,basis_category;release_trigger_category;schedule_form_category;n_release_steps;final_retained_share,descriptive P1 measurement-validity evidence; not causal
兰州,琼中,0.25,0.7999999999999989,1.4000000000000004,2.5369575348169997,6.861019747467676,False,False,False,False,1073.5911794507576,basis_category;release_trigger_category;schedule_form_category;n_release_steps;final_retained_share,descriptive P1 measurement-validity evidence; not causal
兰州,琼海,0.25,2.1999999999999997,3.5333333333333337,4.266702205764764,0.5315061195812829,False,False,False,False,1683.8614007554456,basis_category;release_trigger_category;schedule_form_category;n_release_steps;final_retained_share,descriptive P1 measurement-validity evidence; not causal
兰州,白沙,0.25,1.8499999999999996,3.1833333333333336,0.730931053277931,5.010257309925008,False,False,False,False,160.13897234848486,basis_category;release_trigger_category;schedule_form_category;n_release_steps;final_retained_share,descriptive P1 measurement-validity evidence; not causal
兰州,肇庆,1.0,0.7333333333333325,1.7333333333333334,1.6404036430859708,0.6063739386165081,False,False,False,True,9.818710890151511,basis_category;release_trigger_category;schedule_form_category;n_release_steps;final_retained_share,descriptive P1 measurement-validity evidence; not causal
兰州,陵水,0.6666666666666666,1.4333333333333327,2.4333333333333336,1.958562145750006,2.7955158792807557,False,False,False,False,304.2924491950758,basis_category;release_trigger_category;schedule_form_category;n_release_steps;final_retained_share,descriptive P1 measurement-validity evidence; not causal
兰州,韶关,0.6666666666666666,1.4499999999999997,2.3833333333333337,2.9629093522921286,5.64366756741707,False,False,False,False,515.0489209280303,basis_category;release_trigger_category;schedule_form_category;n_release_steps;final_retained_share,descriptive P1 measurement-validity evidence; not causal
北京,北海,0.6666666666666666,1.833333333333333,3.499999999999999,3.931116362535252,1.7863076467352368,False,False,False,False,27.10964098011368,basis_category;release_trigger_category;schedule_form_category;n_release_steps;final_retained_share,descriptive P1 measurement-validity evidence; not causal
北京,合肥,0.3333333333333333,1.833333333333333,2.916666666666666,2.7322846255755637,2.484961803834506,False,False,False,False,278.0186175426136,basis_category;release_trigger_category;schedule_form_category;n_release_steps;final_retained_share,descriptive P1 measurement-validity evidence; not causal
北京,定安,0.6666666666666666,2.133333333333333,3.466666666666666,4.8050464136379665,4.113607191300015,False,False,False,False,17.81450134943168,basis_category;release_trigger_category;schedule_form_category;n_release_steps;final_retained_share,descriptive P1 measurement-validity evidence; not causal
北京,屯昌,0.3333333333333333,2.833333333333333,4.166666666666666,4.908236573355669,1.7320995132826011,False,False,False,False,17.81450134943168,basis_category;release_trigger_category;schedule_form_category;n_release_steps;final_retained_share,descriptive P1 measurement-validity evidence; not causal
北京,广州,0.5,2.5,3.833333333333333,3.3013643526218766,2.296059541136505,False,False,False,False,127.01654765625,basis_category;release_trigger_category;schedule_form_category;n_release_steps;final_retained_share,descriptive P1 measurement-validity evidence; not causal
北京,惠州,0.23076923076923075,1.4333333333333331,1.0999999999999988,1.1625743864815181,1.1538209516172957,False,False,False,False,37.577022656249994,basis_category;release_trigger_category;schedule_form_category;n_release_steps;final_retained_share,descriptive P1 measurement-validity evidence; not causal
北京,文昌,0.6666666666666666,1.1333333333333329,2.133333333333333,4.063131104414486,2.7194834660055776,False,False,False,False,17.814501349431794,basis_category;release_trigger_category;schedule_form_category;n_release_steps;final_retained_share,descriptive P1 measurement-validity evidence; not causal
北京,昌江,0.6666666666666666,1.4666666666666668,2.466666666666666,4.063131104414486,2.7194834660055776,False,False,False,False,22.50104211647721,basis_category;release_trigger_category;schedule_form_category;n_release_steps;final_retained_share,descriptive P1 measurement-validity evidence; not causal
北京,汕头,0.5,1.4,1.666666666666666,3.7542589157579718,1.0249716431724787,False,False,False,False,225.41675177556823,basis_category;release_trigger_category;schedule_form_category;n_release_steps;final_retained_share,descriptive P1 measurement-validity evidence; not causal
北京,海口,0.43076923076923074,2.85,4.183333333333334,5.093914328508976,1.107236758913663,False,False,False,False,47.91940880681841,basis_category;release_trigger_category;schedule_form_category;n_release_steps;final_retained_share,descriptive P1 measurement-validity evidence; not causal
北京,深圳,0.7692307692307692,3.4833333333333343,5.15,0.9296456052948745,0.021142694391877548,False,False,False,True,131.5065266335227,basis_category;release_trigger_category;schedule_form_category;n_release_steps;final_retained_share,descriptive P1 measurement-validity evidence; not causal
北京,清远,0.3333333333333333,0.5333333333333332,0.7999999999999989,4.249610786459561,0.6499671583854072,False,False,False,False,84.50516086647741,basis_category;release_trigger_category;schedule_form_category;n_release_steps;final_retained_share,descriptive P1 measurement-validity evidence; not causal
北京,澄迈,0.5384615384615385,1.4333333333333331,2.5666666666666664,3.4750245679776146,5.578997581590565,False,False,False,False,356.6466168323864,basis_category;release_trigger_category;schedule_form_category;n_release_steps;final_retained_share,descriptive P1 measurement-validity evidence; not causal
北京,珠海,0.038461538461538464,1.833333333333333,2.633333333333333,4.216110071652244,0.441839731846815,False,False,False,False,1220.5712120028415,basis_category;release_trigger_category;schedule_form_category;n_release_steps;final_retained_share,descriptive P1 measurement-validity evidence; not causal
北京,琼中,0.4153846153846154,1.166666666666666,2.0999999999999996,4.7010796334811635,2.899746462539322,False,False,False,False,815.2324762073865,basis_category;release_trigger_category;schedule_form_category;n_release_steps;final_retained_share,descriptive P1 measurement-validity evidence; not causal
北京,琼海,0.5,2.566666666666667,4.2333333333333325,6.430824304428928,3.429767165347071,False,False,False,False,1425.5026975120745,basis_category;release_trigger_category;schedule_form_category;n_release_steps;final_retained_share,descriptive P1 measurement-validity evidence; not causal
北京,白沙,0.5384615384615385,2.216666666666667,3.883333333333333,2.895053151942095,1.0489840249966536,False,False,False,False,98.21973089488631,basis_category;release_trigger_category;schedule_form_category;n_release_steps;final_retained_share,descriptive P1 measurement-validity evidence; not causal
北京,肇庆,0.5192307692307693,1.0999999999999996,2.4333333333333327,3.8045257417501346,3.354899346311846,False,False,False,False,268.1774141335227,basis_category;release_trigger_category;schedule_form_category;n_release_steps;final_retained_share,descriptive P1 measurement-validity evidence; not causal
北京,陵水,0.6666666666666666,1.7999999999999998,3.133333333333333,4.12268424441417,1.1657574056475983,False,False,False,False,45.93374595170462,basis_category;release_trigger_category;schedule_form_category;n_release_steps;final_retained_share,descriptive P1 measurement-validity evidence; not causal
北京,韶关,0.3333333333333333,1.8166666666666669,3.083333333333333,5.127031450956292,1.6823942824887164,False,False,False,False,256.6902176846591,basis_category;release_trigger_category;schedule_form_category;n_release_steps;final_retained_share,descriptive P1 measurement-validity evidence; not causal
北海,合肥,0.3333333333333333,0.0,0.583333333333333,1.1988317369596881,4.271269450569743,False,False,False,False,305.12825852272726,basis_category;release_trigger_category;schedule_form_category;n_release_steps;final_retained_share,descriptive P1 measurement-validity evidence; not causal
北海,定安,0.6666666666666666,0.2999999999999998,0.033333333333333215,0.8739300511027148,2.327299544564778,False,False,False,False,44.92414232954536,basis_category;release_trigger_category;schedule_form_category;n_release_steps;final_retained_share,descriptive P1 measurement-validity evidence; not causal
北海,屯昌,0.6666666666666666,1.0,0.666666666666667,0.9771202108204178,3.518407160017838,False,False,False,False,44.92414232954536,basis_category;release_trigger_category;schedule_form_category;n_release_steps;final_retained_share,descriptive P1 measurement-validity evidence; not causal
北海,广州,1.0,0.666666666666667,0.3333333333333339,0.6297520099133753,4.082367187871742,False,True,True,False,154.12618863636368,basis_category;release_trigger_category;schedule_form_category;n_release_steps;final_retained_share,descriptive P1 measurement-validity evidence; not causal
北海,惠州,0.6666666666666666,0.3999999999999999,2.4000000000000004,2.7685419760537338,0.6324866951179411,False,False,False,False,64.68666363636368,basis_category;release_trigger_category;schedule_form_category;n_release_steps;final_retained_share,descriptive P1 measurement-validity evidence; not causal
北海,文昌,0.6666666666666666,0.7000000000000002,1.3666666666666663,0.1320147418792339,0.9331758192703408,False,False,False,False,44.924142329545475,basis_category;release_trigger_category;schedule_form_category;n_release_steps;final_retained_share,descriptive P1 measurement-validity evidence; not causal
北海,昌江,0.6666666666666666,0.36666666666666625,1.0333333333333332,0.1320147418792339,0.9331758192703408,False,False,False,False,49.61068309659089,basis_category;release_trigger_category;schedule_form_category;n_release_steps;final_retained_share,descriptive P1 measurement-validity evidence; not causal
北海,汕头,0.6666666666666666,0.4333333333333331,1.833333333333333,0.1768574467772801,2.8112792899077155,False,False,False,False,198.30711079545455,basis_category;release_trigger_category;schedule_form_category;n_release_steps;final_retained_share,descriptive P1 measurement-validity evidence; not causal
北海,海口,0.3333333333333333,1.016666666666667,0.683333333333334,1.1627979659737249,0.6790708878215739,False,False,False,False,20.80976782670473,basis_category;release_trigger_category;schedule_form_category;n_release_steps;final_retained_share,descriptive P1 measurement-validity evidence; not causal
北海,深圳,1.0,1.650000000000001,1.650000000000001,3.0014707572403774,1.7651649523433592,False,False,False,False,158.61616761363638,basis_category;release_trigger_category;schedule_form_category;n_release_steps;final_retained_share,descriptive P1 measurement-validity evidence; not causal
北海,清远,0.6666666666666666,1.2999999999999998,2.7,0.3184944239243088,2.436274805120644,False,False,False,False,57.39551988636373,basis_category;release_trigger_category;schedule_form_category;n_release_steps;final_retained_share,descriptive P1 measurement-validity evidence; not causal
北海,澄迈,0.3333333333333333,0.3999999999999999,0.9333333333333327,0.45609179455763726,3.7926899348553285,False,False,False,False,329.53697585227275,basis_category;release_trigger_category;schedule_form_category;n_release_steps;final_retained_share,descriptive P1 measurement-validity evidence; not causal
北海,珠海,0.6666666666666666,0.0,0.8666666666666663,0.28499370911699184,1.3444679148884218,False,False,False,False,1193.4615710227279,basis_category;release_trigger_category;schedule_form_category;n_release_steps;final_retained_share,descriptive P1 measurement-validity evidence; not causal
北海,琼中,0.3333333333333333,0.666666666666667,1.3999999999999995,0.7699632709459119,4.686054109274559,False,False,False,False,788.1228352272728,basis_category;release_trigger_category;schedule_form_category;n_release_steps;final_retained_share,descriptive P1 measurement-validity evidence; not causal
北海,琼海,0.3333333333333333,0.7333333333333338,0.7333333333333338,2.499707941893676,1.6434595186118344,False,False,False,False,1398.3930565319608,basis_category;release_trigger_category;schedule_form_category;n_release_steps;final_retained_share,descriptive P1 measurement-validity evidence; not causal
北海,白沙,0.3333333333333333,0.38333333333333375,0.38333333333333375,1.036063210593157,2.8352916717318903,False,False,False,False,125.32937187499999,basis_category;release_trigger_category;schedule_form_category;n_release_steps;final_retained_share,descriptive P1 measurement-validity evidence; not causal
北海,肇庆,1.0,0.7333333333333334,1.0666666666666664,0.1265906207851173,1.5685916995766092,False,False,True,False,295.28705511363637,basis_category;release_trigger_category;schedule_form_category;n_release_steps;final_retained_share,descriptive P1 measurement-validity evidence; not causal
北海,陵水,0.6666666666666666,0.033333333333333215,0.36666666666666625,0.19156788187891793,0.6205502410876385,False,False,False,False,18.82410497159094,basis_category;release_trigger_category;schedule_form_category;n_release_steps;final_retained_share,descriptive P1 measurement-validity evidence; not causal
北海,韶关,0.6666666666666666,0.016666666666666163,0.4166666666666661,1.1959150884210408,3.468701929223953,False,False,False,False,229.58057670454542,basis_category;release_trigger_category;schedule_form_category;n_release_steps;final_retained_share,descriptive P1 measurement-validity evidence; not causal
合肥,定安,0.6666666666666666,0.2999999999999998,0.5499999999999998,2.0727617880624027,6.598568995134521,False,False,False,False,260.2041161931819,basis_category;release_trigger_category;schedule_form_category;n_release_steps;final_retained_share,descriptive P1 measurement-validity evidence; not causal
合肥,屯昌,0.6666666666666666,1.0,1.25,2.175951947780106,0.7528622905519047,False,False,False,False,260.2041161931819,basis_category;release_trigger_category;schedule_form_category;n_release_steps;final_retained_share,descriptive P1 measurement-validity evidence; not causal
合肥,广州,1.0,0.666666666666667,0.916666666666667,0.5690797270463128,0.1889022626980008,False,False,True,True,151.0020698863636,basis_category;release_trigger_category;schedule_form_category;n_release_steps;final_retained_share,descriptive P1 measurement-validity evidence; not causal
合肥,惠州,0.6666666666666666,0.3999999999999999,1.8166666666666673,1.5697102390940456,3.6387827554518015,False,False,False,False,240.44159488636362,basis_category;release_trigger_category;schedule_form_category;n_release_steps;final_retained_share,descriptive P1 measurement-validity evidence; not causal
合肥,文昌,0.6666666666666666,0.7000000000000002,0.7833333333333332,1.330846478838922,5.204445269840083,False,False,False,False,260.2041161931818,basis_category;release_trigger_category;schedule_form_category;n_release_steps;final_retained_share,descriptive P1 measurement-validity evidence; not causal
合肥,昌江,0.6666666666666666,0.36666666666666625,0.4500000000000002,1.330846478838922,5.204445269840083,False,False,False,False,255.5175754261364,basis_category;release_trigger_category;schedule_form_category;n_release_steps;final_retained_share,descriptive P1 measurement-validity evidence; not causal
合肥,汕头,0.6666666666666666,0.4333333333333331,1.25,1.021974290182408,1.4599901606620271,False,False,False,False,503.4353693181818,basis_category;release_trigger_category;schedule_form_category;n_release_steps;final_retained_share,descriptive P1 measurement-validity evidence; not causal
合肥,海口,0.3333333333333333,1.016666666666667,1.266666666666667,2.361629702933413,3.5921985627481687,False,False,False,False,325.938026349432,basis_category;release_trigger_category;schedule_form_category;n_release_steps;final_retained_share,descriptive P1 measurement-validity evidence; not causal
合肥,深圳,1.0,1.650000000000001,2.2333333333333343,1.8026390202806892,2.5061044982263834,False,False,False,False,146.51209090909092,basis_category;release_trigger_category;schedule_form_category;n_release_steps;final_retained_share,descriptive P1 measurement-validity evidence; not causal
合肥,清远,0.6666666666666666,1.2999999999999998,2.116666666666667,1.517326160883997,1.8349946454490986,False,False,False,False,362.523778409091,basis_category;release_trigger_category;schedule_form_category;n_release_steps;final_retained_share,descriptive P1 measurement-validity evidence; not causal
合肥,澄迈,0.3333333333333333,0.3999999999999999,0.34999999999999964,0.7427399424020509,8.06395938542507,False,False,False,False,634.6652343750001,basis_category;release_trigger_category;schedule_form_category;n_release_steps;final_retained_share,descriptive P1 measurement-validity evidence; not causal
合肥,珠海,0.3333333333333333,0.0,0.2833333333333332,1.48382544607668,2.926801535681321,False,False,False,False,1498.5898295454551,basis_category;release_trigger_category;schedule_form_category;n_release_steps;final_retained_share,descriptive P1 measurement-validity evidence; not causal
合肥,琼中,0.3333333333333333,0.666666666666667,0.8166666666666664,1.9687950079056,0.41478465870481607,False,False,False,False,1093.25109375,basis_category;release_trigger_category;schedule_form_category;n_release_steps;final_retained_share,descriptive P1 measurement-validity evidence; not causal
合肥,琼海,0.3333333333333333,0.7333333333333338,1.3166666666666669,3.698539678853364,5.914728969181577,False,False,False,False,1703.521315054688,basis_category;release_trigger_category;schedule_form_category;n_release_steps;final_retained_share,descriptive P1 measurement-validity evidence; not causal
合肥,白沙,0.3333333333333333,0.38333333333333375,0.9666666666666668,0.16276852636653105,1.4359777788378523,False,False,False,False,179.7988866477273,basis_category;release_trigger_category;schedule_form_category;n_release_steps;final_retained_share,descriptive P1 measurement-validity evidence; not causal
合肥,肇庆,1.0,0.7333333333333334,0.4833333333333334,1.0722411161745709,5.839861150146351,False,True,False,False,9.841203409090912,basis_category;release_trigger_category;schedule_form_category;n_release_steps;final_retained_share,descriptive P1 measurement-validity evidence; not causal
合肥,陵水,0.6666666666666666,0.033333333333333215,0.21666666666666679,1.390399618838606,3.650719209482104,False,False,False,False,323.9523634943182,basis_category;release_trigger_category;schedule_form_category;n_release_steps;final_retained_share,descriptive P1 measurement-validity evidence; not causal
合肥,韶关,0.6666666666666666,0.016666666666666163,0.16666666666666696,2.3947468253807287,0.8025675213457895,False,False,False,False,534.7088352272727,basis_category;release_trigger_category;schedule_form_category;n_release_steps;final_retained_share,descriptive P1 measurement-validity evidence; not causal
定安,屯昌,0.6666666666666666,0.7000000000000002,0.7000000000000002,0.10319015971770296,5.845706704582616,False,False,False,False,0.0,basis_category;release_trigger_category;schedule_form_category;n_release_steps;final_retained_share,descriptive P1 measurement-validity evidence; not causal
定安,广州,1.0,0.36666666666666714,0.36666666666666714,1.5036820610160901,6.40966673243652,True,True,False,False,109.20204630681832,basis_category;release_trigger_category;schedule_form_category;n_release_steps;final_retained_share,descriptive P1 measurement-validity evidence; not causal
定安,惠州,0.6666666666666666,0.6999999999999997,2.366666666666667,3.6424720271564484,2.9597862396827193,False,False,False,False,19.762521306818314,basis_category;release_trigger_category;schedule_form_category;n_release_steps;final_retained_share,descriptive P1 measurement-validity evidence; not causal
定安,文昌,0.0,1.0,1.333333333333333,0.7419153092234809,1.3941237252944374,False,False,False,False,1.1368683772161603e-13,basis_category;release_trigger_category;schedule_form_category;n_release_steps;final_retained_share,descriptive P1 measurement-validity evidence; not causal
定安,昌江,0.0,0.6666666666666661,1.0,0.7419153092234809,1.3941237252944374,False,False,False,False,4.686540767045528,basis_category;release_trigger_category;schedule_form_category;n_release_steps;final_retained_share,descriptive P1 measurement-validity evidence; not causal
定安,汕头,0.3333333333333333,0.733333333333333,1.7999999999999998,1.050787497879995,5.138578834472494,False,False,False,False,243.2312531249999,basis_category;release_trigger_category;schedule_form_category;n_release_steps;final_retained_share,descriptive P1 measurement-validity evidence; not causal
定安,海口,0.6666666666666666,0.7166666666666672,0.7166666666666672,0.28886791487101005,3.006370432386352,False,False,False,False,65.73391015625009,basis_category;release_trigger_category;schedule_form_category;n_release_steps;final_retained_share,descriptive P1 measurement-validity evidence; not causal
定安,深圳,0.5,1.3500000000000012,1.6833333333333342,3.875400808343092,4.092464496908137,False,False,False,False,113.69202528409102,basis_category;release_trigger_category;schedule_form_category;n_release_steps;final_retained_share,descriptive P1 measurement-validity evidence; not causal
定安,清远,0.3333333333333333,1.5999999999999996,2.666666666666667,0.555435627178406,4.763574349685422,False,False,False,False,102.31966221590909,basis_category;release_trigger_category;schedule_form_category;n_release_steps;final_retained_share,descriptive P1 measurement-validity evidence; not causal
定安,澄迈,0.6666666666666666,0.6999999999999997,0.8999999999999995,1.330021845660352,1.46539039029055,False,False,False,False,374.4611181818181,basis_category;release_trigger_category;schedule_form_category;n_release_steps;final_retained_share,descriptive P1 measurement-validity evidence; not causal
定安,珠海,0.6666666666666666,0.2999999999999998,0.833333333333333,0.588936341985723,3.6717674594532,False,False,False,False,1238.3857133522731,basis_category;release_trigger_category;schedule_form_category;n_release_steps;final_retained_share,descriptive P1 measurement-validity evidence; not causal
定安,琼中,0.6666666666666666,0.9666666666666668,1.3666666666666663,0.10396678015680294,7.013353653839337,False,False,False,False,833.0469775568181,basis_category;release_trigger_category;schedule_form_category;n_release_steps;final_retained_share,descriptive P1 measurement-validity evidence; not causal
定安,琼海,0.6666666666666666,0.433333333333334,0.766666666666667,1.625777890790961,0.6838400259529438,False,False,False,False,1443.317198861506,basis_category;release_trigger_category;schedule_form_category;n_release_steps;final_retained_share,descriptive P1 measurement-validity evidence; not causal
定安,白沙,0.6666666666666666,0.08333333333333393,0.41666666666666696,1.909993261695872,5.1625912162966685,False,False,False,False,80.40522954545463,basis_category;release_trigger_category;schedule_form_category;n_release_steps;final_retained_share,descriptive P1 measurement-validity evidence; not causal
定安,肇庆,1.0,1.0333333333333332,1.0333333333333332,1.0005206718878321,0.758707844988169,False,False,False,True,250.362912784091,basis_category;release_trigger_category;schedule_form_category;n_release_steps;final_retained_share,descriptive P1 measurement-validity evidence; not causal
定安,陵水,0.0,0.33333333333333304,0.33333333333333304,0.6823621692237969,2.9478497856524166,False,False,False,False,63.7482473011363,basis_category;release_trigger_category;schedule_form_category;n_release_steps;final_retained_share,descriptive P1 measurement-validity evidence; not causal
定安,韶关,0.6666666666666666,0.316666666666666,0.38333333333333286,0.32198503731832595,5.796001473788731,False,False,False,False,274.5047190340908,basis_category;release_trigger_category;schedule_form_category;n_release_steps;final_retained_share,descriptive P1 measurement-validity evidence; not causal
屯昌,广州,0.3333333333333333,0.33333333333333304,0.33333333333333304,1.606872220733793,0.5639600278539039,False,False,False,False,109.20204630681832,basis_category;release_trigger_category;schedule_form_category;n_release_steps;final_retained_share,descriptive P1 measurement-validity evidence; not causal
屯昌,惠州,0.0,1.4,3.0666666666666673,3.7456621868741515,2.885920464899897,False,False,False,False,19.762521306818314,basis_category;release_trigger_category;schedule_form_category;n_release_steps;final_retained_share,descriptive P1 measurement-validity evidence; not causal
屯昌,文昌,0.6666666666666666,1.7000000000000002,2.033333333333333,0.8451054689411839,4.451582979288179,False,False,False,False,1.1368683772161603e-13,basis_category;release_trigger_category;schedule_form_category;n_release_steps;final_retained_share,descriptive P1 measurement-validity evidence; not causal
屯昌,昌江,0.6666666666666666,1.3666666666666663,1.7000000000000002,0.8451054689411839,4.451582979288179,False,False,False,False,4.686540767045528,basis_category;release_trigger_category;schedule_form_category;n_release_steps;final_retained_share,descriptive P1 measurement-validity evidence; not causal
屯昌,汕头,0.3333333333333333,1.4333333333333331,2.5,1.1539776575976979,0.7071278701101225,False,False,False,False,243.2312531249999,basis_category;release_trigger_category;schedule_form_category;n_release_steps;final_retained_share,descriptive P1 measurement-validity evidence; not causal
屯昌,海口,0.3333333333333333,0.01666666666666705,0.01666666666666705,0.1856777551533071,2.839336272196264,False,False,False,False,65.73391015625009,basis_category;release_trigger_category;schedule_form_category;n_release_steps;final_retained_share,descriptive P1 measurement-validity evidence; not causal
屯昌,深圳,1.0,0.650000000000001,0.9833333333333341,3.978590968060795,1.7532422076744787,False,False,False,False,113.69202528409102,basis_category;release_trigger_category;schedule_form_category;n_release_steps;final_retained_share,descriptive P1 measurement-validity evidence; not causal
屯昌,清远,0.3333333333333333,2.3,3.366666666666667,0.658625786896109,1.082132354897194,False,False,False,False,102.31966221590909,basis_category;release_trigger_category;schedule_form_category;n_release_steps;final_retained_share,descriptive P1 measurement-validity evidence; not causal
屯昌,澄迈,0.3333333333333333,1.4,1.5999999999999996,1.433212005378055,7.311097094873166,False,False,False,False,374.4611181818181,basis_category;release_trigger_category;schedule_form_category;n_release_steps;final_retained_share,descriptive P1 measurement-validity evidence; not causal
屯昌,珠海,0.3333333333333333,1.0,1.5333333333333332,0.6921265017034259,2.173939245129416,False,False,False,False,1238.3857133522731,basis_category;release_trigger_category;schedule_form_category;n_release_steps;final_retained_share,descriptive P1 measurement-validity evidence; not causal
屯昌,琼中,0.3333333333333333,1.666666666666667,2.0666666666666664,0.2071569398745059,1.1676469492567207,False,False,False,False,833.0469775568181,basis_category;release_trigger_category;schedule_form_category;n_release_steps;final_retained_share,descriptive P1 measurement-validity evidence; not causal
屯昌,琼海,0.3333333333333333,0.26666666666666616,0.06666666666666687,1.522587731073258,5.161866678629672,False,False,False,False,1443.317198861506,basis_category;release_trigger_category;schedule_form_category;n_release_steps;final_retained_share,descriptive P1 measurement-validity evidence; not causal
屯昌,白沙,0.3333333333333333,0.6166666666666663,0.2833333333333332,2.013183421413575,0.6831154882859476,False,False,False,False,80.40522954545463,basis_category;release_trigger_category;schedule_form_category;n_release_steps;final_retained_share,descriptive P1 measurement-validity evidence; not causal
屯昌,肇庆,0.3333333333333333,1.7333333333333334,1.7333333333333334,1.103710831605535,5.086998859594447,False,False,False,False,250.362912784091,basis_category;release_trigger_category;schedule_form_category;n_release_steps;final_retained_share,descriptive P1 measurement-validity evidence; not causal
屯昌,陵水,0.6666666666666666,1.0333333333333332,1.0333333333333332,0.7855523289414998,2.8978569189301995,False,False,False,False,63.7482473011363,basis_category;release_trigger_category;schedule_form_category;n_release_steps;final_retained_share,descriptive P1 measurement-validity evidence; not causal
屯昌,韶关,0.0,1.0166666666666662,1.083333333333333,0.218794877600623,0.04970523079388478,False,False,False,False,274.5047190340908,basis_category;release_trigger_category;schedule_form_category;n_release_steps;final_retained_share,descriptive P1 measurement-validity evidence; not causal
广州,惠州,0.25,1.0666666666666669,2.7333333333333343,2.1387899661403584,3.4498804927538007,False,False,False,False,89.439525,basis_category;release_trigger_category;schedule_form_category;n_release_steps;final_retained_share,descriptive P1 measurement-validity evidence; not causal
广州,文昌,1.0,1.3666666666666671,1.7000000000000002,0.7617667517926092,5.015543007142083,False,False,False,False,109.2020463068182,basis_category;release_trigger_category;schedule_form_category;n_release_steps;final_retained_share,descriptive P1 measurement-validity evidence; not causal
广州,昌江,1.0,1.0333333333333332,1.3666666666666671,0.7617667517926092,5.015543007142083,False,False,False,False,104.51550553977279,basis_category;release_trigger_category;schedule_form_category;n_release_steps;final_retained_share,descriptive P1 measurement-validity evidence; not causal
广州,汕头,0.75,1.1,2.166666666666667,0.4528945631360952,1.2710878979640263,False,False,True,False,352.4332994318182,basis_category;release_trigger_category;schedule_form_category;n_release_steps;final_retained_share,descriptive P1 measurement-validity evidence; not causal
广州,海口,0.5,0.3500000000000001,0.3500000000000001,1.7925499758871002,3.403296300050168,False,False,False,False,174.9359564630684,basis_category;release_trigger_category;schedule_form_category;n_release_steps;final_retained_share,descriptive P1 measurement-validity evidence; not causal
广州,深圳,1.0,0.9833333333333341,1.316666666666667,2.371718747327002,2.3172022355283826,False,False,False,False,4.489978977272699,basis_category;release_trigger_category;schedule_form_category;n_release_steps;final_retained_share,descriptive P1 measurement-validity evidence; not causal
广州,清远,0.6666666666666666,1.9666666666666668,3.033333333333334,0.9482464338376841,1.6460923827510978,False,False,False,False,211.5217085227274,basis_category;release_trigger_category;schedule_form_category;n_release_steps;final_retained_share,descriptive P1 measurement-validity evidence; not causal
广州,澄迈,0.5,1.0666666666666669,1.2666666666666666,0.17366021535573806,7.87505712272707,False,False,False,False,483.6631644886364,basis_category;release_trigger_category;schedule_form_category;n_release_steps;final_retained_share,descriptive P1 measurement-validity evidence; not causal
广州,珠海,0.6666666666666666,0.666666666666667,1.2000000000000002,0.9147457190303672,2.73789927298332,False,False,False,False,1347.5877596590915,basis_category;release_trigger_category;schedule_form_category;n_release_steps;final_retained_share,descriptive P1 measurement-validity evidence; not causal
广州,琼中,0.5,1.333333333333334,1.7333333333333334,1.3997152808592872,0.6036869214028169,False,False,False,False,942.2490238636365,basis_category;release_trigger_category;schedule_form_category;n_release_steps;final_retained_share,descriptive P1 measurement-validity evidence; not causal
广州,琼海,0.5,0.06666666666666687,0.3999999999999999,3.129459951807051,5.725826706483576,False,False,False,False,1552.5192451683245,basis_category;release_trigger_category;schedule_form_category;n_release_steps;final_retained_share,descriptive P1 measurement-validity evidence; not causal
广州,白沙,0.5,0.2833333333333332,0.04999999999999982,0.40631120067978177,1.2470755161398515,False,False,False,False,28.796816761363687,basis_category;release_trigger_category;schedule_form_category;n_release_steps;final_retained_share,descriptive P1 measurement-validity evidence; not causal
广州,肇庆,0.0,1.4000000000000004,1.4000000000000004,0.503161389128258,5.6509588874483505,False,False,False,False,141.1608664772727,basis_category;release_trigger_category;schedule_form_category;n_release_steps;final_retained_share,descriptive P1 measurement-validity evidence; not causal
广州,陵水,1.0,0.7000000000000002,0.7000000000000002,0.8213198917922933,3.4618169467841033,False,False,False,False,172.95029360795462,basis_category;release_trigger_category;schedule_form_category;n_release_steps;final_retained_share,descriptive P1 measurement-validity evidence; not causal
广州,韶关,0.3333333333333333,0.6833333333333331,0.75,1.825667098334416,0.6136652586477886,False,False,False,False,383.7067653409091,basis_category;release_trigger_category;schedule_form_category;n_release_steps;final_retained_share,descriptive P1 measurement-validity evidence; not causal
惠州,文昌,0.6666666666666666,0.30000000000000027,1.033333333333334,2.9005567179329677,1.5656625143882819,False,False,False,False,19.7625213068182,basis_category;release_trigger_category;schedule_form_category;n_release_steps;final_retained_share,descriptive P1 measurement-validity evidence; not causal
惠州,昌江,0.6666666666666666,0.03333333333333366,1.3666666666666671,2.9005567179329677,1.5656625143882819,False,False,False,False,15.075980539772786,basis_category;release_trigger_category;schedule_form_category;n_release_steps;final_retained_share,descriptive P1 measurement-validity evidence; not causal
惠州,汕头,0.5,0.033333333333333215,0.5666666666666673,2.5916845292764537,2.1787925947897744,False,False,False,False,262.9937744318182,basis_category;release_trigger_category;schedule_form_category;n_release_steps;final_retained_share,descriptive P1 measurement-validity evidence; not causal
惠州,海口,0.2,1.416666666666667,3.0833333333333344,3.9313399420274586,0.04658419270363279,False,False,False,False,85.4964314630684,basis_category;release_trigger_category;schedule_form_category;n_release_steps;final_retained_share,descriptive P1 measurement-validity evidence; not causal
惠州,深圳,0.8205128205128206,2.0500000000000007,4.050000000000002,0.23292878118664362,1.1326782572254182,False,False,True,False,93.9295039772727,basis_category;release_trigger_category;schedule_form_category;n_release_steps;final_retained_share,descriptive P1 measurement-validity evidence; not causal
惠州,清远,0.3333333333333333,0.8999999999999999,0.2999999999999998,3.0870363999780426,1.803788110002703,False,False,False,False,122.0821835227274,basis_category;release_trigger_category;schedule_form_category;n_release_steps;final_retained_share,descriptive P1 measurement-validity evidence; not causal
惠州,澄迈,0.30769230769230765,0.0,1.4666666666666677,2.3124501814960965,4.4251766299732695,False,False,False,False,394.2236394886364,basis_category;release_trigger_category;schedule_form_category;n_release_steps;final_retained_share,descriptive P1 measurement-validity evidence; not causal
惠州,珠海,0.3269230769230769,0.3999999999999999,1.533333333333334,3.0535356851707256,0.7119812197704807,False,False,False,False,1258.1482346590915,basis_category;release_trigger_category;schedule_form_category;n_release_steps;final_retained_share,descriptive P1 measurement-validity evidence; not causal
惠州,琼中,0.21538461538461537,0.26666666666666705,1.0000000000000009,3.5385052469996454,4.053567414156618,False,False,False,False,852.8094988636365,basis_category;release_trigger_category;schedule_form_category;n_release_steps;final_retained_share,descriptive P1 measurement-validity evidence; not causal
惠州,琼海,0.25,1.1333333333333337,3.133333333333334,5.26824991794741,2.2759462137297755,False,False,False,False,1463.0797201683245,basis_category;release_trigger_category;schedule_form_category;n_release_steps;final_retained_share,descriptive P1 measurement-validity evidence; not causal
惠州,白沙,0.30769230769230765,0.7833333333333337,2.783333333333334,1.7324787654605767,2.2028049766139493,False,False,False,False,60.64270823863632,basis_category;release_trigger_category;schedule_form_category;n_release_steps;final_retained_share,descriptive P1 measurement-validity evidence; not causal
惠州,肇庆,0.3076923076923077,0.3333333333333335,1.333333333333334,2.6419513552686165,2.2010783946945502,False,False,False,False,230.6003914772727,basis_category;release_trigger_category;schedule_form_category;n_release_steps;final_retained_share,descriptive P1 measurement-validity evidence; not causal
惠州,陵水,0.6666666666666666,0.3666666666666667,2.033333333333334,2.9601098579326517,0.011936454030302635,False,False,False,False,83.51076860795462,basis_category;release_trigger_category;schedule_form_category;n_release_steps;final_retained_share,descriptive P1 measurement-validity evidence; not causal
惠州,韶关,0.0,0.38333333333333375,1.9833333333333343,3.9644570644747743,2.836215234106012,False,False,False,False,294.2672403409091,basis_category;release_trigger_category;schedule_form_category;n_release_steps;final_retained_share,descriptive P1 measurement-validity evidence; not causal
文昌,昌江,0.0,0.3333333333333339,0.33333333333333304,0.0,0.0,False,False,False,False,4.686540767045415,basis_category;release_trigger_category;schedule_form_category;n_release_steps;final_retained_share,descriptive P1 measurement-validity evidence; not causal
文昌,汕头,0.3333333333333333,0.26666666666666705,0.4666666666666668,0.308872188656514,3.7444551091780562,False,False,False,False,243.23125312500002,basis_category;release_trigger_category;schedule_form_category;n_release_steps;final_retained_share,descriptive P1 measurement-validity evidence; not causal
文昌,海口,0.6666666666666666,1.7166666666666672,2.0500000000000003,1.030783224094491,1.6122467070919146,False,False,False,False,65.7339101562502,basis_category;release_trigger_category;schedule_form_category;n_release_steps;final_retained_share,descriptive P1 measurement-validity evidence; not causal
文昌,深圳,0.5,2.3500000000000014,3.0166666666666675,3.1334854991196113,2.6983407716137,False,False,False,False,113.6920252840909,basis_category;release_trigger_category;schedule_form_category;n_release_steps;final_retained_share,descriptive P1 measurement-validity evidence; not causal
文昌,清远,0.3333333333333333,0.5999999999999996,1.333333333333334,0.18647968204507492,3.3694506243909847,False,False,False,False,102.3196622159092,basis_category;release_trigger_category;schedule_form_category;n_release_steps;final_retained_share,descriptive P1 measurement-validity evidence; not causal
文昌,澄迈,0.6666666666666666,0.30000000000000027,0.43333333333333357,0.5881065364368712,2.8595141155849877,False,False,False,False,374.4611181818182,basis_category;release_trigger_category;schedule_form_category;n_release_steps;final_retained_share,descriptive P1 measurement-validity evidence; not causal
文昌,珠海,0.6666666666666666,0.7000000000000002,0.5,0.15297896723775795,2.2776437341587625,False,False,False,False,1238.3857133522733,basis_category;release_trigger_category;schedule_form_category;n_release_steps;final_retained_share,descriptive P1 measurement-validity evidence; not causal
文昌,琼中,0.6666666666666666,0.033333333333333215,0.033333333333333215,0.637948529066678,5.619229928544899,False,False,False,False,833.0469775568183,basis_category;release_trigger_category;schedule_form_category;n_release_steps;final_retained_share,descriptive P1 measurement-validity evidence; not causal
文昌,琼海,0.6666666666666666,1.433333333333334,2.1,2.367693200014442,0.7102836993414936,False,False,False,False,1443.3171988615063,basis_category;release_trigger_category;schedule_form_category;n_release_steps;final_retained_share,descriptive P1 measurement-validity evidence; not causal
文昌,白沙,0.6666666666666666,1.083333333333334,1.75,1.168077952472391,3.768467491002231,False,False,False,False,80.40522954545452,basis_category;release_trigger_category;schedule_form_category;n_release_steps;final_retained_share,descriptive P1 measurement-validity evidence; not causal
文昌,肇庆,1.0,0.033333333333333215,0.2999999999999998,0.2586053626643512,0.6354158803062684,True,True,True,True,250.3629127840909,basis_category;release_trigger_category;schedule_form_category;n_release_steps;final_retained_share,descriptive P1 measurement-validity evidence; not causal
文昌,陵水,0.0,0.666666666666667,1.0,0.059553139999684035,1.5537260603579792,False,False,False,False,63.748247301136416,basis_category;release_trigger_category;schedule_form_category;n_release_steps;final_retained_share,descriptive P1 measurement-validity evidence; not causal
文昌,韶关,0.6666666666666666,0.683333333333334,0.9500000000000002,1.0639003465418069,4.401877748494294,False,False,False,False,274.5047190340909,basis_category;release_trigger_category;schedule_form_category;n_release_steps;final_retained_share,descriptive P1 measurement-validity evidence; not causal
昌江,汕头,0.3333333333333333,0.06666666666666687,0.7999999999999998,0.308872188656514,3.7444551091780562,False,False,False,False,247.91779389204544,basis_category;release_trigger_category;schedule_form_category;n_release_steps;final_retained_share,descriptive P1 measurement-validity evidence; not causal
昌江,海口,0.6666666666666666,1.3833333333333333,1.7166666666666672,1.030783224094491,1.6122467070919146,False,False,False,False,70.42045092329562,basis_category;release_trigger_category;schedule_form_category;n_release_steps;final_retained_share,descriptive P1 measurement-validity evidence; not causal
昌江,深圳,0.5,2.0166666666666675,2.6833333333333345,3.1334854991196113,2.6983407716137,False,False,False,False,109.00548451704549,basis_category;release_trigger_category;schedule_form_category;n_release_steps;final_retained_share,descriptive P1 measurement-validity evidence; not causal
昌江,清远,0.3333333333333333,0.9333333333333336,1.666666666666667,0.18647968204507492,3.3694506243909847,False,False,False,False,107.00620298295462,basis_category;release_trigger_category;schedule_form_category;n_release_steps;final_retained_share,descriptive P1 measurement-validity evidence; not causal
昌江,澄迈,0.6666666666666666,0.03333333333333366,0.10000000000000053,0.5881065364368712,2.8595141155849877,False,False,False,False,379.14765894886364,basis_category;release_trigger_category;schedule_form_category;n_release_steps;final_retained_share,descriptive P1 measurement-validity evidence; not causal
昌江,珠海,0.6666666666666666,0.36666666666666625,0.16666666666666696,0.15297896723775795,2.2776437341587625,False,False,False,False,1243.0722541193186,basis_category;release_trigger_category;schedule_form_category;n_release_steps;final_retained_share,descriptive P1 measurement-validity evidence; not causal
昌江,琼中,0.6666666666666666,0.3000000000000007,0.36666666666666625,0.637948529066678,5.619229928544899,False,False,False,False,837.7335183238637,basis_category;release_trigger_category;schedule_form_category;n_release_steps;final_retained_share,descriptive P1 measurement-validity evidence; not causal
昌江,琼海,0.6666666666666666,1.1,1.766666666666667,2.367693200014442,0.7102836993414936,False,False,False,False,1448.0037396285516,basis_category;release_trigger_category;schedule_form_category;n_release_steps;final_retained_share,descriptive P1 measurement-validity evidence; not causal
昌江,白沙,0.6666666666666666,0.75,1.416666666666667,1.168077952472391,3.768467491002231,False,False,False,False,75.7186887784091,basis_category;release_trigger_category;schedule_form_category;n_release_steps;final_retained_share,descriptive P1 measurement-validity evidence; not causal
昌江,肇庆,1.0,0.36666666666666714,0.033333333333333215,0.2586053626643512,0.6354158803062684,True,True,True,True,245.67637201704548,basis_category;release_trigger_category;schedule_form_category;n_release_steps;final_retained_share,descriptive P1 measurement-validity evidence; not causal
昌江,陵水,0.0,0.33333333333333304,0.666666666666667,0.059553139999684035,1.5537260603579792,False,False,False,False,68.43478806818183,basis_category;release_trigger_category;schedule_form_category;n_release_steps;final_retained_share,descriptive P1 measurement-validity evidence; not causal
昌江,韶关,0.6666666666666666,0.3500000000000001,0.6166666666666671,1.0639003465418069,4.401877748494294,False,False,False,False,279.1912598011363,basis_category;release_trigger_category;schedule_form_category;n_release_steps;final_retained_share,descriptive P1 measurement-validity evidence; not causal
汕头,海口,0.75,1.4500000000000002,2.516666666666667,1.339655412751005,2.1322084020861416,False,False,False,False,177.49734296874982,basis_category;release_trigger_category;schedule_form_category;n_release_steps;final_retained_share,descriptive P1 measurement-validity evidence; not causal
汕头,深圳,1.0,2.083333333333334,3.4833333333333343,2.8246133104630973,1.0461143375643562,False,False,False,True,356.9232784090909,basis_category;release_trigger_category;schedule_form_category;n_release_steps;final_retained_share,descriptive P1 measurement-validity evidence; not causal
汕头,清远,0.0,0.8666666666666667,0.8666666666666671,0.4953518707015889,0.3750044847870715,False,False,False,False,140.91159090909082,basis_category;release_trigger_category;schedule_form_category;n_release_steps;final_retained_share,descriptive P1 measurement-validity evidence; not causal
汕头,澄迈,0.75,0.033333333333333215,0.9000000000000004,0.27923434778035716,6.603969224763044,True,False,True,False,131.2298650568182,basis_category;release_trigger_category;schedule_form_category;n_release_steps;final_retained_share,descriptive P1 measurement-validity evidence; not causal
汕头,珠海,0.3333333333333333,0.4333333333333331,0.9666666666666668,0.46185115589427195,1.4668113750192937,False,False,False,False,995.1544602272733,basis_category;release_trigger_category;schedule_form_category;n_release_steps;final_retained_share,descriptive P1 measurement-validity evidence; not causal
汕头,琼中,0.75,0.23333333333333384,0.43333333333333357,0.946820717723192,1.8747748193668432,True,True,False,False,589.8157244318182,basis_category;release_trigger_category;schedule_form_category;n_release_steps;final_retained_share,descriptive P1 measurement-validity evidence; not causal
汕头,琼海,0.75,1.166666666666667,2.566666666666667,2.676565388670956,4.45473880851955,False,False,False,False,1200.0859457365063,basis_category;release_trigger_category;schedule_form_category;n_release_steps;final_retained_share,descriptive P1 measurement-validity evidence; not causal
汕头,白沙,0.75,0.8166666666666669,2.216666666666667,0.859205763815877,0.024012381824174867,False,False,False,True,323.63648267045454,basis_category;release_trigger_category;schedule_form_category;n_release_steps;final_retained_share,descriptive P1 measurement-validity evidence; not causal
汕头,肇庆,0.6666666666666666,0.30000000000000027,0.7666666666666666,0.05026682599216281,4.379870989484324,False,False,False,False,493.5941659090909,basis_category;release_trigger_category;schedule_form_category;n_release_steps;final_retained_share,descriptive P1 measurement-validity evidence; not causal
汕头,陵水,0.3333333333333333,0.3999999999999999,1.4666666666666668,0.36842532865619804,2.190729048820077,False,False,False,False,179.4830058238636,basis_category;release_trigger_category;schedule_form_category;n_release_steps;final_retained_share,descriptive P1 measurement-validity evidence; not causal
汕头,韶关,0.3333333333333333,0.41666666666666696,1.416666666666667,1.3727725351983209,0.6574226393162377,False,False,False,False,31.273465909090874,basis_category;release_trigger_category;schedule_form_category;n_release_steps;final_retained_share,descriptive P1 measurement-validity evidence; not causal
海口,深圳,0.8205128205128206,0.633333333333334,0.966666666666667,4.164268723214102,1.0860940645217854,False,False,False,True,179.4259354403411,basis_category;release_trigger_category;schedule_form_category;n_release_steps;final_retained_share,descriptive P1 measurement-validity evidence; not causal
海口,清远,0.6666666666666666,2.316666666666667,3.383333333333334,0.844303542049416,1.75720391729907,False,False,False,False,36.585752059659,basis_category;release_trigger_category;schedule_form_category;n_release_steps;final_retained_share,descriptive P1 measurement-validity evidence; not causal
海口,澄迈,0.10769230769230768,1.416666666666667,1.6166666666666667,1.6188897605313621,4.471760822676902,False,False,False,False,308.727208025568,basis_category;release_trigger_category;schedule_form_category;n_release_steps;final_retained_share,descriptive P1 measurement-validity evidence; not causal
海口,珠海,0.5769230769230769,1.016666666666667,1.5500000000000003,0.877804256856733,0.6653970270668479,False,False,False,False,1172.6518031960231,basis_category;release_trigger_category;schedule_form_category;n_release_steps;final_retained_share,descriptive P1 measurement-validity evidence; not causal
海口,琼中,0.015384615384615385,1.683333333333334,2.0833333333333335,0.392834695027813,4.006983221452985,False,False,False,False,767.3130674005681,basis_category;release_trigger_category;schedule_form_category;n_release_steps;final_retained_share,descriptive P1 measurement-validity evidence; not causal
海口,琼海,0.0,0.2833333333333332,0.04999999999999982,1.336909975919951,2.3225304064334082,False,False,False,False,1377.583288705256,basis_category;release_trigger_category;schedule_form_category;n_release_steps;final_retained_share,descriptive P1 measurement-validity evidence; not causal
海口,白沙,0.10769230769230768,0.6333333333333333,0.30000000000000027,2.198861176566882,2.1562207839103165,False,False,False,False,146.13913970170472,basis_category;release_trigger_category;schedule_form_category;n_release_steps;final_retained_share,descriptive P1 measurement-validity evidence; not causal
海口,肇庆,0.5576923076923077,1.7500000000000004,1.7500000000000004,1.2893885867588422,2.247662587398183,False,False,False,False,316.0968229403411,basis_category;release_trigger_category;schedule_form_category;n_release_steps;final_retained_share,descriptive P1 measurement-validity evidence; not causal
海口,陵水,0.6666666666666666,1.0500000000000003,1.0500000000000003,0.9712300840948069,0.05852064673393542,False,False,False,False,1.9856628551137874,basis_category;release_trigger_category;schedule_form_category;n_release_steps;final_retained_share,descriptive P1 measurement-validity evidence; not causal
海口,韶关,0.3333333333333333,1.0333333333333332,1.1,0.033117122447315905,2.7896310414023793,False,False,False,False,208.7708088778407,basis_category;release_trigger_category;schedule_form_category;n_release_steps;final_retained_share,descriptive P1 measurement-validity evidence; not causal
深圳,清远,1.0,2.950000000000001,4.350000000000001,3.319965181164686,0.6711098527772847,False,False,False,True,216.0116875000001,basis_category;release_trigger_category;schedule_form_category;n_release_steps;final_retained_share,descriptive P1 measurement-validity evidence; not causal
深圳,澄迈,1.0,2.0500000000000007,2.583333333333334,2.54537896268274,5.557854887198688,False,False,False,False,488.1531434659091,basis_category;release_trigger_category;schedule_form_category;n_release_steps;final_retained_share,descriptive P1 measurement-validity evidence; not causal
深圳,珠海,0.717948717948718,1.650000000000001,2.5166666666666675,3.286464466357369,0.4206970374549375,False,False,False,True,1352.0777386363643,basis_category;release_trigger_category;schedule_form_category;n_release_steps;final_retained_share,descriptive P1 measurement-validity evidence; not causal
深圳,琼中,0.7948717948717948,2.316666666666668,3.0500000000000007,3.771434028186289,2.9208891569311994,False,False,False,False,946.7390028409092,basis_category;release_trigger_category;schedule_form_category;n_release_steps;final_retained_share,descriptive P1 measurement-validity evidence; not causal
深圳,琼海,1.0,0.9166666666666672,0.9166666666666672,5.501178699134053,3.4086244709551936,False,False,False,False,1557.0092241455973,basis_category;release_trigger_category;schedule_form_category;n_release_steps;final_retained_share,descriptive P1 measurement-validity evidence; not causal
深圳,白沙,1.0,1.2666666666666673,1.2666666666666673,1.9654075466472203,1.070126719388531,False,False,False,True,33.286795738636386,basis_category;release_trigger_category;schedule_form_category;n_release_steps;final_retained_share,descriptive P1 measurement-validity evidence; not causal
深圳,肇庆,0.7435897435897436,2.3833333333333346,2.7166666666666677,2.87488013645526,3.3337566519199684,False,False,False,False,136.6708875,basis_category;release_trigger_category;schedule_form_category;n_release_steps;final_retained_share,descriptive P1 measurement-validity evidence; not causal
深圳,陵水,0.5,1.6833333333333342,2.0166666666666675,3.1930386391192953,1.1446147112557208,False,False,False,False,177.44027258522732,basis_category;release_trigger_category;schedule_form_category;n_release_steps;final_retained_share,descriptive P1 measurement-validity evidence; not causal
深圳,韶关,1.0,1.6666666666666672,2.0666666666666673,4.197385845661418,1.703536976880594,False,False,False,False,388.1967443181818,basis_category;release_trigger_category;schedule_form_category;n_release_steps;final_retained_share,descriptive P1 measurement-validity evidence; not causal
清远,澄迈,0.6666666666666666,0.8999999999999999,1.7666666666666675,0.7745862184819461,6.228964739975972,False,False,False,False,272.141455965909,basis_category;release_trigger_category;schedule_form_category;n_release_steps;final_retained_share,descriptive P1 measurement-validity evidence; not causal
清远,珠海,0.3333333333333333,1.2999999999999998,1.833333333333334,0.03350071480731698,1.0918068902322222,False,False,False,False,1136.066051136364,basis_category;release_trigger_category;schedule_form_category;n_release_steps;final_retained_share,descriptive P1 measurement-validity evidence; not causal
清远,琼中,0.6666666666666666,0.6333333333333329,1.3000000000000007,0.45146884702160306,2.2497793041539147,False,False,False,False,730.7273153409091,basis_category;release_trigger_category;schedule_form_category;n_release_steps;final_retained_share,descriptive P1 measurement-validity evidence; not causal
清远,琼海,0.6666666666666666,2.0333333333333337,3.433333333333334,2.181213517969367,4.079734323732478,False,False,False,False,1340.997536645597,basis_category;release_trigger_category;schedule_form_category;n_release_steps;final_retained_share,descriptive P1 measurement-validity evidence; not causal
清远,白沙,0.6666666666666666,1.6833333333333336,3.083333333333334,1.354557634517466,0.39901686661124636,False,False,False,False,182.72489176136372,basis_category;release_trigger_category;schedule_form_category;n_release_steps;final_retained_share,descriptive P1 measurement-validity evidence; not causal
清远,肇庆,0.6666666666666666,0.5666666666666664,1.6333333333333337,0.4450850447094261,4.004866504697253,False,False,False,False,352.6825750000001,basis_category;release_trigger_category;schedule_form_category;n_release_steps;final_retained_share,descriptive P1 measurement-validity evidence; not causal
清远,陵水,0.3333333333333333,1.2666666666666666,2.333333333333334,0.1269265420453909,1.8157245640330055,False,False,False,False,38.57141491477279,basis_category;release_trigger_category;schedule_form_category;n_release_steps;final_retained_share,descriptive P1 measurement-validity evidence; not causal
清远,韶关,0.3333333333333333,1.2833333333333337,2.283333333333334,0.877420664496732,1.0324271241033092,False,False,False,False,172.1850568181817,basis_category;release_trigger_category;schedule_form_category;n_release_steps;final_retained_share,descriptive P1 measurement-validity evidence; not causal
澄迈,珠海,0.7115384615384616,0.3999999999999999,0.06666666666666643,0.7410855036746291,5.13715784974375,True,True,False,False,863.9245951704551,basis_category;release_trigger_category;schedule_form_category;n_release_steps;final_retained_share,descriptive P1 measurement-validity evidence; not causal
澄迈,琼中,0.12307692307692308,0.26666666666666705,0.4666666666666668,1.2260550655035491,8.478744044129886,False,False,False,False,458.58585937500004,basis_category;release_trigger_category;schedule_form_category;n_release_steps;final_retained_share,descriptive P1 measurement-validity evidence; not causal
澄迈,琼海,0.0,1.1333333333333337,1.6666666666666665,2.955799736451313,2.149230416243494,False,False,False,False,1068.8560806796881,basis_category;release_trigger_category;schedule_form_category;n_release_steps;final_retained_share,descriptive P1 measurement-validity evidence; not causal
澄迈,白沙,0.0,0.7833333333333337,1.3166666666666664,0.5799714160355198,6.627981606587219,False,False,False,False,454.86634772727274,basis_category;release_trigger_category;schedule_form_category;n_release_steps;final_retained_share,descriptive P1 measurement-validity evidence; not causal
澄迈,肇庆,0.6923076923076923,0.3333333333333335,0.13333333333333375,0.32950117377252,2.224098235278719,True,True,True,False,624.8240309659092,basis_category;release_trigger_category;schedule_form_category;n_release_steps;final_retained_share,descriptive P1 measurement-validity evidence; not causal
澄迈,陵水,0.6666666666666666,0.3666666666666667,0.5666666666666664,0.6476596764365552,4.413240175942967,False,False,False,False,310.7128708806818,basis_category;release_trigger_category;schedule_form_category;n_release_steps;final_retained_share,descriptive P1 measurement-validity evidence; not causal
澄迈,韶关,0.3333333333333333,0.38333333333333375,0.5166666666666666,1.652006882978678,7.261391864079282,False,False,False,False,99.95639914772732,basis_category;release_trigger_category;schedule_form_category;n_release_steps;final_retained_share,descriptive P1 measurement-validity evidence; not causal
珠海,琼中,0.5576923076923077,0.666666666666667,0.5333333333333332,0.48496956182892004,3.341586194386137,False,False,False,False,405.338735795455,basis_category;release_trigger_category;schedule_form_category;n_release_steps;final_retained_share,descriptive P1 measurement-validity evidence; not causal
珠海,琼海,0.6666666666666666,0.7333333333333338,1.6,2.214714232776684,2.987927433500256,False,False,False,False,204.93148550923297,basis_category;release_trigger_category;schedule_form_category;n_release_steps;final_retained_share,descriptive P1 measurement-validity evidence; not causal
珠海,白沙,0.7115384615384616,0.38333333333333375,1.25,1.321056919710149,1.4908237568434686,True,False,False,False,1318.7909428977277,basis_category;release_trigger_category;schedule_form_category;n_release_steps;final_retained_share,descriptive P1 measurement-validity evidence; not causal
珠海,肇庆,0.5192307692307693,0.7333333333333334,0.20000000000000018,0.41158432990210914,2.913059614465031,False,False,False,False,1488.7486261363642,basis_category;release_trigger_category;schedule_form_category;n_release_steps;final_retained_share,descriptive P1 measurement-validity evidence; not causal
珠海,陵水,0.6666666666666666,0.033333333333333215,0.5,0.09342582723807391,0.7239176738007833,False,False,False,False,1174.637466051137,basis_category;release_trigger_category;schedule_form_category;n_release_steps;final_retained_share,descriptive P1 measurement-validity evidence; not causal
珠海,韶关,0.3333333333333333,0.016666666666666163,0.4500000000000002,0.9109213793040489,2.1242340143355314,False,False,False,False,963.8809943181824,basis_category;release_trigger_category;schedule_form_category;n_release_steps;final_retained_share,descriptive P1 measurement-validity evidence; not causal
琼中,琼海,0.0,1.4000000000000008,2.1333333333333333,1.729744670947764,6.329513627886393,False,False,False,False,610.270221304688,basis_category;release_trigger_category;schedule_form_category;n_release_steps;final_retained_share,descriptive P1 measurement-validity evidence; not causal
琼中,白沙,0.12307692307692308,1.0500000000000007,1.7833333333333332,1.806026481539069,1.8507624375426683,False,False,False,False,913.4522071022727,basis_category;release_trigger_category;schedule_form_category;n_release_steps;final_retained_share,descriptive P1 measurement-validity evidence; not causal
琼中,肇庆,0.5384615384615384,0.06666666666666643,0.33333333333333304,0.8965538917310292,6.254645808851167,False,False,False,False,1083.4098903409092,basis_category;release_trigger_category;schedule_form_category;n_release_steps;final_retained_share,descriptive P1 measurement-validity evidence; not causal
琼中,陵水,0.6666666666666666,0.6333333333333337,1.0333333333333332,0.578395389066994,4.06550386818692,False,False,False,False,769.2987302556819,basis_category;release_trigger_category;schedule_form_category;n_release_steps;final_retained_share,descriptive P1 measurement-validity evidence; not causal
琼中,韶关,0.3333333333333333,0.6500000000000008,0.9833333333333334,0.4259518174751289,1.2173521800506055,False,False,False,False,558.5422585227274,basis_category;release_trigger_category;schedule_form_category;n_release_steps;final_retained_share,descriptive P1 measurement-validity evidence; not causal
琼海,白沙,0.0,0.3500000000000001,0.3500000000000001,3.535771152486833,4.478751190343725,False,False,False,False,1523.7224284069607,basis_category;release_trigger_category;schedule_form_category;n_release_steps;final_retained_share,descriptive P1 measurement-validity evidence; not causal
琼海,肇庆,0.6666666666666666,1.4666666666666672,1.8000000000000003,2.626298562678793,0.07486781903522521,False,False,False,False,1693.6801116455972,basis_category;release_trigger_category;schedule_form_category;n_release_steps;final_retained_share,descriptive P1 measurement-validity evidence; not causal
琼海,陵水,0.6666666666666666,0.766666666666667,1.1,2.308140060014758,2.264009759699473,False,False,False,False,1379.56895156037,basis_category;release_trigger_category;schedule_form_category;n_release_steps;final_retained_share,descriptive P1 measurement-validity evidence; not causal
琼海,韶关,0.3333333333333333,0.75,1.15,1.303792853472635,5.1121614478357875,False,False,False,False,1168.8124798274152,basis_category;release_trigger_category;schedule_form_category;n_release_steps;final_retained_share,descriptive P1 measurement-validity evidence; not causal
白沙,肇庆,0.6923076923076923,1.1166666666666671,1.4500000000000002,0.9094725898080398,4.403883371308499,False,False,False,False,169.95768323863638,basis_category;release_trigger_category;schedule_form_category;n_release_steps;final_retained_share,descriptive P1 measurement-validity evidence; not causal
白沙,陵水,0.6666666666666666,0.41666666666666696,0.75,1.227631092472075,2.214741430644252,False,False,False,False,144.15347684659093,basis_category;release_trigger_category;schedule_form_category;n_release_steps;final_retained_share,descriptive P1 measurement-validity evidence; not causal
白沙,韶关,0.3333333333333333,0.3999999999999999,0.7999999999999998,2.231978299014198,0.6334102574920628,False,False,False,False,354.9099485795454,basis_category;release_trigger_category;schedule_form_category;n_release_steps;final_retained_share,descriptive P1 measurement-validity evidence; not causal
肇庆,陵水,1.0,0.7000000000000002,0.7000000000000002,0.3181585026640352,2.1891419406642476,False,False,True,False,314.1111600852273,basis_category;release_trigger_category;schedule_form_category;n_release_steps;final_retained_share,descriptive P1 measurement-validity evidence; not causal
肇庆,韶关,0.3333333333333333,0.7166666666666672,0.6500000000000004,1.322505709206158,5.037293628800562,False,False,False,False,524.8676318181818,basis_category;release_trigger_category;schedule_form_category;n_release_steps;final_retained_share,descriptive P1 measurement-validity evidence; not causal
陵水,韶关,0.6666666666666666,0.01666666666666705,0.04999999999999982,1.0043472065421228,2.8481516881363147,False,False,False,False,210.75647173295448,basis_category;release_trigger_category;schedule_form_category;n_release_steps;final_retained_share,descriptive P1 measurement-validity evidence; not causal
