model,repeat,fold,split_id,n_train,n_valid,rf_param_hash,R2,RMSE,MSE
M0_full,1,1,0,32,9,ce6ca82c326e584d8d688a7bedd72e06f508088c933485bfbfa222c82aab7fd0,-3.192018306684517,383.5930588995974,147143.63483595
M0_full,1,2,1,33,8,ce6ca82c326e584d8d688a7bedd72e06f508088c933485bfbfa222c82aab7fd0,-0.31587210835318813,207.00688514731817,42851.85049839498
M0_full,1,3,2,33,8,ce6ca82c326e584d8d688a7bedd72e06f508088c933485bfbfa222c82aab7fd0,-0.3144429764159693,856.6416977312035,733834.9982917988
M0_full,1,4,3,33,8,ce6ca82c326e584d8d688a7bedd72e06f508088c933485bfbfa222c82aab7fd0,-0.41549696394127533,593.0364607343198,351692.24376028846
M0_full,1,5,4,33,8,ce6ca82c326e584d8d688a7bedd72e06f508088c933485bfbfa222c82aab7fd0,-0.057681521267838765,2434.9788268805023,5929121.8873563465
M0_full,2,1,5,32,9,ce6ca82c326e584d8d688a7bedd72e06f508088c933485bfbfa222c82aab7fd0,-0.14341503013231027,2374.8510680067243,5639917.595212679
M0_full,2,2,6,33,8,ce6ca82c326e584d8d688a7bedd72e06f508088c933485bfbfa222c82aab7fd0,-0.28011926293839506,595.9009880912788,355097.98760816234
M0_full,2,3,7,33,8,ce6ca82c326e584d8d688a7bedd72e06f508088c933485bfbfa222c82aab7fd0,-0.641613557918485,387.1162265427867,149858.97285272615
M0_full,2,4,8,33,8,ce6ca82c326e584d8d688a7bedd72e06f508088c933485bfbfa222c82aab7fd0,0.04633966921904897,702.6242059189411,493680.7747432225
M0_full,2,5,9,33,8,ce6ca82c326e584d8d688a7bedd72e06f508088c933485bfbfa222c82aab7fd0,-1.0391906899954395,286.13951876260614,81875.82419769584
M0_full,3,1,10,32,9,ce6ca82c326e584d8d688a7bedd72e06f508088c933485bfbfa222c82aab7fd0,0.08572592192941664,649.6583800704204,422056.0107957229
M0_full,3,2,11,33,8,ce6ca82c326e584d8d688a7bedd72e06f508088c933485bfbfa222c82aab7fd0,-1.078559145613447,282.947597634878,80059.34300734881
M0_full,3,3,12,33,8,ce6ca82c326e584d8d688a7bedd72e06f508088c933485bfbfa222c82aab7fd0,-0.250048811622116,2587.6153443319595,6695753.170222204
M0_full,3,4,13,33,8,ce6ca82c326e584d8d688a7bedd72e06f508088c933485bfbfa222c82aab7fd0,-0.13397520781449623,357.7240622772847,127966.50473216266
M0_full,3,5,14,33,8,ce6ca82c326e584d8d688a7bedd72e06f508088c933485bfbfa222c82aab7fd0,-5.800060294105982,348.07291535919063,121154.75440664629
M0_full,4,1,15,32,9,ce6ca82c326e584d8d688a7bedd72e06f508088c933485bfbfa222c82aab7fd0,-0.011705941554012389,667.0480818475313,444953.1434964709
M0_full,4,2,16,33,8,ce6ca82c326e584d8d688a7bedd72e06f508088c933485bfbfa222c82aab7fd0,-0.09286114108369348,2433.7689088772904,5923231.101817757
M0_full,4,3,17,33,8,ce6ca82c326e584d8d688a7bedd72e06f508088c933485bfbfa222c82aab7fd0,0.00611729250469728,199.47277697021892,39789.3887522107
M0_full,4,4,18,33,8,ce6ca82c326e584d8d688a7bedd72e06f508088c933485bfbfa222c82aab7fd0,-5.478078109796562,281.9477062550112,79494.50906246208
M0_full,4,5,19,33,8,ce6ca82c326e584d8d688a7bedd72e06f508088c933485bfbfa222c82aab7fd0,-0.07469423670165254,638.3031098153446,407430.85999993986
M0_full,5,1,20,32,9,ce6ca82c326e584d8d688a7bedd72e06f508088c933485bfbfa222c82aab7fd0,-0.39882529219268137,949.096275475593,900783.7401216426
M0_full,5,2,21,33,8,ce6ca82c326e584d8d688a7bedd72e06f508088c933485bfbfa222c82aab7fd0,-0.5017415987028591,404.12968637865305,163320.80341250848
M0_full,5,3,22,33,8,ce6ca82c326e584d8d688a7bedd72e06f508088c933485bfbfa222c82aab7fd0,-8.256618793195914,491.00148426130716,241082.45754680663
M0_full,5,4,23,33,8,ce6ca82c326e584d8d688a7bedd72e06f508088c933485bfbfa222c82aab7fd0,-0.45310400696436814,219.06218277025187,47988.23992006724
M0_full,5,5,24,33,8,ce6ca82c326e584d8d688a7bedd72e06f508088c933485bfbfa222c82aab7fd0,-0.1186288166028211,2461.3503370190288,6058245.481543686
M0_full,6,1,25,32,9,ce6ca82c326e584d8d688a7bedd72e06f508088c933485bfbfa222c82aab7fd0,-0.19622193776518215,222.32466039428155,49428.25461943263
M0_full,6,2,26,33,8,ce6ca82c326e584d8d688a7bedd72e06f508088c933485bfbfa222c82aab7fd0,0.4019115821613163,350.2277461009818,122659.47413897375
M0_full,6,3,27,33,8,ce6ca82c326e584d8d688a7bedd72e06f508088c933485bfbfa222c82aab7fd0,-0.12815288986408402,2444.8290200031893,5977188.937049755
M0_full,6,4,28,33,8,ce6ca82c326e584d8d688a7bedd72e06f508088c933485bfbfa222c82aab7fd0,-2.1485068288051172,582.6579539486629,339490.2912996422
M0_full,6,5,29,33,8,ce6ca82c326e584d8d688a7bedd72e06f508088c933485bfbfa222c82aab7fd0,-0.1402410038394568,866.8165360183233,751370.9071148051
M0_full,7,1,30,32,9,ce6ca82c326e584d8d688a7bedd72e06f508088c933485bfbfa222c82aab7fd0,-0.3162937786826756,546.6535769159326,298830.1331549834
M0_full,7,2,31,33,8,ce6ca82c326e584d8d688a7bedd72e06f508088c933485bfbfa222c82aab7fd0,-2.872405731649739,342.7759761402809,117495.3698189224
M0_full,7,3,32,33,8,ce6ca82c326e584d8d688a7bedd72e06f508088c933485bfbfa222c82aab7fd0,-0.10416793837777538,807.0156159208707,651274.2043401422
M0_full,7,4,33,33,8,ce6ca82c326e584d8d688a7bedd72e06f508088c933485bfbfa222c82aab7fd0,-0.07227052890363073,349.3096981325429,122017.26520944823
M0_full,7,5,34,33,8,ce6ca82c326e584d8d688a7bedd72e06f508088c933485bfbfa222c82aab7fd0,-0.07522210726082013,2442.693800465537,5966753.0028327685
M0_full,8,1,35,32,9,ce6ca82c326e584d8d688a7bedd72e06f508088c933485bfbfa222c82aab7fd0,-0.783518945656897,297.10201364680324,88269.60651298525
M0_full,8,2,36,33,8,ce6ca82c326e584d8d688a7bedd72e06f508088c933485bfbfa222c82aab7fd0,-0.08592068662392482,2450.502860585346,6004964.269736963
M0_full,8,3,37,33,8,ce6ca82c326e584d8d688a7bedd72e06f508088c933485bfbfa222c82aab7fd0,-8.19558441167846,317.24205535031115,100642.52168288988
M0_full,8,4,38,33,8,ce6ca82c326e584d8d688a7bedd72e06f508088c933485bfbfa222c82aab7fd0,0.0868645032417128,678.5738347732633,460462.4492388921
M0_full,8,5,39,33,8,ce6ca82c326e584d8d688a7bedd72e06f508088c933485bfbfa222c82aab7fd0,-0.21312957214973483,680.8024408549668,463491.96347408055
M0_full,9,1,40,32,9,ce6ca82c326e584d8d688a7bedd72e06f508088c933485bfbfa222c82aab7fd0,-0.2616698025430306,2516.1766403997563,6331144.885693404
M0_full,9,2,41,33,8,ce6ca82c326e584d8d688a7bedd72e06f508088c933485bfbfa222c82aab7fd0,-3.219914706582033,322.3563386534082,103913.6090700308
M0_full,9,3,42,33,8,ce6ca82c326e584d8d688a7bedd72e06f508088c933485bfbfa222c82aab7fd0,-2.4284672594160206,265.76095415101753,70628.88475125923
M0_full,9,4,43,33,8,ce6ca82c326e584d8d688a7bedd72e06f508088c933485bfbfa222c82aab7fd0,0.3352682625227654,370.41200173397567,137205.0510285708
M0_full,9,5,44,33,8,ce6ca82c326e584d8d688a7bedd72e06f508088c933485bfbfa222c82aab7fd0,-1.4664798833106056,416.72774931619097,173662.0170501381
M0_full,10,1,45,32,9,ce6ca82c326e584d8d688a7bedd72e06f508088c933485bfbfa222c82aab7fd0,-0.7002336779374898,384.1715461731655,147587.77688908065
M0_full,10,2,46,33,8,ce6ca82c326e584d8d688a7bedd72e06f508088c933485bfbfa222c82aab7fd0,-1.1592476002722396,248.2959131576946,61650.86049081342
M0_full,10,3,47,33,8,ce6ca82c326e584d8d688a7bedd72e06f508088c933485bfbfa222c82aab7fd0,-0.2925607744881593,248.0803192415492,61543.84479498897
M0_full,10,4,48,33,8,ce6ca82c326e584d8d688a7bedd72e06f508088c933485bfbfa222c82aab7fd0,-0.25288187333422063,2585.00404328306,6682245.903789768
M0_full,10,5,49,33,8,ce6ca82c326e584d8d688a7bedd72e06f508088c933485bfbfa222c82aab7fd0,0.0725559551870869,673.869146446266,454099.626532219
M0_full,11,1,50,32,9,ce6ca82c326e584d8d688a7bedd72e06f508088c933485bfbfa222c82aab7fd0,-0.09369810530631595,2310.8729388817956,5340133.739656187
M0_full,11,2,51,33,8,ce6ca82c326e584d8d688a7bedd72e06f508088c933485bfbfa222c82aab7fd0,-0.00873556969203304,718.469905105591,516199.004542437
M0_full,11,3,52,33,8,ce6ca82c326e584d8d688a7bedd72e06f508088c933485bfbfa222c82aab7fd0,-0.10305282545734062,251.664992839056,63335.26862068211
M0_full,11,4,53,33,8,ce6ca82c326e584d8d688a7bedd72e06f508088c933485bfbfa222c82aab7fd0,0.2839987425357803,402.00248417711566,161605.9972845721
M0_full,11,5,54,33,8,ce6ca82c326e584d8d688a7bedd72e06f508088c933485bfbfa222c82aab7fd0,-0.5316385300078288,585.9938991448419,343388.8498349751
M0_full,12,1,55,32,9,ce6ca82c326e584d8d688a7bedd72e06f508088c933485bfbfa222c82aab7fd0,-0.0851855106270536,2308.111137309479,5327377.022172056
M0_full,12,2,56,33,8,ce6ca82c326e584d8d688a7bedd72e06f508088c933485bfbfa222c82aab7fd0,-0.053588804683180724,733.201862595856,537584.9713140326
M0_full,12,3,57,33,8,ce6ca82c326e584d8d688a7bedd72e06f508088c933485bfbfa222c82aab7fd0,-0.003386908259867649,628.7545023693388,395332.2242497148
M0_full,12,4,58,33,8,ce6ca82c326e584d8d688a7bedd72e06f508088c933485bfbfa222c82aab7fd0,-2.701732855406049,329.351219134002,108472.22554505341
M0_full,12,5,59,33,8,ce6ca82c326e584d8d688a7bedd72e06f508088c933485bfbfa222c82aab7fd0,-9.420204515340032,376.9796907819406,142113.68726204755
M0_full,13,1,60,32,9,ce6ca82c326e584d8d688a7bedd72e06f508088c933485bfbfa222c82aab7fd0,-0.05154657335815993,504.3098937135339,254328.46889735584
M0_full,13,2,61,33,8,ce6ca82c326e584d8d688a7bedd72e06f508088c933485bfbfa222c82aab7fd0,-0.3136717237686739,379.89833759624173,144322.74690838804
M0_full,13,3,62,33,8,ce6ca82c326e584d8d688a7bedd72e06f508088c933485bfbfa222c82aab7fd0,-0.21947818531557872,2527.889801969895,6390226.850903396
M0_full,13,4,63,33,8,ce6ca82c326e584d8d688a7bedd72e06f508088c933485bfbfa222c82aab7fd0,-0.7203687625558881,211.25277118194884,44627.73333205284
M0_full,13,5,64,33,8,ce6ca82c326e584d8d688a7bedd72e06f508088c933485bfbfa222c82aab7fd0,0.08734498706029858,675.0235920389865,455656.84980921616
M0_full,14,1,65,32,9,ce6ca82c326e584d8d688a7bedd72e06f508088c933485bfbfa222c82aab7fd0,-0.06332498794374719,705.6954538733742,498006.0736175475
M0_full,14,2,66,33,8,ce6ca82c326e584d8d688a7bedd72e06f508088c933485bfbfa222c82aab7fd0,-6.4972585785238355,279.6347481064822,78195.59234857577
M0_full,14,3,67,33,8,ce6ca82c326e584d8d688a7bedd72e06f508088c933485bfbfa222c82aab7fd0,-0.19996241662133096,185.32088742098742,34343.83131450229
M0_full,14,4,68,33,8,ce6ca82c326e584d8d688a7bedd72e06f508088c933485bfbfa222c82aab7fd0,-0.12921746079974517,647.2303768000403,418907.1606527221
M0_full,14,5,69,33,8,ce6ca82c326e584d8d688a7bedd72e06f508088c933485bfbfa222c82aab7fd0,-0.09826292731414998,2450.069698694183,6002841.528459405
M0_full,15,1,70,32,9,ce6ca82c326e584d8d688a7bedd72e06f508088c933485bfbfa222c82aab7fd0,-0.2911539422501339,2498.487907165093,6242441.822250206
M0_full,15,2,71,33,8,ce6ca82c326e584d8d688a7bedd72e06f508088c933485bfbfa222c82aab7fd0,-2.0079801450915418,326.5336553937732,106624.22810481943
M0_full,15,3,72,33,8,ce6ca82c326e584d8d688a7bedd72e06f508088c933485bfbfa222c82aab7fd0,-2.7185018992247034,362.9349813526461,131721.80068944558
M0_full,15,4,73,33,8,ce6ca82c326e584d8d688a7bedd72e06f508088c933485bfbfa222c82aab7fd0,-0.16496196842174493,571.2205853328163,326292.9571079653
M0_full,15,5,74,33,8,ce6ca82c326e584d8d688a7bedd72e06f508088c933485bfbfa222c82aab7fd0,-0.09702198712965271,362.2548632686684,131228.5859618016
M0_full,16,1,75,32,9,ce6ca82c326e584d8d688a7bedd72e06f508088c933485bfbfa222c82aab7fd0,-0.09107270748424656,630.657754601246,397729.2034386854
M0_full,16,2,76,33,8,ce6ca82c326e584d8d688a7bedd72e06f508088c933485bfbfa222c82aab7fd0,-0.09856022416622534,2453.6306814161167,6020303.520786517
M0_full,16,3,77,33,8,ce6ca82c326e584d8d688a7bedd72e06f508088c933485bfbfa222c82aab7fd0,-0.12068932015242817,341.27878257522724,116471.20743602923
M0_full,16,4,78,33,8,ce6ca82c326e584d8d688a7bedd72e06f508088c933485bfbfa222c82aab7fd0,-0.7788383690586331,275.025758973999,75639.1680992242
M0_full,16,5,79,33,8,ce6ca82c326e584d8d688a7bedd72e06f508088c933485bfbfa222c82aab7fd0,-0.01547772384429047,718.9278419478752,516857.2419278291
M0_full,17,1,80,32,9,ce6ca82c326e584d8d688a7bedd72e06f508088c933485bfbfa222c82aab7fd0,0.2764014891275096,390.7814826852179,152710.16720965726
M0_full,17,2,81,33,8,ce6ca82c326e584d8d688a7bedd72e06f508088c933485bfbfa222c82aab7fd0,-0.10796561775412838,863.0819523206409,744910.4564216089
M0_full,17,3,82,33,8,ce6ca82c326e584d8d688a7bedd72e06f508088c933485bfbfa222c82aab7fd0,-0.09754968600220737,2437.813276053969,5942933.568904984
M0_full,17,4,83,33,8,ce6ca82c326e584d8d688a7bedd72e06f508088c933485bfbfa222c82aab7fd0,-2.4622874177082177,570.0999388387745,325013.9402639745
M0_full,17,5,84,33,8,ce6ca82c326e584d8d688a7bedd72e06f508088c933485bfbfa222c82aab7fd0,-0.7684535442134406,214.6419125131617,46071.15060730777
M0_full,18,1,85,32,9,ce6ca82c326e584d8d688a7bedd72e06f508088c933485bfbfa222c82aab7fd0,-0.1224320913287118,2369.768040475127,5615800.565657322
M0_full,18,2,86,33,8,ce6ca82c326e584d8d688a7bedd72e06f508088c933485bfbfa222c82aab7fd0,0.0009284575370552828,724.1379803054509,524375.8145208576
M0_full,18,3,87,33,8,ce6ca82c326e584d8d688a7bedd72e06f508088c933485bfbfa222c82aab7fd0,-1.3244395694305906,241.43488226748397,58290.80237551385
M0_full,18,4,88,33,8,ce6ca82c326e584d8d688a7bedd72e06f508088c933485bfbfa222c82aab7fd0,-0.00426986208217639,416.69721748670923,173636.57106116586
M0_full,18,5,89,33,8,ce6ca82c326e584d8d688a7bedd72e06f508088c933485bfbfa222c82aab7fd0,-0.06442083286606404,335.16275410873254,112334.07174175073
M0_full,19,1,90,32,9,ce6ca82c326e584d8d688a7bedd72e06f508088c933485bfbfa222c82aab7fd0,-0.012801807045288438,606.3194419859361,367623.26573013695
M0_full,19,2,91,33,8,ce6ca82c326e584d8d688a7bedd72e06f508088c933485bfbfa222c82aab7fd0,-0.5040490931930635,255.35315424587887,65205.2333833196
M0_full,19,3,92,33,8,ce6ca82c326e584d8d688a7bedd72e06f508088c933485bfbfa222c82aab7fd0,-0.46620090400267955,403.54710891611995,162850.26911455876
M0_full,19,4,93,33,8,ce6ca82c326e584d8d688a7bedd72e06f508088c933485bfbfa222c82aab7fd0,-0.011266576473101697,702.5398574718917,493562.2513366258
M0_full,19,5,94,33,8,ce6ca82c326e584d8d688a7bedd72e06f508088c933485bfbfa222c82aab7fd0,-0.08780729596942694,2421.32430189931,5862811.3749681795
M0_full,20,1,95,32,9,ce6ca82c326e584d8d688a7bedd72e06f508088c933485bfbfa222c82aab7fd0,-0.0641626035079228,520.6635677876656,271090.55082138104
M0_full,20,2,96,33,8,ce6ca82c326e584d8d688a7bedd72e06f508088c933485bfbfa222c82aab7fd0,-0.1909425871029231,2534.738318198059,6424898.341741525
M0_full,20,3,97,33,8,ce6ca82c326e584d8d688a7bedd72e06f508088c933485bfbfa222c82aab7fd0,-3.8124851861472235,256.95482710379724,66025.78317194234
M0_full,20,4,98,33,8,ce6ca82c326e584d8d688a7bedd72e06f508088c933485bfbfa222c82aab7fd0,-0.009314776998426533,672.0550743097126,451658.0229054333
M0_full,20,5,99,33,8,ce6ca82c326e584d8d688a7bedd72e06f508088c933485bfbfa222c82aab7fd0,-2.188720563157951,317.67779232740685,100919.17973801502
M0_no_IV1,1,1,0,32,9,ce6ca82c326e584d8d688a7bedd72e06f508088c933485bfbfa222c82aab7fd0,-0.6417347927866921,240.05494455914956,57626.37640729637
M0_no_IV1,1,2,1,33,8,ce6ca82c326e584d8d688a7bedd72e06f508088c933485bfbfa222c82aab7fd0,-0.46707865457135567,218.5770946175152,47775.94629143419
M0_no_IV1,1,3,2,33,8,ce6ca82c326e584d8d688a7bedd72e06f508088c933485bfbfa222c82aab7fd0,-0.5486269232727863,929.8261112012839,864576.5970717024
M0_no_IV1,1,4,3,33,8,ce6ca82c326e584d8d688a7bedd72e06f508088c933485bfbfa222c82aab7fd0,-0.1686944390516647,538.8618191513362,290372.0601390874
M0_no_IV1,1,5,4,33,8,ce6ca82c326e584d8d688a7bedd72e06f508088c933485bfbfa222c82aab7fd0,-0.11013453718380117,2494.6265365068034,6223161.556643929
M0_no_IV1,2,1,5,32,9,ce6ca82c326e584d8d688a7bedd72e06f508088c933485bfbfa222c82aab7fd0,-0.17374110000570075,2406.138305208658,5789501.543792394
M0_no_IV1,2,2,6,33,8,ce6ca82c326e584d8d688a7bedd72e06f508088c933485bfbfa222c82aab7fd0,-0.07412460033732304,545.8536526103226,297956.2100680307
M0_no_IV1,2,3,7,33,8,ce6ca82c326e584d8d688a7bedd72e06f508088c933485bfbfa222c82aab7fd0,-0.2572792229746934,338.7831330474329,114774.0112374346
M0_no_IV1,2,4,8,33,8,ce6ca82c326e584d8d688a7bedd72e06f508088c933485bfbfa222c82aab7fd0,-0.149000304616425,771.2342721329156,594802.3025123882
M0_no_IV1,2,5,9,33,8,ce6ca82c326e584d8d688a7bedd72e06f508088c933485bfbfa222c82aab7fd0,-0.25217196590928803,224.22338817254436,50276.12780357551
M0_no_IV1,3,1,10,32,9,ce6ca82c326e584d8d688a7bedd72e06f508088c933485bfbfa222c82aab7fd0,-0.1072600732880924,714.9434003596068,511144.06571775704
M0_no_IV1,3,2,11,33,8,ce6ca82c326e584d8d688a7bedd72e06f508088c933485bfbfa222c82aab7fd0,0.012278291190962798,195.04827644626835,38043.83014465992
M0_no_IV1,3,3,12,33,8,ce6ca82c326e584d8d688a7bedd72e06f508088c933485bfbfa222c82aab7fd0,-0.25621295643051845,2593.9874237595636,6728770.754622777
M0_no_IV1,3,4,13,33,8,ce6ca82c326e584d8d688a7bedd72e06f508088c933485bfbfa222c82aab7fd0,-0.04186091212507792,342.8871789080014,117571.61745948775
M0_no_IV1,3,5,14,33,8,ce6ca82c326e584d8d688a7bedd72e06f508088c933485bfbfa222c82aab7fd0,0.16560141946999363,121.92720752351516,14866.243934482332
M0_no_IV1,4,1,15,32,9,ce6ca82c326e584d8d688a7bedd72e06f508088c933485bfbfa222c82aab7fd0,-0.18381035599725726,721.5576854885068,520645.4934875309
M0_no_IV1,4,2,16,33,8,ce6ca82c326e584d8d688a7bedd72e06f508088c933485bfbfa222c82aab7fd0,-0.1682265574609465,2516.2882183877946,6331706.397997222
M0_no_IV1,4,3,17,33,8,ce6ca82c326e584d8d688a7bedd72e06f508088c933485bfbfa222c82aab7fd0,-0.1612051744239451,215.61081826484298,46488.02495283515
M0_no_IV1,4,4,18,33,8,ce6ca82c326e584d8d688a7bedd72e06f508088c933485bfbfa222c82aab7fd0,-2.4616693733465436,206.10487702767205,42479.22033459182
M0_no_IV1,4,5,19,33,8,ce6ca82c326e584d8d688a7bedd72e06f508088c933485bfbfa222c82aab7fd0,-0.25451251524725804,689.6392954820982,475602.3578730448
M0_no_IV1,5,1,20,32,9,ce6ca82c326e584d8d688a7bedd72e06f508088c933485bfbfa222c82aab7fd0,-0.4573759320600974,968.7558264710982,938487.8513217005
M0_no_IV1,5,2,21,33,8,ce6ca82c326e584d8d688a7bedd72e06f508088c933485bfbfa222c82aab7fd0,0.02656111981597009,325.3699889267351,105865.62969418374
M0_no_IV1,5,3,22,33,8,ce6ca82c326e584d8d688a7bedd72e06f508088c933485bfbfa222c82aab7fd0,-1.2910822638471617,244.27383861677754,59669.708232575475
M0_no_IV1,5,4,23,33,8,ce6ca82c326e584d8d688a7bedd72e06f508088c933485bfbfa222c82aab7fd0,-0.1274208692364347,192.95769179702222,37232.67082363462
M0_no_IV1,5,5,24,33,8,ce6ca82c326e584d8d688a7bedd72e06f508088c933485bfbfa222c82aab7fd0,-0.1615402129311274,2508.115643933626,6290644.083344587
M0_no_IV1,6,1,25,32,9,ce6ca82c326e584d8d688a7bedd72e06f508088c933485bfbfa222c82aab7fd0,-0.42378378833299357,242.5513957055703,58831.17955872014
M0_no_IV1,6,2,26,33,8,ce6ca82c326e584d8d688a7bedd72e06f508088c933485bfbfa222c82aab7fd0,0.050867128067419665,441.19579090874953,194653.72591559702
M0_no_IV1,6,3,27,33,8,ce6ca82c326e584d8d688a7bedd72e06f508088c933485bfbfa222c82aab7fd0,-0.19317189470586316,2514.2937704768333,6321673.164258611
M0_no_IV1,6,4,28,33,8,ce6ca82c326e584d8d688a7bedd72e06f508088c933485bfbfa222c82aab7fd0,-0.00029097185973347983,328.41617164234873,107857.18179621665
M0_no_IV1,6,5,29,33,8,ce6ca82c326e584d8d688a7bedd72e06f508088c933485bfbfa222c82aab7fd0,-0.28042465417554907,918.5564990714038,843746.0419863139
M0_no_IV1,7,1,30,32,9,ce6ca82c326e584d8d688a7bedd72e06f508088c933485bfbfa222c82aab7fd0,-0.2545265534749823,533.6735869933857,284807.49745438684
M0_no_IV1,7,2,31,33,8,ce6ca82c326e584d8d688a7bedd72e06f508088c933485bfbfa222c82aab7fd0,-0.08178366622587596,181.1716163758068,32823.1545802225
M0_no_IV1,7,3,32,33,8,ce6ca82c326e584d8d688a7bedd72e06f508088c933485bfbfa222c82aab7fd0,-0.3129234016547964,880.0028262147783,774404.9741459973
M0_no_IV1,7,4,33,33,8,ce6ca82c326e584d8d688a7bedd72e06f508088c933485bfbfa222c82aab7fd0,-0.07922260871839026,350.440245581759,122808.36572340352
M0_no_IV1,7,5,34,33,8,ce6ca82c326e584d8d688a7bedd72e06f508088c933485bfbfa222c82aab7fd0,-0.1288786006710354,2502.900343128036,6264510.127630442
M0_no_IV1,8,1,35,32,9,ce6ca82c326e584d8d688a7bedd72e06f508088c933485bfbfa222c82aab7fd0,0.05810942623696924,215.9071163766098,46615.88290206292
M0_no_IV1,8,2,36,33,8,ce6ca82c326e584d8d688a7bedd72e06f508088c933485bfbfa222c82aab7fd0,-0.1392434354132288,2509.946288854053,6299830.372932234
M0_no_IV1,8,3,37,33,8,ce6ca82c326e584d8d688a7bedd72e06f508088c933485bfbfa222c82aab7fd0,-1.7504300512736206,173.50076318134535,30102.51482450928
M0_no_IV1,8,4,38,33,8,ce6ca82c326e584d8d688a7bedd72e06f508088c933485bfbfa222c82aab7fd0,-0.15685453121237036,763.7810390731388,583361.4756476436
M0_no_IV1,8,5,39,33,8,ce6ca82c326e584d8d688a7bedd72e06f508088c933485bfbfa222c82aab7fd0,-0.4254964849976257,737.9901830349603,544629.5102559743
M0_no_IV1,9,1,40,32,9,ce6ca82c326e584d8d688a7bedd72e06f508088c933485bfbfa222c82aab7fd0,-0.2621482730103102,2516.653707414455,6333545.88304292
M0_no_IV1,9,2,41,33,8,ce6ca82c326e584d8d688a7bedd72e06f508088c933485bfbfa222c82aab7fd0,-0.39502356281415807,185.34255664241184,34351.86330274564
M0_no_IV1,9,3,42,33,8,ce6ca82c326e584d8d688a7bedd72e06f508088c933485bfbfa222c82aab7fd0,-1.4525490810610826,224.7760446760855,50524.27026022558
M0_no_IV1,9,4,43,33,8,ce6ca82c326e584d8d688a7bedd72e06f508088c933485bfbfa222c82aab7fd0,-0.021499367280249038,459.1778111977115,210844.2622963212
M0_no_IV1,9,5,44,33,8,ce6ca82c326e584d8d688a7bedd72e06f508088c933485bfbfa222c82aab7fd0,-0.9332370704144701,368.9403783270166,136117.00276008213
M0_no_IV1,10,1,45,32,9,ce6ca82c326e584d8d688a7bedd72e06f508088c933485bfbfa222c82aab7fd0,-0.33587555152597703,340.5288323141334,115959.88563722718
M0_no_IV1,10,2,46,33,8,ce6ca82c326e584d8d688a7bedd72e06f508088c933485bfbfa222c82aab7fd0,-0.38867150743798295,199.12147969856028,39649.363677344154
M0_no_IV1,10,3,47,33,8,ce6ca82c326e584d8d688a7bedd72e06f508088c933485bfbfa222c82aab7fd0,-0.406736100304703,258.80528596891224,66980.17604545044
M0_no_IV1,10,4,48,33,8,ce6ca82c326e584d8d688a7bedd72e06f508088c933485bfbfa222c82aab7fd0,-0.26347985706360144,2595.914146051005,6738770.253667718
M0_no_IV1,10,5,49,33,8,ce6ca82c326e584d8d688a7bedd72e06f508088c933485bfbfa222c82aab7fd0,-0.12638198074737095,742.6335423715874,551504.5782553722
M0_no_IV1,11,1,50,32,9,ce6ca82c326e584d8d688a7bedd72e06f508088c933485bfbfa222c82aab7fd0,-0.15892066117250314,2378.7795142329196,5658591.977334205
M0_no_IV1,11,2,51,33,8,ce6ca82c326e584d8d688a7bedd72e06f508088c933485bfbfa222c82aab7fd0,-0.1993968424083048,783.4321040419082,613765.8616435314
M0_no_IV1,11,3,52,33,8,ce6ca82c326e584d8d688a7bedd72e06f508088c933485bfbfa222c82aab7fd0,0.030207888495469182,235.97390326296,55683.6830211568
M0_no_IV1,11,4,53,33,8,ce6ca82c326e584d8d688a7bedd72e06f508088c933485bfbfa222c82aab7fd0,-0.01717181847152016,479.14725440125426,229582.09140026025
M0_no_IV1,11,5,54,33,8,ce6ca82c326e584d8d688a7bedd72e06f508088c933485bfbfa222c82aab7fd0,-0.32833404764590957,545.7184103039626,297808.5833446841
M0_no_IV1,12,1,55,32,9,ce6ca82c326e584d8d688a7bedd72e06f508088c933485bfbfa222c82aab7fd0,-0.13478583784408427,2360.269948874943,5570874.2315621255
M0_no_IV1,12,2,56,33,8,ce6ca82c326e584d8d688a7bedd72e06f508088c933485bfbfa222c82aab7fd0,-0.28463883083070574,809.614930502836,655476.3356931121
M0_no_IV1,12,3,57,33,8,ce6ca82c326e584d8d688a7bedd72e06f508088c933485bfbfa222c82aab7fd0,-0.18632382357978372,683.6731416205938,467408.9645733725
M0_no_IV1,12,4,58,33,8,ce6ca82c326e584d8d688a7bedd72e06f508088c933485bfbfa222c82aab7fd0,-1.2130649459552232,254.65594430948306,64849.64997215454
M0_no_IV1,12,5,59,33,8,ce6ca82c326e584d8d688a7bedd72e06f508088c933485bfbfa222c82aab7fd0,-0.5452411621133997,145.1703642801974,21074.434665245208
M0_no_IV1,13,1,60,32,9,ce6ca82c326e584d8d688a7bedd72e06f508088c933485bfbfa222c82aab7fd0,-0.04967811593954519,503.8616489398846,253876.56127241952
M0_no_IV1,13,2,61,33,8,ce6ca82c326e584d8d688a7bedd72e06f508088c933485bfbfa222c82aab7fd0,-0.07300950109770232,343.34106573827563,117883.08742229489
M0_no_IV1,13,3,62,33,8,ce6ca82c326e584d8d688a7bedd72e06f508088c933485bfbfa222c82aab7fd0,-0.24815038114221166,2557.434837137044,6540472.9462021785
M0_no_IV1,13,4,63,33,8,ce6ca82c326e584d8d688a7bedd72e06f508088c933485bfbfa222c82aab7fd0,-0.4394379058240441,193.23603074605833,37340.1635784916
M0_no_IV1,13,5,64,33,8,ce6ca82c326e584d8d688a7bedd72e06f508088c933485bfbfa222c82aab7fd0,-0.11600068765689708,746.4450819407213,557180.2603534901
M0_no_IV1,14,1,65,32,9,ce6ca82c326e584d8d688a7bedd72e06f508088c933485bfbfa222c82aab7fd0,-0.25863232648542533,767.7746182219037,589477.8643857898
M0_no_IV1,14,2,66,33,8,ce6ca82c326e584d8d688a7bedd72e06f508088c933485bfbfa222c82aab7fd0,-6.186809567182709,273.7839346867749,74957.64289257223
M0_no_IV1,14,3,67,33,8,ce6ca82c326e584d8d688a7bedd72e06f508088c933485bfbfa222c82aab7fd0,0.2297305441115588,148.47792431708513,22045.694009510058
M0_no_IV1,14,4,68,33,8,ce6ca82c326e584d8d688a7bedd72e06f508088c933485bfbfa222c82aab7fd0,-0.2589661042037854,683.4033736180653,467040.17107255297
M0_no_IV1,14,5,69,33,8,ce6ca82c326e584d8d688a7bedd72e06f508088c933485bfbfa222c82aab7fd0,-0.15127358456482676,2508.502552532511,6292585.056062123
M0_no_IV1,15,1,70,32,9,ce6ca82c326e584d8d688a7bedd72e06f508088c933485bfbfa222c82aab7fd0,-0.3009003210365493,2507.90019609082,6289563.393552372
M0_no_IV1,15,2,71,33,8,ce6ca82c326e584d8d688a7bedd72e06f508088c933485bfbfa222c82aab7fd0,-0.4148255840018411,223.9452832214231,50151.48987712341
M0_no_IV1,15,3,72,33,8,ce6ca82c326e584d8d688a7bedd72e06f508088c933485bfbfa222c82aab7fd0,0.2153251119710854,166.72076821231292,27795.814553303768
M0_no_IV1,15,4,73,33,8,ce6ca82c326e584d8d688a7bedd72e06f508088c933485bfbfa222c82aab7fd0,-0.048812420981438676,541.9970055811872,293760.75405897346
M0_no_IV1,15,5,74,33,8,ce6ca82c326e584d8d688a7bedd72e06f508088c933485bfbfa222c82aab7fd0,-0.13506610782575623,368.4827286753023,135779.52133199645
M0_no_IV1,16,1,75,32,9,ce6ca82c326e584d8d688a7bedd72e06f508088c933485bfbfa222c82aab7fd0,-0.14160160723973347,645.095748710286,416148.5250040845
M0_no_IV1,16,2,76,33,8,ce6ca82c326e584d8d688a7bedd72e06f508088c933485bfbfa222c82aab7fd0,-0.15206027189062676,2512.6665527727673,6313493.205422983
M0_no_IV1,16,3,77,33,8,ce6ca82c326e584d8d688a7bedd72e06f508088c933485bfbfa222c82aab7fd0,-0.12348114512051445,341.7036094906015,116761.35673890547
M0_no_IV1,16,4,78,33,8,ce6ca82c326e584d8d688a7bedd72e06f508088c933485bfbfa222c82aab7fd0,-0.01330421578471741,207.5750027561967,43087.38176923507
M0_no_IV1,16,5,79,33,8,ce6ca82c326e584d8d688a7bedd72e06f508088c933485bfbfa222c82aab7fd0,-0.20873124905513785,784.3591684365286,615219.3051104427
M0_no_IV1,17,1,80,32,9,ce6ca82c326e584d8d688a7bedd72e06f508088c933485bfbfa222c82aab7fd0,-0.009647367212712865,461.6044667931284,213078.68376336835
M0_no_IV1,17,2,81,33,8,ce6ca82c326e584d8d688a7bedd72e06f508088c933485bfbfa222c82aab7fd0,-0.23667213452435942,911.8348379497046,831442.7716987641
M0_no_IV1,17,3,82,33,8,ce6ca82c326e584d8d688a7bedd72e06f508088c933485bfbfa222c82aab7fd0,-0.16440934621191317,2510.9680357947564,6304960.476782977
M0_no_IV1,17,4,83,33,8,ce6ca82c326e584d8d688a7bedd72e06f508088c933485bfbfa222c82aab7fd0,-0.15626814675885292,329.4569825998473,108541.9033837961
M0_no_IV1,17,5,84,33,8,ce6ca82c326e584d8d688a7bedd72e06f508088c933485bfbfa222c82aab7fd0,-0.42972488964728695,192.99405907439058,37246.706838009355
M0_no_IV1,18,1,85,32,9,ce6ca82c326e584d8d688a7bedd72e06f508088c933485bfbfa222c82aab7fd0,-0.16831842934383934,2417.72228919105,5845381.067651212
M0_no_IV1,18,2,86,33,8,ce6ca82c326e584d8d688a7bedd72e06f508088c933485bfbfa222c82aab7fd0,-0.13138131785031315,770.5973897237319,593820.3370490292
M0_no_IV1,18,3,87,33,8,ce6ca82c326e584d8d688a7bedd72e06f508088c933485bfbfa222c82aab7fd0,-0.6650586744881732,204.34106747699522,41755.27185763792
M0_no_IV1,18,4,88,33,8,ce6ca82c326e584d8d688a7bedd72e06f508088c933485bfbfa222c82aab7fd0,-0.4583753880833028,502.14604767309874,252150.65319371392
M0_no_IV1,18,5,89,33,8,ce6ca82c326e584d8d688a7bedd72e06f508088c933485bfbfa222c82aab7fd0,0.03247525118726957,319.54358913247046,102108.1053556611
M0_no_IV1,19,1,90,32,9,ce6ca82c326e584d8d688a7bedd72e06f508088c933485bfbfa222c82aab7fd0,-0.1544125696689067,647.3211306560364,419024.6461938094
M0_no_IV1,19,2,91,33,8,ce6ca82c326e584d8d688a7bedd72e06f508088c933485bfbfa222c82aab7fd0,-0.5378326056913554,258.20506257005064,66669.85433680376
M0_no_IV1,19,3,92,33,8,ce6ca82c326e584d8d688a7bedd72e06f508088c933485bfbfa222c82aab7fd0,-0.028500261299540863,337.986770950416,114235.05733748895
M0_no_IV1,19,4,93,33,8,ce6ca82c326e584d8d688a7bedd72e06f508088c933485bfbfa222c82aab7fd0,-0.21448999085007148,769.9014037564768,592748.1715061936
M0_no_IV1,19,5,94,33,8,ce6ca82c326e584d8d688a7bedd72e06f508088c933485bfbfa222c82aab7fd0,-0.1692796143158528,2510.360924946666,6301911.973499079
M0_no_IV1,20,1,95,32,9,ce6ca82c326e584d8d688a7bedd72e06f508088c933485bfbfa222c82aab7fd0,-0.07551295595840268,523.4329003214374,273982.0011389118
M0_no_IV1,20,2,96,33,8,ce6ca82c326e584d8d688a7bedd72e06f508088c933485bfbfa222c82aab7fd0,-0.21490792977476558,2560.114567358445,6554186.5980009185
M0_no_IV1,20,3,97,33,8,ce6ca82c326e584d8d688a7bedd72e06f508088c933485bfbfa222c82aab7fd0,-1.7625702006396313,194.6833179618684,37901.59429264195
M0_no_IV1,20,4,98,33,8,ce6ca82c326e584d8d688a7bedd72e06f508088c933485bfbfa222c82aab7fd0,-0.2915553531614139,760.2353512955224,577957.7893594262
M0_no_IV1,20,5,99,33,8,ce6ca82c326e584d8d688a7bedd72e06f508088c933485bfbfa222c82aab7fd0,-0.08033314604131525,184.9087553382733,34191.247800749414
M0_no_IV2,1,1,0,32,9,ce6ca82c326e584d8d688a7bedd72e06f508088c933485bfbfa222c82aab7fd0,-1.3260628565401875,285.73923517119147,81646.91051621745
M0_no_IV2,1,2,1,33,8,ce6ca82c326e584d8d688a7bedd72e06f508088c933485bfbfa222c82aab7fd0,-0.1148528377357878,190.54024599295886,36305.585343057275
M0_no_IV2,1,3,2,33,8,ce6ca82c326e584d8d688a7bedd72e06f508088c933485bfbfa222c82aab7fd0,-0.4572983567005964,901.991765385005,813589.1448223579
M0_no_IV2,1,4,3,33,8,ce6ca82c326e584d8d688a7bedd72e06f508088c933485bfbfa222c82aab7fd0,-0.3169240092327579,572.0148213950148,327200.9558955707
M0_no_IV2,1,5,4,33,8,ce6ca82c326e584d8d688a7bedd72e06f508088c933485bfbfa222c82aab7fd0,-0.06893935073687163,2447.9033308439653,5992230.71715698
M0_no_IV2,2,1,5,32,9,ce6ca82c326e584d8d688a7bedd72e06f508088c933485bfbfa222c82aab7fd0,-0.15808685430711544,2390.0390504249713,5712286.662556299
M0_no_IV2,2,2,6,33,8,ce6ca82c326e584d8d688a7bedd72e06f508088c933485bfbfa222c82aab7fd0,-0.19738781196816935,576.3234696802749,332148.7417043107
M0_no_IV2,2,3,7,33,8,ce6ca82c326e584d8d688a7bedd72e06f508088c933485bfbfa222c82aab7fd0,-0.5281107699160696,373.4937415547194,139497.57498054355
M0_no_IV2,2,4,8,33,8,ce6ca82c326e584d8d688a7bedd72e06f508088c933485bfbfa222c82aab7fd0,-0.015386716552270752,725.0066455257029,525634.6360564322
M0_no_IV2,2,5,9,33,8,ce6ca82c326e584d8d688a7bedd72e06f508088c933485bfbfa222c82aab7fd0,-0.5661023201103612,250.76042027503735,62880.78837651336
M0_no_IV2,3,1,10,32,9,ce6ca82c326e584d8d688a7bedd72e06f508088c933485bfbfa222c82aab7fd0,0.014538660447314222,674.4762119408598,454918.16047409165
M0_no_IV2,3,2,11,33,8,ce6ca82c326e584d8d688a7bedd72e06f508088c933485bfbfa222c82aab7fd0,-0.3435725474469544,227.48636869019592,51750.04793985175
M0_no_IV2,3,3,12,33,8,ce6ca82c326e584d8d688a7bedd72e06f508088c933485bfbfa222c82aab7fd0,-0.2516344999488056,2589.256020687521,6704246.740666576
M0_no_IV2,3,4,13,33,8,ce6ca82c326e584d8d688a7bedd72e06f508088c933485bfbfa222c82aab7fd0,-0.01541240047713388,338.50696226614554,114586.96350265367
M0_no_IV2,3,5,14,33,8,ce6ca82c326e584d8d688a7bedd72e06f508088c933485bfbfa222c82aab7fd0,-3.375257873036272,279.2001688076332,77952.73426221088
M0_no_IV2,4,1,15,32,9,ce6ca82c326e584d8d688a7bedd72e06f508088c933485bfbfa222c82aab7fd0,-0.07943053575330405,689.0128780035756,474738.74605477013
M0_no_IV2,4,2,16,33,8,ce6ca82c326e584d8d688a7bedd72e06f508088c933485bfbfa222c82aab7fd0,-0.10530849222964389,2447.589605344536,5990694.8761906205
M0_no_IV2,4,3,17,33,8,ce6ca82c326e584d8d688a7bedd72e06f508088c933485bfbfa222c82aab7fd0,0.07095368435976523,192.85670800920434,37193.709824147496
M0_no_IV2,4,4,18,33,8,ce6ca82c326e584d8d688a7bedd72e06f508088c933485bfbfa222c82aab7fd0,-3.1658720048996445,226.09889341736653,51120.70960455766
M0_no_IV2,4,5,19,33,8,ce6ca82c326e584d8d688a7bedd72e06f508088c933485bfbfa222c82aab7fd0,-0.11015434582104344,648.7482241778578,420874.258373924
M0_no_IV2,5,1,20,32,9,ce6ca82c326e584d8d688a7bedd72e06f508088c933485bfbfa222c82aab7fd0,-0.4262483153965757,958.3543163907887,918442.9957448558
M0_no_IV2,5,2,21,33,8,ce6ca82c326e584d8d688a7bedd72e06f508088c933485bfbfa222c82aab7fd0,-0.3352560395897628,381.0705824903705,145214.78883955025
M0_no_IV2,5,3,22,33,8,ce6ca82c326e584d8d688a7bedd72e06f508088c933485bfbfa222c82aab7fd0,-4.623368128728873,382.69683724351455,146456.86923618906
M0_no_IV2,5,4,23,33,8,ce6ca82c326e584d8d688a7bedd72e06f508088c933485bfbfa222c82aab7fd0,-0.16484302952076524,196.1339447358636,38468.524277650795
M0_no_IV2,5,5,24,33,8,ce6ca82c326e584d8d688a7bedd72e06f508088c933485bfbfa222c82aab7fd0,-0.12035619771621842,2463.250006475457,6067600.594401341
M0_no_IV2,6,1,25,32,9,ce6ca82c326e584d8d688a7bedd72e06f508088c933485bfbfa222c82aab7fd0,-0.027947801201074984,206.0949200514171,42475.116071000004
M0_no_IV2,6,2,26,33,8,ce6ca82c326e584d8d688a7bedd72e06f508088c933485bfbfa222c82aab7fd0,0.1873209634055487,408.2511169835245,166668.9745182954
M0_no_IV2,6,3,27,33,8,ce6ca82c326e584d8d688a7bedd72e06f508088c933485bfbfa222c82aab7fd0,-0.12879784251261217,2445.527761135946,5980606.030486593
M0_no_IV2,6,4,28,33,8,ce6ca82c326e584d8d688a7bedd72e06f508088c933485bfbfa222c82aab7fd0,-1.2872571650640534,496.6138850556076,246625.35083002428
M0_no_IV2,6,5,29,33,8,ce6ca82c326e584d8d688a7bedd72e06f508088c933485bfbfa222c82aab7fd0,-0.17761668233403527,880.9085699821143,775999.9086679335
M0_no_IV2,7,1,30,32,9,ce6ca82c326e584d8d688a7bedd72e06f508088c933485bfbfa222c82aab7fd0,-0.2580202161554732,534.4161696133132,285600.64234416554
M0_no_IV2,7,2,31,33,8,ce6ca82c326e584d8d688a7bedd72e06f508088c933485bfbfa222c82aab7fd0,-1.2674918436666496,262.29669349293175,68799.55541732498
M0_no_IV2,7,3,32,33,8,ce6ca82c326e584d8d688a7bedd72e06f508088c933485bfbfa222c82aab7fd0,-0.1672477698638164,829.7473970897017,688480.7429771351
M0_no_IV2,7,4,33,33,8,ce6ca82c326e584d8d688a7bedd72e06f508088c933485bfbfa222c82aab7fd0,-0.04957915960646608,345.5938918405166,119435.1380774747
M0_no_IV2,7,5,34,33,8,ce6ca82c326e584d8d688a7bedd72e06f508088c933485bfbfa222c82aab7fd0,-0.08015792026099566,2448.2939805763663,5994143.415326468
M0_no_IV2,8,1,35,32,9,ce6ca82c326e584d8d688a7bedd72e06f508088c933485bfbfa222c82aab7fd0,-0.1506494419807911,238.6372564260974,56947.74015457496
M0_no_IV2,8,2,36,33,8,ce6ca82c326e584d8d688a7bedd72e06f508088c933485bfbfa222c82aab7fd0,-0.08906413118863776,2454.047066672635,6022347.005444564
M0_no_IV2,8,3,37,33,8,ce6ca82c326e584d8d688a7bedd72e06f508088c933485bfbfa222c82aab7fd0,-5.320035116209725,263.0030790445908,69170.61958693527
M0_no_IV2,8,4,38,33,8,ce6ca82c326e584d8d688a7bedd72e06f508088c933485bfbfa222c82aab7fd0,-0.03864365732531305,723.70701688474,523751.84628820943
M0_no_IV2,8,5,39,33,8,ce6ca82c326e584d8d688a7bedd72e06f508088c933485bfbfa222c82aab7fd0,-0.29444601865543985,703.2495799073281,494559.9716398334
M0_no_IV2,9,1,40,32,9,ce6ca82c326e584d8d688a7bedd72e06f508088c933485bfbfa222c82aab7fd0,-0.2519745121242949,2506.490227173408,6282493.258915803
M0_no_IV2,9,2,41,33,8,ce6ca82c326e584d8d688a7bedd72e06f508088c933485bfbfa222c82aab7fd0,-1.6930537281645144,257.51758260135693,66315.3053488467
M0_no_IV2,9,3,42,33,8,ce6ca82c326e584d8d688a7bedd72e06f508088c933485bfbfa222c82aab7fd0,-2.007109973852379,248.89480194056682,61948.62243303398
M0_no_IV2,9,4,43,33,8,ce6ca82c326e584d8d688a7bedd72e06f508088c933485bfbfa222c82aab7fd0,0.27691438236247146,386.32846121186157,149249.67994232482
M0_no_IV2,9,5,44,33,8,ce6ca82c326e584d8d688a7bedd72e06f508088c933485bfbfa222c82aab7fd0,-1.4667995383951573,416.7547523396409,173684.52359767543
M0_no_IV2,10,1,45,32,9,ce6ca82c326e584d8d688a7bedd72e06f508088c933485bfbfa222c82aab7fd0,-0.5391920501518752,365.52517535619927,133608.6538191802
M0_no_IV2,10,2,46,33,8,ce6ca82c326e584d8d688a7bedd72e06f508088c933485bfbfa222c82aab7fd0,-0.7523803481381808,223.68277173826326,50033.982372511986
M0_no_IV2,10,3,47,33,8,ce6ca82c326e584d8d688a7bedd72e06f508088c933485bfbfa222c82aab7fd0,-0.1607332844009446,235.08939865600468,55267.0253604419
M0_no_IV2,10,4,48,33,8,ce6ca82c326e584d8d688a7bedd72e06f508088c933485bfbfa222c82aab7fd0,-0.25151231064246726,2583.590784296281,6674941.340700674
M0_no_IV2,10,5,49,33,8,ce6ca82c326e584d8d688a7bedd72e06f508088c933485bfbfa222c82aab7fd0,0.005035056756858114,697.968147190828,487159.5344929972
M0_no_IV2,11,1,50,32,9,ce6ca82c326e584d8d688a7bedd72e06f508088c933485bfbfa222c82aab7fd0,-0.09697124777973398,2314.328264290446,5356115.314893629
M0_no_IV2,11,2,51,33,8,ce6ca82c326e584d8d688a7bedd72e06f508088c933485bfbfa222c82aab7fd0,-0.07818621012911886,742.7912861716899,551738.8948125932
M0_no_IV2,11,3,52,33,8,ce6ca82c326e584d8d688a7bedd72e06f508088c933485bfbfa222c82aab7fd0,-0.013291772995530637,241.20811292694142,58181.353741776125
M0_no_IV2,11,4,53,33,8,ce6ca82c326e584d8d688a7bedd72e06f508088c933485bfbfa222c82aab7fd0,0.21511744998623672,420.8954017588189,177152.93922171756
M0_no_IV2,11,5,54,33,8,ce6ca82c326e584d8d688a7bedd72e06f508088c933485bfbfa222c82aab7fd0,-0.4155733288108725,563.353684092695,317367.37338081194
M0_no_IV2,12,1,55,32,9,ce6ca82c326e584d8d688a7bedd72e06f508088c933485bfbfa222c82aab7fd0,-0.0933503845696455,2316.7779141095843,5367459.903305957
M0_no_IV2,12,2,56,33,8,ce6ca82c326e584d8d688a7bedd72e06f508088c933485bfbfa222c82aab7fd0,-0.15732646345316592,768.4505537027931,590516.2534861292
M0_no_IV2,12,3,57,33,8,ce6ca82c326e584d8d688a7bedd72e06f508088c933485bfbfa222c82aab7fd0,-0.0685695030947544,648.8559335887711,421014.0225533557
M0_no_IV2,12,4,58,33,8,ce6ca82c326e584d8d688a7bedd72e06f508088c933485bfbfa222c82aab7fd0,-1.7322927218715582,282.9569406429105,80064.6302579956
M0_no_IV2,12,5,59,33,8,ce6ca82c326e584d8d688a7bedd72e06f508088c933485bfbfa222c82aab7fd0,-4.828791041202965,281.9480372451517,79494.69570639344
M0_no_IV2,13,1,60,32,9,ce6ca82c326e584d8d688a7bedd72e06f508088c933485bfbfa222c82aab7fd0,-0.0744648737686553,509.7759506558243,259871.5198670494
M0_no_IV2,13,2,61,33,8,ce6ca82c326e584d8d688a7bedd72e06f508088c933485bfbfa222c82aab7fd0,-0.10654975836486247,348.66587278156607,121567.89084253123
M0_no_IV2,13,3,62,33,8,ce6ca82c326e584d8d688a7bedd72e06f508088c933485bfbfa222c82aab7fd0,-0.229251819447843,2537.999603110441,6441441.985388757
M0_no_IV2,13,4,63,33,8,ce6ca82c326e584d8d688a7bedd72e06f508088c933485bfbfa222c82aab7fd0,-0.07357581751032183,166.88142545058426,27849.410160418916
M0_no_IV2,13,5,64,33,8,ce6ca82c326e584d8d688a7bedd72e06f508088c933485bfbfa222c82aab7fd0,0.02044180896486436,699.3277312060784,489059.2756338411
M0_no_IV2,14,1,65,32,9,ce6ca82c326e584d8d688a7bedd72e06f508088c933485bfbfa222c82aab7fd0,-0.11682185747111173,723.2297163123002,523061.2225571702
M0_no_IV2,14,2,66,33,8,ce6ca82c326e584d8d688a7bedd72e06f508088c933485bfbfa222c82aab7fd0,-5.535821944159024,261.08985564060674,68167.91271843288
M0_no_IV2,14,3,67,33,8,ce6ca82c326e584d8d688a7bedd72e06f508088c933485bfbfa222c82aab7fd0,-0.015583795757026841,170.48981151099113,29066.775829053287
M0_no_IV2,14,4,68,33,8,ce6ca82c326e584d8d688a7bedd72e06f508088c933485bfbfa222c82aab7fd0,-0.14114954601690388,650.6409306738851,423333.6206681794
M0_no_IV2,14,5,69,33,8,ce6ca82c326e584d8d688a7bedd72e06f508088c933485bfbfa222c82aab7fd0,-0.09970574533608745,2451.6785322359124,6010727.625426437
M0_no_IV2,15,1,70,32,9,ce6ca82c326e584d8d688a7bedd72e06f508088c933485bfbfa222c82aab7fd0,-0.2924628209839284,2499.7539797934055,6248769.959492969
M0_no_IV2,15,2,71,33,8,ce6ca82c326e584d8d688a7bedd72e06f508088c933485bfbfa222c82aab7fd0,-1.1558147425976477,276.4370095611338,76417.42025510238
M0_no_IV2,15,3,72,33,8,ce6ca82c326e584d8d688a7bedd72e06f508088c933485bfbfa222c82aab7fd0,-1.5195776334685727,298.750539287332,89251.88472447169
M0_no_IV2,15,4,73,33,8,ce6ca82c326e584d8d688a7bedd72e06f508088c933485bfbfa222c82aab7fd0,-0.07160705239203247,547.8551616035061,300145.27809560375
M0_no_IV2,15,5,74,33,8,ce6ca82c326e584d8d688a7bedd72e06f508088c933485bfbfa222c82aab7fd0,-0.09504258826825107,361.9279005399198,130991.80518923406
M0_no_IV2,16,1,75,32,9,ce6ca82c326e584d8d688a7bedd72e06f508088c933485bfbfa222c82aab7fd0,-0.08461307740221646,628.78809761791,395374.4717059503
M0_no_IV2,16,2,76,33,8,ce6ca82c326e584d8d688a7bedd72e06f508088c933485bfbfa222c82aab7fd0,-0.10162847612424075,2457.0547576185354,6037118.081935879
M0_no_IV2,16,3,77,33,8,ce6ca82c326e584d8d688a7bedd72e06f508088c933485bfbfa222c82aab7fd0,-0.1114716219470131,339.8723713219614,115513.22878801322
M0_no_IV2,16,4,78,33,8,ce6ca82c326e584d8d688a7bedd72e06f508088c933485bfbfa222c82aab7fd0,-0.15343312052315428,221.46308050144017,49045.896025187365
M0_no_IV2,16,5,79,33,8,ce6ca82c326e584d8d688a7bedd72e06f508088c933485bfbfa222c82aab7fd0,-0.05681961895158283,733.4162630234035,537899.4148672143
M0_no_IV2,17,1,80,32,9,ce6ca82c326e584d8d688a7bedd72e06f508088c933485bfbfa222c82aab7fd0,0.1578542270265475,421.57881685434637,177728.6988203105
M0_no_IV2,17,2,81,33,8,ce6ca82c326e584d8d688a7bedd72e06f508088c933485bfbfa222c82aab7fd0,-0.19004432049126851,894.4796437025146,800093.8329981775
M0_no_IV2,17,3,82,33,8,ce6ca82c326e584d8d688a7bedd72e06f508088c933485bfbfa222c82aab7fd0,-0.11205334435753733,2453.867751368837,6021466.941207954
M0_no_IV2,17,4,83,33,8,ce6ca82c326e584d8d688a7bedd72e06f508088c933485bfbfa222c82aab7fd0,-1.4285750622063618,477.46902339567777,227976.66830242227
M0_no_IV2,17,5,84,33,8,ce6ca82c326e584d8d688a7bedd72e06f508088c933485bfbfa222c82aab7fd0,-0.3006714809581499,184.07784033452552,33884.65130222307
M0_no_IV2,18,1,85,32,9,ce6ca82c326e584d8d688a7bedd72e06f508088c933485bfbfa222c82aab7fd0,-0.12076086429829247,2368.0031694708596,5607439.010624037
M0_no_IV2,18,2,86,33,8,ce6ca82c326e584d8d688a7bedd72e06f508088c933485bfbfa222c82aab7fd0,-0.03382852141225512,736.6264122333491,542618.471199776
M0_no_IV2,18,3,87,33,8,ce6ca82c326e584d8d688a7bedd72e06f508088c933485bfbfa222c82aab7fd0,-0.42140463554018903,188.79902643967773,35645.072384570136
M0_no_IV2,18,4,88,33,8,ce6ca82c326e584d8d688a7bedd72e06f508088c933485bfbfa222c82aab7fd0,-0.10296625361233636,436.69326907616727,190701.01125642983
M0_no_IV2,18,5,89,33,8,ce6ca82c326e584d8d688a7bedd72e06f508088c933485bfbfa222c82aab7fd0,-0.02695239496197499,329.2109132354301,108379.82539330587
M0_no_IV2,19,1,90,32,9,ce6ca82c326e584d8d688a7bedd72e06f508088c933485bfbfa222c82aab7fd0,-0.08075133640080501,626.3284671675301,392287.34878442786
M0_no_IV2,19,2,91,33,8,ce6ca82c326e584d8d688a7bedd72e06f508088c933485bfbfa222c82aab7fd0,-0.32711150608097017,239.8633683144275,57534.43545914271
M0_no_IV2,19,3,92,33,8,ce6ca82c326e584d8d688a7bedd72e06f508088c933485bfbfa222c82aab7fd0,-0.25066164603845253,372.7068842053378,138910.4215340511
M0_no_IV2,19,4,93,33,8,ce6ca82c326e584d8d688a7bedd72e06f508088c933485bfbfa222c82aab7fd0,-0.04446781125570398,713.979383760783,509766.56043542735
M0_no_IV2,19,5,94,33,8,ce6ca82c326e584d8d688a7bedd72e06f508088c933485bfbfa222c82aab7fd0,-0.09026113011744252,2424.053728969313,5876036.480930032
M0_no_IV2,20,1,95,32,9,ce6ca82c326e584d8d688a7bedd72e06f508088c933485bfbfa222c82aab7fd0,-0.10401783433503464,530.323946651152,281243.4883916539
M0_no_IV2,20,2,96,33,8,ce6ca82c326e584d8d688a7bedd72e06f508088c933485bfbfa222c82aab7fd0,-0.20444391092463587,2549.065573484655,6497735.297924654
M0_no_IV2,20,3,97,33,8,ce6ca82c326e584d8d688a7bedd72e06f508088c933485bfbfa222c82aab7fd0,-1.6793028001529935,191.72686756561114,36759.1917465214
M0_no_IV2,20,4,98,33,8,ce6ca82c326e584d8d688a7bedd72e06f508088c933485bfbfa222c82aab7fd0,-0.11613388918008449,706.7237659166699,499458.48131144006
M0_no_IV2,20,5,99,33,8,ce6ca82c326e584d8d688a7bedd72e06f508088c933485bfbfa222c82aab7fd0,-1.1359538435287182,260.00072356970577,67600.37625677054
M0_controls_only,1,1,0,32,9,ce6ca82c326e584d8d688a7bedd72e06f508088c933485bfbfa222c82aab7fd0,-0.33306180851495504,216.313835482486,46791.67542114402
M0_controls_only,1,2,1,33,8,ce6ca82c326e584d8d688a7bedd72e06f508088c933485bfbfa222c82aab7fd0,-0.18709679152642078,196.61697737630234,38658.23579259339
M0_controls_only,1,3,2,33,8,ce6ca82c326e584d8d688a7bedd72e06f508088c933485bfbfa222c82aab7fd0,-0.6239705133959219,952.1763818412635,906639.8621363195
M0_controls_only,1,4,3,33,8,ce6ca82c326e584d8d688a7bedd72e06f508088c933485bfbfa222c82aab7fd0,-0.18967787380851187,543.677820713074,295585.5727353174
M0_controls_only,1,5,4,33,8,ce6ca82c326e584d8d688a7bedd72e06f508088c933485bfbfa222c82aab7fd0,-0.10985312976043704,2494.3103356789625,6221584.0506748995
M0_controls_only,2,1,5,32,9,ce6ca82c326e584d8d688a7bedd72e06f508088c933485bfbfa222c82aab7fd0,-0.17674538878137658,2409.2156936444535,5804320.2585027255
M0_controls_only,2,2,6,33,8,ce6ca82c326e584d8d688a7bedd72e06f508088c933485bfbfa222c82aab7fd0,-0.10323630993271449,553.2012625964969,306031.6369383583
M0_controls_only,2,3,7,33,8,ce6ca82c326e584d8d688a7bedd72e06f508088c933485bfbfa222c82aab7fd0,-0.2926137959123798,343.51072739464894,117999.6198352008
M0_controls_only,2,4,8,33,8,ce6ca82c326e584d8d688a7bedd72e06f508088c933485bfbfa222c82aab7fd0,-0.1569457334889781,773.8962514050443,598915.4079387794
M0_controls_only,2,5,9,33,8,ce6ca82c326e584d8d688a7bedd72e06f508088c933485bfbfa222c82aab7fd0,-0.36251423960162055,233.89419727922208,54706.495520891665
M0_controls_only,3,1,10,32,9,ce6ca82c326e584d8d688a7bedd72e06f508088c933485bfbfa222c82aab7fd0,-0.15352065555298844,729.725511077278,532499.3215169946
M0_controls_only,3,2,11,33,8,ce6ca82c326e584d8d688a7bedd72e06f508088c933485bfbfa222c82aab7fd0,0.037162489505809915,192.57562592080814,37085.37169879103
M0_controls_only,3,3,12,33,8,ce6ca82c326e584d8d688a7bedd72e06f508088c933485bfbfa222c82aab7fd0,-0.25797835474217146,2595.809492709284,6738226.922439629
M0_controls_only,3,4,13,33,8,ce6ca82c326e584d8d688a7bedd72e06f508088c933485bfbfa222c82aab7fd0,0.04137865820596076,328.904579802667,108178.22261516894
M0_controls_only,3,5,14,33,8,ce6ca82c326e584d8d688a7bedd72e06f508088c933485bfbfa222c82aab7fd0,0.1363937248836845,124.04285220338478,15386.62918275076
M0_controls_only,4,1,15,32,9,ce6ca82c326e584d8d688a7bedd72e06f508088c933485bfbfa222c82aab7fd0,-0.2258794631442067,734.2667698687328,539147.6893334626
M0_controls_only,4,2,16,33,8,ce6ca82c326e584d8d688a7bedd72e06f508088c933485bfbfa222c82aab7fd0,-0.1595750400670033,2506.9534853297646,6284815.7776070535
M0_controls_only,4,3,17,33,8,ce6ca82c326e584d8d688a7bedd72e06f508088c933485bfbfa222c82aab7fd0,0.02211549152792125,197.86084051571896,39148.91220958678
M0_controls_only,4,4,18,33,8,ce6ca82c326e584d8d688a7bedd72e06f508088c933485bfbfa222c82aab7fd0,-1.8786167605669966,187.94786666329222,35324.400583282666
M0_controls_only,4,5,19,33,8,ce6ca82c326e584d8d688a7bedd72e06f508088c933485bfbfa222c82aab7fd0,-0.2634839562491076,692.1008238125539,479003.55032201577
M0_controls_only,5,1,20,32,9,ce6ca82c326e584d8d688a7bedd72e06f508088c933485bfbfa222c82aab7fd0,-0.5014489955236543,983.294982036754,966869.0216986606
M0_controls_only,5,2,21,33,8,ce6ca82c326e584d8d688a7bedd72e06f508088c933485bfbfa222c82aab7fd0,0.05257155711991235,320.99358826828404,103036.88370934865
M0_controls_only,5,3,22,33,8,ce6ca82c326e584d8d688a7bedd72e06f508088c933485bfbfa222c82aab7fd0,-0.6354054443443213,206.3808206739037,42593.043142034
M0_controls_only,5,4,23,33,8,ce6ca82c326e584d8d688a7bedd72e06f508088c933485bfbfa222c82aab7fd0,-0.07853699775681977,188.72810722918345,35618.29845831017
M0_controls_only,5,5,24,33,8,ce6ca82c326e584d8d688a7bedd72e06f508088c933485bfbfa222c82aab7fd0,-0.1503939040339859,2496.0525129450452,6230278.147379276
M0_controls_only,6,1,25,32,9,ce6ca82c326e584d8d688a7bedd72e06f508088c933485bfbfa222c82aab7fd0,-0.04774780598033579,208.07032055521134,43293.2582959484
M0_controls_only,6,2,26,33,8,ce6ca82c326e584d8d688a7bedd72e06f508088c933485bfbfa222c82aab7fd0,0.02617868311943683,446.89705385010245,199716.97673990135
M0_controls_only,6,3,27,33,8,ce6ca82c326e584d8d688a7bedd72e06f508088c933485bfbfa222c82aab7fd0,-0.1861777569631602,2506.9137931007076,6284616.766038577
M0_controls_only,6,4,28,33,8,ce6ca82c326e584d8d688a7bedd72e06f508088c933485bfbfa222c82aab7fd0,-0.016035623092604867,330.990727256111,109554.86152952924
M0_controls_only,6,5,29,33,8,ce6ca82c326e584d8d688a7bedd72e06f508088c933485bfbfa222c82aab7fd0,-0.30262287378912256,926.484611806097,858373.7359134941
M0_controls_only,7,1,30,32,9,ce6ca82c326e584d8d688a7bedd72e06f508088c933485bfbfa222c82aab7fd0,-0.2538090678097733,533.5209565407182,284644.61106812296
M0_controls_only,7,2,31,33,8,ce6ca82c326e584d8d688a7bedd72e06f508088c933485bfbfa222c82aab7fd0,-0.06312543757308497,179.60242821069406,32257.032219177516
M0_controls_only,7,3,32,33,8,ce6ca82c326e584d8d688a7bedd72e06f508088c933485bfbfa222c82aab7fd0,-0.35057366489406117,892.5314142286272,796612.3253849533
M0_controls_only,7,4,33,33,8,ce6ca82c326e584d8d688a7bedd72e06f508088c933485bfbfa222c82aab7fd0,0.021370142630236733,333.7088231667222,111361.57865931866
M0_controls_only,7,5,34,33,8,ce6ca82c326e584d8d688a7bedd72e06f508088c933485bfbfa222c82aab7fd0,-0.12096791834718901,2494.1153159519345,6220611.209266018
M0_controls_only,8,1,35,32,9,ce6ca82c326e584d8d688a7bedd72e06f508088c933485bfbfa222c82aab7fd0,0.12090957734761787,208.58520764804138,43507.788849576544
M0_controls_only,8,2,36,33,8,ce6ca82c326e584d8d688a7bedd72e06f508088c933485bfbfa222c82aab7fd0,-0.13552038777282038,2505.841680305556,6279242.5267565735
M0_controls_only,8,3,37,33,8,ce6ca82c326e584d8d688a7bedd72e06f508088c933485bfbfa222c82aab7fd0,-0.8700905841647877,143.06467381530442,20467.500893879453
M0_controls_only,8,4,38,33,8,ce6ca82c326e584d8d688a7bedd72e06f508088c933485bfbfa222c82aab7fd0,-0.23228681433620224,788.2888750949752,621399.3505985014
M0_controls_only,8,5,39,33,8,ce6ca82c326e584d8d688a7bedd72e06f508088c933485bfbfa222c82aab7fd0,-0.4370029128822557,740.9626785404805,549025.6909898834
M0_controls_only,9,1,40,32,9,ce6ca82c326e584d8d688a7bedd72e06f508088c933485bfbfa222c82aab7fd0,-0.2583616522388936,2512.875715679698,6314544.362452753
M0_controls_only,9,2,41,33,8,ce6ca82c326e584d8d688a7bedd72e06f508088c933485bfbfa222c82aab7fd0,-0.01960661859584034,158.45308563415054,25107.380346983442
M0_controls_only,9,3,42,33,8,ce6ca82c326e584d8d688a7bedd72e06f508088c933485bfbfa222c82aab7fd0,-1.0432114736372653,205.1624281716384,42091.62193328269
M0_controls_only,9,4,43,33,8,ce6ca82c326e584d8d688a7bedd72e06f508088c933485bfbfa222c82aab7fd0,0.028731363038546842,447.7458045902315,200476.30552815378
M0_controls_only,9,5,44,33,8,ce6ca82c326e584d8d688a7bedd72e06f508088c933485bfbfa222c82aab7fd0,-1.0968147384065685,384.2321154917398,147634.3185752577
M0_controls_only,10,1,45,32,9,ce6ca82c326e584d8d688a7bedd72e06f508088c933485bfbfa222c82aab7fd0,-0.4095701675949863,349.79551614500457,122356.90311515015
M0_controls_only,10,2,46,33,8,ce6ca82c326e584d8d688a7bedd72e06f508088c933485bfbfa222c82aab7fd0,-0.02225844116490805,170.84359486034202,29187.533904804684
M0_controls_only,10,3,47,33,8,ce6ca82c326e584d8d688a7bedd72e06f508088c933485bfbfa222c82aab7fd0,-0.20813859201582563,239.84198214412922,57524.1763988248
M0_controls_only,10,4,48,33,8,ce6ca82c326e584d8d688a7bedd72e06f508088c933485bfbfa222c82aab7fd0,-0.26034118796516514,2592.687825587198,6722030.1609480735
M0_controls_only,10,5,49,33,8,ce6ca82c326e584d8d688a7bedd72e06f508088c933485bfbfa222c82aab7fd0,-0.21574608962187303,771.5305984013385,595259.4642695274
M0_controls_only,11,1,50,32,9,ce6ca82c326e584d8d688a7bedd72e06f508088c933485bfbfa222c82aab7fd0,-0.14667516453870721,2366.178697789722,5598801.629873864
M0_controls_only,11,2,51,33,8,ce6ca82c326e584d8d688a7bedd72e06f508088c933485bfbfa222c82aab7fd0,-0.2638527666854502,804.2075677306455,646749.8119952406
M0_controls_only,11,3,52,33,8,ce6ca82c326e584d8d688a7bedd72e06f508088c933485bfbfa222c82aab7fd0,0.1318186567479257,223.26974540074698,49849.37921131438
M0_controls_only,11,4,53,33,8,ce6ca82c326e584d8d688a7bedd72e06f508088c933485bfbfa222c82aab7fd0,0.021854511840603497,469.8655154802988,220773.60263756692
M0_controls_only,11,5,54,33,8,ce6ca82c326e584d8d688a7bedd72e06f508088c933485bfbfa222c82aab7fd0,-0.3307637136342092,546.2172711542527,298353.30730719835
M0_controls_only,12,1,55,32,9,ce6ca82c326e584d8d688a7bedd72e06f508088c933485bfbfa222c82aab7fd0,-0.13054574616244397,2355.8562848293795,5550058.834770086
M0_controls_only,12,2,56,33,8,ce6ca82c326e584d8d688a7bedd72e06f508088c933485bfbfa222c82aab7fd0,-0.34962731943703673,829.8410536715523,688636.1743587123
M0_controls_only,12,3,57,33,8,ce6ca82c326e584d8d688a7bedd72e06f508088c933485bfbfa222c82aab7fd0,-0.2163717170761752,692.2772336293634,479247.7682015243
M0_controls_only,12,4,58,33,8,ce6ca82c326e584d8d688a7bedd72e06f508088c933485bfbfa222c82aab7fd0,-0.7891095988520285,228.96822184799356,52426.446616232
M0_controls_only,12,5,59,33,8,ce6ca82c326e584d8d688a7bedd72e06f508088c933485bfbfa222c82aab7fd0,-0.15921844235095128,125.73682026408473,15809.74797012275
M0_controls_only,13,1,60,32,9,ce6ca82c326e584d8d688a7bedd72e06f508088c933485bfbfa222c82aab7fd0,-0.0599190449550111,506.3135847885284,256353.4461414103
M0_controls_only,13,2,61,33,8,ce6ca82c326e584d8d688a7bedd72e06f508088c933485bfbfa222c82aab7fd0,-0.07299713237938366,343.339086864294,117881.72856880724
M0_controls_only,13,3,62,33,8,ce6ca82c326e584d8d688a7bedd72e06f508088c933485bfbfa222c82aab7fd0,-0.246675043261112,2555.9229215162745,6532741.980732288
M0_controls_only,13,4,63,33,8,ce6ca82c326e584d8d688a7bedd72e06f508088c933485bfbfa222c82aab7fd0,0.016503306742226442,159.72691090621078,25512.686067640592
M0_controls_only,13,5,64,33,8,ce6ca82c326e584d8d688a7bedd72e06f508088c933485bfbfa222c82aab7fd0,-0.15587377230624155,759.6627556264601,577087.5022859868
M0_controls_only,14,1,65,32,9,ce6ca82c326e584d8d688a7bedd72e06f508088c933485bfbfa222c82aab7fd0,-0.3158997149623495,785.0470865682621,616298.9281293164
M0_controls_only,14,2,66,33,8,ce6ca82c326e584d8d688a7bedd72e06f508088c933485bfbfa222c82aab7fd0,-4.120571596349912,231.09955726233773,53407.00536684851
M0_controls_only,14,3,67,33,8,ce6ca82c326e584d8d688a7bedd72e06f508088c933485bfbfa222c82aab7fd0,0.29172635638010447,142.3774104447652,20271.32700495713
M0_controls_only,14,4,68,33,8,ce6ca82c326e584d8d688a7bedd72e06f508088c933485bfbfa222c82aab7fd0,-0.29487203953724306,693.0802544601664,480360.2391225691
M0_controls_only,14,5,69,33,8,ce6ca82c326e584d8d688a7bedd72e06f508088c933485bfbfa222c82aab7fd0,-0.1418942766086928,2498.2633988888047,6241320.010227442
M0_controls_only,15,1,70,32,9,ce6ca82c326e584d8d688a7bedd72e06f508088c933485bfbfa222c82aab7fd0,-0.30119709210855516,2508.1862402155125,6290998.21560643
M0_controls_only,15,2,71,33,8,ce6ca82c326e584d8d688a7bedd72e06f508088c933485bfbfa222c82aab7fd0,-0.2554573875942934,210.9557929110977,44502.34656274994
M0_controls_only,15,3,72,33,8,ce6ca82c326e584d8d688a7bedd72e06f508088c933485bfbfa222c82aab7fd0,0.15153043863440463,173.36561281144333,30055.635705487282
M0_controls_only,15,4,73,33,8,ce6ca82c326e584d8d688a7bedd72e06f508088c933485bfbfa222c82aab7fd0,-0.0888368931903627,552.2419450348496,304971.1658558738
M0_controls_only,15,5,74,33,8,ce6ca82c326e584d8d688a7bedd72e06f508088c933485bfbfa222c82aab7fd0,-0.06551404613100242,357.0147408500565,127459.525184233
M0_controls_only,16,1,75,32,9,ce6ca82c326e584d8d688a7bedd72e06f508088c933485bfbfa222c82aab7fd0,-0.15198590479697538,648.0230840486706,419933.9174599505
M0_controls_only,16,2,76,33,8,ce6ca82c326e584d8d688a7bedd72e06f508088c933485bfbfa222c82aab7fd0,-0.13708442833785472,2496.2818240371703,6231422.945018343
M0_controls_only,16,3,77,33,8,ce6ca82c326e584d8d688a7bedd72e06f508088c933485bfbfa222c82aab7fd0,-0.06913785195375954,333.33700198394735,111113.55689164612
M0_controls_only,16,4,78,33,8,ce6ca82c326e584d8d688a7bedd72e06f508088c933485bfbfa222c82aab7fd0,0.15586060022758919,189.45767928324125,35894.2122393915
M0_controls_only,16,5,79,33,8,ce6ca82c326e584d8d688a7bedd72e06f508088c933485bfbfa222c82aab7fd0,-0.25581975306219795,799.4913280304467,639186.3835958872
M0_controls_only,17,1,80,32,9,ce6ca82c326e584d8d688a7bedd72e06f508088c933485bfbfa222c82aab7fd0,0.00047595669067146407,459.28447652956567,210942.23038103717
M0_controls_only,17,2,81,33,8,ce6ca82c326e584d8d688a7bedd72e06f508088c933485bfbfa222c82aab7fd0,-0.3177775972489618,941.2607592501117,885971.8169040969
M0_controls_only,17,3,82,33,8,ce6ca82c326e584d8d688a7bedd72e06f508088c933485bfbfa222c82aab7fd0,-0.1584787154886218,2504.5653757810537,6272847.72156129
M0_controls_only,17,4,83,33,8,ce6ca82c326e584d8d688a7bedd72e06f508088c933485bfbfa222c82aab7fd0,-0.21143396396166114,337.22464674039406,113720.46236918357
M0_controls_only,17,5,84,33,8,ce6ca82c326e584d8d688a7bedd72e06f508088c933485bfbfa222c82aab7fd0,-0.20762752646363647,177.37164888140228,31460.70182690745
M0_controls_only,18,1,85,32,9,ce6ca82c326e584d8d688a7bedd72e06f508088c933485bfbfa222c82aab7fd0,-0.15662036266329604,2405.5878276992453,5786852.796774775
M0_controls_only,18,2,86,33,8,ce6ca82c326e584d8d688a7bedd72e06f508088c933485bfbfa222c82aab7fd0,-0.17680394407815436,785.9141166291288,617660.9987169438
M0_controls_only,18,3,87,33,8,ce6ca82c326e584d8d688a7bedd72e06f508088c933485bfbfa222c82aab7fd0,-0.2340774151150422,175.91873318054107,30947.400683846397
M0_controls_only,18,4,88,33,8,ce6ca82c326e584d8d688a7bedd72e06f508088c933485bfbfa222c82aab7fd0,-0.40697541110730806,493.2176837600065,243263.68357358576
M0_controls_only,18,5,89,33,8,ce6ca82c326e584d8d688a7bedd72e06f508088c933485bfbfa222c82aab7fd0,0.08015243040559639,311.5709798306689,97076.47547264307
M0_controls_only,19,1,90,32,9,ce6ca82c326e584d8d688a7bedd72e06f508088c933485bfbfa222c82aab7fd0,-0.1738308257443577,652.7426882192575,426073.01702370285
M0_controls_only,19,2,91,33,8,ce6ca82c326e584d8d688a7bedd72e06f508088c933485bfbfa222c82aab7fd0,-0.3494216213258321,241.87114079376556,58501.64874887756
M0_controls_only,19,3,92,33,8,ce6ca82c326e584d8d688a7bedd72e06f508088c933485bfbfa222c82aab7fd0,0.036461832765118385,327.13872749411763,107019.74702647055
M0_controls_only,19,4,93,33,8,ce6ca82c326e584d8d688a7bedd72e06f508088c933485bfbfa222c82aab7fd0,-0.2760121059430405,789.160862610781,622774.8670765919
M0_controls_only,19,5,94,33,8,ce6ca82c326e584d8d688a7bedd72e06f508088c933485bfbfa222c82aab7fd0,-0.1535601097850554,2493.429492718357,6217190.635157722
M0_controls_only,20,1,95,32,9,ce6ca82c326e584d8d688a7bedd72e06f508088c933485bfbfa222c82aab7fd0,-0.1147009930536893,532.8836403576724,283964.9741608452
M0_controls_only,20,2,96,33,8,ce6ca82c326e584d8d688a7bedd72e06f508088c933485bfbfa222c82aab7fd0,-0.21658709551438893,2561.883167345395,6563245.363127673
M0_controls_only,20,3,97,33,8,ce6ca82c326e584d8d688a7bedd72e06f508088c933485bfbfa222c82aab7fd0,-0.23808590731093604,130.3309221022932,16986.149256034012
M0_controls_only,20,4,98,33,8,ce6ca82c326e584d8d688a7bedd72e06f508088c933485bfbfa222c82aab7fd0,-0.3754192251721109,784.5291664119752,615486.0129510687
M0_controls_only,20,5,99,33,8,ce6ca82c326e584d8d688a7bedd72e06f508088c933485bfbfa222c82aab7fd0,0.016328766062318034,176.4426656607831,31132.01426548289
B1_full,1,1,0,32,9,ce6ca82c326e584d8d688a7bedd72e06f508088c933485bfbfa222c82aab7fd0,-1.7911713345565672,313.0058128066581,97972.6388507567
B1_full,1,2,1,33,8,ce6ca82c326e584d8d688a7bedd72e06f508088c933485bfbfa222c82aab7fd0,-1.4812116205608903,284.2561391268389,80801.5526312968
B1_full,1,3,2,33,8,ce6ca82c326e584d8d688a7bedd72e06f508088c933485bfbfa222c82aab7fd0,-0.28318256720747215,846.3939698329114,716382.7521695152
B1_full,1,4,3,33,8,ce6ca82c326e584d8d688a7bedd72e06f508088c933485bfbfa222c82aab7fd0,-0.15491975720990325,535.6767900842186,286949.623434932
B1_full,1,5,4,33,8,ce6ca82c326e584d8d688a7bedd72e06f508088c933485bfbfa222c82aab7fd0,-0.04810303107920988,2423.9280210756783,5875427.051355854
B1_full,2,1,5,32,9,ce6ca82c326e584d8d688a7bedd72e06f508088c933485bfbfa222c82aab7fd0,-0.13148130112373946,2362.425498773626,5581054.237255815
B1_full,2,2,6,33,8,ce6ca82c326e584d8d688a7bedd72e06f508088c933485bfbfa222c82aab7fd0,-0.14240533048940507,562.9359698223855,316896.9061198697
B1_full,2,3,7,33,8,ce6ca82c326e584d8d688a7bedd72e06f508088c933485bfbfa222c82aab7fd0,-0.7026824829894791,394.2509465646144,155433.80886709446
B1_full,2,4,8,33,8,ce6ca82c326e584d8d688a7bedd72e06f508088c933485bfbfa222c82aab7fd0,0.10535471480659275,680.536913977564,463130.4912861064
B1_full,2,5,9,33,8,ce6ca82c326e584d8d688a7bedd72e06f508088c933485bfbfa222c82aab7fd0,-0.9062316639280033,276.65387791163,76537.36816354308
B1_full,3,1,10,32,9,ce6ca82c326e584d8d688a7bedd72e06f508088c933485bfbfa222c82aab7fd0,0.1260668001793126,635.1641250985374,403433.4658121905
B1_full,3,2,11,33,8,ce6ca82c326e584d8d688a7bedd72e06f508088c933485bfbfa222c82aab7fd0,-1.4767144239844332,308.8607944242077,95394.99033235271
B1_full,3,3,12,33,8,ce6ca82c326e584d8d688a7bedd72e06f508088c933485bfbfa222c82aab7fd0,-0.2202839703052737,2556.622962317844,6536320.971450869
B1_full,3,4,13,33,8,ce6ca82c326e584d8d688a7bedd72e06f508088c933485bfbfa222c82aab7fd0,-0.4127422223578152,399.280257191702,159424.72378307168
B1_full,3,5,14,33,8,ce6ca82c326e584d8d688a7bedd72e06f508088c933485bfbfa222c82aab7fd0,-3.5457047665962342,284.5866097389112,80989.53844268734
B1_full,4,1,15,32,9,ce6ca82c326e584d8d688a7bedd72e06f508088c933485bfbfa222c82aab7fd0,0.0831471907824517,635.008881250772,403236.2792673571
B1_full,4,2,16,33,8,ce6ca82c326e584d8d688a7bedd72e06f508088c933485bfbfa222c82aab7fd0,-0.08964362608285703,2430.1836134537552,5905792.395099151
B1_full,4,3,17,33,8,ce6ca82c326e584d8d688a7bedd72e06f508088c933485bfbfa222c82aab7fd0,-2.912022662832861,395.74619469321493,156615.05061416
B1_full,4,4,18,33,8,ce6ca82c326e584d8d688a7bedd72e06f508088c933485bfbfa222c82aab7fd0,-7.7926006352274815,328.4763827680664,107896.73403639326
B1_full,4,5,19,33,8,ce6ca82c326e584d8d688a7bedd72e06f508088c933485bfbfa222c82aab7fd0,0.0748186733905093,592.2402636138173,350748.5298453638
B1_full,5,1,20,32,9,ce6ca82c326e584d8d688a7bedd72e06f508088c933485bfbfa222c82aab7fd0,-0.2814790648577177,908.4149833250734,825217.7819294934
B1_full,5,2,21,33,8,ce6ca82c326e584d8d688a7bedd72e06f508088c933485bfbfa222c82aab7fd0,-0.594700322948321,416.44983025568536,173430.46111998914
B1_full,5,3,22,33,8,ce6ca82c326e584d8d688a7bedd72e06f508088c933485bfbfa222c82aab7fd0,-5.8171218217641565,421.36372331285827,177547.38732407498
B1_full,5,4,23,33,8,ce6ca82c326e584d8d688a7bedd72e06f508088c933485bfbfa222c82aab7fd0,-0.6221370071398968,231.4530066171085,53570.49427209928
B1_full,5,5,24,33,8,ce6ca82c326e584d8d688a7bedd72e06f508088c933485bfbfa222c82aab7fd0,-0.1005574839904475,2441.387956385775,5960375.15358551
B1_full,6,1,25,32,9,ce6ca82c326e584d8d688a7bedd72e06f508088c933485bfbfa222c82aab7fd0,-0.46843984671295935,246.3257629341054,60676.38148506909
B1_full,6,2,26,33,8,ce6ca82c326e584d8d688a7bedd72e06f508088c933485bfbfa222c82aab7fd0,0.16975979681359354,412.6384875067841,170270.52137188643
B1_full,6,3,27,33,8,ce6ca82c326e584d8d688a7bedd72e06f508088c933485bfbfa222c82aab7fd0,-0.11451362243086405,2430.0051971030025,5904925.257947602
B1_full,6,4,28,33,8,ce6ca82c326e584d8d688a7bedd72e06f508088c933485bfbfa222c82aab7fd0,-2.19727415269092,587.1530187082762,344748.66737824143
B1_full,6,5,29,33,8,ce6ca82c326e584d8d688a7bedd72e06f508088c933485bfbfa222c82aab7fd0,-0.031832929109112174,824.5814340114133,679934.5413163188
B1_full,7,1,30,32,9,ce6ca82c326e584d8d688a7bedd72e06f508088c933485bfbfa222c82aab7fd0,-0.03967383498305743,485.8300090220448,236030.79766636016
B1_full,7,2,31,33,8,ce6ca82c326e584d8d688a7bedd72e06f508088c933485bfbfa222c82aab7fd0,-1.6453671194963788,283.3106658153285,80264.93336472474
B1_full,7,3,32,33,8,ce6ca82c326e584d8d688a7bedd72e06f508088c933485bfbfa222c82aab7fd0,-0.03494761822990822,781.3103132186102,610445.8055417628
B1_full,7,4,33,33,8,ce6ca82c326e584d8d688a7bedd72e06f508088c933485bfbfa222c82aab7fd0,-0.5043116329872817,413.7398623007255,171180.67365662332
B1_full,7,5,34,33,8,ce6ca82c326e584d8d688a7bedd72e06f508088c933485bfbfa222c82aab7fd0,-0.06529137773350735,2431.387298103894,5911644.193380955
B1_full,8,1,35,32,9,ce6ca82c326e584d8d688a7bedd72e06f508088c933485bfbfa222c82aab7fd0,-0.6503855119815107,285.798163025471,81680.5899887337
B1_full,8,2,36,33,8,ce6ca82c326e584d8d688a7bedd72e06f508088c933485bfbfa222c82aab7fd0,-0.06495098840647895,2426.7272733077066,5889005.259015457
B1_full,8,3,37,33,8,ce6ca82c326e584d8d688a7bedd72e06f508088c933485bfbfa222c82aab7fd0,-10.919559756901455,361.18623840206203,130455.4988110312
B1_full,8,4,38,33,8,ce6ca82c326e584d8d688a7bedd72e06f508088c933485bfbfa222c82aab7fd0,0.16835375233677463,647.5880304345318,419370.25716207613
B1_full,8,5,39,33,8,ce6ca82c326e584d8d688a7bedd72e06f508088c933485bfbfa222c82aab7fd0,-0.13791771706981337,659.360519004787,434756.294022262
B1_full,9,1,40,32,9,ce6ca82c326e584d8d688a7bedd72e06f508088c933485bfbfa222c82aab7fd0,-0.26138029254036566,2515.887935661697,6329692.104808075
B1_full,9,2,41,33,8,ce6ca82c326e584d8d688a7bedd72e06f508088c933485bfbfa222c82aab7fd0,-4.384109213290485,364.1172954018482,132581.4048107568
B1_full,9,3,42,33,8,ce6ca82c326e584d8d688a7bedd72e06f508088c933485bfbfa222c82aab7fd0,-5.282607236780915,359.7585517158871,129426.21553271264
B1_full,9,4,43,33,8,ce6ca82c326e584d8d688a7bedd72e06f508088c933485bfbfa222c82aab7fd0,-0.20331450511154125,498.36945713088096,248372.115800929
B1_full,9,5,44,33,8,ce6ca82c326e584d8d688a7bedd72e06f508088c933485bfbfa222c82aab7fd0,-1.3119003878841116,403.45786921976185,162778.25223535043
B1_full,10,1,45,32,9,ce6ca82c326e584d8d688a7bedd72e06f508088c933485bfbfa222c82aab7fd0,-0.4692730160812777,357.1265510982002,127539.37349929538
B1_full,10,2,46,33,8,ce6ca82c326e584d8d688a7bedd72e06f508088c933485bfbfa222c82aab7fd0,-3.668836746534584,365.1091296253725,133304.67653579704
B1_full,10,3,47,33,8,ce6ca82c326e584d8d688a7bedd72e06f508088c933485bfbfa222c82aab7fd0,-0.6477016683696364,280.0954904541282,78453.48377273863
B1_full,10,4,48,33,8,ce6ca82c326e584d8d688a7bedd72e06f508088c933485bfbfa222c82aab7fd0,-0.2426287016808384,2574.4049039026763,6627560.609238149
B1_full,10,5,49,33,8,ce6ca82c326e584d8d688a7bedd72e06f508088c933485bfbfa222c82aab7fd0,0.15713772654004243,642.4066404403504,412686.2916818577
B1_full,11,1,50,32,9,ce6ca82c326e584d8d688a7bedd72e06f508088c933485bfbfa222c82aab7fd0,-0.09196704956323654,2309.043442259125,5331681.61823987
B1_full,11,2,51,33,8,ce6ca82c326e584d8d688a7bedd72e06f508088c933485bfbfa222c82aab7fd0,0.08352410935602006,684.8263087638949,468987.0731751814
B1_full,11,3,52,33,8,ce6ca82c326e584d8d688a7bedd72e06f508088c933485bfbfa222c82aab7fd0,-3.4129353224764385,503.3712808845649,253382.64641936752
B1_full,11,4,53,33,8,ce6ca82c326e584d8d688a7bedd72e06f508088c933485bfbfa222c82aab7fd0,0.12342554801650207,444.8015057267735,197848.3794968049
B1_full,11,5,54,33,8,ce6ca82c326e584d8d688a7bedd72e06f508088c933485bfbfa222c82aab7fd0,-0.14242507943278526,506.0912367552098,256128.3399204178
B1_full,12,1,55,32,9,ce6ca82c326e584d8d688a7bedd72e06f508088c933485bfbfa222c82aab7fd0,-0.08036342342152869,2302.9773123865198,5303704.501367037
B1_full,12,2,56,33,8,ce6ca82c326e584d8d688a7bedd72e06f508088c933485bfbfa222c82aab7fd0,0.01001738536534591,710.7252908486379,505130.4390518809
B1_full,12,3,57,33,8,ce6ca82c326e584d8d688a7bedd72e06f508088c933485bfbfa222c82aab7fd0,0.10349750318086426,594.3231464189802,353220.0023693566
B1_full,12,4,58,33,8,ce6ca82c326e584d8d688a7bedd72e06f508088c933485bfbfa222c82aab7fd0,-1.8617893534883292,289.5846719306067,83859.2822171571
B1_full,12,5,59,33,8,ce6ca82c326e584d8d688a7bedd72e06f508088c933485bfbfa222c82aab7fd0,-9.054212562673,370.3001293767656,137122.18581644935
B1_full,13,1,60,32,9,ce6ca82c326e584d8d688a7bedd72e06f508088c933485bfbfa222c82aab7fd0,0.08695079220477131,469.92691957287497,220831.3097392513
B1_full,13,2,61,33,8,ce6ca82c326e584d8d688a7bedd72e06f508088c933485bfbfa222c82aab7fd0,-0.32406705722267004,381.39847950895756,145464.80017174472
B1_full,13,3,62,33,8,ce6ca82c326e584d8d688a7bedd72e06f508088c933485bfbfa222c82aab7fd0,-0.2015248175791251,2509.21279116406,6296148.831341333
B1_full,13,4,63,33,8,ce6ca82c326e584d8d688a7bedd72e06f508088c933485bfbfa222c82aab7fd0,-2.4510206299079393,299.20263798505687,89522.21857721699
B1_full,13,5,64,33,8,ce6ca82c326e584d8d688a7bedd72e06f508088c933485bfbfa222c82aab7fd0,0.0970170872552586,671.4371952544038,450827.90717110044
B1_full,14,1,65,32,9,ce6ca82c326e584d8d688a7bedd72e06f508088c933485bfbfa222c82aab7fd0,0.021403124340791058,676.9961863214629,458323.83629380487
B1_full,14,2,66,33,8,ce6ca82c326e584d8d688a7bedd72e06f508088c933485bfbfa222c82aab7fd0,-8.906690514001824,321.4431608158966,103325.70563531434
B1_full,14,3,67,33,8,ce6ca82c326e584d8d688a7bedd72e06f508088c933485bfbfa222c82aab7fd0,-2.1477972448152216,300.153854384963,90092.33630214955
B1_full,14,4,68,33,8,ce6ca82c326e584d8d688a7bedd72e06f508088c933485bfbfa222c82aab7fd0,0.11458749055290962,573.1165190304297,328462.5443855569
B1_full,14,5,69,33,8,ce6ca82c326e584d8d688a7bedd72e06f508088c933485bfbfa222c82aab7fd0,-0.08644019830080385,2436.846595429506,5938221.329656376
B1_full,15,1,70,32,9,ce6ca82c326e584d8d688a7bedd72e06f508088c933485bfbfa222c82aab7fd0,-0.2656574299635286,2473.695992316294,6119171.862401695
B1_full,15,2,71,33,8,ce6ca82c326e584d8d688a7bedd72e06f508088c933485bfbfa222c82aab7fd0,-1.8931052838029427,320.23779493498654,102552.24530482249
B1_full,15,3,72,33,8,ce6ca82c326e584d8d688a7bedd72e06f508088c933485bfbfa222c82aab7fd0,-1.1352499800297093,275.02311007744873,75637.71107667248
B1_full,15,4,73,33,8,ce6ca82c326e584d8d688a7bedd72e06f508088c933485bfbfa222c82aab7fd0,0.004203607105049634,528.1207733196026,278911.55121169507
B1_full,15,5,74,33,8,ce6ca82c326e584d8d688a7bedd72e06f508088c933485bfbfa222c82aab7fd0,-1.0902101235375694,500.03629885953774,250036.30017714493
B1_full,16,1,75,32,9,ce6ca82c326e584d8d688a7bedd72e06f508088c933485bfbfa222c82aab7fd0,-0.016547096955611185,608.7383268464094,370562.3505717661
B1_full,16,2,76,33,8,ce6ca82c326e584d8d688a7bedd72e06f508088c933485bfbfa222c82aab7fd0,-0.07548054557506223,2427.71967430783,5893822.817021316
B1_full,16,3,77,33,8,ce6ca82c326e584d8d688a7bedd72e06f508088c933485bfbfa222c82aab7fd0,-0.27746066237735745,364.3681771993116,132764.16855554894
B1_full,16,4,78,33,8,ce6ca82c326e584d8d688a7bedd72e06f508088c933485bfbfa222c82aab7fd0,-2.202971187168851,369.04696965361734,136195.66581051797
B1_full,16,5,79,33,8,ce6ca82c326e584d8d688a7bedd72e06f508088c933485bfbfa222c82aab7fd0,0.06020970515994217,691.6168735474042,478333.89977548615
B1_full,17,1,80,32,9,ce6ca82c326e584d8d688a7bedd72e06f508088c933485bfbfa222c82aab7fd0,-0.07457350456882761,476.21515057202333,226780.86963433484
B1_full,17,2,81,33,8,ce6ca82c326e584d8d688a7bedd72e06f508088c933485bfbfa222c82aab7fd0,-0.03258409651020555,833.204504977375,694229.7471145926
B1_full,17,3,82,33,8,ce6ca82c326e584d8d688a7bedd72e06f508088c933485bfbfa222c82aab7fd0,-0.0785813365136705,2416.655769087377,5840225.106263301
B1_full,17,4,83,33,8,ce6ca82c326e584d8d688a7bedd72e06f508088c933485bfbfa222c82aab7fd0,-2.1496115130374553,543.7483227302946,295662.23847200855
B1_full,17,5,84,33,8,ce6ca82c326e584d8d688a7bedd72e06f508088c933485bfbfa222c82aab7fd0,-1.3106119511667118,245.3472582619699,60195.277136665754
B1_full,18,1,85,32,9,ce6ca82c326e584d8d688a7bedd72e06f508088c933485bfbfa222c82aab7fd0,-0.10060379265854191,2346.6120859513994,5506588.281933177
B1_full,18,2,86,33,8,ce6ca82c326e584d8d688a7bedd72e06f508088c933485bfbfa222c82aab7fd0,0.10785012693613194,684.2927536564674,468256.5727067508
B1_full,18,3,87,33,8,ce6ca82c326e584d8d688a7bedd72e06f508088c933485bfbfa222c82aab7fd0,-1.4938624648837728,250.078949365524,62539.48091576432
B1_full,18,4,88,33,8,ce6ca82c326e584d8d688a7bedd72e06f508088c933485bfbfa222c82aab7fd0,0.07970719300036777,398.89482247295837,159117.07939573296
B1_full,18,5,89,33,8,ce6ca82c326e584d8d688a7bedd72e06f508088c933485bfbfa222c82aab7fd0,-0.45240891925213744,391.5105965610344,153280.54721957704
B1_full,19,1,90,32,9,ce6ca82c326e584d8d688a7bedd72e06f508088c933485bfbfa222c82aab7fd0,0.14882420714038036,555.8388427395771,308956.81909807236
B1_full,19,2,91,33,8,ce6ca82c326e584d8d688a7bedd72e06f508088c933485bfbfa222c82aab7fd0,-2.5074478910403775,389.9472254094403,152058.83860452083
B1_full,19,3,92,33,8,ce6ca82c326e584d8d688a7bedd72e06f508088c933485bfbfa222c82aab7fd0,-1.060701534133735,478.4152843992203,228881.18434678682
B1_full,19,4,93,33,8,ce6ca82c326e584d8d688a7bedd72e06f508088c933485bfbfa222c82aab7fd0,0.09538918495867665,664.4602868118387,441507.47275007097
B1_full,19,5,94,33,8,ce6ca82c326e584d8d688a7bedd72e06f508088c933485bfbfa222c82aab7fd0,-0.0795438999861402,2412.1101219759194,5818275.240538685
B1_full,20,1,95,32,9,ce6ca82c326e584d8d688a7bedd72e06f508088c933485bfbfa222c82aab7fd0,0.09107727561420076,481.1900896768764,231543.90240324035
B1_full,20,2,96,33,8,ce6ca82c326e584d8d688a7bedd72e06f508088c933485bfbfa222c82aab7fd0,-0.18901077609390016,2532.6817023947947,6414476.605645395
B1_full,20,3,97,33,8,ce6ca82c326e584d8d688a7bedd72e06f508088c933485bfbfa222c82aab7fd0,-6.92631516406411,329.76741975759853,108746.55113358419
B1_full,20,4,98,33,8,ce6ca82c326e584d8d688a7bedd72e06f508088c933485bfbfa222c82aab7fd0,0.10960261685052197,631.2239756161641,398443.70739267574
B1_full,20,5,99,33,8,ce6ca82c326e584d8d688a7bedd72e06f508088c933485bfbfa222c82aab7fd0,-1.9457067410504698,305.3327428495603,93228.08385603571
B1_no_PMC_T,1,1,0,32,9,ce6ca82c326e584d8d688a7bedd72e06f508088c933485bfbfa222c82aab7fd0,-1.6094123235093227,302.6429135736674,91592.73313635832
B1_no_PMC_T,1,2,1,33,8,ce6ca82c326e584d8d688a7bedd72e06f508088c933485bfbfa222c82aab7fd0,-1.2744113953025646,272.15258330578143,74067.0286000103
B1_no_PMC_T,1,3,2,33,8,ce6ca82c326e584d8d688a7bedd72e06f508088c933485bfbfa222c82aab7fd0,-0.27302620065830885,843.0377190785845,710712.5957892224
B1_no_PMC_T,1,4,3,33,8,ce6ca82c326e584d8d688a7bedd72e06f508088c933485bfbfa222c82aab7fd0,-0.17863903850771834,541.1495914645345,292842.88034223265
B1_no_PMC_T,1,5,4,33,8,ce6ca82c326e584d8d688a7bedd72e06f508088c933485bfbfa222c82aab7fd0,-0.05120682511500729,2427.5144107335086,5892826.214318854
B1_no_PMC_T,2,1,5,32,9,ce6ca82c326e584d8d688a7bedd72e06f508088c933485bfbfa222c82aab7fd0,-0.1323150093225729,2363.2956902780743,5585166.519686919
B1_no_PMC_T,2,2,6,33,8,ce6ca82c326e584d8d688a7bedd72e06f508088c933485bfbfa222c82aab7fd0,-0.15920339515124438,567.0596054581697,321556.596142375
B1_no_PMC_T,2,3,7,33,8,ce6ca82c326e584d8d688a7bedd72e06f508088c933485bfbfa222c82aab7fd0,-0.6638939552927425,389.734392895564,151892.89700567385
B1_no_PMC_T,2,4,8,33,8,ce6ca82c326e584d8d688a7bedd72e06f508088c933485bfbfa222c82aab7fd0,0.11659653779752355,676.2476938830764,457310.9434821791
B1_no_PMC_T,2,5,9,33,8,ce6ca82c326e584d8d688a7bedd72e06f508088c933485bfbfa222c82aab7fd0,-0.6115062698499496,254.36943324672265,64703.80857025889
B1_no_PMC_T,3,1,10,32,9,ce6ca82c326e584d8d688a7bedd72e06f508088c933485bfbfa222c82aab7fd0,0.16189116568823203,622.0095473269421,386895.8769658674
B1_no_PMC_T,3,2,11,33,8,ce6ca82c326e584d8d688a7bedd72e06f508088c933485bfbfa222c82aab7fd0,-1.1695342633241386,289.07336244280225,83563.40887398772
B1_no_PMC_T,3,3,12,33,8,ce6ca82c326e584d8d688a7bedd72e06f508088c933485bfbfa222c82aab7fd0,-0.22476053497932869,2561.308105793559,6560299.212803791
B1_no_PMC_T,3,4,13,33,8,ce6ca82c326e584d8d688a7bedd72e06f508088c933485bfbfa222c82aab7fd0,-0.34341384956296594,389.35995648743,151601.17571589336
B1_no_PMC_T,3,5,14,33,8,ce6ca82c326e584d8d688a7bedd72e06f508088c933485bfbfa222c82aab7fd0,-3.4304778819668016,280.95653324157206,78936.57357112259
B1_no_PMC_T,4,1,15,32,9,ce6ca82c326e584d8d688a7bedd72e06f508088c933485bfbfa222c82aab7fd0,0.0965507830529847,630.3501525828636,397341.31486123946
B1_no_PMC_T,4,2,16,33,8,ce6ca82c326e584d8d688a7bedd72e06f508088c933485bfbfa222c82aab7fd0,-0.09389893545003569,2434.9242031004155,5928855.874844194
B1_no_PMC_T,4,3,17,33,8,ce6ca82c326e584d8d688a7bedd72e06f508088c933485bfbfa222c82aab7fd0,-2.4404028703462237,371.1254329337888,137734.08697029215
B1_no_PMC_T,4,4,18,33,8,ce6ca82c326e584d8d688a7bedd72e06f508088c933485bfbfa222c82aab7fd0,-6.52309962347579,303.8392547366387,92318.29271891603
B1_no_PMC_T,4,5,19,33,8,ce6ca82c326e584d8d688a7bedd72e06f508088c933485bfbfa222c82aab7fd0,0.051500698063975614,599.657138720011,359588.6840178705
B1_no_PMC_T,5,1,20,32,9,ce6ca82c326e584d8d688a7bedd72e06f508088c933485bfbfa222c82aab7fd0,-0.2828186937846422,908.8896774300156,826080.4457388377
B1_no_PMC_T,5,2,21,33,8,ce6ca82c326e584d8d688a7bedd72e06f508088c933485bfbfa222c82aab7fd0,-0.5737611094557946,413.7066984617858,171153.23235215095
B1_no_PMC_T,5,3,22,33,8,ce6ca82c326e584d8d688a7bedd72e06f508088c933485bfbfa222c82aab7fd0,-5.3938952251109535,408.0744210605349,166524.73312389074
B1_no_PMC_T,5,4,23,33,8,ce6ca82c326e584d8d688a7bedd72e06f508088c933485bfbfa222c82aab7fd0,-0.49068830600268143,221.87710100058015,49229.44794842164
B1_no_PMC_T,5,5,24,33,8,ce6ca82c326e584d8d688a7bedd72e06f508088c933485bfbfa222c82aab7fd0,-0.10283713585413534,2443.9151462959835,5972721.242294919
B1_no_PMC_T,6,1,25,32,9,ce6ca82c326e584d8d688a7bedd72e06f508088c933485bfbfa222c82aab7fd0,-0.4311117896779968,243.17478242011038,59133.97480506803
B1_no_PMC_T,6,2,26,33,8,ce6ca82c326e584d8d688a7bedd72e06f508088c933485bfbfa222c82aab7fd0,0.21185875427555034,402.04057098044547,161636.6207142826
B1_no_PMC_T,6,3,27,33,8,ce6ca82c326e584d8d688a7bedd72e06f508088c933485bfbfa222c82aab7fd0,-0.11551488921727726,2431.096497032935,5910230.177885808
B1_no_PMC_T,6,4,28,33,8,ce6ca82c326e584d8d688a7bedd72e06f508088c933485bfbfa222c82aab7fd0,-1.8102391177748909,550.4691655303731,303016.3021997053
B1_no_PMC_T,6,5,29,33,8,ce6ca82c326e584d8d688a7bedd72e06f508088c933485bfbfa222c82aab7fd0,-0.014402166113149484,817.5869378637319,668448.4009653938
B1_no_PMC_T,7,1,30,32,9,ce6ca82c326e584d8d688a7bedd72e06f508088c933485bfbfa222c82aab7fd0,-0.06202468629993252,491.0244137132612,241104.97486245187
B1_no_PMC_T,7,2,31,33,8,ce6ca82c326e584d8d688a7bedd72e06f508088c933485bfbfa222c82aab7fd0,-1.5873973494359608,280.1892789525029,78506.03203992349
B1_no_PMC_T,7,3,32,33,8,ce6ca82c326e584d8d688a7bedd72e06f508088c933485bfbfa222c82aab7fd0,-0.04469976352950278,784.9827631178113,616197.9383920737
B1_no_PMC_T,7,4,33,33,8,ce6ca82c326e584d8d688a7bedd72e06f508088c933485bfbfa222c82aab7fd0,-0.4311074077152748,403.5474184926217,162850.51897205916
B1_no_PMC_T,7,5,34,33,8,ce6ca82c326e584d8d688a7bedd72e06f508088c933485bfbfa222c82aab7fd0,-0.06600573150547051,2432.202370696942,5915608.372023826
B1_no_PMC_T,8,1,35,32,9,ce6ca82c326e584d8d688a7bedd72e06f508088c933485bfbfa222c82aab7fd0,-0.5164691084203921,273.9577026775653,75052.82285636925
B1_no_PMC_T,8,2,36,33,8,ce6ca82c326e584d8d688a7bedd72e06f508088c933485bfbfa222c82aab7fd0,-0.06801850281989719,2430.219766476184,5905968.113371558
B1_no_PMC_T,8,3,37,33,8,ce6ca82c326e584d8d688a7bedd72e06f508088c933485bfbfa222c82aab7fd0,-9.684397966015545,341.9606352807492,116937.0760816136
B1_no_PMC_T,8,4,38,33,8,ce6ca82c326e584d8d688a7bedd72e06f508088c933485bfbfa222c82aab7fd0,0.1873864867758842,640.1349167329827,409772.7116207427
B1_no_PMC_T,8,5,39,33,8,ce6ca82c326e584d8d688a7bedd72e06f508088c933485bfbfa222c82aab7fd0,-0.1644179139757198,666.9940326727356,444881.03962103825
B1_no_PMC_T,9,1,40,32,9,ce6ca82c326e584d8d688a7bedd72e06f508088c933485bfbfa222c82aab7fd0,-0.25925280793746674,2513.765351492262,6319016.242363016
B1_no_PMC_T,9,2,41,33,8,ce6ca82c326e584d8d688a7bedd72e06f508088c933485bfbfa222c82aab7fd0,-3.13142676844354,318.9586668210553,101734.63114026497
B1_no_PMC_T,9,3,42,33,8,ce6ca82c326e584d8d688a7bedd72e06f508088c933485bfbfa222c82aab7fd0,-4.326261089726439,331.24733798976,109724.7989253023
B1_no_PMC_T,9,4,43,33,8,ce6ca82c326e584d8d688a7bedd72e06f508088c933485bfbfa222c82aab7fd0,-0.15153957142740992,487.5299223527994,237685.42518932663
B1_no_PMC_T,9,5,44,33,8,ce6ca82c326e584d8d688a7bedd72e06f508088c933485bfbfa222c82aab7fd0,-1.1330714852271613,387.5398231097443,150187.1144959319
B1_no_PMC_T,10,1,45,32,9,ce6ca82c326e584d8d688a7bedd72e06f508088c933485bfbfa222c82aab7fd0,-0.4868422062295319,359.25541977674584,129064.45663896586
B1_no_PMC_T,10,2,46,33,8,ce6ca82c326e584d8d688a7bedd72e06f508088c933485bfbfa222c82aab7fd0,-3.2738838428313324,349.32503062455345,122027.97702084521
B1_no_PMC_T,10,3,47,33,8,ce6ca82c326e584d8d688a7bedd72e06f508088c933485bfbfa222c82aab7fd0,-0.483572817030129,265.77936511353306,70638.67092015273
B1_no_PMC_T,10,4,48,33,8,ce6ca82c326e584d8d688a7bedd72e06f508088c933485bfbfa222c82aab7fd0,-0.2418646572734664,2573.6133311217836,6623485.578127763
B1_no_PMC_T,10,5,49,33,8,ce6ca82c326e584d8d688a7bedd72e06f508088c933485bfbfa222c82aab7fd0,0.18571463153221301,631.4224652524867,398694.32962552784
B1_no_PMC_T,11,1,50,32,9,ce6ca82c326e584d8d688a7bedd72e06f508088c933485bfbfa222c82aab7fd0,-0.08846340831507149,2305.3361144406686,5314574.6005444
B1_no_PMC_T,11,2,51,33,8,ce6ca82c326e584d8d688a7bedd72e06f508088c933485bfbfa222c82aab7fd0,0.0936557767939088,681.0304013312452,463802.40753739694
B1_no_PMC_T,11,3,52,33,8,ce6ca82c326e584d8d688a7bedd72e06f508088c933485bfbfa222c82aab7fd0,-2.75820981771633,464.53149480214023,215789.50966311083
B1_no_PMC_T,11,4,53,33,8,ce6ca82c326e584d8d688a7bedd72e06f508088c933485bfbfa222c82aab7fd0,0.157316292737554,436.11813167458973,190199.0247753348
B1_no_PMC_T,11,5,54,33,8,ce6ca82c326e584d8d688a7bedd72e06f508088c933485bfbfa222c82aab7fd0,-0.11646329991607995,500.3076907013432,250307.78537491086
B1_no_PMC_T,12,1,55,32,9,ce6ca82c326e584d8d688a7bedd72e06f508088c933485bfbfa222c82aab7fd0,-0.08112091552586409,2303.7845321678687,5307423.170655925
B1_no_PMC_T,12,2,56,33,8,ce6ca82c326e584d8d688a7bedd72e06f508088c933485bfbfa222c82aab7fd0,0.026769865915661217,704.6861886281912,496582.6244433266
B1_no_PMC_T,12,3,57,33,8,ce6ca82c326e584d8d688a7bedd72e06f508088c933485bfbfa222c82aab7fd0,0.11283426730110846,591.2202110392896,349541.33794134203
B1_no_PMC_T,12,4,58,33,8,ce6ca82c326e584d8d688a7bedd72e06f508088c933485bfbfa222c82aab7fd0,-1.7432866867912167,283.5256380728876,80386.78744463806
B1_no_PMC_T,12,5,59,33,8,ce6ca82c326e584d8d688a7bedd72e06f508088c933485bfbfa222c82aab7fd0,-10.04507754771651,388.118386406592,150635.88186685662
B1_no_PMC_T,13,1,60,32,9,ce6ca82c326e584d8d688a7bedd72e06f508088c933485bfbfa222c82aab7fd0,0.0600371834963741,476.8025496459066,227340.67134883723
B1_no_PMC_T,13,2,61,33,8,ce6ca82c326e584d8d688a7bedd72e06f508088c933485bfbfa222c82aab7fd0,-0.3109734039326839,379.5079759356888,144026.30379880336
B1_no_PMC_T,13,3,62,33,8,ce6ca82c326e584d8d688a7bedd72e06f508088c933485bfbfa222c82aab7fd0,-0.2027699612714744,2510.512606787887,6302673.548840912
B1_no_PMC_T,13,4,63,33,8,ce6ca82c326e584d8d688a7bedd72e06f508088c933485bfbfa222c82aab7fd0,-1.944301917200531,276.364853674299,76377.5323464167
B1_no_PMC_T,13,5,64,33,8,ce6ca82c326e584d8d688a7bedd72e06f508088c933485bfbfa222c82aab7fd0,0.15203063600769173,650.6624001941815,423361.5590264531
B1_no_PMC_T,14,1,65,32,9,ce6ca82c326e584d8d688a7bedd72e06f508088c933485bfbfa222c82aab7fd0,0.019506717957941344,677.6518385773414,459212.01432725124
B1_no_PMC_T,14,2,66,33,8,ce6ca82c326e584d8d688a7bedd72e06f508088c933485bfbfa222c82aab7fd0,-8.340390621446947,312.12058453119903,97419.25928809735
B1_no_PMC_T,14,3,67,33,8,ce6ca82c326e584d8d688a7bedd72e06f508088c933485bfbfa222c82aab7fd0,-1.9232605868686998,289.25063084342673,83665.92744332032
B1_no_PMC_T,14,4,68,33,8,ce6ca82c326e584d8d688a7bedd72e06f508088c933485bfbfa222c82aab7fd0,0.08294627806839128,583.2671112508639,340200.5230669277
B1_no_PMC_T,14,5,69,33,8,ce6ca82c326e584d8d688a7bedd72e06f508088c933485bfbfa222c82aab7fd0,-0.09428078491519698,2445.62386601028,5981076.093999067
B1_no_PMC_T,15,1,70,32,9,ce6ca82c326e584d8d688a7bedd72e06f508088c933485bfbfa222c82aab7fd0,-0.2695631924763646,2477.5099100697043,6138055.354493594
B1_no_PMC_T,15,2,71,33,8,ce6ca82c326e584d8d688a7bedd72e06f508088c933485bfbfa222c82aab7fd0,-1.733155877425118,311.2595376399964,96882.49977186431
B1_no_PMC_T,15,3,72,33,8,ce6ca82c326e584d8d688a7bedd72e06f508088c933485bfbfa222c82aab7fd0,-1.1722616498221963,277.3964463973746,76948.78847389152
B1_no_PMC_T,15,4,73,33,8,ce6ca82c326e584d8d688a7bedd72e06f508088c933485bfbfa222c82aab7fd0,0.03957367812291779,518.6567127567992,269004.78568768885
B1_no_PMC_T,15,5,74,33,8,ce6ca82c326e584d8d688a7bedd72e06f508088c933485bfbfa222c82aab7fd0,-0.9613868064434001,484.38220892150576,234626.12431967724
B1_no_PMC_T,16,1,75,32,9,ce6ca82c326e584d8d688a7bedd72e06f508088c933485bfbfa222c82aab7fd0,0.006434575133140941,601.8179390468005,362184.8317585385
B1_no_PMC_T,16,2,76,33,8,ce6ca82c326e584d8d688a7bedd72e06f508088c933485bfbfa222c82aab7fd0,-0.07028085010741614,2421.8438368363722,5865327.570022321
B1_no_PMC_T,16,3,77,33,8,ce6ca82c326e584d8d688a7bedd72e06f508088c933485bfbfa222c82aab7fd0,-0.25439899075594097,361.06427526375205,130367.41087173852
B1_no_PMC_T,16,4,78,33,8,ce6ca82c326e584d8d688a7bedd72e06f508088c933485bfbfa222c82aab7fd0,-1.9804267205157964,355.9953717281892,126732.70469189159
B1_no_PMC_T,16,5,79,33,8,ce6ca82c326e584d8d688a7bedd72e06f508088c933485bfbfa222c82aab7fd0,0.08929352035776328,680.8309900302089,463530.8369855145
B1_no_PMC_T,17,1,80,32,9,ce6ca82c326e584d8d688a7bedd72e06f508088c933485bfbfa222c82aab7fd0,-0.05380483842912853,471.5907067818002,222397.79472295783
B1_no_PMC_T,17,2,81,33,8,ce6ca82c326e584d8d688a7bedd72e06f508088c933485bfbfa222c82aab7fd0,-0.053131653471336415,841.453704296669,708044.3364745862
B1_no_PMC_T,17,3,82,33,8,ce6ca82c326e584d8d688a7bedd72e06f508088c933485bfbfa222c82aab7fd0,-0.07839832420829573,2416.4507328552922,5839234.14431688
B1_no_PMC_T,17,4,83,33,8,ce6ca82c326e584d8d688a7bedd72e06f508088c933485bfbfa222c82aab7fd0,-1.7369006059038306,506.8727556061249,256919.9903757464
B1_no_PMC_T,17,5,84,33,8,ce6ca82c326e584d8d688a7bedd72e06f508088c933485bfbfa222c82aab7fd0,-1.0898419654042937,233.3320649009568,54443.85251094431
B1_no_PMC_T,18,1,85,32,9,ce6ca82c326e584d8d688a7bedd72e06f508088c933485bfbfa222c82aab7fd0,-0.102410726130586,2348.5375894965023,5515628.809278042
B1_no_PMC_T,18,2,86,33,8,ce6ca82c326e584d8d688a7bedd72e06f508088c933485bfbfa222c82aab7fd0,0.09532124603175118,689.0809243653092,474832.52032414894
B1_no_PMC_T,18,3,87,33,8,ce6ca82c326e584d8d688a7bedd72e06f508088c933485bfbfa222c82aab7fd0,-1.2685631797113794,238.5153457691263,56889.57016736588
B1_no_PMC_T,18,4,88,33,8,ce6ca82c326e584d8d688a7bedd72e06f508088c933485bfbfa222c82aab7fd0,0.056865934824397946,403.8146784604687,163066.29454013176
B1_no_PMC_T,18,5,89,33,8,ce6ca82c326e584d8d688a7bedd72e06f508088c933485bfbfa222c82aab7fd0,-0.45234901322030563,391.5025223583087,153274.225012918
B1_no_PMC_T,19,1,90,32,9,ce6ca82c326e584d8d688a7bedd72e06f508088c933485bfbfa222c82aab7fd0,0.15606008337514965,553.4711970754246,306330.36599210347
B1_no_PMC_T,19,2,91,33,8,ce6ca82c326e584d8d688a7bedd72e06f508088c933485bfbfa222c82aab7fd0,-2.0600377601500535,364.2282385737273,132662.20977452002
B1_no_PMC_T,19,3,92,33,8,ce6ca82c326e584d8d688a7bedd72e06f508088c933485bfbfa222c82aab7fd0,-1.0022593769808115,471.58248533010016,222390.04047011415
B1_no_PMC_T,19,4,93,33,8,ce6ca82c326e584d8d688a7bedd72e06f508088c933485bfbfa222c82aab7fd0,0.1019883985820107,662.0322029934458,438286.6378003551
B1_no_PMC_T,19,5,94,33,8,ce6ca82c326e584d8d688a7bedd72e06f508088c933485bfbfa222c82aab7fd0,-0.08564088479233911,2418.9120187903213,5851135.354648267
B1_no_PMC_T,20,1,95,32,9,ce6ca82c326e584d8d688a7bedd72e06f508088c933485bfbfa222c82aab7fd0,0.11657953217678074,474.39152533502335,225047.3193096901
B1_no_PMC_T,20,2,96,33,8,ce6ca82c326e584d8d688a7bedd72e06f508088c933485bfbfa222c82aab7fd0,-0.18727511540360497,2530.832483887145,6405113.061498375
B1_no_PMC_T,20,3,97,33,8,ce6ca82c326e584d8d688a7bedd72e06f508088c933485bfbfa222c82aab7fd0,-6.89213125989513,329.05555567353247,108277.55871961721
B1_no_PMC_T,20,4,98,33,8,ce6ca82c326e584d8d688a7bedd72e06f508088c933485bfbfa222c82aab7fd0,0.1416928340658168,619.7448377623837,384083.6639331232
B1_no_PMC_T,20,5,99,33,8,ce6ca82c326e584d8d688a7bedd72e06f508088c933485bfbfa222c82aab7fd0,-1.7264541816818952,293.74989945368446,86289.00342904974
B1_no_PMC_I,1,1,0,32,9,ce6ca82c326e584d8d688a7bedd72e06f508088c933485bfbfa222c82aab7fd0,-1.5705381275831134,300.38011534081244,90228.21369215978
B1_no_PMC_I,1,2,1,33,8,ce6ca82c326e584d8d688a7bedd72e06f508088c933485bfbfa222c82aab7fd0,-1.3242067971844205,275.1156735779944,75688.63384827357
B1_no_PMC_I,1,3,2,33,8,ce6ca82c326e584d8d688a7bedd72e06f508088c933485bfbfa222c82aab7fd0,-0.27328813529981955,843.1244452688625,710858.830209927
B1_no_PMC_I,1,4,3,33,8,ce6ca82c326e584d8d688a7bedd72e06f508088c933485bfbfa222c82aab7fd0,-0.17719154603192733,540.8171951239966,292483.2385417871
B1_no_PMC_I,1,5,4,33,8,ce6ca82c326e584d8d688a7bedd72e06f508088c933485bfbfa222c82aab7fd0,-0.04888378051325937,2424.8306652197507,5879803.754990058
B1_no_PMC_I,2,1,5,32,9,ce6ca82c326e584d8d688a7bedd72e06f508088c933485bfbfa222c82aab7fd0,-0.13197990631805334,2362.945961588724,5583513.61738846
B1_no_PMC_I,2,2,6,33,8,ce6ca82c326e584d8d688a7bedd72e06f508088c933485bfbfa222c82aab7fd0,-0.1657525737566803,568.6592142788595,323373.3019842499
B1_no_PMC_I,2,3,7,33,8,ce6ca82c326e584d8d688a7bedd72e06f508088c933485bfbfa222c82aab7fd0,-0.7018496603343807,394.15451599606564,155357.78248009278
B1_no_PMC_I,2,4,8,33,8,ce6ca82c326e584d8d688a7bedd72e06f508088c933485bfbfa222c82aab7fd0,0.09962138633050166,682.7140397116449,466098.4600193934
B1_no_PMC_I,2,5,9,33,8,ce6ca82c326e584d8d688a7bedd72e06f508088c933485bfbfa222c82aab7fd0,-0.7860683533618136,267.7922229116183,71712.67465194585
B1_no_PMC_I,3,1,10,32,9,ce6ca82c326e584d8d688a7bedd72e06f508088c933485bfbfa222c82aab7fd0,0.13979869095917707,630.15428115335,397094.4180558953
B1_no_PMC_I,3,2,11,33,8,ce6ca82c326e584d8d688a7bedd72e06f508088c933485bfbfa222c82aab7fd0,-1.0831067525431881,283.2569541011089,80234.50204663769
B1_no_PMC_I,3,3,12,33,8,ce6ca82c326e584d8d688a7bedd72e06f508088c933485bfbfa222c82aab7fd0,-0.22347915825373055,2559.9679011664903,6553435.655002764
B1_no_PMC_I,3,4,13,33,8,ce6ca82c326e584d8d688a7bedd72e06f508088c933485bfbfa222c82aab7fd0,-0.35608568415824515,391.19197745355376,153031.1632240217
B1_no_PMC_I,3,5,14,33,8,ce6ca82c326e584d8d688a7bedd72e06f508088c933485bfbfa222c82aab7fd0,-3.438245089684374,281.2027021885093,79074.95971811947
B1_no_PMC_I,4,1,15,32,9,ce6ca82c326e584d8d688a7bedd72e06f508088c933485bfbfa222c82aab7fd0,0.0948510887586147,630.9428251389451,398088.8485943134
B1_no_PMC_I,4,2,16,33,8,ce6ca82c326e584d8d688a7bedd72e06f508088c933485bfbfa222c82aab7fd0,-0.09106756316005882,2431.770966737057,5913510.03466528
B1_no_PMC_I,4,3,17,33,8,ce6ca82c326e584d8d688a7bedd72e06f508088c933485bfbfa222c82aab7fd0,-2.461360513919838,372.2540951492071,138573.11135535495
B1_no_PMC_I,4,4,18,33,8,ce6ca82c326e584d8d688a7bedd72e06f508088c933485bfbfa222c82aab7fd0,-6.422443684345384,301.7997886323967,91083.11241855932
B1_no_PMC_I,4,5,19,33,8,ce6ca82c326e584d8d688a7bedd72e06f508088c933485bfbfa222c82aab7fd0,0.04500571808184428,601.7067534938589,362051.01720011944
B1_no_PMC_I,5,1,20,32,9,ce6ca82c326e584d8d688a7bedd72e06f508088c933485bfbfa222c82aab7fd0,-0.29669239395891767,913.7912869268673,835014.5160634603
B1_no_PMC_I,5,2,21,33,8,ce6ca82c326e584d8d688a7bedd72e06f508088c933485bfbfa222c82aab7fd0,-0.5406785409264026,409.3352683750466,167555.36193567145
B1_no_PMC_I,5,3,22,33,8,ce6ca82c326e584d8d688a7bedd72e06f508088c933485bfbfa222c82aab7fd0,-5.175511921485138,401.0449921827393,160837.08575485344
B1_no_PMC_I,5,4,23,33,8,ce6ca82c326e584d8d688a7bedd72e06f508088c933485bfbfa222c82aab7fd0,-0.5568105689302607,226.74459645942034,51413.11202354538
B1_no_PMC_I,5,5,24,33,8,ce6ca82c326e584d8d688a7bedd72e06f508088c933485bfbfa222c82aab7fd0,-0.10292477495413244,2444.0122496043455,5973195.876216094
B1_no_PMC_I,6,1,25,32,9,ce6ca82c326e584d8d688a7bedd72e06f508088c933485bfbfa222c82aab7fd0,-0.4188537151231264,242.13109555133047,58627.467432887526
B1_no_PMC_I,6,2,26,33,8,ce6ca82c326e584d8d688a7bedd72e06f508088c933485bfbfa222c82aab7fd0,0.21654427401820386,400.84371879183476,160675.68689486748
B1_no_PMC_I,6,3,27,33,8,ce6ca82c326e584d8d688a7bedd72e06f508088c933485bfbfa222c82aab7fd0,-0.11190941864083603,2427.164527585358,5891127.643968654
B1_no_PMC_I,6,4,28,33,8,ce6ca82c326e584d8d688a7bedd72e06f508088c933485bfbfa222c82aab7fd0,-1.7896136061623222,548.4453844773946,300792.3397545571
B1_no_PMC_I,6,5,29,33,8,ce6ca82c326e584d8d688a7bedd72e06f508088c933485bfbfa222c82aab7fd0,-0.020342699521083363,819.9774160623291,672362.9628522539
B1_no_PMC_I,7,1,30,32,9,ce6ca82c326e584d8d688a7bedd72e06f508088c933485bfbfa222c82aab7fd0,-0.07596380791779955,494.2362678579648,244269.4884661699
B1_no_PMC_I,7,2,31,33,8,ce6ca82c326e584d8d688a7bedd72e06f508088c933485bfbfa222c82aab7fd0,-1.5333974521880318,277.2500376948362,76867.58340178808
B1_no_PMC_I,7,3,32,33,8,ce6ca82c326e584d8d688a7bedd72e06f508088c933485bfbfa222c82aab7fd0,-0.04313776673998171,784.3957048730911,615276.6218233535
B1_no_PMC_I,7,4,33,33,8,ce6ca82c326e584d8d688a7bedd72e06f508088c933485bfbfa222c82aab7fd0,-0.4348722683189441,404.0778824759008,163278.9351062079
B1_no_PMC_I,7,5,34,33,8,ce6ca82c326e584d8d688a7bedd72e06f508088c933485bfbfa222c82aab7fd0,-0.0628083252264362,2428.5520247822747,5897864.937074086
B1_no_PMC_I,8,1,35,32,9,ce6ca82c326e584d8d688a7bedd72e06f508088c933485bfbfa222c82aab7fd0,-0.5205799954263894,274.3287774811305,75256.27815429159
B1_no_PMC_I,8,2,36,33,8,ce6ca82c326e584d8d688a7bedd72e06f508088c933485bfbfa222c82aab7fd0,-0.06517949756089814,2426.987613764579,5890268.877366683
B1_no_PMC_I,8,3,37,33,8,ce6ca82c326e584d8d688a7bedd72e06f508088c933485bfbfa222c82aab7fd0,-10.12281253170669,348.9059663230927,121735.3733358511
B1_no_PMC_I,8,4,38,33,8,ce6ca82c326e584d8d688a7bedd72e06f508088c933485bfbfa222c82aab7fd0,0.17515018679734784,644.9364711459727,415943.05181422015
B1_no_PMC_I,8,5,39,33,8,ce6ca82c326e584d8d688a7bedd72e06f508088c933485bfbfa222c82aab7fd0,-0.14511159152413122,661.4414618948673,437504.80751361913
B1_no_PMC_I,9,1,40,32,9,ce6ca82c326e584d8d688a7bedd72e06f508088c933485bfbfa222c82aab7fd0,-0.26030070527892435,2514.811059005937,6324274.662498561
B1_no_PMC_I,9,2,41,33,8,ce6ca82c326e584d8d688a7bedd72e06f508088c933485bfbfa222c82aab7fd0,-3.163855445132076,320.20801605159215,102533.17354369671
B1_no_PMC_I,9,3,42,33,8,ce6ca82c326e584d8d688a7bedd72e06f508088c933485bfbfa222c82aab7fd0,-4.178898776759556,326.6328666509001,106689.02957658468
B1_no_PMC_I,9,4,43,33,8,ce6ca82c326e584d8d688a7bedd72e06f508088c933485bfbfa222c82aab7fd0,-0.1790709555480352,493.3235104405038,243368.08595334186
B1_no_PMC_I,9,5,44,33,8,ce6ca82c326e584d8d688a7bedd72e06f508088c933485bfbfa222c82aab7fd0,-1.1398399286015604,388.1541869202361,150663.67282370958
B1_no_PMC_I,10,1,45,32,9,ce6ca82c326e584d8d688a7bedd72e06f508088c933485bfbfa222c82aab7fd0,-0.47338632492614474,357.626099209929,127896.42683610998
B1_no_PMC_I,10,2,46,33,8,ce6ca82c326e584d8d688a7bedd72e06f508088c933485bfbfa222c82aab7fd0,-3.0895931521927364,341.7105606474937,116766.10725802448
B1_no_PMC_I,10,3,47,33,8,ce6ca82c326e584d8d688a7bedd72e06f508088c933485bfbfa222c82aab7fd0,-0.5412094090052633,270.8929183143258,73382.97319285199
B1_no_PMC_I,10,4,48,33,8,ce6ca82c326e584d8d688a7bedd72e06f508088c933485bfbfa222c82aab7fd0,-0.2416571736887183,2573.398329904818,6622378.964356908
B1_no_PMC_I,10,5,49,33,8,ce6ca82c326e584d8d688a7bedd72e06f508088c933485bfbfa222c82aab7fd0,0.18561919554683093,631.4594661995368,398741.05745300394
B1_no_PMC_I,11,1,50,32,9,ce6ca82c326e584d8d688a7bedd72e06f508088c933485bfbfa222c82aab7fd0,-0.08289903763402595,2299.4359707549056,5287405.783601554
B1_no_PMC_I,11,2,51,33,8,ce6ca82c326e584d8d688a7bedd72e06f508088c933485bfbfa222c82aab7fd0,0.09964507536842304,678.7764810237303,460737.51119095844
B1_no_PMC_I,11,3,52,33,8,ce6ca82c326e584d8d688a7bedd72e06f508088c933485bfbfa222c82aab7fd0,-2.78002252351977,465.87761825810253,217041.9551938423
B1_no_PMC_I,11,4,53,33,8,ce6ca82c326e584d8d688a7bedd72e06f508088c933485bfbfa222c82aab7fd0,0.1924709827261849,426.9243371364638,182264.389639409
B1_no_PMC_I,11,5,54,33,8,ce6ca82c326e584d8d688a7bedd72e06f508088c933485bfbfa222c82aab7fd0,-0.1374840095492702,504.9956104732652,255020.56659726577
B1_no_PMC_I,12,1,55,32,9,ce6ca82c326e584d8d688a7bedd72e06f508088c933485bfbfa222c82aab7fd0,-0.07990718736722546,2302.490988890998,5301464.753924246
B1_no_PMC_I,12,2,56,33,8,ce6ca82c326e584d8d688a7bedd72e06f508088c933485bfbfa222c82aab7fd0,0.02128024852086563,706.6708259888426,499383.6563037531
B1_no_PMC_I,12,3,57,33,8,ce6ca82c326e584d8d688a7bedd72e06f508088c933485bfbfa222c82aab7fd0,0.11529455915144471,590.3998546661811,348571.9883898478
B1_no_PMC_I,12,4,58,33,8,ce6ca82c326e584d8d688a7bedd72e06f508088c933485bfbfa222c82aab7fd0,-1.6938134649118854,280.9574148819793,78937.06897716463
B1_no_PMC_I,12,5,59,33,8,ce6ca82c326e584d8d688a7bedd72e06f508088c933485bfbfa222c82aab7fd0,-10.235228642026039,391.44503586847327,153229.21610607032
B1_no_PMC_I,13,1,60,32,9,ce6ca82c326e584d8d688a7bedd72e06f508088c933485bfbfa222c82aab7fd0,0.06380050255093273,475.8471077346581,226430.4699394393
B1_no_PMC_I,13,2,61,33,8,ce6ca82c326e584d8d688a7bedd72e06f508088c933485bfbfa222c82aab7fd0,-0.2530786329756951,371.0335053955019,137665.86212607392
B1_no_PMC_I,13,3,62,33,8,ce6ca82c326e584d8d688a7bedd72e06f508088c933485bfbfa222c82aab7fd0,-0.1978231592401163,2505.3446175033782,6276751.652453149
B1_no_PMC_I,13,4,63,33,8,ce6ca82c326e584d8d688a7bedd72e06f508088c933485bfbfa222c82aab7fd0,-2.080682514136868,282.6930374958316,79915.35344861967
B1_no_PMC_I,13,5,64,33,8,ce6ca82c326e584d8d688a7bedd72e06f508088c933485bfbfa222c82aab7fd0,0.14333424729152722,653.990338551214,427703.3629183315
B1_no_PMC_I,14,1,65,32,9,ce6ca82c326e584d8d688a7bedd72e06f508088c933485bfbfa222c82aab7fd0,0.004576735094608653,682.7916527970021,466204.4411292619
B1_no_PMC_I,14,2,66,33,8,ce6ca82c326e584d8d688a7bedd72e06f508088c933485bfbfa222c82aab7fd0,-8.629082655958896,316.9073773830584,100430.28583980822
B1_no_PMC_I,14,3,67,33,8,ce6ca82c326e584d8d688a7bedd72e06f508088c933485bfbfa222c82aab7fd0,-2.104748859032055,298.0943792901442,88860.25896437636
B1_no_PMC_I,14,4,68,33,8,ce6ca82c326e584d8d688a7bedd72e06f508088c933485bfbfa222c82aab7fd0,0.08673283730417447,582.0616965832851,338795.8186294123
B1_no_PMC_I,14,5,69,33,8,ce6ca82c326e584d8d688a7bedd72e06f508088c933485bfbfa222c82aab7fd0,-0.09316070029777834,2444.371898944733,5974953.980350679
B1_no_PMC_I,15,1,70,32,9,ce6ca82c326e584d8d688a7bedd72e06f508088c933485bfbfa222c82aab7fd0,-0.26786570733732606,2475.8530634528042,6129848.3918086365
B1_no_PMC_I,15,2,71,33,8,ce6ca82c326e584d8d688a7bedd72e06f508088c933485bfbfa222c82aab7fd0,-1.4300652324147314,293.49413932264986,86138.80981674301
B1_no_PMC_I,15,3,72,33,8,ce6ca82c326e584d8d688a7bedd72e06f508088c933485bfbfa222c82aab7fd0,-1.2728208055657548,283.74448156323695,80510.9308175901
B1_no_PMC_I,15,4,73,33,8,ce6ca82c326e584d8d688a7bedd72e06f508088c933485bfbfa222c82aab7fd0,0.02971073935677493,521.3130400279207,271767.2857031524
B1_no_PMC_I,15,5,74,33,8,ce6ca82c326e584d8d688a7bedd72e06f508088c933485bfbfa222c82aab7fd0,-0.9012468367808633,476.89834008935554,227432.0267799826
B1_no_PMC_I,16,1,75,32,9,ce6ca82c326e584d8d688a7bedd72e06f508088c933485bfbfa222c82aab7fd0,0.024734840058919016,596.2498036162117,355513.82831237104
B1_no_PMC_I,16,2,76,33,8,ce6ca82c326e584d8d688a7bedd72e06f508088c933485bfbfa222c82aab7fd0,-0.06475756849529168,2415.5866811103033,5835059.013957491
B1_no_PMC_I,16,3,77,33,8,ce6ca82c326e584d8d688a7bedd72e06f508088c933485bfbfa222c82aab7fd0,-0.22890071831946712,357.3757430026344,127717.42168668499
B1_no_PMC_I,16,4,78,33,8,ce6ca82c326e584d8d688a7bedd72e06f508088c933485bfbfa222c82aab7fd0,-1.9487950538655858,354.10121939792657,125387.67357909854
B1_no_PMC_I,16,5,79,33,8,ce6ca82c326e584d8d688a7bedd72e06f508088c933485bfbfa222c82aab7fd0,0.10013196026041604,676.7675334662958,458014.29435405385
B1_no_PMC_I,17,1,80,32,9,ce6ca82c326e584d8d688a7bedd72e06f508088c933485bfbfa222c82aab7fd0,-0.03633333296604824,467.6650098404893,218710.56142910494
B1_no_PMC_I,17,2,81,33,8,ce6ca82c326e584d8d688a7bedd72e06f508088c933485bfbfa222c82aab7fd0,-0.05372826857137247,841.6920187103451,708445.454360696
B1_no_PMC_I,17,3,82,33,8,ce6ca82c326e584d8d688a7bedd72e06f508088c933485bfbfa222c82aab7fd0,-0.07447478376633154,2412.050836539475,5817989.23805078
B1_no_PMC_I,17,4,83,33,8,ce6ca82c326e584d8d688a7bedd72e06f508088c933485bfbfa222c82aab7fd0,-1.5526294614118656,489.5119793806323,239621.97795714455
B1_no_PMC_I,17,5,84,33,8,ce6ca82c326e584d8d688a7bedd72e06f508088c933485bfbfa222c82aab7fd0,-0.9920630760104949,227.80814322827666,51896.55012111501
B1_no_PMC_I,18,1,85,32,9,ce6ca82c326e584d8d688a7bedd72e06f508088c933485bfbfa222c82aab7fd0,-0.1024773570397095,2348.608562513422,5515962.179911363
B1_no_PMC_I,18,2,86,33,8,ce6ca82c326e584d8d688a7bedd72e06f508088c933485bfbfa222c82aab7fd0,0.07823430503561679,695.5579239842724,483800.8256173108
B1_no_PMC_I,18,3,87,33,8,ce6ca82c326e584d8d688a7bedd72e06f508088c933485bfbfa222c82aab7fd0,-1.4274936559714662,246.72885230367984,60875.12655909106
B1_no_PMC_I,18,4,88,33,8,ce6ca82c326e584d8d688a7bedd72e06f508088c933485bfbfa222c82aab7fd0,0.07998176928838474,398.8353113969153,159069.60561707438
B1_no_PMC_I,18,5,89,33,8,ce6ca82c326e584d8d688a7bedd72e06f508088c933485bfbfa222c82aab7fd0,-0.4343607778640355,389.0704685673629,151375.82951122735
B1_no_PMC_I,19,1,90,32,9,ce6ca82c326e584d8d688a7bedd72e06f508088c933485bfbfa222c82aab7fd0,0.1578488076485981,552.8843469452853,305681.10109711456
B1_no_PMC_I,19,2,91,33,8,ce6ca82c326e584d8d688a7bedd72e06f508088c933485bfbfa222c82aab7fd0,-1.8289398313987544,350.2047852439022,122643.39160772768
B1_no_PMC_I,19,3,92,33,8,ce6ca82c326e584d8d688a7bedd72e06f508088c933485bfbfa222c82aab7fd0,-1.006763878472389,472.11264906466204,222890.35340685275
B1_no_PMC_I,19,4,93,33,8,ce6ca82c326e584d8d688a7bedd72e06f508088c933485bfbfa222c82aab7fd0,0.08033834656070882,669.965101196779,448853.2368216103
B1_no_PMC_I,19,5,94,33,8,ce6ca82c326e584d8d688a7bedd72e06f508088c933485bfbfa222c82aab7fd0,-0.08164360734651632,2414.454753376763,5829591.756103647
B1_no_PMC_I,20,1,95,32,9,ce6ca82c326e584d8d688a7bedd72e06f508088c933485bfbfa222c82aab7fd0,0.11919207197016213,473.6895468122736,224381.78675921715
B1_no_PMC_I,20,2,96,33,8,ce6ca82c326e584d8d688a7bedd72e06f508088c933485bfbfa222c82aab7fd0,-0.18216723821160263,2525.382561150654,6377557.0801638365
B1_no_PMC_I,20,3,97,33,8,ce6ca82c326e584d8d688a7bedd72e06f508088c933485bfbfa222c82aab7fd0,-7.277579178124089,336.9952268651747,113565.78292991057
B1_no_PMC_I,20,4,98,33,8,ce6ca82c326e584d8d688a7bedd72e06f508088c933485bfbfa222c82aab7fd0,0.1286749742490252,624.4269555690803,389909.0228412702
B1_no_PMC_I,20,5,99,33,8,ce6ca82c326e584d8d688a7bedd72e06f508088c933485bfbfa222c82aab7fd0,-1.7822219630770757,296.73892025734233,88053.98679549337
B1_no_PMC_Frequency,1,1,0,32,9,ce6ca82c326e584d8d688a7bedd72e06f508088c933485bfbfa222c82aab7fd0,-2.326167430739659,341.6891654796025,116751.48580614718
B1_no_PMC_Frequency,1,2,1,33,8,ce6ca82c326e584d8d688a7bedd72e06f508088c933485bfbfa222c82aab7fd0,-0.7072943342054696,235.79367392712388,55598.65666405082
B1_no_PMC_Frequency,1,3,2,33,8,ce6ca82c326e584d8d688a7bedd72e06f508088c933485bfbfa222c82aab7fd0,-0.3630029563679309,872.321816232866,760945.3510758061
B1_no_PMC_Frequency,1,4,3,33,8,ce6ca82c326e584d8d688a7bedd72e06f508088c933485bfbfa222c82aab7fd0,-0.29248262577933626,566.6818212844457,321128.28657425655
B1_no_PMC_Frequency,1,5,4,33,8,ce6ca82c326e584d8d688a7bedd72e06f508088c933485bfbfa222c82aab7fd0,-0.04537906845173967,2420.776143475679,5860157.136820981
B1_no_PMC_Frequency,2,1,5,32,9,ce6ca82c326e584d8d688a7bedd72e06f508088c933485bfbfa222c82aab7fd0,-0.1333411712416417,2364.3663176330015,5590228.083957439
B1_no_PMC_Frequency,2,2,6,33,8,ce6ca82c326e584d8d688a7bedd72e06f508088c933485bfbfa222c82aab7fd0,-0.3591287992211538,614.0153051911263,377014.7950089521
B1_no_PMC_Frequency,2,3,7,33,8,ce6ca82c326e584d8d688a7bedd72e06f508088c933485bfbfa222c82aab7fd0,-0.6088052236026806,383.2283634241361,146863.97853274172
B1_no_PMC_Frequency,2,4,8,33,8,ce6ca82c326e584d8d688a7bedd72e06f508088c933485bfbfa222c82aab7fd0,0.01134916748474113,715.3979919669098,511794.2869102867
B1_no_PMC_Frequency,2,5,9,33,8,ce6ca82c326e584d8d688a7bedd72e06f508088c933485bfbfa222c82aab7fd0,-1.4421764892890323,313.13920566170844,98056.16212244573
B1_no_PMC_Frequency,3,1,10,32,9,ce6ca82c326e584d8d688a7bedd72e06f508088c933485bfbfa222c82aab7fd0,0.09455079141420464,646.515420928781,417982.189498719
B1_no_PMC_Frequency,3,2,11,33,8,ce6ca82c326e584d8d688a7bedd72e06f508088c933485bfbfa222c82aab7fd0,-0.7249793116468239,257.76073582174786,66440.5969313689
B1_no_PMC_Frequency,3,3,12,33,8,ce6ca82c326e584d8d688a7bedd72e06f508088c933485bfbfa222c82aab7fd0,-0.23662083779473497,2573.67978975695,6623827.660203379
B1_no_PMC_Frequency,3,4,13,33,8,ce6ca82c326e584d8d688a7bedd72e06f508088c933485bfbfa222c82aab7fd0,-0.298955021185628,382.86302873267584,146584.09877035778
B1_no_PMC_Frequency,3,5,14,33,8,ce6ca82c326e584d8d688a7bedd72e06f508088c933485bfbfa222c82aab7fd0,-4.074501477521134,300.68415346780506,90410.96014665056
B1_no_PMC_Frequency,4,1,15,32,9,ce6ca82c326e584d8d688a7bedd72e06f508088c933485bfbfa222c82aab7fd0,-0.00828718809520157,665.9200847453412,443449.55926724244
B1_no_PMC_Frequency,4,2,16,33,8,ce6ca82c326e584d8d688a7bedd72e06f508088c933485bfbfa222c82aab7fd0,-0.09261524804464316,2433.4950952713457,5921898.378709696
B1_no_PMC_Frequency,4,3,17,33,8,ce6ca82c326e584d8d688a7bedd72e06f508088c933485bfbfa222c82aab7fd0,-0.23918844873417666,222.73309136394568,49610.029988539776
B1_no_PMC_Frequency,4,4,18,33,8,ce6ca82c326e584d8d688a7bedd72e06f508088c933485bfbfa222c82aab7fd0,-9.840018400784897,364.72076102017536,133021.23351913586
B1_no_PMC_Frequency,4,5,19,33,8,ce6ca82c326e584d8d688a7bedd72e06f508088c933485bfbfa222c82aab7fd0,-0.022622746045671605,622.6474654578202,387689.86624104733
B1_no_PMC_Frequency,5,1,20,32,9,ce6ca82c326e584d8d688a7bedd72e06f508088c933485bfbfa222c82aab7fd0,-0.38749055200659877,945.2431706089029,893484.6515827714
B1_no_PMC_Frequency,5,2,21,33,8,ce6ca82c326e584d8d688a7bedd72e06f508088c933485bfbfa222c82aab7fd0,-0.5800055282877901,414.52664513999605,171832.3395310202
B1_no_PMC_Frequency,5,3,22,33,8,ce6ca82c326e584d8d688a7bedd72e06f508088c933485bfbfa222c82aab7fd0,-7.413405782001449,468.1041951603051,219121.53752667698
B1_no_PMC_Frequency,5,4,23,33,8,ce6ca82c326e584d8d688a7bedd72e06f508088c933485bfbfa222c82aab7fd0,-0.7031180369341881,237.15999621908966,56244.86380663863
B1_no_PMC_Frequency,5,5,24,33,8,ce6ca82c326e584d8d688a7bedd72e06f508088c933485bfbfa222c82aab7fd0,-0.10181594700719976,2442.7833940139217,5967190.710070174
B1_no_PMC_Frequency,6,1,25,32,9,ce6ca82c326e584d8d688a7bedd72e06f508088c933485bfbfa222c82aab7fd0,-0.41204730029283243,241.54963113221166,58346.22430010752
B1_no_PMC_Frequency,6,2,26,33,8,ce6ca82c326e584d8d688a7bedd72e06f508088c933485bfbfa222c82aab7fd0,0.286541545808102,382.5182827119169,146320.236608874
B1_no_PMC_Frequency,6,3,27,33,8,ce6ca82c326e584d8d688a7bedd72e06f508088c933485bfbfa222c82aab7fd0,-0.11841397534118103,2434.2535077259154,5925590.139875923
B1_no_PMC_Frequency,6,4,28,33,8,ce6ca82c326e584d8d688a7bedd72e06f508088c933485bfbfa222c82aab7fd0,-2.1669364748886397,584.3607471168085,341477.48277091456
B1_no_PMC_Frequency,6,5,29,33,8,ce6ca82c326e584d8d688a7bedd72e06f508088c933485bfbfa222c82aab7fd0,-0.07386745752550405,841.209563186824,707633.5291969671
B1_no_PMC_Frequency,7,1,30,32,9,ce6ca82c326e584d8d688a7bedd72e06f508088c933485bfbfa222c82aab7fd0,-0.15691992440717684,512.4924008194861,262648.4608977208
B1_no_PMC_Frequency,7,2,31,33,8,ce6ca82c326e584d8d688a7bedd72e06f508088c933485bfbfa222c82aab7fd0,-2.3001779565740277,316.43799835703004,100133.00680420376
B1_no_PMC_Frequency,7,3,32,33,8,ce6ca82c326e584d8d688a7bedd72e06f508088c933485bfbfa222c82aab7fd0,-0.11714667032696613,811.7447154503541,658929.4830615763
B1_no_PMC_Frequency,7,4,33,33,8,ce6ca82c326e584d8d688a7bedd72e06f508088c933485bfbfa222c82aab7fd0,-0.4009178511609768,399.26826561336384,159415.14792590364
B1_no_PMC_Frequency,7,5,34,33,8,ce6ca82c326e584d8d688a7bedd72e06f508088c933485bfbfa222c82aab7fd0,-0.06540900173147435,2431.5215250424812,5912296.926744914
B1_no_PMC_Frequency,8,1,35,32,9,ce6ca82c326e584d8d688a7bedd72e06f508088c933485bfbfa222c82aab7fd0,-0.21685095375674113,245.40614041198452,60224.17375190666
B1_no_PMC_Frequency,8,2,36,33,8,ce6ca82c326e584d8d688a7bedd72e06f508088c933485bfbfa222c82aab7fd0,-0.07536798820029267,2438.5671138461284,5946609.568731836
B1_no_PMC_Frequency,8,3,37,33,8,ce6ca82c326e584d8d688a7bedd72e06f508088c933485bfbfa222c82aab7fd0,-12.964724001072112,390.94644255556005,152839.12094684783
B1_no_PMC_Frequency,8,4,38,33,8,ce6ca82c326e584d8d688a7bedd72e06f508088c933485bfbfa222c82aab7fd0,0.092972349400265,676.3005803674558,457382.4750053576
B1_no_PMC_Frequency,8,5,39,33,8,ce6ca82c326e584d8d688a7bedd72e06f508088c933485bfbfa222c82aab7fd0,-0.23897181015022606,688.0154993152539,473365.32729801815
B1_no_PMC_Frequency,9,1,40,32,9,ce6ca82c326e584d8d688a7bedd72e06f508088c933485bfbfa222c82aab7fd0,-0.25797625657499035,2512.4908797441153,6312610.420797359
B1_no_PMC_Frequency,9,2,41,33,8,ce6ca82c326e584d8d688a7bedd72e06f508088c933485bfbfa222c82aab7fd0,-4.598064452186804,371.2815128495288,137849.9617838348
B1_no_PMC_Frequency,9,3,42,33,8,ce6ca82c326e584d8d688a7bedd72e06f508088c933485bfbfa222c82aab7fd0,-4.556031184514285,338.31675644262407,114458.22768985783
B1_no_PMC_Frequency,9,4,43,33,8,ce6ca82c326e584d8d688a7bedd72e06f508088c933485bfbfa222c82aab7fd0,0.33789641214858224,369.6790276291257,136662.5834688159
B1_no_PMC_Frequency,9,5,44,33,8,ce6ca82c326e584d8d688a7bedd72e06f508088c933485bfbfa222c82aab7fd0,-1.528575050531149,421.9408329238954,178034.0664885106
B1_no_PMC_Frequency,10,1,45,32,9,ce6ca82c326e584d8d688a7bedd72e06f508088c933485bfbfa222c82aab7fd0,-0.5180202894628925,363.00255051243465,131770.85167853266
B1_no_PMC_Frequency,10,2,46,33,8,ce6ca82c326e584d8d688a7bedd72e06f508088c933485bfbfa222c82aab7fd0,-1.484558040280517,266.3440024484722,70939.12764027178
B1_no_PMC_Frequency,10,3,47,33,8,ce6ca82c326e584d8d688a7bedd72e06f508088c933485bfbfa222c82aab7fd0,-0.3329323697899038,251.92477734131276,63466.093438470016
B1_no_PMC_Frequency,10,4,48,33,8,ce6ca82c326e584d8d688a7bedd72e06f508088c933485bfbfa222c82aab7fd0,-0.24320411426905397,2575.000887859258,6630629.572475967
B1_no_PMC_Frequency,10,5,49,33,8,ce6ca82c326e584d8d688a7bedd72e06f508088c933485bfbfa222c82aab7fd0,0.10276035189280175,662.8052535498458,439310.80413327535
B1_no_PMC_Frequency,11,1,50,32,9,ce6ca82c326e584d8d688a7bedd72e06f508088c933485bfbfa222c82aab7fd0,-0.08556253354290955,2302.262077685209,5300410.6743474165
B1_no_PMC_Frequency,11,2,51,33,8,ce6ca82c326e584d8d688a7bedd72e06f508088c933485bfbfa222c82aab7fd0,0.01483458984666175,710.0263910412409,504137.4759750492
B1_no_PMC_Frequency,11,3,52,33,8,ce6ca82c326e584d8d688a7bedd72e06f508088c933485bfbfa222c82aab7fd0,-0.12833801547326118,254.53309769313694,64787.09782126399
B1_no_PMC_Frequency,11,4,53,33,8,ce6ca82c326e584d8d688a7bedd72e06f508088c933485bfbfa222c82aab7fd0,0.17658276236248105,431.10377072169763,185850.46113046602
B1_no_PMC_Frequency,11,5,54,33,8,ce6ca82c326e584d8d688a7bedd72e06f508088c933485bfbfa222c82aab7fd0,-0.29498385381677417,538.8242459830143,290331.56805916387
B1_no_PMC_Frequency,12,1,55,32,9,ce6ca82c326e584d8d688a7bedd72e06f508088c933485bfbfa222c82aab7fd0,-0.08146955558418023,2304.155964640966,5309134.70939054
B1_no_PMC_Frequency,12,2,56,33,8,ce6ca82c326e584d8d688a7bedd72e06f508088c933485bfbfa222c82aab7fd0,-0.04542683490340993,730.3563471055619,533420.39375738
B1_no_PMC_Frequency,12,3,57,33,8,ce6ca82c326e584d8d688a7bedd72e06f508088c933485bfbfa222c82aab7fd0,0.036602011070253626,616.0979454712744,379576.6784139255
B1_no_PMC_Frequency,12,4,58,33,8,ce6ca82c326e584d8d688a7bedd72e06f508088c933485bfbfa222c82aab7fd0,-3.038638659505213,344.01251135133367,118344.6079662515
B1_no_PMC_Frequency,12,5,59,33,8,ce6ca82c326e584d8d688a7bedd72e06f508088c933485bfbfa222c82aab7fd0,-9.074174416757403,370.66754809518824,137394.43121089868
B1_no_PMC_Frequency,13,1,60,32,9,ce6ca82c326e584d8d688a7bedd72e06f508088c933485bfbfa222c82aab7fd0,-0.06103477403818336,506.58000145927315,256623.2978784772
B1_no_PMC_Frequency,13,2,61,33,8,ce6ca82c326e584d8d688a7bedd72e06f508088c933485bfbfa222c82aab7fd0,-0.17720684668026387,359.6253990248321,129330.42762376972
B1_no_PMC_Frequency,13,3,62,33,8,ce6ca82c326e584d8d688a7bedd72e06f508088c933485bfbfa222c82aab7fd0,-0.21412918953470705,2522.339669060526,6362197.406116363
B1_no_PMC_Frequency,13,4,63,33,8,ce6ca82c326e584d8d688a7bedd72e06f508088c933485bfbfa222c82aab7fd0,-1.008350724397387,228.2503326559104,52098.214357533754
B1_no_PMC_Frequency,13,5,64,33,8,ce6ca82c326e584d8d688a7bedd72e06f508088c933485bfbfa222c82aab7fd0,0.09978719659261592,670.4065095845684,449444.8880933641
B1_no_PMC_Frequency,14,1,65,32,9,ce6ca82c326e584d8d688a7bedd72e06f508088c933485bfbfa222c82aab7fd0,-0.08411119465025418,712.5596472054336,507741.250825532
B1_no_PMC_Frequency,14,2,66,33,8,ce6ca82c326e584d8d688a7bedd72e06f508088c933485bfbfa222c82aab7fd0,-7.932100064540487,305.2225960556679,93160.83314296143
B1_no_PMC_Frequency,14,3,67,33,8,ce6ca82c326e584d8d688a7bedd72e06f508088c933485bfbfa222c82aab7fd0,-0.5060809718466894,207.6178598636338,43105.17573435549
B1_no_PMC_Frequency,14,4,68,33,8,ce6ca82c326e584d8d688a7bedd72e06f508088c933485bfbfa222c82aab7fd0,0.013907570448944195,604.8238549637666,365811.89553323144
B1_no_PMC_Frequency,14,5,69,33,8,ce6ca82c326e584d8d688a7bedd72e06f508088c933485bfbfa222c82aab7fd0,-0.0949700103992297,2446.393924749209,5984843.235049837
B1_no_PMC_Frequency,15,1,70,32,9,ce6ca82c326e584d8d688a7bedd72e06f508088c933485bfbfa222c82aab7fd0,-0.2822649571010343,2489.8725988044184,6199465.558277068
B1_no_PMC_Frequency,15,2,71,33,8,ce6ca82c326e584d8d688a7bedd72e06f508088c933485bfbfa222c82aab7fd0,-2.391990876814719,346.7510662536566,120236.30194804774
B1_no_PMC_Frequency,15,3,72,33,8,ce6ca82c326e584d8d688a7bedd72e06f508088c933485bfbfa222c82aab7fd0,-1.3370577710959513,287.72629257979276,82786.4194417125
B1_no_PMC_Frequency,15,4,73,33,8,ce6ca82c326e584d8d688a7bedd72e06f508088c933485bfbfa222c82aab7fd0,-0.09931354767358469,554.8923867318391,307905.56085295696
B1_no_PMC_Frequency,15,5,74,33,8,ce6ca82c326e584d8d688a7bedd72e06f508088c933485bfbfa222c82aab7fd0,-0.4756148844872359,420.13907236140443,176516.84012470144
B1_no_PMC_Frequency,16,1,75,32,9,ce6ca82c326e584d8d688a7bedd72e06f508088c933485bfbfa222c82aab7fd0,-0.07958009891213202,627.327504491691,393539.7978917726
B1_no_PMC_Frequency,16,2,76,33,8,ce6ca82c326e584d8d688a7bedd72e06f508088c933485bfbfa222c82aab7fd0,-0.0896741819068978,2443.687059359887,5971606.444082971
B1_no_PMC_Frequency,16,3,77,33,8,ce6ca82c326e584d8d688a7bedd72e06f508088c933485bfbfa222c82aab7fd0,-0.3918767148966533,380.3356692108218,144655.22127404364
B1_no_PMC_Frequency,16,4,78,33,8,ce6ca82c326e584d8d688a7bedd72e06f508088c933485bfbfa222c82aab7fd0,-0.6771231356180416,267.0469379743076,71314.06708145369
B1_no_PMC_Frequency,16,5,79,33,8,ce6ca82c326e584d8d688a7bedd72e06f508088c933485bfbfa222c82aab7fd0,0.02948302658720503,702.8322318869732,493973.14617922413
B1_no_PMC_Frequency,17,1,80,32,9,ce6ca82c326e584d8d688a7bedd72e06f508088c933485bfbfa222c82aab7fd0,0.1678227143664941,419.07627296341974,175624.9225609107
B1_no_PMC_Frequency,17,2,81,33,8,ce6ca82c326e584d8d688a7bedd72e06f508088c933485bfbfa222c82aab7fd0,-0.08187953578508678,852.8611791319696,727372.1908703736
B1_no_PMC_Frequency,17,3,82,33,8,ce6ca82c326e584d8d688a7bedd72e06f508088c933485bfbfa222c82aab7fd0,-0.08388508185254429,2422.5902351255145,5868943.447325496
B1_no_PMC_Frequency,17,4,83,33,8,ce6ca82c326e584d8d688a7bedd72e06f508088c933485bfbfa222c82aab7fd0,-2.37658365408991,562.9997377330362,316968.70468746754
B1_no_PMC_Frequency,17,5,84,33,8,ce6ca82c326e584d8d688a7bedd72e06f508088c933485bfbfa222c82aab7fd0,-1.1508520402179347,236.71346865283803,56033.26624165813
B1_no_PMC_Frequency,18,1,85,32,9,ce6ca82c326e584d8d688a7bedd72e06f508088c933485bfbfa222c82aab7fd0,-0.10865860956111062,2355.183323790381,5546888.488660308
B1_no_PMC_Frequency,18,2,86,33,8,ce6ca82c326e584d8d688a7bedd72e06f508088c933485bfbfa222c82aab7fd0,0.01199629831761806,720.1157636050368,518566.7129924653
B1_no_PMC_Frequency,18,3,87,33,8,ce6ca82c326e584d8d688a7bedd72e06f508088c933485bfbfa222c82aab7fd0,-1.0638561567054223,227.49958009138743,51756.058941757605
B1_no_PMC_Frequency,18,4,88,33,8,ce6ca82c326e584d8d688a7bedd72e06f508088c933485bfbfa222c82aab7fd0,0.03835622586671317,407.7580067952775,166266.59210565756
B1_no_PMC_Frequency,18,5,89,33,8,ce6ca82c326e584d8d688a7bedd72e06f508088c933485bfbfa222c82aab7fd0,-0.36004578030735335,378.8574494192916,143532.96698049107
B1_no_PMC_Frequency,19,1,90,32,9,ce6ca82c326e584d8d688a7bedd72e06f508088c933485bfbfa222c82aab7fd0,0.06810542790474838,581.5976615455974,338255.83991530724
B1_no_PMC_Frequency,19,2,91,33,8,ce6ca82c326e584d8d688a7bedd72e06f508088c933485bfbfa222c82aab7fd0,-1.2818163915748366,314.52166681682115,98923.87889723147
B1_no_PMC_Frequency,19,3,92,33,8,ce6ca82c326e584d8d688a7bedd72e06f508088c933485bfbfa222c82aab7fd0,-0.6025872857204553,421.8988535730169,177998.64264622596
B1_no_PMC_Frequency,19,4,93,33,8,ce6ca82c326e584d8d688a7bedd72e06f508088c933485bfbfa222c82aab7fd0,0.011336627632056784,694.6441201245655,482530.4536236317
B1_no_PMC_Frequency,19,5,94,33,8,ce6ca82c326e584d8d688a7bedd72e06f508088c933485bfbfa222c82aab7fd0,-0.0796126369102752,2412.1869129203715,5818645.702864313
B1_no_PMC_Frequency,20,1,95,32,9,ce6ca82c326e584d8d688a7bedd72e06f508088c933485bfbfa222c82aab7fd0,-0.001291047619639274,505.0488192495306,255074.309825345
B1_no_PMC_Frequency,20,2,96,33,8,ce6ca82c326e584d8d688a7bedd72e06f508088c933485bfbfa222c82aab7fd0,-0.1877788899165569,2531.369357636152,6407830.824779266
B1_no_PMC_Frequency,20,3,97,33,8,ce6ca82c326e584d8d688a7bedd72e06f508088c933485bfbfa222c82aab7fd0,-4.16179220694144,266.1168270443629,70818.16563615935
B1_no_PMC_Frequency,20,4,98,33,8,ce6ca82c326e584d8d688a7bedd72e06f508088c933485bfbfa222c82aab7fd0,0.025600028716209255,660.3287098321381,436034.00502857595
B1_no_PMC_Frequency,20,5,99,33,8,ce6ca82c326e584d8d688a7bedd72e06f508088c933485bfbfa222c82aab7fd0,-2.351844168897276,325.7020818642596,106081.84613071286
B1_no_PMC_BERT,1,1,0,32,9,ce6ca82c326e584d8d688a7bedd72e06f508088c933485bfbfa222c82aab7fd0,-1.3289375902399723,285.9157503001219,81747.81626968166
B1_no_PMC_BERT,1,2,1,33,8,ce6ca82c326e584d8d688a7bedd72e06f508088c933485bfbfa222c82aab7fd0,-1.5662193303409824,289.08451948326103,83569.85940486792
B1_no_PMC_BERT,1,3,2,33,8,ce6ca82c326e584d8d688a7bedd72e06f508088c933485bfbfa222c82aab7fd0,-0.24408658975448505,833.4002751795348,694556.0186693243
B1_no_PMC_BERT,1,4,3,33,8,ce6ca82c326e584d8d688a7bedd72e06f508088c933485bfbfa222c82aab7fd0,-0.13873494944968412,531.910115033548,282928.3704750022
B1_no_PMC_BERT,1,5,4,33,8,ce6ca82c326e584d8d688a7bedd72e06f508088c933485bfbfa222c82aab7fd0,-0.04373081816832736,2418.8669704765366,5850917.420862338
B1_no_PMC_BERT,2,1,5,32,9,ce6ca82c326e584d8d688a7bedd72e06f508088c933485bfbfa222c82aab7fd0,-0.1262334593270351,2356.940634004189,5555169.1522200685
B1_no_PMC_BERT,2,2,6,33,8,ce6ca82c326e584d8d688a7bedd72e06f508088c933485bfbfa222c82aab7fd0,-0.17803052373354888,571.6459894453487,326779.1372489517
B1_no_PMC_BERT,2,3,7,33,8,ce6ca82c326e584d8d688a7bedd72e06f508088c933485bfbfa222c82aab7fd0,-0.6301044213242926,385.75682925606145,148808.33131769014
B1_no_PMC_BERT,2,4,8,33,8,ce6ca82c326e584d8d688a7bedd72e06f508088c933485bfbfa222c82aab7fd0,0.14362898805789748,665.820599768463,443317.0710760358
B1_no_PMC_BERT,2,5,9,33,8,ce6ca82c326e584d8d688a7bedd72e06f508088c933485bfbfa222c82aab7fd0,-0.7229716443586718,263.0195241080162,69179.2700620073
B1_no_PMC_BERT,3,1,10,32,9,ce6ca82c326e584d8d688a7bedd72e06f508088c933485bfbfa222c82aab7fd0,0.19434107361861908,609.8491926260612,371916.03774665867
B1_no_PMC_BERT,3,2,11,33,8,ce6ca82c326e584d8d688a7bedd72e06f508088c933485bfbfa222c82aab7fd0,-1.4130591199026061,304.8658637790898,92943.19489777053
B1_no_PMC_BERT,3,3,12,33,8,ce6ca82c326e584d8d688a7bedd72e06f508088c933485bfbfa222c82aab7fd0,-0.22356620204902455,2560.0589633465515,6553901.895811019
B1_no_PMC_BERT,3,4,13,33,8,ce6ca82c326e584d8d688a7bedd72e06f508088c933485bfbfa222c82aab7fd0,-0.3178718195299819,385.64078639704576,148718.81613293185
B1_no_PMC_BERT,3,5,14,33,8,ce6ca82c326e584d8d688a7bedd72e06f508088c933485bfbfa222c82aab7fd0,-3.2951314571493713,276.63178510857284,76525.14453235561
B1_no_PMC_BERT,4,1,15,32,9,ce6ca82c326e584d8d688a7bedd72e06f508088c933485bfbfa222c82aab7fd0,0.1757138124882056,602.1005177053095,362525.0334210017
B1_no_PMC_BERT,4,2,16,33,8,ce6ca82c326e584d8d688a7bedd72e06f508088c933485bfbfa222c82aab7fd0,-0.09714017977079936,2438.528899320341,5946423.1928204745
B1_no_PMC_BERT,4,3,17,33,8,ce6ca82c326e584d8d688a7bedd72e06f508088c933485bfbfa222c82aab7fd0,-2.8007972612800613,390.07976185523887,152162.22060903988
B1_no_PMC_BERT,4,4,18,33,8,ce6ca82c326e584d8d688a7bedd72e06f508088c933485bfbfa222c82aab7fd0,-7.853565376688676,329.61318438297764,108644.85131908683
B1_no_PMC_BERT,4,5,19,33,8,ce6ca82c326e584d8d688a7bedd72e06f508088c933485bfbfa222c82aab7fd0,0.07866079487324451,591.0092474381613,349291.93055742176
B1_no_PMC_BERT,5,1,20,32,9,ce6ca82c326e584d8d688a7bedd72e06f508088c933485bfbfa222c82aab7fd0,-0.3191204689188787,921.660044900991,849457.2383668968
B1_no_PMC_BERT,5,2,21,33,8,ce6ca82c326e584d8d688a7bedd72e06f508088c933485bfbfa222c82aab7fd0,-0.4792263476946621,401.08873562272225,160872.173843434
B1_no_PMC_BERT,5,3,22,33,8,ce6ca82c326e584d8d688a7bedd72e06f508088c933485bfbfa222c82aab7fd0,-5.605298430828759,414.76570314121506,172030.5885022265
B1_no_PMC_BERT,5,4,23,33,8,ce6ca82c326e584d8d688a7bedd72e06f508088c933485bfbfa222c82aab7fd0,-0.7441116056611554,239.9972119559917,57598.6617466492
B1_no_PMC_BERT,5,5,24,33,8,ce6ca82c326e584d8d688a7bedd72e06f508088c933485bfbfa222c82aab7fd0,-0.1016468097828882,2442.5958937961123,5966274.700389627
B1_no_PMC_BERT,6,1,25,32,9,ce6ca82c326e584d8d688a7bedd72e06f508088c933485bfbfa222c82aab7fd0,-0.3550785493401376,236.62683315392073,55992.25816845344
B1_no_PMC_BERT,6,2,26,33,8,ce6ca82c326e584d8d688a7bedd72e06f508088c933485bfbfa222c82aab7fd0,0.34294159706361493,367.08770602231533,134753.3839127258
B1_no_PMC_BERT,6,3,27,33,8,ce6ca82c326e584d8d688a7bedd72e06f508088c933485bfbfa222c82aab7fd0,-0.11524644709562959,2430.803964869428,5908807.915624932
B1_no_PMC_BERT,6,4,28,33,8,ce6ca82c326e584d8d688a7bedd72e06f508088c933485bfbfa222c82aab7fd0,-1.961566897176449,565.095869931783,319333.3422139586
B1_no_PMC_BERT,6,5,29,33,8,ce6ca82c326e584d8d688a7bedd72e06f508088c933485bfbfa222c82aab7fd0,-0.031266789272029305,824.3551898020756,679561.4789536162
B1_no_PMC_BERT,7,1,30,32,9,ce6ca82c326e584d8d688a7bedd72e06f508088c933485bfbfa222c82aab7fd0,-0.07577722693345201,494.1934136807428,244227.1301254258
B1_no_PMC_BERT,7,2,31,33,8,ce6ca82c326e584d8d688a7bedd72e06f508088c933485bfbfa222c82aab7fd0,-1.7296133488342504,287.78656520498095,82821.10711248076
B1_no_PMC_BERT,7,3,32,33,8,ce6ca82c326e584d8d688a7bedd72e06f508088c933485bfbfa222c82aab7fd0,-0.03129676529914316,779.9310313116833,608292.413602906
B1_no_PMC_BERT,7,4,33,33,8,ce6ca82c326e584d8d688a7bedd72e06f508088c933485bfbfa222c82aab7fd0,-0.6090600325135771,427.90226207107895,183100.34588554635
B1_no_PMC_BERT,7,5,34,33,8,ce6ca82c326e584d8d688a7bedd72e06f508088c933485bfbfa222c82aab7fd0,-0.06821714104408061,2434.7238435199306,5927880.194204464
B1_no_PMC_BERT,8,1,35,32,9,ce6ca82c326e584d8d688a7bedd72e06f508088c933485bfbfa222c82aab7fd0,-0.746481038212532,294.0009062924212,86436.53290076503
B1_no_PMC_BERT,8,2,36,33,8,ce6ca82c326e584d8d688a7bedd72e06f508088c933485bfbfa222c82aab7fd0,-0.0653133425290291,2427.140090355036,5891009.018208654
B1_no_PMC_BERT,8,3,37,33,8,ce6ca82c326e584d8d688a7bedd72e06f508088c933485bfbfa222c82aab7fd0,-12.362090227044941,382.41796598263505,146243.5007062958
B1_no_PMC_BERT,8,4,38,33,8,ce6ca82c326e584d8d688a7bedd72e06f508088c933485bfbfa222c82aab7fd0,0.196566172818052,636.5090065738337,405143.7154496087
B1_no_PMC_BERT,8,5,39,33,8,ce6ca82c326e584d8d688a7bedd72e06f508088c933485bfbfa222c82aab7fd0,-0.1530993628731132,663.7444083834193,440556.6396602554
B1_no_PMC_BERT,9,1,40,32,9,ce6ca82c326e584d8d688a7bedd72e06f508088c933485bfbfa222c82aab7fd0,-0.25580915012468375,2510.3258221248893,6301735.7332270015
B1_no_PMC_BERT,9,2,41,33,8,ce6ca82c326e584d8d688a7bedd72e06f508088c933485bfbfa222c82aab7fd0,-4.0055140817564165,351.08212762956424,123258.66034090164
B1_no_PMC_BERT,9,3,42,33,8,ce6ca82c326e584d8d688a7bedd72e06f508088c933485bfbfa222c82aab7fd0,-4.640561458757653,340.880641826492,116199.61197204115
B1_no_PMC_BERT,9,4,43,33,8,ce6ca82c326e584d8d688a7bedd72e06f508088c933485bfbfa222c82aab7fd0,-0.059896246393014385,467.7281619502861,218769.63348139307
B1_no_PMC_BERT,9,5,44,33,8,ce6ca82c326e584d8d688a7bedd72e06f508088c933485bfbfa222c82aab7fd0,-1.2829787144224696,400.9263154361055,160741.91040917154
B1_no_PMC_BERT,10,1,45,32,9,ce6ca82c326e584d8d688a7bedd72e06f508088c933485bfbfa222c82aab7fd0,-0.5216482289745199,363.43606427815536,132085.7728179955
B1_no_PMC_BERT,10,2,46,33,8,ce6ca82c326e584d8d688a7bedd72e06f508088c933485bfbfa222c82aab7fd0,-2.8854297103372444,333.07180981089505,110936.83049070503
B1_no_PMC_BERT,10,3,47,33,8,ce6ca82c326e584d8d688a7bedd72e06f508088c933485bfbfa222c82aab7fd0,-0.5872114289322092,274.905998929656,75573.30824751203
B1_no_PMC_BERT,10,4,48,33,8,ce6ca82c326e584d8d688a7bedd72e06f508088c933485bfbfa222c82aab7fd0,-0.23881533693678803,2570.451716539291,6607222.027059787
B1_no_PMC_BERT,10,5,49,33,8,ce6ca82c326e584d8d688a7bedd72e06f508088c933485bfbfa222c82aab7fd0,0.2053510200882076,623.7626682875328,389079.8663491828
B1_no_PMC_BERT,11,1,50,32,9,ce6ca82c326e584d8d688a7bedd72e06f508088c933485bfbfa222c82aab7fd0,-0.08603871017009346,2302.766960252411,5302735.673230128
B1_no_PMC_BERT,11,2,51,33,8,ce6ca82c326e584d8d688a7bedd72e06f508088c933485bfbfa222c82aab7fd0,0.12876604116475854,667.7091248498207,445835.4754077134
B1_no_PMC_BERT,11,3,52,33,8,ce6ca82c326e584d8d688a7bedd72e06f508088c933485bfbfa222c82aab7fd0,-3.0812432194986608,484.08418139441216,234337.4946762981
B1_no_PMC_BERT,11,4,53,33,8,ce6ca82c326e584d8d688a7bedd72e06f508088c933485bfbfa222c82aab7fd0,0.2118125588469323,421.78059934636974,177898.87398498287
B1_no_PMC_BERT,11,5,54,33,8,ce6ca82c326e584d8d688a7bedd72e06f508088c933485bfbfa222c82aab7fd0,-0.16055637666473865,510.09148531200356,260193.32338780595
B1_no_PMC_BERT,12,1,55,32,9,ce6ca82c326e584d8d688a7bedd72e06f508088c933485bfbfa222c82aab7fd0,-0.07514719383490465,2297.4109476717795,5278097.062482144
B1_no_PMC_BERT,12,2,56,33,8,ce6ca82c326e584d8d688a7bedd72e06f508088c933485bfbfa222c82aab7fd0,0.061272802514910296,692.0822107844111,478977.78648423805
B1_no_PMC_BERT,12,3,57,33,8,ce6ca82c326e584d8d688a7bedd72e06f508088c933485bfbfa222c82aab7fd0,0.08226862284921987,601.3186628582789,361584.13430166844
B1_no_PMC_BERT,12,4,58,33,8,ce6ca82c326e584d8d688a7bedd72e06f508088c933485bfbfa222c82aab7fd0,-1.7136709020382277,281.9910518480613,79518.953322376
B1_no_PMC_BERT,12,5,59,33,8,ce6ca82c326e584d8d688a7bedd72e06f508088c933485bfbfa222c82aab7fd0,-9.856205122715439,384.78563705030024,148059.9864802054
B1_no_PMC_BERT,13,1,60,32,9,ce6ca82c326e584d8d688a7bedd72e06f508088c933485bfbfa222c82aab7fd0,0.02903841849311206,484.6009434119325,234838.07435573504
B1_no_PMC_BERT,13,2,61,33,8,ce6ca82c326e584d8d688a7bedd72e06f508088c933485bfbfa222c82aab7fd0,-0.26983561894859953,373.5061176952318,139506.81995576437
B1_no_PMC_BERT,13,3,62,33,8,ce6ca82c326e584d8d688a7bedd72e06f508088c933485bfbfa222c82aab7fd0,-0.2048251597233237,2512.656574292011,6313443.060332865
B1_no_PMC_BERT,13,4,63,33,8,ce6ca82c326e584d8d688a7bedd72e06f508088c933485bfbfa222c82aab7fd0,-2.323029138248818,293.6018009736014,86202.01753494228
B1_no_PMC_BERT,13,5,64,33,8,ce6ca82c326e584d8d688a7bedd72e06f508088c933485bfbfa222c82aab7fd0,0.2195808358258835,624.2083769053239,389636.09779877897
B1_no_PMC_BERT,14,1,65,32,9,ce6ca82c326e584d8d688a7bedd72e06f508088c933485bfbfa222c82aab7fd0,0.04563410318889782,668.562119125974,446975.3071302131
B1_no_PMC_BERT,14,2,66,33,8,ce6ca82c326e584d8d688a7bedd72e06f508088c933485bfbfa222c82aab7fd0,-8.250235765822595,310.6106146606085,96478.95393984104
B1_no_PMC_BERT,14,3,67,33,8,ce6ca82c326e584d8d688a7bedd72e06f508088c933485bfbfa222c82aab7fd0,-1.686529107243926,277.2913514176346,76890.49357101813
B1_no_PMC_BERT,14,4,68,33,8,ce6ca82c326e584d8d688a7bedd72e06f508088c933485bfbfa222c82aab7fd0,0.09264624298448898,580.1742112558263,336602.1154063202
B1_no_PMC_BERT,14,5,69,33,8,ce6ca82c326e584d8d688a7bedd72e06f508088c933485bfbfa222c82aab7fd0,-0.08432997616602655,2434.478868673008,5926687.362015408
B1_no_PMC_BERT,15,1,70,32,9,ce6ca82c326e584d8d688a7bedd72e06f508088c933485bfbfa222c82aab7fd0,-0.26559551967763717,2473.6354905188364,6118872.539954363
B1_no_PMC_BERT,15,2,71,33,8,ce6ca82c326e584d8d688a7bedd72e06f508088c933485bfbfa222c82aab7fd0,-1.9009829363549464,320.67348719049227,102831.48538691079
B1_no_PMC_BERT,15,3,72,33,8,ce6ca82c326e584d8d688a7bedd72e06f508088c933485bfbfa222c82aab7fd0,-1.0376074897307936,268.661286379154,72178.88679890177
B1_no_PMC_BERT,15,4,73,33,8,ce6ca82c326e584d8d688a7bedd72e06f508088c933485bfbfa222c82aab7fd0,-0.01067492563319239,532.0515610365621,283078.86360144266
B1_no_PMC_BERT,15,5,74,33,8,ce6ca82c326e584d8d688a7bedd72e06f508088c933485bfbfa222c82aab7fd0,-0.8124979638365801,465.6346838410261,216815.65879573234
B1_no_PMC_BERT,16,1,75,32,9,ce6ca82c326e584d8d688a7bedd72e06f508088c933485bfbfa222c82aab7fd0,0.0045520725585692645,602.3877997037288,362871.06123189966
B1_no_PMC_BERT,16,2,76,33,8,ce6ca82c326e584d8d688a7bedd72e06f508088c933485bfbfa222c82aab7fd0,-0.06489798108827438,2415.745950984557,5835828.499698283
B1_no_PMC_BERT,16,3,77,33,8,ce6ca82c326e584d8d688a7bedd72e06f508088c933485bfbfa222c82aab7fd0,0.06035540481556079,312.4988923094012,97655.55769460271
B1_no_PMC_BERT,16,4,78,33,8,ce6ca82c326e584d8d688a7bedd72e06f508088c933485bfbfa222c82aab7fd0,-1.8549229410667123,348.4193954200538,121396.0751048758
B1_no_PMC_BERT,16,5,79,33,8,ce6ca82c326e584d8d688a7bedd72e06f508088c933485bfbfa222c82aab7fd0,0.11350161980001316,671.72123166696,451209.4130721777
B1_no_PMC_BERT,17,1,80,32,9,ce6ca82c326e584d8d688a7bedd72e06f508088c933485bfbfa222c82aab7fd0,-0.13275078304270616,488.9363539933909,239058.7582563505
B1_no_PMC_BERT,17,2,81,33,8,ce6ca82c326e584d8d688a7bedd72e06f508088c933485bfbfa222c82aab7fd0,-0.05004589648621427,840.2200378168296,705969.7119489147
B1_no_PMC_BERT,17,3,82,33,8,ce6ca82c326e584d8d688a7bedd72e06f508088c933485bfbfa222c82aab7fd0,-0.08448996310494761,2423.2661255182384,5872218.715084174
B1_no_PMC_BERT,17,4,83,33,8,ce6ca82c326e584d8d688a7bedd72e06f508088c933485bfbfa222c82aab7fd0,-1.8085109622695903,513.4610414584859,263642.2410956329
B1_no_PMC_BERT,17,5,84,33,8,ce6ca82c326e584d8d688a7bedd72e06f508088c933485bfbfa222c82aab7fd0,-1.2856440539448468,244.01807712799064,59544.821965241994
B1_no_PMC_BERT,18,1,85,32,9,ce6ca82c326e584d8d688a7bedd72e06f508088c933485bfbfa222c82aab7fd0,-0.09486744153176985,2340.488821378362,5477887.922997074
B1_no_PMC_BERT,18,2,86,33,8,ce6ca82c326e584d8d688a7bedd72e06f508088c933485bfbfa222c82aab7fd0,0.12427995326168217,677.9625083106107,459633.1626748149
B1_no_PMC_BERT,18,3,87,33,8,ce6ca82c326e584d8d688a7bedd72e06f508088c933485bfbfa222c82aab7fd0,-1.5240417143593636,251.5875528477416,63296.29674791517
B1_no_PMC_BERT,18,4,88,33,8,ce6ca82c326e584d8d688a7bedd72e06f508088c933485bfbfa222c82aab7fd0,0.0042152362318659264,414.93314139196184,172169.51182540177
B1_no_PMC_BERT,18,5,89,33,8,ce6ca82c326e584d8d688a7bedd72e06f508088c933485bfbfa222c82aab7fd0,-0.3094907613019142,371.74940906787043,138197.62314231088
B1_no_PMC_BERT,19,1,90,32,9,ce6ca82c326e584d8d688a7bedd72e06f508088c933485bfbfa222c82aab7fd0,0.12676708460607078,562.9947037644561,316963.0364668276
B1_no_PMC_BERT,19,2,91,33,8,ce6ca82c326e584d8d688a7bedd72e06f508088c933485bfbfa222c82aab7fd0,-2.516260438774012,390.43679401090765,152440.89011751593
B1_no_PMC_BERT,19,3,92,33,8,ce6ca82c326e584d8d688a7bedd72e06f508088c933485bfbfa222c82aab7fd0,-0.6294889320364021,425.4251947121094,180986.59629583618
B1_no_PMC_BERT,19,4,93,33,8,ce6ca82c326e584d8d688a7bedd72e06f508088c933485bfbfa222c82aab7fd0,0.16829346718833904,637.1228746878423,405925.5574505001
B1_no_PMC_BERT,19,5,94,33,8,ce6ca82c326e584d8d688a7bedd72e06f508088c933485bfbfa222c82aab7fd0,-0.08340831206968802,2416.423545693226,5839102.752180623
B1_no_PMC_BERT,20,1,95,32,9,ce6ca82c326e584d8d688a7bedd72e06f508088c933485bfbfa222c82aab7fd0,0.0629880190637051,488.5688404910395,238699.51189875882
B1_no_PMC_BERT,20,2,96,33,8,ce6ca82c326e584d8d688a7bedd72e06f508088c933485bfbfa222c82aab7fd0,-0.18758652865065928,2531.164371196863,6406793.074016412
B1_no_PMC_BERT,20,3,97,33,8,ce6ca82c326e584d8d688a7bedd72e06f508088c933485bfbfa222c82aab7fd0,-7.068335275414052,332.7086148484065,110695.0223943453
B1_no_PMC_BERT,20,4,98,33,8,ce6ca82c326e584d8d688a7bedd72e06f508088c933485bfbfa222c82aab7fd0,0.18031372717631378,605.6411560595725,366801.20991317544
B1_no_PMC_BERT,20,5,99,33,8,ce6ca82c326e584d8d688a7bedd72e06f508088c933485bfbfa222c82aab7fd0,-2.083075169986714,312.37098105629,97575.6298060691
B2_full,1,1,0,32,9,ce6ca82c326e584d8d688a7bedd72e06f508088c933485bfbfa222c82aab7fd0,-4.167363324765505,425.8862844793352,181379.1273076132
B2_full,1,2,1,33,8,ce6ca82c326e584d8d688a7bedd72e06f508088c933485bfbfa222c82aab7fd0,-2.8481974369839906,354.00273938931343,125317.93949513817
B2_full,1,3,2,33,8,ce6ca82c326e584d8d688a7bedd72e06f508088c933485bfbfa222c82aab7fd0,-0.13693347652779608,796.7019172373784,634733.9449297147
B2_full,1,4,3,33,8,ce6ca82c326e584d8d688a7bedd72e06f508088c933485bfbfa222c82aab7fd0,-0.3051534315595499,569.4527688006474,324276.4558947236
B2_full,1,5,4,33,8,ce6ca82c326e584d8d688a7bedd72e06f508088c933485bfbfa222c82aab7fd0,-0.032945424523926015,2406.3368340221027,5790456.9587715175
B2_full,2,1,5,32,9,ce6ca82c326e584d8d688a7bedd72e06f508088c933485bfbfa222c82aab7fd0,-0.11792030296149636,2348.2257858911003,5514164.3415238755
B2_full,2,2,6,33,8,ce6ca82c326e584d8d688a7bedd72e06f508088c933485bfbfa222c82aab7fd0,-0.4576602979410238,635.8827616597678,404346.88657605305
B2_full,2,3,7,33,8,ce6ca82c326e584d8d688a7bedd72e06f508088c933485bfbfa222c82aab7fd0,-1.0331621529371242,430.81609417995014,185602.50700446768
B2_full,2,4,8,33,8,ce6ca82c326e584d8d688a7bedd72e06f508088c933485bfbfa222c82aab7fd0,0.15141254562300577,662.7878706440255,439287.7614728415
B2_full,2,5,9,33,8,ce6ca82c326e584d8d688a7bedd72e06f508088c933485bfbfa222c82aab7fd0,-1.3838624497749228,309.378065074208,95714.78714906088
B2_full,3,1,10,32,9,ce6ca82c326e584d8d688a7bedd72e06f508088c933485bfbfa222c82aab7fd0,0.24267821845447368,591.27166270805,349602.179121542
B2_full,3,2,11,33,8,ce6ca82c326e584d8d688a7bedd72e06f508088c933485bfbfa222c82aab7fd0,-2.0704226005868978,343.8934424406167,118262.69975365774
B2_full,3,3,12,33,8,ce6ca82c326e584d8d688a7bedd72e06f508088c933485bfbfa222c82aab7fd0,-0.21398234752285838,2550.013137405647,6502567.00094139
B2_full,3,4,13,33,8,ce6ca82c326e584d8d688a7bedd72e06f508088c933485bfbfa222c82aab7fd0,-0.3389052362260898,388.70604449661096,151092.38902820132
B2_full,3,5,14,33,8,ce6ca82c326e584d8d688a7bedd72e06f508088c933485bfbfa222c82aab7fd0,-12.496779645858041,490.37568497989963,240468.31241950576
B2_full,4,1,15,32,9,ce6ca82c326e584d8d688a7bedd72e06f508088c933485bfbfa222c82aab7fd0,0.18966253154358315,596.984354594526,356390.3196306429
B2_full,4,2,16,33,8,ce6ca82c326e584d8d688a7bedd72e06f508088c933485bfbfa222c82aab7fd0,-0.06342501195352024,2400.7684887562477,5763689.336604958
B2_full,4,3,17,33,8,ce6ca82c326e584d8d688a7bedd72e06f508088c933485bfbfa222c82aab7fd0,-2.6291879470820043,381.17182939026515,145291.96352072142
B2_full,4,4,18,33,8,ce6ca82c326e584d8d688a7bedd72e06f508088c933485bfbfa222c82aab7fd0,-10.195853508344536,370.6585985419534,137387.79667308496
B2_full,4,5,19,33,8,ce6ca82c326e584d8d688a7bedd72e06f508088c933485bfbfa222c82aab7fd0,0.00757861663477799,613.3841606143253,376240.12849254045
B2_full,5,1,20,32,9,ce6ca82c326e584d8d688a7bedd72e06f508088c933485bfbfa222c82aab7fd0,-0.23138894401689458,890.4840726303062,792961.8836082565
B2_full,5,2,21,33,8,ce6ca82c326e584d8d688a7bedd72e06f508088c933485bfbfa222c82aab7fd0,-1.4443453795811871,515.5899383746594,265832.984553185
B2_full,5,3,22,33,8,ce6ca82c326e584d8d688a7bedd72e06f508088c933485bfbfa222c82aab7fd0,-12.186479299399412,586.0316127942667,343433.0511942494
B2_full,5,4,23,33,8,ce6ca82c326e584d8d688a7bedd72e06f508088c933485bfbfa222c82aab7fd0,-0.7922905486768637,243.28944510946494,59189.75410167135
B2_full,5,5,24,33,8,ce6ca82c326e584d8d688a7bedd72e06f508088c933485bfbfa222c82aab7fd0,-0.09466082664531195,2434.8388377242463,5928440.165690358
B2_full,6,1,25,32,9,ce6ca82c326e584d8d688a7bedd72e06f508088c933485bfbfa222c82aab7fd0,-0.4070479943723797,241.1216528178211,58139.65145759785
B2_full,6,2,26,33,8,ce6ca82c326e584d8d688a7bedd72e06f508088c933485bfbfa222c82aab7fd0,0.006838772258954906,451.3128835757325,203683.31888144265
B2_full,6,3,27,33,8,ce6ca82c326e584d8d688a7bedd72e06f508088c933485bfbfa222c82aab7fd0,-0.10704735748076422,2421.852066387832,5865367.4314670125
B2_full,6,4,28,33,8,ce6ca82c326e584d8d688a7bedd72e06f508088c933485bfbfa222c82aab7fd0,-3.34586551989599,684.5410572479744,468596.4590581747
B2_full,6,5,29,33,8,ce6ca82c326e584d8d688a7bedd72e06f508088c933485bfbfa222c82aab7fd0,0.040689166844187774,795.0757998808874,632145.527556233
B2_full,7,1,30,32,9,ce6ca82c326e584d8d688a7bedd72e06f508088c933485bfbfa222c82aab7fd0,-0.3071646155413177,544.7546191012816,296757.5950321824
B2_full,7,2,31,33,8,ce6ca82c326e584d8d688a7bedd72e06f508088c933485bfbfa222c82aab7fd0,-4.773029846086997,418.52542928300403,175163.5349565228
B2_full,7,3,32,33,8,ce6ca82c326e584d8d688a7bedd72e06f508088c933485bfbfa222c82aab7fd0,0.016917438196690004,761.4815207305281,579854.1064140777
B2_full,7,4,33,33,8,ce6ca82c326e584d8d688a7bedd72e06f508088c933485bfbfa222c82aab7fd0,-0.7645691247429511,448.1029433521302,200796.2478408424
B2_full,7,5,34,33,8,ce6ca82c326e584d8d688a7bedd72e06f508088c933485bfbfa222c82aab7fd0,-0.04639417205391538,2409.7256122481053,5806777.526324506
B2_full,8,1,35,32,9,ce6ca82c326e584d8d688a7bedd72e06f508088c933485bfbfa222c82aab7fd0,-1.070314846397935,320.09945154218366,102463.6588776068
B2_full,8,2,36,33,8,ce6ca82c326e584d8d688a7bedd72e06f508088c933485bfbfa222c82aab7fd0,-0.06061961036058894,2421.7872418781562,5865053.444923807
B2_full,8,3,37,33,8,ce6ca82c326e584d8d688a7bedd72e06f508088c933485bfbfa222c82aab7fd0,-18.244485618241878,458.93823484736714,210624.30340481712
B2_full,8,4,38,33,8,ce6ca82c326e584d8d688a7bedd72e06f508088c933485bfbfa222c82aab7fd0,0.22837244915558685,623.7827484896957,389104.9173133589
B2_full,8,5,39,33,8,ce6ca82c326e584d8d688a7bedd72e06f508088c933485bfbfa222c82aab7fd0,-0.14671478094130208,661.9043185570271,438117.3269244423
B2_full,9,1,40,32,9,ce6ca82c326e584d8d688a7bedd72e06f508088c933485bfbfa222c82aab7fd0,-0.2650111807664488,2519.5063303935376,6347912.1488931095
B2_full,9,2,41,33,8,ce6ca82c326e584d8d688a7bedd72e06f508088c933485bfbfa222c82aab7fd0,-5.838543894936426,410.3611113465986,168396.24170561548
B2_full,9,3,42,33,8,ce6ca82c326e584d8d688a7bedd72e06f508088c933485bfbfa222c82aab7fd0,-4.889279343731009,348.3150568170858,121323.37880548972
B2_full,9,4,43,33,8,ce6ca82c326e584d8d688a7bedd72e06f508088c933485bfbfa222c82aab7fd0,-0.466488200941084,550.1753508694532,302692.91670432594
B2_full,9,5,44,33,8,ce6ca82c326e584d8d688a7bedd72e06f508088c933485bfbfa222c82aab7fd0,-1.8251637874454847,446.0006042249188,198916.53896899265
B2_full,10,1,45,32,9,ce6ca82c326e584d8d688a7bedd72e06f508088c933485bfbfa222c82aab7fd0,-0.7430637951678483,388.9802306480316,151305.61983499583
B2_full,10,2,46,33,8,ce6ca82c326e584d8d688a7bedd72e06f508088c933485bfbfa222c82aab7fd0,-3.992501341615653,377.5525811107063,142545.95150335645
B2_full,10,3,47,33,8,ce6ca82c326e584d8d688a7bedd72e06f508088c933485bfbfa222c82aab7fd0,-2.168250139599684,388.39761762255256,150852.70937487457
B2_full,10,4,48,33,8,ce6ca82c326e584d8d688a7bedd72e06f508088c933485bfbfa222c82aab7fd0,-0.22693483642837609,2558.096435535276,6543857.373498285
B2_full,10,5,49,33,8,ce6ca82c326e584d8d688a7bedd72e06f508088c933485bfbfa222c82aab7fd0,0.22296319608673953,616.8115658680061,380456.50778854167
B2_full,11,1,50,32,9,ce6ca82c326e584d8d688a7bedd72e06f508088c933485bfbfa222c82aab7fd0,-0.07963403536748714,2295.966888711817,5271463.95406102
B2_full,11,2,51,33,8,ce6ca82c326e584d8d688a7bedd72e06f508088c933485bfbfa222c82aab7fd0,0.22211982641684458,630.9228625013278,398063.65842686937
B2_full,11,3,52,33,8,ce6ca82c326e584d8d688a7bedd72e06f508088c933485bfbfa222c82aab7fd0,-3.5224408204741415,509.57850339340837,259670.25112066593
B2_full,11,4,53,33,8,ce6ca82c326e584d8d688a7bedd72e06f508088c933485bfbfa222c82aab7fd0,-0.4315804406974275,568.4335754989892,323116.72975456505
B2_full,11,5,54,33,8,ce6ca82c326e584d8d688a7bedd72e06f508088c933485bfbfa222c82aab7fd0,-0.4207882572269892,564.3904189307542,318536.54498083226
B2_full,12,1,55,32,9,ce6ca82c326e584d8d688a7bedd72e06f508088c933485bfbfa222c82aab7fd0,-0.06961125958922931,2291.4886284043473,5250920.134106437
B2_full,12,2,56,33,8,ce6ca82c326e584d8d688a7bedd72e06f508088c933485bfbfa222c82aab7fd0,0.12249047116341893,669.1352460499705,447741.97750635457
B2_full,12,3,57,33,8,ce6ca82c326e584d8d688a7bedd72e06f508088c933485bfbfa222c82aab7fd0,0.015101043361132938,622.9349983518484,388048.0121716175
B2_full,12,4,58,33,8,ce6ca82c326e584d8d688a7bedd72e06f508088c933485bfbfa222c82aab7fd0,-2.7304822055238986,330.62769159860557,109314.67045182263
B2_full,12,5,59,33,8,ce6ca82c326e584d8d688a7bedd72e06f508088c933485bfbfa222c82aab7fd0,-19.695363513856492,531.2713081548897,282249.2028686077
B2_full,13,1,60,32,9,ce6ca82c326e584d8d688a7bedd72e06f508088c933485bfbfa222c82aab7fd0,0.022690536228280322,486.1824572115185,236373.38170023003
B2_full,13,2,61,33,8,ce6ca82c326e584d8d688a7bedd72e06f508088c933485bfbfa222c82aab7fd0,-0.5808946464547555,416.74983015097047,173680.42093086272
B2_full,13,3,62,33,8,ce6ca82c326e584d8d688a7bedd72e06f508088c933485bfbfa222c82aab7fd0,-0.18861848207012466,2495.6998873343064,6228517.927640469
B2_full,13,4,63,33,8,ce6ca82c326e584d8d688a7bedd72e06f508088c933485bfbfa222c82aab7fd0,-2.0245256694756715,280.1046237666106,78458.60025543446
B2_full,13,5,64,33,8,ce6ca82c326e584d8d688a7bedd72e06f508088c933485bfbfa222c82aab7fd0,0.1756954568897081,641.5189307221244,411546.5384748579
B2_full,14,1,65,32,9,ce6ca82c326e584d8d688a7bedd72e06f508088c933485bfbfa222c82aab7fd0,0.09777731876098461,650.0416442348978,422554.1392396095
B2_full,14,2,66,33,8,ce6ca82c326e584d8d688a7bedd72e06f508088c933485bfbfa222c82aab7fd0,-12.237247543975922,371.5683699825292,138063.0535714737
B2_full,14,3,67,33,8,ce6ca82c326e584d8d688a7bedd72e06f508088c933485bfbfa222c82aab7fd0,-3.707837344076121,367.0720134337019,134741.86304627184
B2_full,14,4,68,33,8,ce6ca82c326e584d8d688a7bedd72e06f508088c933485bfbfa222c82aab7fd0,-0.07823181564393433,632.4499620513211,399992.95449871756
B2_full,14,5,69,33,8,ce6ca82c326e584d8d688a7bedd72e06f508088c933485bfbfa222c82aab7fd0,-0.08517045405729151,2435.4221836093975,5931281.212416765
B2_full,15,1,70,32,9,ce6ca82c326e584d8d688a7bedd72e06f508088c933485bfbfa222c82aab7fd0,-0.2795232506449561,2487.209283118471,6186210.018030698
B2_full,15,2,71,33,8,ce6ca82c326e584d8d688a7bedd72e06f508088c933485bfbfa222c82aab7fd0,-2.565933705998972,355.53069346389174,126402.07399491576
B2_full,15,3,72,33,8,ce6ca82c326e584d8d688a7bedd72e06f508088c933485bfbfa222c82aab7fd0,-3.7203318177126574,408.9131622568582,167209.97426690365
B2_full,15,4,73,33,8,ce6ca82c326e584d8d688a7bedd72e06f508088c933485bfbfa222c82aab7fd0,-0.39803315491700086,625.75843384173,391573.6175240548
B2_full,15,5,74,33,8,ce6ca82c326e584d8d688a7bedd72e06f508088c933485bfbfa222c82aab7fd0,-0.9601531919287962,484.2298588325281,234478.55618497013
B2_full,16,1,75,32,9,ce6ca82c326e584d8d688a7bedd72e06f508088c933485bfbfa222c82aab7fd0,-0.1487125482713103,647.1017535113407,418740.6793974519
B2_full,16,2,76,33,8,ce6ca82c326e584d8d688a7bedd72e06f508088c933485bfbfa222c82aab7fd0,-0.06365348029217399,2414.3339487606913,5829008.416138393
B2_full,16,3,77,33,8,ce6ca82c326e584d8d688a7bedd72e06f508088c933485bfbfa222c82aab7fd0,-0.386553089832431,379.60762186946505,144101.94658139077
B2_full,16,4,78,33,8,ce6ca82c326e584d8d688a7bedd72e06f508088c933485bfbfa222c82aab7fd0,-3.4861424014023807,436.7587909963356,190758.24151258077
B2_full,16,5,79,33,8,ce6ca82c326e584d8d688a7bedd72e06f508088c933485bfbfa222c82aab7fd0,0.1546153438504363,655.9598878744532,430283.37450026517
B2_full,17,1,80,32,9,ce6ca82c326e584d8d688a7bedd72e06f508088c933485bfbfa222c82aab7fd0,-0.2717135912368811,518.0596890110944,268385.8413782718
B2_full,17,2,81,33,8,ce6ca82c326e584d8d688a7bedd72e06f508088c933485bfbfa222c82aab7fd0,0.06025699963925679,794.8651262564495,631810.5689386813
B2_full,17,3,82,33,8,ce6ca82c326e584d8d688a7bedd72e06f508088c933485bfbfa222c82aab7fd0,-0.05721248479665286,2392.5966178572867,5724518.575782128
B2_full,17,4,83,33,8,ce6ca82c326e584d8d688a7bedd72e06f508088c933485bfbfa222c82aab7fd0,-3.863170039578802,675.6614845655216,456518.4417252846
B2_full,17,5,84,33,8,ce6ca82c326e584d8d688a7bedd72e06f508088c933485bfbfa222c82aab7fd0,-2.884761948442408,318.1265436679769,101204.4977861332
B2_full,18,1,85,32,9,ce6ca82c326e584d8d688a7bedd72e06f508088c933485bfbfa222c82aab7fd0,-0.08225596437091487,2326.9700551314895,5414789.637478647
B2_full,18,2,86,33,8,ce6ca82c326e584d8d688a7bedd72e06f508088c933485bfbfa222c82aab7fd0,0.1527187121729333,666.8633343693731,444706.7067262383
B2_full,18,3,87,33,8,ce6ca82c326e584d8d688a7bedd72e06f508088c933485bfbfa222c82aab7fd0,-2.2016788899671695,283.3542774426721,80289.64654505881
B2_full,18,4,88,33,8,ce6ca82c326e584d8d688a7bedd72e06f508088c933485bfbfa222c82aab7fd0,-0.14512271226725715,444.9604387992466,197989.7920964181
B2_full,18,5,89,33,8,ce6ca82c326e584d8d688a7bedd72e06f508088c933485bfbfa222c82aab7fd0,-0.8465631137396181,441.44961812641935,194877.76534396148
B2_full,19,1,90,32,9,ce6ca82c326e584d8d688a7bedd72e06f508088c933485bfbfa222c82aab7fd0,0.12787168336472143,562.6385101145593,316562.093063931
B2_full,19,2,91,33,8,ce6ca82c326e584d8d688a7bedd72e06f508088c933485bfbfa222c82aab7fd0,-2.30481823489492,378.51579770722805,143274.2091139392
B2_full,19,3,92,33,8,ce6ca82c326e584d8d688a7bedd72e06f508088c933485bfbfa222c82aab7fd0,-1.8753973197104088,565.1274861304778,319369.0755801534
B2_full,19,4,93,33,8,ce6ca82c326e584d8d688a7bedd72e06f508088c933485bfbfa222c82aab7fd0,0.22141696458120175,616.439713343005,379997.9201864061
B2_full,19,5,94,33,8,ce6ca82c326e584d8d688a7bedd72e06f508088c933485bfbfa222c82aab7fd0,-0.057029544380747144,2386.824792562407,5696932.590390577
B2_full,20,1,95,32,9,ce6ca82c326e584d8d688a7bedd72e06f508088c933485bfbfa222c82aab7fd0,0.07502278262922324,485.42116866011025,235633.7109833472
B2_full,20,2,96,33,8,ce6ca82c326e584d8d688a7bedd72e06f508088c933485bfbfa222c82aab7fd0,-0.18121133325934768,2524.3613376665735,6372400.163105773
B2_full,20,3,97,33,8,ce6ca82c326e584d8d688a7bedd72e06f508088c933485bfbfa222c82aab7fd0,-12.16782290059449,425.0392790840065,180658.38876425198
B2_full,20,4,98,33,8,ce6ca82c326e584d8d688a7bedd72e06f508088c933485bfbfa222c82aab7fd0,0.2364047401691517,584.5520132686049,341701.0562163792
B2_full,20,5,99,33,8,ce6ca82c326e584d8d688a7bedd72e06f508088c933485bfbfa222c82aab7fd0,-2.947199461159944,353.44607336224453,124924.12677518916
B2_no_interactions,1,1,0,32,9,ce6ca82c326e584d8d688a7bedd72e06f508088c933485bfbfa222c82aab7fd0,-1.7911713345565672,313.0058128066581,97972.6388507567
B2_no_interactions,1,2,1,33,8,ce6ca82c326e584d8d688a7bedd72e06f508088c933485bfbfa222c82aab7fd0,-1.4812116205608903,284.2561391268389,80801.5526312968
B2_no_interactions,1,3,2,33,8,ce6ca82c326e584d8d688a7bedd72e06f508088c933485bfbfa222c82aab7fd0,-0.28318256720747215,846.3939698329114,716382.7521695152
B2_no_interactions,1,4,3,33,8,ce6ca82c326e584d8d688a7bedd72e06f508088c933485bfbfa222c82aab7fd0,-0.15491975720990325,535.6767900842186,286949.623434932
B2_no_interactions,1,5,4,33,8,ce6ca82c326e584d8d688a7bedd72e06f508088c933485bfbfa222c82aab7fd0,-0.04810303107920988,2423.9280210756783,5875427.051355854
B2_no_interactions,2,1,5,32,9,ce6ca82c326e584d8d688a7bedd72e06f508088c933485bfbfa222c82aab7fd0,-0.13148130112373946,2362.425498773626,5581054.237255815
B2_no_interactions,2,2,6,33,8,ce6ca82c326e584d8d688a7bedd72e06f508088c933485bfbfa222c82aab7fd0,-0.14240533048940507,562.9359698223855,316896.9061198697
B2_no_interactions,2,3,7,33,8,ce6ca82c326e584d8d688a7bedd72e06f508088c933485bfbfa222c82aab7fd0,-0.7026824829894791,394.2509465646144,155433.80886709446
B2_no_interactions,2,4,8,33,8,ce6ca82c326e584d8d688a7bedd72e06f508088c933485bfbfa222c82aab7fd0,0.10535471480659275,680.536913977564,463130.4912861064
B2_no_interactions,2,5,9,33,8,ce6ca82c326e584d8d688a7bedd72e06f508088c933485bfbfa222c82aab7fd0,-0.9062316639280033,276.65387791163,76537.36816354308
B2_no_interactions,3,1,10,32,9,ce6ca82c326e584d8d688a7bedd72e06f508088c933485bfbfa222c82aab7fd0,0.1260668001793126,635.1641250985374,403433.4658121905
B2_no_interactions,3,2,11,33,8,ce6ca82c326e584d8d688a7bedd72e06f508088c933485bfbfa222c82aab7fd0,-1.4767144239844332,308.8607944242077,95394.99033235271
B2_no_interactions,3,3,12,33,8,ce6ca82c326e584d8d688a7bedd72e06f508088c933485bfbfa222c82aab7fd0,-0.2202839703052737,2556.622962317844,6536320.971450869
B2_no_interactions,3,4,13,33,8,ce6ca82c326e584d8d688a7bedd72e06f508088c933485bfbfa222c82aab7fd0,-0.4127422223578152,399.280257191702,159424.72378307168
B2_no_interactions,3,5,14,33,8,ce6ca82c326e584d8d688a7bedd72e06f508088c933485bfbfa222c82aab7fd0,-3.5457047665962342,284.5866097389112,80989.53844268734
B2_no_interactions,4,1,15,32,9,ce6ca82c326e584d8d688a7bedd72e06f508088c933485bfbfa222c82aab7fd0,0.0831471907824517,635.008881250772,403236.2792673571
B2_no_interactions,4,2,16,33,8,ce6ca82c326e584d8d688a7bedd72e06f508088c933485bfbfa222c82aab7fd0,-0.08964362608285703,2430.1836134537552,5905792.395099151
B2_no_interactions,4,3,17,33,8,ce6ca82c326e584d8d688a7bedd72e06f508088c933485bfbfa222c82aab7fd0,-2.912022662832861,395.74619469321493,156615.05061416
B2_no_interactions,4,4,18,33,8,ce6ca82c326e584d8d688a7bedd72e06f508088c933485bfbfa222c82aab7fd0,-7.7926006352274815,328.4763827680664,107896.73403639326
B2_no_interactions,4,5,19,33,8,ce6ca82c326e584d8d688a7bedd72e06f508088c933485bfbfa222c82aab7fd0,0.0748186733905093,592.2402636138173,350748.5298453638
B2_no_interactions,5,1,20,32,9,ce6ca82c326e584d8d688a7bedd72e06f508088c933485bfbfa222c82aab7fd0,-0.2814790648577177,908.4149833250734,825217.7819294934
B2_no_interactions,5,2,21,33,8,ce6ca82c326e584d8d688a7bedd72e06f508088c933485bfbfa222c82aab7fd0,-0.594700322948321,416.44983025568536,173430.46111998914
B2_no_interactions,5,3,22,33,8,ce6ca82c326e584d8d688a7bedd72e06f508088c933485bfbfa222c82aab7fd0,-5.8171218217641565,421.36372331285827,177547.38732407498
B2_no_interactions,5,4,23,33,8,ce6ca82c326e584d8d688a7bedd72e06f508088c933485bfbfa222c82aab7fd0,-0.6221370071398968,231.4530066171085,53570.49427209928
B2_no_interactions,5,5,24,33,8,ce6ca82c326e584d8d688a7bedd72e06f508088c933485bfbfa222c82aab7fd0,-0.1005574839904475,2441.387956385775,5960375.15358551
B2_no_interactions,6,1,25,32,9,ce6ca82c326e584d8d688a7bedd72e06f508088c933485bfbfa222c82aab7fd0,-0.46843984671295935,246.3257629341054,60676.38148506909
B2_no_interactions,6,2,26,33,8,ce6ca82c326e584d8d688a7bedd72e06f508088c933485bfbfa222c82aab7fd0,0.16975979681359354,412.6384875067841,170270.52137188643
B2_no_interactions,6,3,27,33,8,ce6ca82c326e584d8d688a7bedd72e06f508088c933485bfbfa222c82aab7fd0,-0.11451362243086405,2430.0051971030025,5904925.257947602
B2_no_interactions,6,4,28,33,8,ce6ca82c326e584d8d688a7bedd72e06f508088c933485bfbfa222c82aab7fd0,-2.19727415269092,587.1530187082762,344748.66737824143
B2_no_interactions,6,5,29,33,8,ce6ca82c326e584d8d688a7bedd72e06f508088c933485bfbfa222c82aab7fd0,-0.031832929109112174,824.5814340114133,679934.5413163188
B2_no_interactions,7,1,30,32,9,ce6ca82c326e584d8d688a7bedd72e06f508088c933485bfbfa222c82aab7fd0,-0.03967383498305743,485.8300090220448,236030.79766636016
B2_no_interactions,7,2,31,33,8,ce6ca82c326e584d8d688a7bedd72e06f508088c933485bfbfa222c82aab7fd0,-1.6453671194963788,283.3106658153285,80264.93336472474
B2_no_interactions,7,3,32,33,8,ce6ca82c326e584d8d688a7bedd72e06f508088c933485bfbfa222c82aab7fd0,-0.03494761822990822,781.3103132186102,610445.8055417628
B2_no_interactions,7,4,33,33,8,ce6ca82c326e584d8d688a7bedd72e06f508088c933485bfbfa222c82aab7fd0,-0.5043116329872817,413.7398623007255,171180.67365662332
B2_no_interactions,7,5,34,33,8,ce6ca82c326e584d8d688a7bedd72e06f508088c933485bfbfa222c82aab7fd0,-0.06529137773350735,2431.387298103894,5911644.193380955
B2_no_interactions,8,1,35,32,9,ce6ca82c326e584d8d688a7bedd72e06f508088c933485bfbfa222c82aab7fd0,-0.6503855119815107,285.798163025471,81680.5899887337
B2_no_interactions,8,2,36,33,8,ce6ca82c326e584d8d688a7bedd72e06f508088c933485bfbfa222c82aab7fd0,-0.06495098840647895,2426.7272733077066,5889005.259015457
B2_no_interactions,8,3,37,33,8,ce6ca82c326e584d8d688a7bedd72e06f508088c933485bfbfa222c82aab7fd0,-10.919559756901455,361.18623840206203,130455.4988110312
B2_no_interactions,8,4,38,33,8,ce6ca82c326e584d8d688a7bedd72e06f508088c933485bfbfa222c82aab7fd0,0.16835375233677463,647.5880304345318,419370.25716207613
B2_no_interactions,8,5,39,33,8,ce6ca82c326e584d8d688a7bedd72e06f508088c933485bfbfa222c82aab7fd0,-0.13791771706981337,659.360519004787,434756.294022262
B2_no_interactions,9,1,40,32,9,ce6ca82c326e584d8d688a7bedd72e06f508088c933485bfbfa222c82aab7fd0,-0.26138029254036566,2515.887935661697,6329692.104808075
B2_no_interactions,9,2,41,33,8,ce6ca82c326e584d8d688a7bedd72e06f508088c933485bfbfa222c82aab7fd0,-4.384109213290485,364.1172954018482,132581.4048107568
B2_no_interactions,9,3,42,33,8,ce6ca82c326e584d8d688a7bedd72e06f508088c933485bfbfa222c82aab7fd0,-5.282607236780915,359.7585517158871,129426.21553271264
B2_no_interactions,9,4,43,33,8,ce6ca82c326e584d8d688a7bedd72e06f508088c933485bfbfa222c82aab7fd0,-0.20331450511154125,498.36945713088096,248372.115800929
B2_no_interactions,9,5,44,33,8,ce6ca82c326e584d8d688a7bedd72e06f508088c933485bfbfa222c82aab7fd0,-1.3119003878841116,403.45786921976185,162778.25223535043
B2_no_interactions,10,1,45,32,9,ce6ca82c326e584d8d688a7bedd72e06f508088c933485bfbfa222c82aab7fd0,-0.4692730160812777,357.1265510982002,127539.37349929538
B2_no_interactions,10,2,46,33,8,ce6ca82c326e584d8d688a7bedd72e06f508088c933485bfbfa222c82aab7fd0,-3.668836746534584,365.1091296253725,133304.67653579704
B2_no_interactions,10,3,47,33,8,ce6ca82c326e584d8d688a7bedd72e06f508088c933485bfbfa222c82aab7fd0,-0.6477016683696364,280.0954904541282,78453.48377273863
B2_no_interactions,10,4,48,33,8,ce6ca82c326e584d8d688a7bedd72e06f508088c933485bfbfa222c82aab7fd0,-0.2426287016808384,2574.4049039026763,6627560.609238149
B2_no_interactions,10,5,49,33,8,ce6ca82c326e584d8d688a7bedd72e06f508088c933485bfbfa222c82aab7fd0,0.15713772654004243,642.4066404403504,412686.2916818577
B2_no_interactions,11,1,50,32,9,ce6ca82c326e584d8d688a7bedd72e06f508088c933485bfbfa222c82aab7fd0,-0.09196704956323654,2309.043442259125,5331681.61823987
B2_no_interactions,11,2,51,33,8,ce6ca82c326e584d8d688a7bedd72e06f508088c933485bfbfa222c82aab7fd0,0.08352410935602006,684.8263087638949,468987.0731751814
B2_no_interactions,11,3,52,33,8,ce6ca82c326e584d8d688a7bedd72e06f508088c933485bfbfa222c82aab7fd0,-3.4129353224764385,503.3712808845649,253382.64641936752
B2_no_interactions,11,4,53,33,8,ce6ca82c326e584d8d688a7bedd72e06f508088c933485bfbfa222c82aab7fd0,0.12342554801650207,444.8015057267735,197848.3794968049
B2_no_interactions,11,5,54,33,8,ce6ca82c326e584d8d688a7bedd72e06f508088c933485bfbfa222c82aab7fd0,-0.14242507943278526,506.0912367552098,256128.3399204178
B2_no_interactions,12,1,55,32,9,ce6ca82c326e584d8d688a7bedd72e06f508088c933485bfbfa222c82aab7fd0,-0.08036342342152869,2302.9773123865198,5303704.501367037
B2_no_interactions,12,2,56,33,8,ce6ca82c326e584d8d688a7bedd72e06f508088c933485bfbfa222c82aab7fd0,0.01001738536534591,710.7252908486379,505130.4390518809
B2_no_interactions,12,3,57,33,8,ce6ca82c326e584d8d688a7bedd72e06f508088c933485bfbfa222c82aab7fd0,0.10349750318086426,594.3231464189802,353220.0023693566
B2_no_interactions,12,4,58,33,8,ce6ca82c326e584d8d688a7bedd72e06f508088c933485bfbfa222c82aab7fd0,-1.8617893534883292,289.5846719306067,83859.2822171571
B2_no_interactions,12,5,59,33,8,ce6ca82c326e584d8d688a7bedd72e06f508088c933485bfbfa222c82aab7fd0,-9.054212562673,370.3001293767656,137122.18581644935
B2_no_interactions,13,1,60,32,9,ce6ca82c326e584d8d688a7bedd72e06f508088c933485bfbfa222c82aab7fd0,0.08695079220477131,469.92691957287497,220831.3097392513
B2_no_interactions,13,2,61,33,8,ce6ca82c326e584d8d688a7bedd72e06f508088c933485bfbfa222c82aab7fd0,-0.32406705722267004,381.39847950895756,145464.80017174472
B2_no_interactions,13,3,62,33,8,ce6ca82c326e584d8d688a7bedd72e06f508088c933485bfbfa222c82aab7fd0,-0.2015248175791251,2509.21279116406,6296148.831341333
B2_no_interactions,13,4,63,33,8,ce6ca82c326e584d8d688a7bedd72e06f508088c933485bfbfa222c82aab7fd0,-2.4510206299079393,299.20263798505687,89522.21857721699
B2_no_interactions,13,5,64,33,8,ce6ca82c326e584d8d688a7bedd72e06f508088c933485bfbfa222c82aab7fd0,0.0970170872552586,671.4371952544038,450827.90717110044
B2_no_interactions,14,1,65,32,9,ce6ca82c326e584d8d688a7bedd72e06f508088c933485bfbfa222c82aab7fd0,0.021403124340791058,676.9961863214629,458323.83629380487
B2_no_interactions,14,2,66,33,8,ce6ca82c326e584d8d688a7bedd72e06f508088c933485bfbfa222c82aab7fd0,-8.906690514001824,321.4431608158966,103325.70563531434
B2_no_interactions,14,3,67,33,8,ce6ca82c326e584d8d688a7bedd72e06f508088c933485bfbfa222c82aab7fd0,-2.1477972448152216,300.153854384963,90092.33630214955
B2_no_interactions,14,4,68,33,8,ce6ca82c326e584d8d688a7bedd72e06f508088c933485bfbfa222c82aab7fd0,0.11458749055290962,573.1165190304297,328462.5443855569
B2_no_interactions,14,5,69,33,8,ce6ca82c326e584d8d688a7bedd72e06f508088c933485bfbfa222c82aab7fd0,-0.08644019830080385,2436.846595429506,5938221.329656376
B2_no_interactions,15,1,70,32,9,ce6ca82c326e584d8d688a7bedd72e06f508088c933485bfbfa222c82aab7fd0,-0.2656574299635286,2473.695992316294,6119171.862401695
B2_no_interactions,15,2,71,33,8,ce6ca82c326e584d8d688a7bedd72e06f508088c933485bfbfa222c82aab7fd0,-1.8931052838029427,320.23779493498654,102552.24530482249
B2_no_interactions,15,3,72,33,8,ce6ca82c326e584d8d688a7bedd72e06f508088c933485bfbfa222c82aab7fd0,-1.1352499800297093,275.02311007744873,75637.71107667248
B2_no_interactions,15,4,73,33,8,ce6ca82c326e584d8d688a7bedd72e06f508088c933485bfbfa222c82aab7fd0,0.004203607105049634,528.1207733196026,278911.55121169507
B2_no_interactions,15,5,74,33,8,ce6ca82c326e584d8d688a7bedd72e06f508088c933485bfbfa222c82aab7fd0,-1.0902101235375694,500.03629885953774,250036.30017714493
B2_no_interactions,16,1,75,32,9,ce6ca82c326e584d8d688a7bedd72e06f508088c933485bfbfa222c82aab7fd0,-0.016547096955611185,608.7383268464094,370562.3505717661
B2_no_interactions,16,2,76,33,8,ce6ca82c326e584d8d688a7bedd72e06f508088c933485bfbfa222c82aab7fd0,-0.07548054557506223,2427.71967430783,5893822.817021316
B2_no_interactions,16,3,77,33,8,ce6ca82c326e584d8d688a7bedd72e06f508088c933485bfbfa222c82aab7fd0,-0.27746066237735745,364.3681771993116,132764.16855554894
B2_no_interactions,16,4,78,33,8,ce6ca82c326e584d8d688a7bedd72e06f508088c933485bfbfa222c82aab7fd0,-2.202971187168851,369.04696965361734,136195.66581051797
B2_no_interactions,16,5,79,33,8,ce6ca82c326e584d8d688a7bedd72e06f508088c933485bfbfa222c82aab7fd0,0.06020970515994217,691.6168735474042,478333.89977548615
B2_no_interactions,17,1,80,32,9,ce6ca82c326e584d8d688a7bedd72e06f508088c933485bfbfa222c82aab7fd0,-0.07457350456882761,476.21515057202333,226780.86963433484
B2_no_interactions,17,2,81,33,8,ce6ca82c326e584d8d688a7bedd72e06f508088c933485bfbfa222c82aab7fd0,-0.03258409651020555,833.204504977375,694229.7471145926
B2_no_interactions,17,3,82,33,8,ce6ca82c326e584d8d688a7bedd72e06f508088c933485bfbfa222c82aab7fd0,-0.0785813365136705,2416.655769087377,5840225.106263301
B2_no_interactions,17,4,83,33,8,ce6ca82c326e584d8d688a7bedd72e06f508088c933485bfbfa222c82aab7fd0,-2.1496115130374553,543.7483227302946,295662.23847200855
B2_no_interactions,17,5,84,33,8,ce6ca82c326e584d8d688a7bedd72e06f508088c933485bfbfa222c82aab7fd0,-1.3106119511667118,245.3472582619699,60195.277136665754
B2_no_interactions,18,1,85,32,9,ce6ca82c326e584d8d688a7bedd72e06f508088c933485bfbfa222c82aab7fd0,-0.10060379265854191,2346.6120859513994,5506588.281933177
B2_no_interactions,18,2,86,33,8,ce6ca82c326e584d8d688a7bedd72e06f508088c933485bfbfa222c82aab7fd0,0.10785012693613194,684.2927536564674,468256.5727067508
B2_no_interactions,18,3,87,33,8,ce6ca82c326e584d8d688a7bedd72e06f508088c933485bfbfa222c82aab7fd0,-1.4938624648837728,250.078949365524,62539.48091576432
B2_no_interactions,18,4,88,33,8,ce6ca82c326e584d8d688a7bedd72e06f508088c933485bfbfa222c82aab7fd0,0.07970719300036777,398.89482247295837,159117.07939573296
B2_no_interactions,18,5,89,33,8,ce6ca82c326e584d8d688a7bedd72e06f508088c933485bfbfa222c82aab7fd0,-0.45240891925213744,391.5105965610344,153280.54721957704
B2_no_interactions,19,1,90,32,9,ce6ca82c326e584d8d688a7bedd72e06f508088c933485bfbfa222c82aab7fd0,0.14882420714038036,555.8388427395771,308956.81909807236
B2_no_interactions,19,2,91,33,8,ce6ca82c326e584d8d688a7bedd72e06f508088c933485bfbfa222c82aab7fd0,-2.5074478910403775,389.9472254094403,152058.83860452083
B2_no_interactions,19,3,92,33,8,ce6ca82c326e584d8d688a7bedd72e06f508088c933485bfbfa222c82aab7fd0,-1.060701534133735,478.4152843992203,228881.18434678682
B2_no_interactions,19,4,93,33,8,ce6ca82c326e584d8d688a7bedd72e06f508088c933485bfbfa222c82aab7fd0,0.09538918495867665,664.4602868118387,441507.47275007097
B2_no_interactions,19,5,94,33,8,ce6ca82c326e584d8d688a7bedd72e06f508088c933485bfbfa222c82aab7fd0,-0.0795438999861402,2412.1101219759194,5818275.240538685
B2_no_interactions,20,1,95,32,9,ce6ca82c326e584d8d688a7bedd72e06f508088c933485bfbfa222c82aab7fd0,0.09107727561420076,481.1900896768764,231543.90240324035
B2_no_interactions,20,2,96,33,8,ce6ca82c326e584d8d688a7bedd72e06f508088c933485bfbfa222c82aab7fd0,-0.18901077609390016,2532.6817023947947,6414476.605645395
B2_no_interactions,20,3,97,33,8,ce6ca82c326e584d8d688a7bedd72e06f508088c933485bfbfa222c82aab7fd0,-6.92631516406411,329.76741975759853,108746.55113358419
B2_no_interactions,20,4,98,33,8,ce6ca82c326e584d8d688a7bedd72e06f508088c933485bfbfa222c82aab7fd0,0.10960261685052197,631.2239756161641,398443.70739267574
B2_no_interactions,20,5,99,33,8,ce6ca82c326e584d8d688a7bedd72e06f508088c933485bfbfa222c82aab7fd0,-1.9457067410504698,305.3327428495603,93228.08385603571
B2_no_IV1_interactions,1,1,0,32,9,ce6ca82c326e584d8d688a7bedd72e06f508088c933485bfbfa222c82aab7fd0,-1.8954433225155114,318.798807960167,101632.67995682341
B2_no_IV1_interactions,1,2,1,33,8,ce6ca82c326e584d8d688a7bedd72e06f508088c933485bfbfa222c82aab7fd0,-2.0078658232112194,312.9732208462078,97952.23696684919
B2_no_IV1_interactions,1,3,2,33,8,ce6ca82c326e584d8d688a7bedd72e06f508088c933485bfbfa222c82aab7fd0,-0.22065549776141258,825.5148515099373,681474.770063474
B2_no_IV1_interactions,1,4,3,33,8,ce6ca82c326e584d8d688a7bedd72e06f508088c933485bfbfa222c82aab7fd0,-0.05529454427314229,512.0516507889084,262196.89307564625
B2_no_IV1_interactions,1,5,4,33,8,ce6ca82c326e584d8d688a7bedd72e06f508088c933485bfbfa222c82aab7fd0,-0.03690079308745142,2410.9396207131754,5812629.854724591
B2_no_IV1_interactions,2,1,5,32,9,ce6ca82c326e584d8d688a7bedd72e06f508088c933485bfbfa222c82aab7fd0,-0.11416288926702456,2344.2761831809175,5495630.823029291
B2_no_IV1_interactions,2,2,6,33,8,ce6ca82c326e584d8d688a7bedd72e06f508088c933485bfbfa222c82aab7fd0,-0.10250735962042756,553.0184718094256,305829.4301624324
B2_no_IV1_interactions,2,3,7,33,8,ce6ca82c326e584d8d688a7bedd72e06f508088c933485bfbfa222c82aab7fd0,-0.6693487739011026,390.3727120861468,152390.85434149366
B2_no_IV1_interactions,2,4,8,33,8,ce6ca82c326e584d8d688a7bedd72e06f508088c933485bfbfa222c82aab7fd0,0.050419801739413406,701.1195439969516,491568.61497449334
B2_no_IV1_interactions,2,5,9,33,8,ce6ca82c326e584d8d688a7bedd72e06f508088c933485bfbfa222c82aab7fd0,-1.144274301719237,293.4195812472896,86095.0506593348
B2_no_IV1_interactions,3,1,10,32,9,ce6ca82c326e584d8d688a7bedd72e06f508088c933485bfbfa222c82aab7fd0,0.16607059370562105,620.4567101154217,384966.5291272525
B2_no_IV1_interactions,3,2,11,33,8,ce6ca82c326e584d8d688a7bedd72e06f508088c933485bfbfa222c82aab7fd0,-1.8118516846685058,329.09480157476906,108303.38842353661
B2_no_IV1_interactions,3,3,12,33,8,ce6ca82c326e584d8d688a7bedd72e06f508088c933485bfbfa222c82aab7fd0,-0.21875032479515388,2555.015883082583,6528106.162804272
B2_no_IV1_interactions,3,4,13,33,8,ce6ca82c326e584d8d688a7bedd72e06f508088c933485bfbfa222c82aab7fd0,-0.3609330835696556,391.8905218861586,153578.18114420574
B2_no_IV1_interactions,3,5,14,33,8,ce6ca82c326e584d8d688a7bedd72e06f508088c933485bfbfa222c82aab7fd0,-4.578149161906075,315.25276960725967,99384.30874504794
B2_no_IV1_interactions,4,1,15,32,9,ce6ca82c326e584d8d688a7bedd72e06f508088c933485bfbfa222c82aab7fd0,0.09654490417462525,630.3522034706019,397343.90042024315
B2_no_IV1_interactions,4,2,16,33,8,ce6ca82c326e584d8d688a7bedd72e06f508088c933485bfbfa222c82aab7fd0,-0.08538562147133733,2425.4307467577605,5882714.307317909
B2_no_IV1_interactions,4,3,17,33,8,ce6ca82c326e584d8d688a7bedd72e06f508088c933485bfbfa222c82aab7fd0,-3.6118183181933894,429.68694764041174,184630.87297253392
B2_no_IV1_interactions,4,4,18,33,8,ce6ca82c326e584d8d688a7bedd72e06f508088c933485bfbfa222c82aab7fd0,-9.364950159629307,356.63920639782833,127191.52354007281
B2_no_IV1_interactions,4,5,19,33,8,ce6ca82c326e584d8d688a7bedd72e06f508088c933485bfbfa222c82aab7fd0,0.12275594868271167,576.6930483754066,332574.87204451906
B2_no_IV1_interactions,5,1,20,32,9,ce6ca82c326e584d8d688a7bedd72e06f508088c933485bfbfa222c82aab7fd0,-0.2597339165966075,900.6746556055945,811214.8352502561
B2_no_IV1_interactions,5,2,21,33,8,ce6ca82c326e584d8d688a7bedd72e06f508088c933485bfbfa222c82aab7fd0,-0.7362326205816405,434.5373425697516,188822.70208758165
B2_no_IV1_interactions,5,3,22,33,8,ce6ca82c326e584d8d688a7bedd72e06f508088c933485bfbfa222c82aab7fd0,-6.393603275984081,438.8182562175739,192561.46198983234
B2_no_IV1_interactions,5,4,23,33,8,ce6ca82c326e584d8d688a7bedd72e06f508088c933485bfbfa222c82aab7fd0,-1.356647144576515,278.97567771871485,77827.42875861625
B2_no_IV1_interactions,5,5,24,33,8,ce6ca82c326e584d8d688a7bedd72e06f508088c933485bfbfa222c82aab7fd0,-0.10487774031728803,2446.1751170593375,5983772.703320263
B2_no_IV1_interactions,6,1,25,32,9,ce6ca82c326e584d8d688a7bedd72e06f508088c933485bfbfa222c82aab7fd0,-0.6764795194637971,263.1969682463408,69272.64409406533
B2_no_IV1_interactions,6,2,26,33,8,ce6ca82c326e584d8d688a7bedd72e06f508088c933485bfbfa222c82aab7fd0,0.0804088677114706,434.2754114639936,188595.13300222094
B2_no_IV1_interactions,6,3,27,33,8,ce6ca82c326e584d8d688a7bedd72e06f508088c933485bfbfa222c82aab7fd0,-0.12527592343316107,2441.709681718786,5961946.169799256
B2_no_IV1_interactions,6,4,28,33,8,ce6ca82c326e584d8d688a7bedd72e06f508088c933485bfbfa222c82aab7fd0,-2.1173012382070566,579.7633338649944,336125.5232942529
B2_no_IV1_interactions,6,5,29,33,8,ce6ca82c326e584d8d688a7bedd72e06f508088c933485bfbfa222c82aab7fd0,-0.030045959562439606,823.8671030426294,678757.0034758546
B2_no_IV1_interactions,7,1,30,32,9,ce6ca82c326e584d8d688a7bedd72e06f508088c933485bfbfa222c82aab7fd0,0.035276329092191805,467.99072630883995,219015.31991107555
B2_no_IV1_interactions,7,2,31,33,8,ce6ca82c326e584d8d688a7bedd72e06f508088c933485bfbfa222c82aab7fd0,-2.0388912346165347,303.65296587785247,92205.12368641625
B2_no_IV1_interactions,7,3,32,33,8,ce6ca82c326e584d8d688a7bedd72e06f508088c933485bfbfa222c82aab7fd0,-0.018901390642048543,775.229784004604,600981.218007825
B2_no_IV1_interactions,7,4,33,33,8,ce6ca82c326e584d8d688a7bedd72e06f508088c933485bfbfa222c82aab7fd0,-0.8567383136700097,459.6569258071458,211284.48944247593
B2_no_IV1_interactions,7,5,34,33,8,ce6ca82c326e584d8d688a7bedd72e06f508088c933485bfbfa222c82aab7fd0,-0.06872311034488865,2435.300388135144,5930687.980451184
B2_no_IV1_interactions,8,1,35,32,9,ce6ca82c326e584d8d688a7bedd72e06f508088c933485bfbfa222c82aab7fd0,-0.8528152488915903,302.81876920993176,91699.2069858179
B2_no_IV1_interactions,8,2,36,33,8,ce6ca82c326e584d8d688a7bedd72e06f508088c933485bfbfa222c82aab7fd0,-0.0705223914295563,2433.066831997698,5919814.208967315
B2_no_IV1_interactions,8,3,37,33,8,ce6ca82c326e584d8d688a7bedd72e06f508088c933485bfbfa222c82aab7fd0,-12.9999222143412,391.43882451139916,153224.35333486597
B2_no_IV1_interactions,8,4,38,33,8,ce6ca82c326e584d8d688a7bedd72e06f508088c933485bfbfa222c82aab7fd0,0.16665264715412142,648.2500021585381,420228.06529854465
B2_no_IV1_interactions,8,5,39,33,8,ce6ca82c326e584d8d688a7bedd72e06f508088c933485bfbfa222c82aab7fd0,-0.07171789877879076,639.8935776185069,409463.7906774122
B2_no_IV1_interactions,9,1,40,32,9,ce6ca82c326e584d8d688a7bedd72e06f508088c933485bfbfa222c82aab7fd0,-0.2742413483627322,2528.681426694715,6394229.757710818
B2_no_IV1_interactions,9,2,41,33,8,ce6ca82c326e584d8d688a7bedd72e06f508088c933485bfbfa222c82aab7fd0,-4.0934130376482365,354.15128805746,125423.13483275803
B2_no_IV1_interactions,9,3,42,33,8,ce6ca82c326e584d8d688a7bedd72e06f508088c933485bfbfa222c82aab7fd0,-4.794023139348512,345.4866606235784,119361.03266883164
B2_no_IV1_interactions,9,4,43,33,8,ce6ca82c326e584d8d688a7bedd72e06f508088c933485bfbfa222c82aab7fd0,-0.5082741174348331,557.9586075522649,311317.8077416623
B2_no_IV1_interactions,9,5,44,33,8,ce6ca82c326e584d8d688a7bedd72e06f508088c933485bfbfa222c82aab7fd0,-1.1211743999395831,386.457571252989,149349.45437875908
B2_no_IV1_interactions,10,1,45,32,9,ce6ca82c326e584d8d688a7bedd72e06f508088c933485bfbfa222c82aab7fd0,-0.5552063282811628,367.4217790801926,134998.76374245386
B2_no_IV1_interactions,10,2,46,33,8,ce6ca82c326e584d8d688a7bedd72e06f508088c933485bfbfa222c82aab7fd0,-3.917211065275292,374.694892854215,140396.2627310317
B2_no_IV1_interactions,10,3,47,33,8,ce6ca82c326e584d8d688a7bedd72e06f508088c933485bfbfa222c82aab7fd0,-1.9426137451660535,374.3117460273253,140109.28321402485
B2_no_IV1_interactions,10,4,48,33,8,ce6ca82c326e584d8d688a7bedd72e06f508088c933485bfbfa222c82aab7fd0,-0.24015699118192746,2571.843257362166,6614377.740439235
B2_no_IV1_interactions,10,5,49,33,8,ce6ca82c326e584d8d688a7bedd72e06f508088c933485bfbfa222c82aab7fd0,0.16833383715288686,638.125691382002,407204.398001758
B2_no_IV1_interactions,11,1,50,32,9,ce6ca82c326e584d8d688a7bedd72e06f508088c933485bfbfa222c82aab7fd0,-0.08631923538328068,2303.0643449023055,5304105.376760285
B2_no_IV1_interactions,11,2,51,33,8,ce6ca82c326e584d8d688a7bedd72e06f508088c933485bfbfa222c82aab7fd0,0.14309161842541485,662.196847989498,438504.66548722633
B2_no_IV1_interactions,11,3,52,33,8,ce6ca82c326e584d8d688a7bedd72e06f508088c933485bfbfa222c82aab7fd0,-3.7433420824107726,521.8754603582038,272353.99612408713
B2_no_IV1_interactions,11,4,53,33,8,ce6ca82c326e584d8d688a7bedd72e06f508088c933485bfbfa222c82aab7fd0,-0.6155737295451129,603.85857192769,364645.1748905492
B2_no_IV1_interactions,11,5,54,33,8,ce6ca82c326e584d8d688a7bedd72e06f508088c933485bfbfa222c82aab7fd0,0.0763903218421299,455.0500753416022,207070.57106839787
B2_no_IV1_interactions,12,1,55,32,9,ce6ca82c326e584d8d688a7bedd72e06f508088c933485bfbfa222c82aab7fd0,-0.07714453578883274,2299.5439514674085,5287902.384730344
B2_no_IV1_interactions,12,2,56,33,8,ce6ca82c326e584d8d688a7bedd72e06f508088c933485bfbfa222c82aab7fd0,0.021759415967613438,706.4978167540031,499139.1650781729
B2_no_IV1_interactions,12,3,57,33,8,ce6ca82c326e584d8d688a7bedd72e06f508088c933485bfbfa222c82aab7fd0,0.15184428140703754,578.0756685766901,334171.4786003872
B2_no_IV1_interactions,12,4,58,33,8,ce6ca82c326e584d8d688a7bedd72e06f508088c933485bfbfa222c82aab7fd0,-2.480293167314021,319.34833264994467,101983.35756629973
B2_no_IV1_interactions,12,5,59,33,8,ce6ca82c326e584d8d688a7bedd72e06f508088c933485bfbfa222c82aab7fd0,-11.106174177544828,406.33411977258356,165107.41689136028
B2_no_IV1_interactions,13,1,60,32,9,ce6ca82c326e584d8d688a7bedd72e06f508088c933485bfbfa222c82aab7fd0,0.06285347007177222,476.08772352257654,226659.5204889093
B2_no_IV1_interactions,13,2,61,33,8,ce6ca82c326e584d8d688a7bedd72e06f508088c933485bfbfa222c82aab7fd0,-0.5040699004293936,406.49759195136056,165240.29226225484
B2_no_IV1_interactions,13,3,62,33,8,ce6ca82c326e584d8d688a7bedd72e06f508088c933485bfbfa222c82aab7fd0,-0.1910548214599761,2498.256325523292,6241284.668017142
B2_no_IV1_interactions,13,4,63,33,8,ce6ca82c326e584d8d688a7bedd72e06f508088c933485bfbfa222c82aab7fd0,-2.4484834742097514,299.09263237575476,89456.40274145838
B2_no_IV1_interactions,13,5,64,33,8,ce6ca82c326e584d8d688a7bedd72e06f508088c933485bfbfa222c82aab7fd0,0.16756854793610654,644.6735770626435,415604.02096274414
B2_no_IV1_interactions,14,1,65,32,9,ce6ca82c326e584d8d688a7bedd72e06f508088c933485bfbfa222c82aab7fd0,0.04828590153617651,667.6326406206465,445733.34282209736
B2_no_IV1_interactions,14,2,66,33,8,ce6ca82c326e584d8d688a7bedd72e06f508088c933485bfbfa222c82aab7fd0,-11.160836408563389,356.1407058847992,126836.20238812306
B2_no_IV1_interactions,14,3,67,33,8,ce6ca82c326e584d8d688a7bedd72e06f508088c933485bfbfa222c82aab7fd0,-3.3528323094450494,352.96083442308947,124581.35063664358
B2_no_IV1_interactions,14,4,68,33,8,ce6ca82c326e584d8d688a7bedd72e06f508088c933485bfbfa222c82aab7fd0,0.08426381584765774,582.8479685913431,339711.7544910554
B2_no_IV1_interactions,14,5,69,33,8,ce6ca82c326e584d8d688a7bedd72e06f508088c933485bfbfa222c82aab7fd0,-0.10792848826790591,2460.827333330309,6055671.164465561
B2_no_IV1_interactions,15,1,70,32,9,ce6ca82c326e584d8d688a7bedd72e06f508088c933485bfbfa222c82aab7fd0,-0.27321085804294043,2481.0665056217717,6155691.005318229
B2_no_IV1_interactions,15,2,71,33,8,ce6ca82c326e584d8d688a7bedd72e06f508088c933485bfbfa222c82aab7fd0,-1.8010516169308266,315.10190111056414,99289.20808349173
B2_no_IV1_interactions,15,3,72,33,8,ce6ca82c326e584d8d688a7bedd72e06f508088c933485bfbfa222c82aab7fd0,-1.772989371039933,313.41438677457285,98228.57783728155
B2_no_IV1_interactions,15,4,73,33,8,ce6ca82c326e584d8d688a7bedd72e06f508088c933485bfbfa222c82aab7fd0,-0.05207008995114637,542.8380892047292,294673.19109144143
B2_no_IV1_interactions,15,5,74,33,8,ce6ca82c326e584d8d688a7bedd72e06f508088c933485bfbfa222c82aab7fd0,-1.278002813131248,522.0158462508108,272500.54373695015
B2_no_IV1_interactions,16,1,75,32,9,ce6ca82c326e584d8d688a7bedd72e06f508088c933485bfbfa222c82aab7fd0,-0.0667258646950275,623.581621251557,388854.03836272017
B2_no_IV1_interactions,16,2,76,33,8,ce6ca82c326e584d8d688a7bedd72e06f508088c933485bfbfa222c82aab7fd0,-0.07753517741141058,2430.0375637780407,5905082.5613723155
B2_no_IV1_interactions,16,3,77,33,8,ce6ca82c326e584d8d688a7bedd72e06f508088c933485bfbfa222c82aab7fd0,-0.7190904286599857,422.6842187521635,178661.9487821268
B2_no_IV1_interactions,16,4,78,33,8,ce6ca82c326e584d8d688a7bedd72e06f508088c933485bfbfa222c82aab7fd0,-2.922153448675126,408.3827770068252,166776.49255580633
B2_no_IV1_interactions,16,5,79,33,8,ce6ca82c326e584d8d688a7bedd72e06f508088c933485bfbfa222c82aab7fd0,0.03676581632969245,700.1902286025962,490266.35623055603
B2_no_IV1_interactions,17,1,80,32,9,ce6ca82c326e584d8d688a7bedd72e06f508088c933485bfbfa222c82aab7fd0,-0.3169183629162997,527.1868524838025,277925.97743177845
B2_no_IV1_interactions,17,2,81,33,8,ce6ca82c326e584d8d688a7bedd72e06f508088c933485bfbfa222c82aab7fd0,-0.02160778181152656,828.764213377005,686850.1213744059
B2_no_IV1_interactions,17,3,82,33,8,ce6ca82c326e584d8d688a7bedd72e06f508088c933485bfbfa222c82aab7fd0,-0.07133145217479386,2408.5200748355487,5800968.950885838
B2_no_IV1_interactions,17,4,83,33,8,ce6ca82c326e584d8d688a7bedd72e06f508088c933485bfbfa222c82aab7fd0,-1.9765825581207723,528.6015131252749,279419.5596783302
B2_no_IV1_interactions,17,5,84,33,8,ce6ca82c326e584d8d688a7bedd72e06f508088c933485bfbfa222c82aab7fd0,-3.826172622658466,354.5839938149883,125729.80866978764
B2_no_IV1_interactions,18,1,85,32,9,ce6ca82c326e584d8d688a7bedd72e06f508088c933485bfbfa222c82aab7fd0,-0.10355570159499417,2349.756881002478,5521357.399818495
B2_no_IV1_interactions,18,2,86,33,8,ce6ca82c326e584d8d688a7bedd72e06f508088c933485bfbfa222c82aab7fd0,0.043516855440504876,708.5356270476105,502022.7347957507
B2_no_IV1_interactions,18,3,87,33,8,ce6ca82c326e584d8d688a7bedd72e06f508088c933485bfbfa222c82aab7fd0,-2.9972407296740067,316.6073835484465,100240.23531739309
B2_no_IV1_interactions,18,4,88,33,8,ce6ca82c326e584d8d688a7bedd72e06f508088c933485bfbfa222c82aab7fd0,-0.01720999784805599,419.37322134801457,175873.89878381084
B2_no_IV1_interactions,18,5,89,33,8,ce6ca82c326e584d8d688a7bedd72e06f508088c933485bfbfa222c82aab7fd0,-0.5174077137333728,400.1752373526286,160140.22059023264
B2_no_IV1_interactions,19,1,90,32,9,ce6ca82c326e584d8d688a7bedd72e06f508088c933485bfbfa222c82aab7fd0,0.17794383981092943,546.2481820975044,298387.0764448283
B2_no_IV1_interactions,19,2,91,33,8,ce6ca82c326e584d8d688a7bedd72e06f508088c933485bfbfa222c82aab7fd0,-2.674494329057443,399.12507347001224,159300.82427244267
B2_no_IV1_interactions,19,3,92,33,8,ce6ca82c326e584d8d688a7bedd72e06f508088c933485bfbfa222c82aab7fd0,-1.4044087012998405,516.7751768862136,267056.5834457773
B2_no_IV1_interactions,19,4,93,33,8,ce6ca82c326e584d8d688a7bedd72e06f508088c933485bfbfa222c82aab7fd0,0.1606260267593661,640.0529312934608,409667.75485735165
B2_no_IV1_interactions,19,5,94,33,8,ce6ca82c326e584d8d688a7bedd72e06f508088c933485bfbfa222c82aab7fd0,-0.08213280658867306,2415.0006891669627,5832228.328676905
B2_no_IV1_interactions,20,1,95,32,9,ce6ca82c326e584d8d688a7bedd72e06f508088c933485bfbfa222c82aab7fd0,0.15216657425743996,464.7382954739764,215981.68328005698
B2_no_IV1_interactions,20,2,96,33,8,ce6ca82c326e584d8d688a7bedd72e06f508088c933485bfbfa222c82aab7fd0,-0.17958619620533378,2522.6242034813445,6363632.871989888
B2_no_IV1_interactions,20,3,97,33,8,ce6ca82c326e584d8d688a7bedd72e06f508088c933485bfbfa222c82aab7fd0,-9.196021435036023,374.0136459042174,139886.20732256531
B2_no_IV1_interactions,20,4,98,33,8,ce6ca82c326e584d8d688a7bedd72e06f508088c933485bfbfa222c82aab7fd0,0.13195187102074457,623.2516707604502,388442.6451056926
B2_no_IV1_interactions,20,5,99,33,8,ce6ca82c326e584d8d688a7bedd72e06f508088c933485bfbfa222c82aab7fd0,-2.247126300620438,320.57394037687305,102767.65124875496
B2_no_IV2_interactions,1,1,0,32,9,ce6ca82c326e584d8d688a7bedd72e06f508088c933485bfbfa222c82aab7fd0,-4.524611770881874,440.3622042681035,193918.87094786292
B2_no_IV2_interactions,1,2,1,33,8,ce6ca82c326e584d8d688a7bedd72e06f508088c933485bfbfa222c82aab7fd0,-2.3181939044266846,328.72204523182666,108058.18302139509
B2_no_IV2_interactions,1,3,2,33,8,ce6ca82c326e584d8d688a7bedd72e06f508088c933485bfbfa222c82aab7fd0,-0.17043885686392501,808.3560643735868,653439.5268095544
B2_no_IV2_interactions,1,4,3,33,8,ce6ca82c326e584d8d688a7bedd72e06f508088c933485bfbfa222c82aab7fd0,-0.34801720081814325,578.728194791793,334926.3234469675
B2_no_IV2_interactions,1,5,4,33,8,ce6ca82c326e584d8d688a7bedd72e06f508088c933485bfbfa222c82aab7fd0,-0.029531879480080736,2402.3574676043845,5771321.402154552
B2_no_IV2_interactions,2,1,5,32,9,ce6ca82c326e584d8d688a7bedd72e06f508088c933485bfbfa222c82aab7fd0,-0.12621488291471805,2356.921195902254,5555077.523693312
B2_no_IV2_interactions,2,2,6,33,8,ce6ca82c326e584d8d688a7bedd72e06f508088c933485bfbfa222c82aab7fd0,-0.46544822641032146,637.579183132221,406507.21476355026
B2_no_IV2_interactions,2,3,7,33,8,ce6ca82c326e584d8d688a7bedd72e06f508088c933485bfbfa222c82aab7fd0,-0.9933847947278258,426.58097375774844,181971.32717210887
B2_no_IV2_interactions,2,4,8,33,8,ce6ca82c326e584d8d688a7bedd72e06f508088c933485bfbfa222c82aab7fd0,0.17797015345791645,652.3340405512555,425539.70046192704
B2_no_IV2_interactions,2,5,9,33,8,ce6ca82c326e584d8d688a7bedd72e06f508088c933485bfbfa222c82aab7fd0,-1.4431439549902252,313.20122440707166,98095.00697008887
B2_no_IV2_interactions,3,1,10,32,9,ce6ca82c326e584d8d688a7bedd72e06f508088c933485bfbfa222c82aab7fd0,0.22977282753453276,596.2882608667592,355559.69004750426
B2_no_IV2_interactions,3,2,11,33,8,ce6ca82c326e584d8d688a7bedd72e06f508088c933485bfbfa222c82aab7fd0,-2.022055138640541,341.1740645373097,116399.74231290836
B2_no_IV2_interactions,3,3,12,33,8,ce6ca82c326e584d8d688a7bedd72e06f508088c933485bfbfa222c82aab7fd0,-0.21452254495586542,2550.5804262738984,6505460.510891541
B2_no_IV2_interactions,3,4,13,33,8,ce6ca82c326e584d8d688a7bedd72e06f508088c933485bfbfa222c82aab7fd0,-0.39495293977875034,396.7584201903429,157417.2439919367
B2_no_IV2_interactions,3,5,14,33,8,ce6ca82c326e584d8d688a7bedd72e06f508088c933485bfbfa222c82aab7fd0,-12.930695975123074,498.1960228172315,248199.27715090747
B2_no_IV2_interactions,4,1,15,32,9,ce6ca82c326e584d8d688a7bedd72e06f508088c933485bfbfa222c82aab7fd0,0.14047163641537797,614.8371427584384,378024.71211536037
B2_no_IV2_interactions,4,2,16,33,8,ce6ca82c326e584d8d688a7bedd72e06f508088c933485bfbfa222c82aab7fd0,-0.06496626618830814,2402.5076122618934,5772042.826976344
B2_no_IV2_interactions,4,3,17,33,8,ce6ca82c326e584d8d688a7bedd72e06f508088c933485bfbfa222c82aab7fd0,-2.2820193647645604,362.48215920574546,131393.31574245938
B2_no_IV2_interactions,4,4,18,33,8,ce6ca82c326e584d8d688a7bedd72e06f508088c933485bfbfa222c82aab7fd0,-9.78863307216078,363.8552846770959,132390.6681874505
B2_no_IV2_interactions,4,5,19,33,8,ce6ca82c326e584d8d688a7bedd72e06f508088c933485bfbfa222c82aab7fd0,0.010088860924864829,612.607918279945,375288.4615392878
B2_no_IV2_interactions,5,1,20,32,9,ce6ca82c326e584d8d688a7bedd72e06f508088c933485bfbfa222c82aab7fd0,-0.24938130962721927,896.9661078062327,804548.1985530622
B2_no_IV2_interactions,5,2,21,33,8,ce6ca82c326e584d8d688a7bedd72e06f508088c933485bfbfa222c82aab7fd0,-1.471869483247331,518.4846653569605,268826.34821031924
B2_no_IV2_interactions,5,3,22,33,8,ce6ca82c326e584d8d688a7bedd72e06f508088c933485bfbfa222c82aab7fd0,-11.958953882320392,580.9537878203492,337507.30358281144
B2_no_IV2_interactions,5,4,23,33,8,ce6ca82c326e584d8d688a7bedd72e06f508088c933485bfbfa222c82aab7fd0,-0.5937551195114521,229.41925069182977,52633.19258800063
B2_no_IV2_interactions,5,5,24,33,8,ce6ca82c326e584d8d688a7bedd72e06f508088c933485bfbfa222c82aab7fd0,-0.08471259194196112,2423.749725888167,5874562.733742965
B2_no_IV2_interactions,6,1,25,32,9,ce6ca82c326e584d8d688a7bedd72e06f508088c933485bfbfa222c82aab7fd0,-0.41380500571081735,241.69992392025085,58418.853223055055
B2_no_IV2_interactions,6,2,26,33,8,ce6ca82c326e584d8d688a7bedd72e06f508088c933485bfbfa222c82aab7fd0,0.1225603196652092,424.2056888667599,179950.46646692228
B2_no_IV2_interactions,6,3,27,33,8,ce6ca82c326e584d8d688a7bedd72e06f508088c933485bfbfa222c82aab7fd0,-0.09403212033492081,2407.573466122154,5796409.994775442
B2_no_IV2_interactions,6,4,28,33,8,ce6ca82c326e584d8d688a7bedd72e06f508088c933485bfbfa222c82aab7fd0,-3.656776190975764,708.6047228420681,502120.65323408414
B2_no_IV2_interactions,6,5,29,33,8,ce6ca82c326e584d8d688a7bedd72e06f508088c933485bfbfa222c82aab7fd0,0.09900951603475827,770.5289534708274,593714.8681368486
B2_no_IV2_interactions,7,1,30,32,9,ce6ca82c326e584d8d688a7bedd72e06f508088c933485bfbfa222c82aab7fd0,-0.3249119940486769,548.4402191001053,300786.67392657156
B2_no_IV2_interactions,7,2,31,33,8,ce6ca82c326e584d8d688a7bedd72e06f508088c933485bfbfa222c82aab7fd0,-4.882796229551408,422.4855424080864,178494.033543855
B2_no_IV2_interactions,7,3,32,33,8,ce6ca82c326e584d8d688a7bedd72e06f508088c933485bfbfa222c82aab7fd0,0.024186213119179345,758.6611537943131,575566.7462765184
B2_no_IV2_interactions,7,4,33,33,8,ce6ca82c326e584d8d688a7bedd72e06f508088c933485bfbfa222c82aab7fd0,-0.3539029650721721,392.5113579455049,154065.16611622428
B2_no_IV2_interactions,7,5,34,33,8,ce6ca82c326e584d8d688a7bedd72e06f508088c933485bfbfa222c82aab7fd0,-0.04170299901208563,2404.317928140186,5780744.6995763155
B2_no_IV2_interactions,8,1,35,32,9,ce6ca82c326e584d8d688a7bedd72e06f508088c933485bfbfa222c82aab7fd0,-0.9792192963314066,312.97791281179275,97955.17390802615
B2_no_IV2_interactions,8,2,36,33,8,ce6ca82c326e584d8d688a7bedd72e06f508088c933485bfbfa222c82aab7fd0,-0.05070953274213008,2410.4465005786315,5810252.332151771
B2_no_IV2_interactions,8,3,37,33,8,ce6ca82c326e584d8d688a7bedd72e06f508088c933485bfbfa222c82aab7fd0,-16.15787888514638,433.34409817458084,187787.10742274075
B2_no_IV2_interactions,8,4,38,33,8,ce6ca82c326e584d8d688a7bedd72e06f508088c933485bfbfa222c82aab7fd0,0.21599030969825528,628.7676830754222,395348.7992800345
B2_no_IV2_interactions,8,5,39,33,8,ce6ca82c326e584d8d688a7bedd72e06f508088c933485bfbfa222c82aab7fd0,-0.17545470822976283,670.1475887487444,449097.7907057562
B2_no_IV2_interactions,9,1,40,32,9,ce6ca82c326e584d8d688a7bedd72e06f508088c933485bfbfa222c82aab7fd0,-0.2471943760222901,2501.700663712508,6258506.210819601
B2_no_IV2_interactions,9,2,41,33,8,ce6ca82c326e584d8d688a7bedd72e06f508088c933485bfbfa222c82aab7fd0,-5.883661847963905,411.71258440157504,169507.25215462403
B2_no_IV2_interactions,9,3,42,33,8,ce6ca82c326e584d8d688a7bedd72e06f508088c933485bfbfa222c82aab7fd0,-4.995423350596827,351.4399258522322,123510.02148302244
B2_no_IV2_interactions,9,4,43,33,8,ce6ca82c326e584d8d688a7bedd72e06f508088c933485bfbfa222c82aab7fd0,-0.28035188939546285,514.0750375281983,264273.14420961856
B2_no_IV2_interactions,9,5,44,33,8,ce6ca82c326e584d8d688a7bedd72e06f508088c933485bfbfa222c82aab7fd0,-1.9420792707857393,455.13561048472235,207148.4239313009
B2_no_IV2_interactions,10,1,45,32,9,ce6ca82c326e584d8d688a7bedd72e06f508088c933485bfbfa222c82aab7fd0,-0.794698180254938,394.69952119933276,155787.7120349825
B2_no_IV2_interactions,10,2,46,33,8,ce6ca82c326e584d8d688a7bedd72e06f508088c933485bfbfa222c82aab7fd0,-3.9931972083787937,377.57889228423835,142565.81989859245
B2_no_IV2_interactions,10,3,47,33,8,ce6ca82c326e584d8d688a7bedd72e06f508088c933485bfbfa222c82aab7fd0,-1.2653254200544986,328.42191205143223,107860.95231551868
B2_no_IV2_interactions,10,4,48,33,8,ce6ca82c326e584d8d688a7bedd72e06f508088c933485bfbfa222c82aab7fd0,-0.22723493745038104,2558.4092640550516,6545457.962402712
B2_no_IV2_interactions,10,5,49,33,8,ce6ca82c326e584d8d688a7bedd72e06f508088c933485bfbfa222c82aab7fd0,0.24354835458259172,608.5864796379165,370377.5031980721
B2_no_IV2_interactions,11,1,50,32,9,ce6ca82c326e584d8d688a7bedd72e06f508088c933485bfbfa222c82aab7fd0,-0.06557044742559892,2280.9639457657436,5202796.521883231
B2_no_IV2_interactions,11,2,51,33,8,ce6ca82c326e584d8d688a7bedd72e06f508088c933485bfbfa222c82aab7fd0,0.17449165362168695,649.9510476495982,422436.3643408103
B2_no_IV2_interactions,11,3,52,33,8,ce6ca82c326e584d8d688a7bedd72e06f508088c933485bfbfa222c82aab7fd0,-2.8260114983434175,468.7030592144346,219682.55771696975
B2_no_IV2_interactions,11,4,53,33,8,ce6ca82c326e584d8d688a7bedd72e06f508088c933485bfbfa222c82aab7fd0,0.1883837241622176,428.00339912464443,183186.90966224967
B2_no_IV2_interactions,11,5,54,33,8,ce6ca82c326e584d8d688a7bedd72e06f508088c933485bfbfa222c82aab7fd0,-0.43066728229599893,566.3491796771747,320751.3933210087
B2_no_IV2_interactions,12,1,55,32,9,ce6ca82c326e584d8d688a7bedd72e06f508088c933485bfbfa222c82aab7fd0,-0.07016995347845612,2292.0870110166816,5253662.866071384
B2_no_IV2_interactions,12,2,56,33,8,ce6ca82c326e584d8d688a7bedd72e06f508088c933485bfbfa222c82aab7fd0,0.1151692602479486,671.9208024819923,451477.5648080444
B2_no_IV2_interactions,12,3,57,33,8,ce6ca82c326e584d8d688a7bedd72e06f508088c933485bfbfa222c82aab7fd0,0.00870440599200395,624.9546168784764,390568.27315772325
B2_no_IV2_interactions,12,4,58,33,8,ce6ca82c326e584d8d688a7bedd72e06f508088c933485bfbfa222c82aab7fd0,-2.621879323189774,325.7794806158357,106132.26999032368
B2_no_IV2_interactions,12,5,59,33,8,ce6ca82c326e584d8d688a7bedd72e06f508088c933485bfbfa222c82aab7fd0,-19.470099646592832,528.3720192548474,279176.99073144485
B2_no_IV2_interactions,13,1,60,32,9,ce6ca82c326e584d8d688a7bedd72e06f508088c933485bfbfa222c82aab7fd0,0.05830163648525566,477.24253067367084,227760.43308380965
B2_no_IV2_interactions,13,2,61,33,8,ce6ca82c326e584d8d688a7bedd72e06f508088c933485bfbfa222c82aab7fd0,-0.4936464719414617,405.0865986665079,164095.15241920043
B2_no_IV2_interactions,13,3,62,33,8,ce6ca82c326e584d8d688a7bedd72e06f508088c933485bfbfa222c82aab7fd0,-0.19650436814183392,2503.965058225379,6269841.012813625
B2_no_IV2_interactions,13,4,63,33,8,ce6ca82c326e584d8d688a7bedd72e06f508088c933485bfbfa222c82aab7fd0,-2.030765764228155,280.39342587508185,78620.473273965
B2_no_IV2_interactions,13,5,64,33,8,ce6ca82c326e584d8d688a7bedd72e06f508088c933485bfbfa222c82aab7fd0,0.1743826931319643,642.0295598184018,412201.9556806108
B2_no_IV2_interactions,14,1,65,32,9,ce6ca82c326e584d8d688a7bedd72e06f508088c933485bfbfa222c82aab7fd0,0.10783647204015334,646.4077315957403,417842.95546675066
B2_no_IV2_interactions,14,2,66,33,8,ce6ca82c326e584d8d688a7bedd72e06f508088c933485bfbfa222c82aab7fd0,-10.722291332312519,349.6601562854614,122262.2248935733
B2_no_IV2_interactions,14,3,67,33,8,ce6ca82c326e584d8d688a7bedd72e06f508088c933485bfbfa222c82aab7fd0,-3.188902496814313,346.25071191028013,119889.55549837582
B2_no_IV2_interactions,14,4,68,33,8,ce6ca82c326e584d8d688a7bedd72e06f508088c933485bfbfa222c82aab7fd0,-0.07102578382980584,630.333026425597,397319.72420285246
B2_no_IV2_interactions,14,5,69,33,8,ce6ca82c326e584d8d688a7bedd72e06f508088c933485bfbfa222c82aab7fd0,-0.07509314534468614,2424.0876762193693,5876201.0619986225
B2_no_IV2_interactions,15,1,70,32,9,ce6ca82c326e584d8d688a7bedd72e06f508088c933485bfbfa222c82aab7fd0,-0.2700685280231543,2478.002933683541,6140498.539344234
B2_no_IV2_interactions,15,2,71,33,8,ce6ca82c326e584d8d688a7bedd72e06f508088c933485bfbfa222c82aab7fd0,-2.6615677367905803,360.26660239290356,129792.02479972648
B2_no_IV2_interactions,15,3,72,33,8,ce6ca82c326e584d8d688a7bedd72e06f508088c933485bfbfa222c82aab7fd0,-3.993641262472787,420.5847249486197,176891.5108601061
B2_no_IV2_interactions,15,4,73,33,8,ce6ca82c326e584d8d688a7bedd72e06f508088c933485bfbfa222c82aab7fd0,-0.33203632942991756,610.8098206125663,373088.6369567555
B2_no_IV2_interactions,15,5,74,33,8,ce6ca82c326e584d8d688a7bedd72e06f508088c933485bfbfa222c82aab7fd0,-0.9046211667904953,477.3213517087235,227835.67279704293
B2_no_IV2_interactions,16,1,75,32,9,ce6ca82c326e584d8d688a7bedd72e06f508088c933485bfbfa222c82aab7fd0,-0.13399633530410648,642.9433660545869,413376.1719536026
B2_no_IV2_interactions,16,2,76,33,8,ce6ca82c326e584d8d688a7bedd72e06f508088c933485bfbfa222c82aab7fd0,-0.05863288490681118,2408.629209557936,5801494.669135688
B2_no_IV2_interactions,16,3,77,33,8,ce6ca82c326e584d8d688a7bedd72e06f508088c933485bfbfa222c82aab7fd0,-0.1900703924128484,351.68431352120035,123681.85637687793
B2_no_IV2_interactions,16,4,78,33,8,ce6ca82c326e584d8d688a7bedd72e06f508088c933485bfbfa222c82aab7fd0,-2.9673643786016846,410.7297609670385,168698.93654404057
B2_no_IV2_interactions,16,5,79,33,8,ce6ca82c326e584d8d688a7bedd72e06f508088c933485bfbfa222c82aab7fd0,0.15150865250750256,657.1640711374396,431864.6163939337
B2_no_IV2_interactions,17,1,80,32,9,ce6ca82c326e584d8d688a7bedd72e06f508088c933485bfbfa222c82aab7fd0,-0.01221085963934887,462.190101656211,213619.6900689787
B2_no_IV2_interactions,17,2,81,33,8,ce6ca82c326e584d8d688a7bedd72e06f508088c933485bfbfa222c82aab7fd0,0.032812564717442094,806.3882973110171,650262.0860401613
B2_no_IV2_interactions,17,3,82,33,8,ce6ca82c326e584d8d688a7bedd72e06f508088c933485bfbfa222c82aab7fd0,-0.056501006709739565,2391.791402924853,5720666.115105237
B2_no_IV2_interactions,17,4,83,33,8,ce6ca82c326e584d8d688a7bedd72e06f508088c933485bfbfa222c82aab7fd0,-3.949295602015659,681.6181281742801,464603.2726558093
B2_no_IV2_interactions,17,5,84,33,8,ce6ca82c326e584d8d688a7bedd72e06f508088c933485bfbfa222c82aab7fd0,-1.250483139000425,242.13389221851014,58628.82176088508
B2_no_IV2_interactions,18,1,85,32,9,ce6ca82c326e584d8d688a7bedd72e06f508088c933485bfbfa222c82aab7fd0,-0.07349714709952271,2317.534712964507,5370967.145795479
B2_no_IV2_interactions,18,2,86,33,8,ce6ca82c326e584d8d688a7bedd72e06f508088c933485bfbfa222c82aab7fd0,0.16568369697815866,661.7415388589895,437901.86425146356
B2_no_IV2_interactions,18,3,87,33,8,ce6ca82c326e584d8d688a7bedd72e06f508088c933485bfbfa222c82aab7fd0,-1.4361649797515015,247.16913328055728,61092.58044666189
B2_no_IV2_interactions,18,4,88,33,8,ce6ca82c326e584d8d688a7bedd72e06f508088c933485bfbfa222c82aab7fd0,-0.1616537166550731,448.16065754129835,200847.97496784892
B2_no_IV2_interactions,18,5,89,33,8,ce6ca82c326e584d8d688a7bedd72e06f508088c933485bfbfa222c82aab7fd0,-0.7024114895036353,423.8686906537402,179664.66691651611
B2_no_IV2_interactions,19,1,90,32,9,ce6ca82c326e584d8d688a7bedd72e06f508088c933485bfbfa222c82aab7fd0,0.12373599159932347,563.9709673638883,318063.25202936004
B2_no_IV2_interactions,19,2,91,33,8,ce6ca82c326e584d8d688a7bedd72e06f508088c933485bfbfa222c82aab7fd0,-2.1483537884490764,369.4468647651691,136490.98588481316
B2_no_IV2_interactions,19,3,92,33,8,ce6ca82c326e584d8d688a7bedd72e06f508088c933485bfbfa222c82aab7fd0,-1.623413820210713,539.7975385540251,291381.38262898417
B2_no_IV2_interactions,19,4,93,33,8,ce6ca82c326e584d8d688a7bedd72e06f508088c933485bfbfa222c82aab7fd0,0.2255683305502606,614.7941039087965,377971.79020102
B2_no_IV2_interactions,19,5,94,33,8,ce6ca82c326e584d8d688a7bedd72e06f508088c933485bfbfa222c82aab7fd0,-0.04870740951186958,2377.4103303266547,5652079.878743894
B2_no_IV2_interactions,20,1,95,32,9,ce6ca82c326e584d8d688a7bedd72e06f508088c933485bfbfa222c82aab7fd0,0.036966340119445884,495.3063854482308,245328.4154657914
B2_no_IV2_interactions,20,2,96,33,8,ce6ca82c326e584d8d688a7bedd72e06f508088c933485bfbfa222c82aab7fd0,-0.19252490047935233,2536.4216147233506,6433434.607635808
B2_no_IV2_interactions,20,3,97,33,8,ce6ca82c326e584d8d688a7bedd72e06f508088c933485bfbfa222c82aab7fd0,-11.526213220339516,414.5548283940076,171855.70574478508
B2_no_IV2_interactions,20,4,98,33,8,ce6ca82c326e584d8d688a7bedd72e06f508088c933485bfbfa222c82aab7fd0,0.20716294309694383,595.63953935429,354786.4608421909
B2_no_IV2_interactions,20,5,99,33,8,ce6ca82c326e584d8d688a7bedd72e06f508088c933485bfbfa222c82aab7fd0,-3.067189011021867,358.77799828739643,128721.65205511102
